ffffffe38000004e6
0000027cfffff928f
fffff679c0001a313
0000088effffe8777
00010ae47ffd220c5
00019621bffba323e
00017dfdbffbe586e
00017f997ffbe11a9
00018009fffbdfe53
000180033ffbdff7c
000180033ffbdff7c
000180033ffbdff7c
000180033ffbdff7c
000180033ffbdff7c
000180033ffbdff7c
000180033ffbdff7c
000180033ffbdff7c
000180033ffbdff7c
000180033ffbdff7c
000180033ffbdff7c
000180033ffbdff7c
000180033ffbdff7c
000180033ffbdff7c
000180033ffbdff7c
000180033ffbdff7c
000180033ffbdff7c
000180033ffbdff7c
000180033ffbdff7c
000180033ffbdff7c
000180033ffbdff7c
000180033ffbdff7c
000180033ffbdff7c
000180033ffbdff7c
000180033ffbdff7c
000180033ffbdff7c
000180033ffbdff7c
000180033ffbdff7c
000180033ffbdff7c
000180033ffbdff7c
000180033ffbdff7c
000180033ffbdff7c
000180033ffbdff7c
000180033ffbdff7c
000180033ffbdff7c
000180033ffbdff7c
000180033ffbdff7c
000180033ffbdff7c
000180033ffbdff7c
000180033ffbdff7c
000180033ffbdff7c
000180033ffbdff7c
000180033ffbdff7c
000180033ffbdff7c
000180033ffbdff7c
000180033ffbdff7c
000180033ffbdff7c
000180033ffbdff7c
000180033ffbdff7c
000180033ffbdff7c
000180033ffbdff7c
000180033ffbdff7c
000180033ffbdff7c
000180033ffbdff7c
000180033ffbdff7c
000180033ffbdff7c
000180033ffbdff7c
000180033ffbdff7c
000180033ffbdff7c
000180033ffbdff7c
000180033ffbdff7c
000180033ffbdff7c
000180033ffbdff7c
000180033ffbdff7c
000180033ffbdff7c
000180033ffbdff7c
000180033ffbdff7c
000180033ffbdff7c
000180033ffbdff7c
000180033ffbdff7c
000180033ffbdff7c
000180033ffbdff7c
000180033ffbdff7c
000180033ffbdff7c
000180033ffbdff7c
000180033ffbdff7c
000180033ffbdff7c
000180033ffbdff7c
000180033ffbdff7c
000180033ffbdff7c
000180033ffbdff7c
000180033ffbdff7c
000180033ffbdff7c
000180033ffbdff7c
000180033ffbdff7c
000180033ffbdff7c
000180033ffbdff7c
000180033ffbdff7c
000180033ffbdff7c
000180033ffbdff7c
000180033ffbdff7c
000180033ffbdff7c
000180033ffbdff7c
000180033ffbdff7c
000180033ffbdff7c
000180033ffbdff7c
000180033ffbdff7c
000180033ffbdff7c
000180033ffbdff7c
000180033ffbdff7c
000180033ffbdff7c
000180033ffbdff7c
000180033ffbdff7c
000180033ffbdff7c
000180033ffbdff7c
000180033ffbdff7c
000180033ffbdff7c
000180033ffbdff7c
000180033ffbdff7c
000180033ffbdff7c
000180033ffbdff7c
000180033ffbdff7c
000180033ffbdff7c
000180033ffbdff7c
000180033ffbdff7c
000180033ffbdff7c
000180033ffbdff7c
000180033ffbdff7c
000180033ffbdff7c
000180033ffbdff7c
000180033ffbdff7c
000180033ffbdff7c
000180033ffbdff7c
000180033ffbdff7c
000180033ffbdff7c
000180033ffbdff7c
000180033ffbdff7c
000180033ffbdff7c
000180033ffbdff7c
000180033ffbdff7c
000180033ffbdff7c
000180033ffbdff7c
000180033ffbdff7c
000180033ffbdff7c
000180033ffbdff7c
000180033ffbdff7c
000180033ffbdff7c
000180033ffbdff7c
000180033ffbdff7c
000180033ffbdff7c
000180033ffbdff7c
000180033ffbdff7c
000180033ffbdff7c
000180033ffbdff7c
000180033ffbdff7c
000180033ffbdff7c
000180033ffbdff7c
000180033ffbdff7c
000180033ffbdff7c
000180033ffbdff7c
000180033ffbdff7c
000180033ffbdff7c
000180033ffbdff7c
000180033ffbdff7c
000180033ffbdff7c
000180033ffbdff7c
000180033ffbdff7c
000180033ffbdff7c
000180033ffbdff7c
000180033ffbdff7c
000180033ffbdff7c
000180033ffbdff7c
000180033ffbdff7c
000180033ffbdff7c
000180033ffbdff7c
000180033ffbdff7c
000180033ffbdff7c
000180033ffbdff7c
000180033ffbdff7c
000180033ffbdff7c
000180033ffbdff7c
000180033ffbdff7c
000180033ffbdff7c
000180033ffbdff7c
000180033ffbdff7c
000180033ffbdff7c
000180033ffbdff7c
000180033ffbdff7c
000180033ffbdff7c
000180033ffbdff7c
000180033ffbdff7c
000180033ffbdff7c
000180033ffbdff7c
000180033ffbdff7c
000180033ffbdff7c
000180033ffbdff7c
000180033ffbdff7c
000180033ffbdff7c
000180033ffbdff7c
000180033ffbdff7c
000180033ffbdff7c
000180033ffbdff7c
000180033ffbdff7c
000180033ffbdff7c
000180033ffbdff7c
000180033ffbdff7c
000180033ffbdff7c
000180033ffbdff7c
000180033ffbdff7c
000180033ffbdff7c
000180033ffbdff7c
000180033ffbdff7c
000180033ffbdff7c
000180033ffbdff7c
000180033ffbdff7c
000180033ffbdff7c
000180033ffbdff7c
000180033ffbdff7c
000180033ffbdff7c
000180033ffbdff7c
000180033ffbdff7c
000180033ffbdff7c
000180033ffbdff7c
000180033ffbdff7c
000180033ffbdff7c
000180033ffbdff7c
000180033ffbdff7c
000180033ffbdff7c
000180033ffbdff7c
000180033ffbdff7c
000180033ffbdff7c
000180033ffbdff7c
000180033ffbdff7c
000180033ffbdff7c
000180033ffbdff7c
000180033ffbdff7c
000180033ffbdff7c
000180033ffbdff7c
000180033ffbdff7c
000180033ffbdff7c
000180033ffbdff7c
000180033ffbdff7c
000180033ffbdff7c
000180033ffbdff7c
000180033ffbdff7c
000180033ffbdff7c
000180033ffbdff7c
000180033ffbdff7c
000180033ffbdff7c
000180033ffbdff7c
000180033ffbdff7c
000180033ffbdff7c
000180033ffbdff7c
000180033ffbdff7c
000180033ffbdff7c
000180033ffbdff7c
000180033ffbdff7c
000180033ffbdff7c
000180033ffbdff7c
000180033ffbdff7c
000180033ffbdff7c
000180033ffbdff7c
000180033ffbdff7c
000180033ffbdff7c
000180033ffbdff7c
000180033ffbdff7c
000180033ffbdff7c
000180033ffbdff7c
000180033ffbdff7c
000180033ffbdff7c
000180033ffbdff7c
000180033ffbdff7c
000180033ffbdff7c
000180033ffbdff7c
000180033ffbdff7c
000180033ffbdff7c
000180033ffbdff7c
000180033ffbdff7c
000180033ffbdff7c
000180033ffbdff7c
000180033ffbdff7c
000180033ffbdff7c
000180033ffbdff7c
000180033ffbdff7c
000180033ffbdff7c
000180033ffbdff7c
000180033ffbdff7c
000180033ffbdff7c
000180033ffbdff7c
000180033ffbdff7c
000180033ffbdff7c
000180033ffbdff7c
000180033ffbdff7c
000180033ffbdff7c
000180033ffbdff7c
000180033ffbdff7c
000180033ffbdff7c
000180033ffbdff7c
000180033ffbdff7c
000180033ffbdff7c
000180033ffbdff7c
000180033ffbdff7c
000180033ffbdff7c
000180033ffbdff7c
000180033ffbdff7c
000180033ffbdff7c
000180033ffbdff7c
000180033ffbdff7c
000180033ffbdff7c
000180033ffbdff7c
000180033ffbdff7c
000180033ffbdff7c
000180033ffbdff7c
000180033ffbdff7c
000180033ffbdff7c
000180033ffbdff7c
000180033ffbdff7c
000180033ffbdff7c
000180033ffbdff7c
000180033ffbdff7c
000180033ffbdff7c
000180033ffbdff7c
000180033ffbdff7c
000180033ffbdff7c
000180033ffbdff7c
000180033ffbdff7c
000180033ffbdff7c
000180033ffbdff7c
000180033ffbdff7c
000180033ffbdff7c
000180033ffbdff7c
000180033ffbdff7c
000180033ffbdff7c
000180033ffbdff7c
000180033ffbdff7c
000180033ffbdff7c
000180033ffbdff7c
000180033ffbdff7c
000180033ffbdff7c
000180033ffbdff7c
000180033ffbdff7c
000180033ffbdff7c
000180033ffbdff7c
000180033ffbdff7c
000180033ffbdff7c
000180033ffbdff7c
000180033ffbdff7c
000180033ffbdff7c
000180033ffbdff7c
000180033ffbdff7c
000180033ffbdff7c
000180033ffbdff7c
000180033ffbdff7c
000180033ffbdff7c
000180033ffbdff7c
000180033ffbdff7c
000180033ffbdff7c
000180033ffbdff7c
000180033ffbdff7c
000180033ffbdff7c
000180033ffbdff7c
000180033ffbdff7c
000180033ffbdff7c
000180033ffbdff7c
000180033ffbdff7c
000180033ffbdff7c
000180033ffbdff7c
000180033ffbdff7c
000180033ffbdff7c
000180033ffbdff7c
000180033ffbdff7c
000180033ffbdff7c
000180033ffbdff7c
000180033ffbdff7c
000180033ffbdff7c
000180033ffbdff7c
000180033ffbdff7c
000180033ffbdff7c
000180033ffbdff7c
000180033ffbdff7c
000180033ffbdff7c
000180033ffbdff7c
000180033ffbdff7c
000180033ffbdff7c
000180033ffbdff7c
000180033ffbdff7c
000180033ffbdff7c
000180033ffbdff7c
000180033ffbdff7c
000180033ffbdff7c
000180033ffbdff7c
000180033ffbdff7c
000180033ffbdff7c
000180033ffbdff7c
000180033ffbdff7c
000180033ffbdff7c
000180033ffbdff7c
000180033ffbdff7c
000180033ffbdff7c
000180033ffbdff7c
000180033ffbdff7c
000180033ffbdff7c
000180033ffbdff7c
000180033ffbdff7c
000180033ffbdff7c
000180033ffbdff7c
000180033ffbdff7c
000180033ffbdff7c
000180033ffbdff7c
000180033ffbdff7c
000180033ffbdff7c
000180033ffbdff7c
000180033ffbdff7c
000180033ffbdff7c
000180033ffbdff7c
000180033ffbdff7c
000180033ffbdff7c
000180033ffbdff7c
000180033ffbdff7c
000180033ffbdff7c
000180033ffbdff7c
000180033ffbdff7c
000180033ffbdff7c
000180033ffbdff7c
000180033ffbdff7c
000180033ffbdff7c
000180033ffbdff7c
000180033ffbdff7c
000180033ffbdff7c
000180033ffbdff7c
000180033ffbdff7c
000180033ffbdff7c
000180033ffbdff7c
000180033ffbdff7c
000180033ffbdff7c
000180033ffbdff7c
000180033ffbdff7c
000180033ffbdff7c
000180033ffbdff7c
000180033ffbdff7c
000180033ffbdff7c
000180033ffbdff7c
000180033ffbdff7c
000180033ffbdff7c
000180033ffbdff7c
000180033ffbdff7c
000180033ffbdff7c
000180033ffbdff7c
000180033ffbdff7c
000180033ffbdff7c
000180033ffbdff7c
000180033ffbdff7c
000180033ffbdff7c
000180033ffbdff7c
000180033ffbdff7c
000180033ffbdff7c
000180033ffbdff7c
000180033ffbdff7c
000180033ffbdff7c
000180033ffbdff7c
000180033ffbdff7c
000180033ffbdff7c
000180033ffbdff7c
000180033ffbdff7c
000180033ffbdff7c
000180033ffbdff7c
000180033ffbdff7c
000180033ffbdff7c
000180033ffbdff7c
000180033ffbdff7c
000180033ffbdff7c
000180033ffbdff7c
000180033ffbdff7c
000180033ffbdff7c
000180033ffbdff7c
000180033ffbdff7c
000180033ffbdff7c
000180033ffbdff7c
000180033ffbdff7c
000180033ffbdff7c
000180033ffbdff7c
000180033ffbdff7c
000180033ffbdff7c
000180033ffbdff7c
000180033ffbdff7c
000180033ffbdff7c
000180033ffbdff7c
000180033ffbdff7c
000180033ffbdff7c
000180033ffbdff7c
000180033ffbdff7c
000180033ffbdff7c
000180033ffbdff7c
000180033ffbdff7c
000180033ffbdff7c
000180033ffbdff7c
000180033ffbdff7c
000180033ffbdff7c
000180033ffbdff7c
000180033ffbdff7c
000180033ffbdff7c
000180033ffbdff7c
000180033ffbdff7c
000180033ffbdff7c
000180033ffbdff7c
000180033ffbdff7c
000180033ffbdff7c
000180033ffbdff7c
000180033ffbdff7c
000180033ffbdff7c
000180033ffbdff7c
000180033ffbdff7c
000180033ffbdff7c
000180033ffbdff7c
000180033ffbdff7c
000180033ffbdff7c
000180033ffbdff7c
000180033ffbdff7c
000180033ffbdff7c
000180033ffbdff7c
000180033ffbdff7c
000180033ffbdff7c
000180033ffbdff7c
000180033ffbdff7c
000180033ffbdff7c
000180033ffbdff7c
000180033ffbdff7c
000180033ffbdff7c
000180033ffbdff7c
000180033ffbdff7c
000180033ffbdff7c
000180033ffbdff7c
000180033ffbdff7c
000180033ffbdff7c
000180033ffbdff7c
000180033ffbdff7c
000180033ffbdff7c
000180033ffbdff7c
000180033ffbdff7c
000180033ffbdff7c
000180033ffbdff7c
000180033ffbdff7c
000180033ffbdff7c
000180033ffbdff7c
000180033ffbdff7c
000180033ffbdff7c
000180033ffbdff7c
000180033ffbdff7c
000180033ffbdff7c
000180033ffbdff7c
000180033ffbdff7c
000180033ffbdff7c
000180033ffbdff7c
000180033ffbdff7c
000180033ffbdff7c
000180033ffbdff7c
000180033ffbdff7c
000180033ffbdff7c
000180033ffbdff7c
000180033ffbdff7c
000180033ffbdff7c
000180033ffbdff7c
000180033ffbdff7c
000180033ffbdff7c
000180033ffbdff7c
000180033ffbdff7c
000180033ffbdff7c
000180033ffbdff7c
000180033ffbdff7c
000180033ffbdff7c
000180033ffbdff7c
000180033ffbdff7c
000180033ffbdff7c
000180033ffbdff7c
000180033ffbdff7c
000180033ffbdff7c
000180033ffbdff7c
000180033ffbdff7c
000180033ffbdff7c
000180033ffbdff7c
000180033ffbdff7c
000180033ffbdff7c
000180033ffbdff7c
000180033ffbdff7c
000180033ffbdff7c
000180033ffbdff7c
000180033ffbdff7c
000180033ffbdff7c
000180033ffbdff7c
000180033ffbdff7c
000180033ffbdff7c
000180033ffbdff7c
000180033ffbdff7c
000180033ffbdff7c
000180033ffbdff7c
000180033ffbdff7c
000180033ffbdff7c
000180033ffbdff7c
000180033ffbdff7c
000180033ffbdff7c
000180033ffbdff7c
000180033ffbdff7c
000180033ffbdff7c
000180033ffbdff7c
000180033ffbdff7c
000180033ffbdff7c
000180033ffbdff7c
000180033ffbdff7c
000180033ffbdff7c
000180033ffbdff7c
000180033ffbdff7c
000180033ffbdff7c
000180033ffbdff7c
000180033ffbdff7c
000180033ffbdff7c
000180033ffbdff7c
000180033ffbdff7c
000180033ffbdff7c
000180033ffbdff7c
000180033ffbdff7c
000180033ffbdff7c
000180033ffbdff7c
000180033ffbdff7c
000180033ffbdff7c
000180033ffbdff7c
000180033ffbdff7c
000180033ffbdff7c
000180033ffbdff7c
000180033ffbdff7c
000180033ffbdff7c
000180033ffbdff7c
000180033ffbdff7c
000180033ffbdff7c
000180033ffbdff7c
000180033ffbdff7c
000180033ffbdff7c
000180033ffbdff7c
000180033ffbdff7c
000180033ffbdff7c
000180033ffbdff7c
000180033ffbdff7c
000180033ffbdff7c
000180033ffbdff7c
000180033ffbdff7c
000180033ffbdff7c
000180033ffbdff7c
000180033ffbdff7c
000180033ffbdff7c
000180033ffbdff7c
000180033ffbdff7c
000180033ffbdff7c
000180033ffbdff7c
000180033ffbdff7c
000180033ffbdff7c
000180033ffbdff7c
000180033ffbdff7c
000180033ffbdff7c
000180033ffbdff7c
000180033ffbdff7c
000180033ffbdff7c
000180033ffbdff7c
000180033ffbdff7c
000180033ffbdff7c
000180033ffbdff7c
000180033ffbdff7c
000180033ffbdff7c
000180033ffbdff7c
000180033ffbdff7c
000180033ffbdff7c
000180033ffbdff7c
000180033ffbdff7c
000180033ffbdff7c
000180033ffbdff7c
000180033ffbdff7c
000180033ffbdff7c
000180033ffbdff7c
000180033ffbdff7c
000180033ffbdff7c
000180033ffbdff7c
000180033ffbdff7c
000180033ffbdff7c
000180033ffbdff7c
000180033ffbdff7c
000180033ffbdff7c
000180033ffbdff7c
000180033ffbdff7c
000180033ffbdff7c
000180033ffbdff7c
000180033ffbdff7c
000180033ffbdff7c
000180033ffbdff7c
000180033ffbdff7c
000180033ffbdff7c
000180033ffbdff7c
000180033ffbdff7c
000180033ffbdff7c
000180033ffbdff7c
000180033ffbdff7c
000180033ffbdff7c
000180033ffbdff7c
000180033ffbdff7c
000180033ffbdff7c
000180033ffbdff7c
000180033ffbdff7c
000180033ffbdff7c
000180033ffbdff7c
000180033ffbdff7c
000180033ffbdff7c
000180033ffbdff7c
000180033ffbdff7c
000180033ffbdff7c
000180033ffbdff7c
000180033ffbdff7c
000180033ffbdff7c
000180033ffbdff7c
000180033ffbdff7c
000180033ffbdff7c
000180033ffbdff7c
000180033ffbdff7c
000180033ffbdff7c
000180033ffbdff7c
000180033ffbdff7c
000180033ffbdff7c
000180033ffbdff7c
000180033ffbdff7c
000180033ffbdff7c
000180033ffbdff7c
000180033ffbdff7c
000180033ffbdff7c
000180033ffbdff7c
000180033ffbdff7c
000180033ffbdff7c
000180033ffbdff7c
000180033ffbdff7c
000180033ffbdff7c
000180033ffbdff7c
000180033ffbdff7c
000180033ffbdff7c
000180033ffbdff7c
000180033ffbdff7c
000180033ffbdff7c
000180033ffbdff7c
000180033ffbdff7c
000180033ffbdff7c
000180033ffbdff7c
000180033ffbdff7c
000180033ffbdff7c
000180033ffbdff7c
000180033ffbdff7c
000180033ffbdff7c
000180033ffbdff7c
000180033ffbdff7c
000180033ffbdff7c
000180033ffbdff7c
000180033ffbdff7c
000180033ffbdff7c
000180033ffbdff7c
000180033ffbdff7c
000180033ffbdff7c
000180033ffbdff7c
000180033ffbdff7c
000180033ffbdff7c
000180033ffbdff7c
000180033ffbdff7c
000180033ffbdff7c
000180033ffbdff7c
000180033ffbdff7c
000180033ffbdff7c
000180033ffbdff7c
000180033ffbdff7c
000180033ffbdff7c
000180033ffbdff7c
000180033ffbdff7c
000180033ffbdff7c
000180033ffbdff7c
000180033ffbdff7c
000180033ffbdff7c
000180033ffbdff7c
000180033ffbdff7c
000180033ffbdff7c
000180033ffbdff7c
000180033ffbdff7c
000180033ffbdff7c
000180033ffbdff7c
000180033ffbdff7c
000180033ffbdff7c
000180033ffbdff7c
000180033ffbdff7c
000180033ffbdff7c
000180033ffbdff7c
000180033ffbdff7c
000180033ffbdff7c
000180033ffbdff7c
000180033ffbdff7c
000180033ffbdff7c
000180033ffbdff7c
000180033ffbdff7c
000180033ffbdff7c
000180033ffbdff7c
000180033ffbdff7c
000180033ffbdff7c
000180033ffbdff7c
000180033ffbdff7c
000180033ffbdff7c
000180033ffbdff7c
000180033ffbdff7c
000180033ffbdff7c
000180033ffbdff7c
000180033ffbdff7c
000180033ffbdff7c
000180033ffbdff7c
000180033ffbdff7c
000180033ffbdff7c
000180033ffbdff7c
000180033ffbdff7c
000180033ffbdff7c
000180033ffbdff7c
000180033ffbdff7c
000180033ffbdff7c
000180033ffbdff7c
000180033ffbdff7c
000180033ffbdff7c
000180033ffbdff7c
000180033ffbdff7c
000180033ffbdff7c
000180033ffbdff7c
000180033ffbdff7c
000180033ffbdff7c
000180033ffbdff7c
000180033ffbdff7c
000180033ffbdff7c
000180033ffbdff7c
000180033ffbdff7c
000180033ffbdff7c
000180033ffbdff7c
000180033ffbdff7c
000180033ffbdff7c
000180033ffbdff7c
000180033ffbdff7c
000180033ffbdff7c
000180033ffbdff7c
000180033ffbdff7c
000180033ffbdff7c
000180033ffbdff7c
000180033ffbdff7c
000180033ffbdff7c
000180033ffbdff7c
000180033ffbdff7c
000180033ffbdff7c
000180033ffbdff7c
000180033ffbdff7c
000180033ffbdff7c
000180033ffbdff7c
000180033ffbdff7c
000180033ffbdff7c
000180033ffbdff7c
000180033ffbdff7c
000180033ffbdff7c
000180033ffbdff7c
000180033ffbdff7c
000180033ffbdff7c
000180033ffbdff7c
000180033ffbdff7c
000180033ffbdff7c
000180033ffbdff7c
000180033ffbdff7c
000180033ffbdff7c
000180033ffbdff7c
000180033ffbdff7c
000180033ffbdff7c
000180033ffbdff7c
000180033ffbdff7c
000180033ffbdff7c
000180033ffbdff7c
000180033ffbdff7c
000180033ffbdff7c
000180033ffbdff7c
000180033ffbdff7c
000180033ffbdff7c
000180033ffbdff7c
000180033ffbdff7c
000180033ffbdff7c
000180033ffbdff7c
000180033ffbdff7c
000180033ffbdff7c
000180033ffbdff7c
000180033ffbdff7c
000180033ffbdff7c
000180033ffbdff7c
000180033ffbdff7c
000180033ffbdff7c
000180033ffbdff7c
000180033ffbdff7c
000180033ffbdff7c
000180033ffbdff7c
000180033ffbdff7c
000180033ffbdff7c
000180033ffbdff7c
000180033ffbdff7c
000180033ffbdff7c
000180033ffbdff7c
000180033ffbdff7c
000180033ffbdff7c
000180033ffbdff7c
000180033ffbdff7c
000180033ffbdff7c
000180033ffbdff7c
000180033ffbdff7c
000180033ffbdff7c
000180033ffbdff7c
000180033ffbdff7c
000180033ffbdff7c
000180033ffbdff7c
000180033ffbdff7c
000180033ffbdff7c
000180033ffbdff7c
000180033ffbdff7c
000180033ffbdff7c
000180033ffbdff7c
000180033ffbdff7c
000180033ffbdff7c
000180033ffbdff7c
000180033ffbdff7c
000180033ffbdff7c
000180033ffbdff7c
000180033ffbdff7c
000180033ffbdff7c
000180033ffbdff7c
000180033ffbdff7c
000180033ffbdff7c
000180033ffbdff7c
000180033ffbdff7c
000180033ffbdff7c
000180033ffbdff7c
000180033ffbdff7c
000180033ffbdff7c
000180033ffbdff7c
000180033ffbdff7c
000180033ffbdff7c
000180033ffbdff7c
000180033ffbdff7c
000180033ffbdff7c
000180033ffbdff7c
000180033ffbdff7c
000180033ffbdff7c
000180033ffbdff7c
000180033ffbdff7c
000180033ffbdff7c
000180033ffbdff7c
000180033ffbdff7c
000180033ffbdff7c
000180033ffbdff7c
000180033ffbdff7c
000180033ffbdff7c
000180033ffbdff7c
000180033ffbdff7c
000180033ffbdff7c
000180033ffbdff7c
000180033ffbdff7c
000180033ffbdff7c
000180033ffbdff7c
000180033ffbdff7c
000180033ffbdff7c
000180033ffbdff7c
000180033ffbdff7c
000180033ffbdff7c
000180033ffbdff7c
000180033ffbdff7c
000180033ffbdff7c
000180033ffbdff7c
000180033ffbdff7c
000180033ffbdff7c
000180033ffbdff7c
000180033ffbdff7c
000180033ffbdff7c
000180033ffbdff7c
000180033ffbdff7c
000180033ffbdff7c
000180033ffbdff7c
000180033ffbdff7c
000180033ffbdff7c
000180033ffbdff7c
000180033ffbdff7c
000180033ffbdff7c
000180033ffbdff7c
000180033ffbdff7c
000180033ffbdff7c
000180033ffbdff7c
000180033ffbdff7c
000180033ffbdff7c
000180033ffbdff7c
000180033ffbdff7c
000180033ffbdff7c
000180033ffbdff7c
000180033ffbdff7c
000180033ffbdff7c
000180033ffbdff7c
000180033ffbdff7c
000180033ffbdff7c
000180033ffbdff7c
000180033ffbdff7c
000180033ffbdff7c
000180033ffbdff7c
000180033ffbdff7c
000180033ffbdff7c
000180033ffbdff7c
000180033ffbdff7c
000180033ffbdff7c
000180033ffbdff7c
000180033ffbdff7c
000180033ffbdff7c
000180033ffbdff7c
000180033ffbdff7c
000180033ffbdff7c
000180033ffbdff7c
000180033ffbdff7c
000180033ffbdff7c
000180033ffbdff7c
000180033ffbdff7c
000180033ffbdff7c
000180033ffbdff7c
000180033ffbdff7c
000180033ffbdff7c
000180033ffbdff7c
000180033ffbdff7c
000180033ffbdff7c
000180033ffbdff7c
000180033ffbdff7c
000180033ffbdff7c
000180033ffbdff7c
000180033ffbdff7c
000180033ffbdff7c
000180033ffbdff7c
000180033ffbdff7c
000180033ffbdff7c
000180033ffbdff7c
000180033ffbdff7c
000180033ffbdff7c
000180033ffbdff7c
000180033ffbdff7c
000180033ffbdff7c
000180033ffbdff7c
000180033ffbdff7c
000180033ffbdff7c
000180033ffbdff7c
000180033ffbdff7c
000180033ffbdff7c
000180033ffbdff7c
000180033ffbdff7c
000180033ffbdff7c
000180033ffbdff7c
000180033ffbdff7c
000180033ffbdff7c
000180033ffbdff7c
000180033ffbdff7c
000180033ffbdff7c
000180033ffbdff7c
000180033ffbdff7c
000180033ffbdff7c
000180033ffbdff7c
000180033ffbdff7c
000180033ffbdff7c
000180033ffbdff7c
000180033ffbdff7c
000180033ffbdff7c
000180033ffbdff7c
000180033ffbdff7c
000180033ffbdff7c
000180033ffbdff7c
000180033ffbdff7c
000180033ffbdff7c
000180033ffbdff7c
000180033ffbdff7c
000180033ffbdff7c
000180033ffbdff7c
000180033ffbdff7c
000180033ffbdff7c
000180033ffbdff7c
000180033ffbdff7c
000180033ffbdff7c
000180033ffbdff7c
000180033ffbdff7c
000180033ffbdff7c
000180033ffbdff7c
000180033ffbdff7c
000180033ffbdff7c
000180033ffbdff7c
000180033ffbdff7c
000180033ffbdff7c
000180033ffbdff7c
000180033ffbdff7c
000180033ffbdff7c
000180033ffbdff7c
000180033ffbdff7c
000180033ffbdff7c
000180033ffbdff7c
000180033ffbdff7c
000180033ffbdff7c
000180033ffbdff7c
000180033ffbdff7c
000180033ffbdff7c
000180033ffbdff7c
000180033ffbdff7c
000180033ffbdff7c
000180033ffbdff7c
000180033ffbdff7c
000180033ffbdff7c
000180033ffbdff7c
000180033ffbdff7c
000180033ffbdff7c
000180033ffbdff7c
000180033ffbdff7c
000180033ffbdff7c
000180033ffbdff7c
000180033ffbdff7c
000180033ffbdff7c
000180033ffbdff7c
000180033ffbdff7c
000180033ffbdff7c
000180033ffbdff7c
000180033ffbdff7c
000180033ffbdff7c
000180033ffbdff7c
000180033ffbdff7c
000180033ffbdff7c
000180033ffbdff7c
000180033ffbdff7c
000180033ffbdff7c
000180033ffbdff7c
000180033ffbdff7c
000180033ffbdff7c
000180033ffbdff7c
000180033ffbdff7c
000180033ffbdff7c
000180033ffbdff7c
000180033ffbdff7c
000180033ffbdff7c
000180033ffbdff7c
000180033ffbdff7c
000180033ffbdff7c
000180033ffbdff7c
000180033ffbdff7c
000180033ffbdff7c
000180033ffbdff7c
000180033ffbdff7c
000180033ffbdff7c
000180033ffbdff7c
000180033ffbdff7c
000180033ffbdff7c
000180033ffbdff7c
000180033ffbdff7c
000180033ffbdff7c
000180033ffbdff7c
000180033ffbdff7c
000180033ffbdff7c
000180033ffbdff7c
000180033ffbdff7c
000180033ffbdff7c
000180033ffbdff7c
000180033ffbdff7c
000180033ffbdff7c
000180033ffbdff7c
000180033ffbdff7c
000180033ffbdff7c
000180033ffbdff7c
000180033ffbdff7c
000180033ffbdff7c
000180033ffbdff7c
000180033ffbdff7c
000180033ffbdff7c
000180033ffbdff7c
000180033ffbdff7c
000180033ffbdff7c
000180033ffbdff7c
000180033ffbdff7c
000180033ffbdff7c
000180033ffbdff7c
000180033ffbdff7c
000180033ffbdff7c
000180033ffbdff7c
000180033ffbdff7c
000180033ffbdff7c
000180033ffbdff7c
000180033ffbdff7c
000180033ffbdff7c
000180033ffbdff7c
000180033ffbdff7c
000180033ffbdff7c
000180033ffbdff7c
000180033ffbdff7c
000180033ffbdff7c
000180033ffbdff7c
000180033ffbdff7c
000180033ffbdff7c
000180033ffbdff7c
000180033ffbdff7c
000180033ffbdff7c
000180033ffbdff7c
000180033ffbdff7c
000180033ffbdff7c
000180033ffbdff7c
000180033ffbdff7c
000180033ffbdff7c
000180033ffbdff7c
000180033ffbdff7c
000180033ffbdff7c
000180033ffbdff7c
000180033ffbdff7c
000180033ffbdff7c
000180033ffbdff7c
000180033ffbdff7c
000180033ffbdff7c
000180033ffbdff7c
000180033ffbdff7c
000180033ffbdff7c
000180033ffbdff7c
000180033ffbdff7c
000180033ffbdff7c
000180033ffbdff7c
000180033ffbdff7c
000180033ffbdff7c
000180033ffbdff7c
000180033ffbdff7c
000180033ffbdff7c
000180033ffbdff7c
000180033ffbdff7c
000180033ffbdff7c
000180033ffbdff7c
000180033ffbdff7c
000180033ffbdff7c
000180033ffbdff7c
000180033ffbdff7c
000180033ffbdff7c
000180033ffbdff7c
000180033ffbdff7c
000180033ffbdff7c
000180033ffbdff7c
000180033ffbdff7c
000180033ffbdff7c
000180033ffbdff7c
000180033ffbdff7c
000180033ffbdff7c
000180033ffbdff7c
000180033ffbdff7c
000180033ffbdff7c
000180033ffbdff7c
000180033ffbdff7c
000180033ffbdff7c
000180033ffbdff7c
000180033ffbdff7c
000180033ffbdff7c
000180033ffbdff7c
000180033ffbdff7c
000180033ffbdff7c
000180033ffbdff7c
000180033ffbdff7c
000180033ffbdff7c
000180033ffbdff7c
000180033ffbdff7c
000180033ffbdff7c
000180033ffbdff7c
000180033ffbdff7c
000180033ffbdff7c
000180033ffbdff7c
000180033ffbdff7c
000180033ffbdff7c
000180033ffbdff7c
000180033ffbdff7c
000180033ffbdff7c
000180033ffbdff7c
000180033ffbdff7c
000180033ffbdff7c
000180033ffbdff7c
000180033ffbdff7c
000180033ffbdff7c
000180033ffbdff7c
000180033ffbdff7c
000180033ffbdff7c
000180033ffbdff7c
000180033ffbdff7c
000180033ffbdff7c
000180033ffbdff7c
000180033ffbdff7c
000180033ffbdff7c
000180033ffbdff7c
000180033ffbdff7c
000180033ffbdff7c
000180033ffbdff7c
000180033ffbdff7c
000180033ffbdff7c
000180033ffbdff7c
000180033ffbdff7c
000180033ffbdff7c
000180033ffbdff7c
000180033ffbdff7c
000180033ffbdff7c
000180033ffbdff7c
000180033ffbdff7c
000180033ffbdff7c
000180033ffbdff7c
000180033ffbdff7c
000180033ffbdff7c
000180033ffbdff7c
000180033ffbdff7c
000180033ffbdff7c
000180033ffbdff7c
000180033ffbdff7c
000180033ffbdff7c
000180033ffbdff7c
000180033ffbdff7c
000180033ffbdff7c
000180033ffbdff7c
000180033ffbdff7c
000180033ffbdff7c
000180033ffbdff7c
000180033ffbdff7c
000180033ffbdff7c
000180033ffbdff7c
000180033ffbdff7c
000180033ffbdff7c
000180033ffbdff7c
000180033ffbdff7c
000180033ffbdff7c
000180033ffbdff7c
000180033ffbdff7c
000180033ffbdff7c
000180033ffbdff7c
000180033ffbdff7c
000180033ffbdff7c
000180033ffbdff7c
000180033ffbdff7c
000180033ffbdff7c
000180033ffbdff7c
000180033ffbdff7c
000180033ffbdff7c
000180033ffbdff7c
000180033ffbdff7c
000180033ffbdff7c
000180033ffbdff7c
000180033ffbdff7c
000180033ffbdff7c
000180033ffbdff7c
000180033ffbdff7c
000180033ffbdff7c
000180033ffbdff7c
000180033ffbdff7c
000180033ffbdff7c
000180033ffbdff7c
000180033ffbdff7c
000180033ffbdff7c
000180033ffbdff7c
000180033ffbdff7c
000180033ffbdff7c
000180033ffbdff7c
000180033ffbdff7c
000180033ffbdff7c
000180033ffbdff7c
000180033ffbdff7c
000180033ffbdff7c
000180033ffbdff7c
000180033ffbdff7c
000180033ffbdff7c
000180033ffbdff7c
000180033ffbdff7c
000180033ffbdff7c
000180033ffbdff7c
000180033ffbdff7c
000180033ffbdff7c
000180033ffbdff7c
000180033ffbdff7c
000180033ffbdff7c
000180033ffbdff7c
000180033ffbdff7c
000180033ffbdff7c
000180033ffbdff7c
000180033ffbdff7c
000180033ffbdff7c
000180033ffbdff7c
000180033ffbdff7c
000180033ffbdff7c
000180033ffbdff7c
000180033ffbdff7c
000180033ffbdff7c
000180033ffbdff7c
000180033ffbdff7c
000180033ffbdff7c
000180033ffbdff7c
000180033ffbdff7c
000180033ffbdff7c
000180033ffbdff7c
000180033ffbdff7c
000180033ffbdff7c
000180033ffbdff7c
000180033ffbdff7c
000180033ffbdff7c
000180033ffbdff7c
000180033ffbdff7c
000180033ffbdff7c
000180033ffbdff7c
000180033ffbdff7c
000180033ffbdff7c
000180033ffbdff7c
000180033ffbdff7c
000180033ffbdff7c
000180033ffbdff7c
000180033ffbdff7c
000180033ffbdff7c
000180033ffbdff7c
000180033ffbdff7c
000180033ffbdff7c
000180033ffbdff7c
000180033ffbdff7c
000180033ffbdff7c
000180033ffbdff7c
000180033ffbdff7c
000180033ffbdff7c
000180033ffbdff7c
000180033ffbdff7c
000180033ffbdff7c
000180033ffbdff7c
000180033ffbdff7c
000180033ffbdff7c
000180033ffbdff7c
000180033ffbdff7c
000180033ffbdff7c
000180033ffbdff7c
000180033ffbdff7c
000180033ffbdff7c
000180033ffbdff7c
000180033ffbdff7c
000180033ffbdff7c
000180033ffbdff7c
000180033ffbdff7c
000180033ffbdff7c
000180033ffbdff7c
000180033ffbdff7c
000180033ffbdff7c
000180033ffbdff7c
000180033ffbdff7c
000180033ffbdff7c
000180033ffbdff7c
000180033ffbdff7c
000180033ffbdff7c
000180033ffbdff7c
000180033ffbdff7c
000180033ffbdff7c
000180033ffbdff7c
000180033ffbdff7c
000180033ffbdff7c
000180033ffbdff7c
000180033ffbdff7c
000180033ffbdff7c
000180033ffbdff7c
000180033ffbdff7c
000180033ffbdff7c
000180033ffbdff7c
000180033ffbdff7c
000180033ffbdff7c
000180033ffbdff7c
000180033ffbdff7c
000180033ffbdff7c
000180033ffbdff7c
000180033ffbdff7c
000180033ffbdff7c
000180033ffbdff7c
000180033ffbdff7c
000180033ffbdff7c
000180033ffbdff7c
000180033ffbdff7c
000180033ffbdff7c
000180033ffbdff7c
000180033ffbdff7c
000180033ffbdff7c
000180033ffbdff7c
000180033ffbdff7c
000180033ffbdff7c
000180033ffbdff7c
000180033ffbdff7c
000180033ffbdff7c
000180033ffbdff7c
000180033ffbdff7c
000180033ffbdff7c
000180033ffbdff7c
000180033ffbdff7c
000180033ffbdff7c
000180033ffbdff7c
000180033ffbdff7c
000180033ffbdff7c
000180033ffbdff7c
000180033ffbdff7c
000180033ffbdff7c
000180033ffbdff7c
000180033ffbdff7c
000180033ffbdff7c
000180033ffbdff7c
000180033ffbdff7c
000180033ffbdff7c
000180033ffbdff7c
000180033ffbdff7c
000180033ffbdff7c
000180033ffbdff7c
000180033ffbdff7c
000180033ffbdff7c
000180033ffbdff7c
000180033ffbdff7c
000180033ffbdff7c
000180033ffbdff7c
000180033ffbdff7c
000180033ffbdff7c
000180033ffbdff7c
000180033ffbdff7c
000180033ffbdff7c
000180033ffbdff7c
000180033ffbdff7c
000180033ffbdff7c
000180033ffbdff7c
000180033ffbdff7c
000180033ffbdff7c
000180033ffbdff7c
000180033ffbdff7c
000180033ffbdff7c
000180033ffbdff7c
000180033ffbdff7c
000180033ffbdff7c
000180033ffbdff7c
000180033ffbdff7c
000180033ffbdff7c
000180033ffbdff7c
000180033ffbdff7c
000180033ffbdff7c
000180033ffbdff7c
000180033ffbdff7c
000180033ffbdff7c
000180033ffbdff7c
000180033ffbdff7c
000180033ffbdff7c
000180033ffbdff7c
000180033ffbdff7c
000180033ffbdff7c
000180033ffbdff7c
000180033ffbdff7c
000180033ffbdff7c
000180033ffbdff7c
000180033ffbdff7c
000180033ffbdff7c
000180033ffbdff7c
000180033ffbdff7c
000180033ffbdff7c
000180033ffbdff7c
000180033ffbdff7c
000180033ffbdff7c
000180033ffbdff7c
000180033ffbdff7c
000180033ffbdff7c
000180033ffbdff7c
000180033ffbdff7c
000180033ffbdff7c
000180033ffbdff7c
000180033ffbdff7c
000180033ffbdff7c
000180033ffbdff7c
000180033ffbdff7c
000180033ffbdff7c
000180033ffbdff7c
000180033ffbdff7c
000180033ffbdff7c
000180033ffbdff7c
000180033ffbdff7c
000180033ffbdff7c
000180033ffbdff7c
000180033ffbdff7c
000180033ffbdff7c
000180033ffbdff7c
000180033ffbdff7c
000180033ffbdff7c
000180033ffbdff7c
000180033ffbdff7c
000180033ffbdff7c
000180033ffbdff7c
000180033ffbdff7c
000180033ffbdff7c
000180033ffbdff7c
000180033ffbdff7c
000180033ffbdff7c
000180033ffbdff7c
000180033ffbdff7c
000180033ffbdff7c
000180033ffbdff7c
000180033ffbdff7c
000180033ffbdff7c
000180033ffbdff7c
000180033ffbdff7c
000180033ffbdff7c
000180033ffbdff7c
000180033ffbdff7c
000180033ffbdff7c
000180033ffbdff7c
000180033ffbdff7c
000180033ffbdff7c
000180033ffbdff7c
000180033ffbdff7c
000180033ffbdff7c
000180033ffbdff7c
000180033ffbdff7c
000180033ffbdff7c
000180033ffbdff7c
000180033ffbdff7c
000180033ffbdff7c
000180033ffbdff7c
000180033ffbdff7c
000180033ffbdff7c
000180033ffbdff7c
000180033ffbdff7c
000180033ffbdff7c
000180033ffbdff7c
000180033ffbdff7c
000180033ffbdff7c
000180033ffbdff7c
000180033ffbdff7c
000180033ffbdff7c
000180033ffbdff7c
000180033ffbdff7c
000180033ffbdff7c
000180033ffbdff7c
000180033ffbdff7c
000180033ffbdff7c
000180033ffbdff7c
000180033ffbdff7c
000180033ffbdff7c
000180033ffbdff7c
000180033ffbdff7c
000180033ffbdff7c
000180033ffbdff7c
000180033ffbdff7c
000180033ffbdff7c
000180033ffbdff7c
000180033ffbdff7c
000180033ffbdff7c
000180033ffbdff7c
000180033ffbdff7c
000180033ffbdff7c
000180033ffbdff7c
000180033ffbdff7c
000180033ffbdff7c
000180033ffbdff7c
000180033ffbdff7c
000180033ffbdff7c
000180033ffbdff7c
000180033ffbdff7c
000180033ffbdff7c
000180033ffbdff7c
000180033ffbdff7c
000180033ffbdff7c
000180033ffbdff7c
000180033ffbdff7c
000180033ffbdff7c
000180033ffbdff7c
000180033ffbdff7c
000180033ffbdff7c
000180033ffbdff7c
000180033ffbdff7c
000180033ffbdff7c
000180033ffbdff7c
000180033ffbdff7c
000180033ffbdff7c
000180033ffbdff7c
000180033ffbdff7c
000180033ffbdff7c
000180033ffbdff7c
000180033ffbdff7c
000180033ffbdff7c
000180033ffbdff7c
000180033ffbdff7c
000180033ffbdff7c
000180033ffbdff7c
000180033ffbdff7c
000180033ffbdff7c
000180033ffbdff7c
000180033ffbdff7c
000180033ffbdff7c
000180033ffbdff7c
000180033ffbdff7c
000180033ffbdff7c
000180033ffbdff7c
000180033ffbdff7c
000180033ffbdff7c
000180033ffbdff7c
000180033ffbdff7c
000180033ffbdff7c
000180033ffbdff7c
000180033ffbdff7c
000180033ffbdff7c
000180033ffbdff7c
000180033ffbdff7c
000180033ffbdff7c
000180033ffbdff7c
000180033ffbdff7c
000180033ffbdff7c
000180033ffbdff7c
000180033ffbdff7c
000180033ffbdff7c
000180033ffbdff7c
000180033ffbdff7c
000180033ffbdff7c
000180033ffbdff7c
000180033ffbdff7c
000180033ffbdff7c
000180033ffbdff7c
000180033ffbdff7c
000180033ffbdff7c
000180033ffbdff7c
000180033ffbdff7c
000180033ffbdff7c
000180033ffbdff7c
000180033ffbdff7c
000180033ffbdff7c
000180033ffbdff7c
000180033ffbdff7c
000180033ffbdff7c
000180033ffbdff7c
000180033ffbdff7c
000180033ffbdff7c
000180033ffbdff7c
000180033ffbdff7c
000180033ffbdff7c
000180033ffbdff7c
000180033ffbdff7c
000180033ffbdff7c
000180033ffbdff7c
000180033ffbdff7c
000180033ffbdff7c
000180033ffbdff7c
000180033ffbdff7c
000180033ffbdff7c
000180033ffbdff7c
000180033ffbdff7c
000180033ffbdff7c
000180033ffbdff7c
000180033ffbdff7c
000180033ffbdff7c
000180033ffbdff7c
000180033ffbdff7c
000180033ffbdff7c
000180033ffbdff7c
000180033ffbdff7c
000180033ffbdff7c
000180033ffbdff7c
000180033ffbdff7c
000180033ffbdff7c
000180033ffbdff7c
000180033ffbdff7c
000180033ffbdff7c
000180033ffbdff7c
000180033ffbdff7c
000180033ffbdff7c
000180033ffbdff7c
000180033ffbdff7c
000180033ffbdff7c
000180033ffbdff7c
000180033ffbdff7c
000180033ffbdff7c
000180033ffbdff7c
000180033ffbdff7c
000180033ffbdff7c
000180033ffbdff7c
000180033ffbdff7c
000180033ffbdff7c
000180033ffbdff7c
000180033ffbdff7c
000180033ffbdff7c
000180033ffbdff7c
000180033ffbdff7c
000180033ffbdff7c
000180033ffbdff7c
000180033ffbdff7c
000180033ffbdff7c
000180033ffbdff7c
000180033ffbdff7c
000180033ffbdff7c
000180033ffbdff7c
000180033ffbdff7c
000180033ffbdff7c
000180033ffbdff7c
000180033ffbdff7c
000180033ffbdff7c
000180033ffbdff7c
000180033ffbdff7c
000180033ffbdff7c
000180033ffbdff7c
000180033ffbdff7c
000180033ffbdff7c
000180033ffbdff7c
000180033ffbdff7c
000180033ffbdff7c
000180033ffbdff7c
000180033ffbdff7c
000180033ffbdff7c
000180033ffbdff7c
000180033ffbdff7c
000180033ffbdff7c
000180033ffbdff7c
000180033ffbdff7c
000180033ffbdff7c
000180033ffbdff7c
000180033ffbdff7c
000180033ffbdff7c
000180033ffbdff7c
000180033ffbdff7c
000180033ffbdff7c
000180033ffbdff7c
000180033ffbdff7c
000180033ffbdff7c
000180033ffbdff7c
000180033ffbdff7c
000180033ffbdff7c
000180033ffbdff7c
000180033ffbdff7c
000180033ffbdff7c
000180033ffbdff7c
000180033ffbdff7c
000180033ffbdff7c
000180033ffbdff7c
000180033ffbdff7c
000180033ffbdff7c
000180033ffbdff7c
000180033ffbdff7c
000180033ffbdff7c
000180033ffbdff7c
000180033ffbdff7c
000180033ffbdff7c
000180033ffbdff7c
000180033ffbdff7c
000180033ffbdff7c
000180033ffbdff7c
000180033ffbdff7c
000180033ffbdff7c
000180033ffbdff7c
000180033ffbdff7c
000180033ffbdff7c
000180033ffbdff7c
000180033ffbdff7c
000180033ffbdff7c
000180033ffbdff7c
000180033ffbdff7c
000180033ffbdff7c
000180033ffbdff7c
000180033ffbdff7c
000180033ffbdff7c
000180033ffbdff7c
000180033ffbdff7c
000180033ffbdff7c
000180033ffbdff7c
000180033ffbdff7c
000180033ffbdff7c
000180033ffbdff7c
000180033ffbdff7c
000180033ffbdff7c
000180033ffbdff7c
000180033ffbdff7c
000180033ffbdff7c
000180033ffbdff7c
000180033ffbdff7c
000180033ffbdff7c
000180033ffbdff7c
000180033ffbdff7c
000180033ffbdff7c
000180033ffbdff7c
000180033ffbdff7c
000180033ffbdff7c
000180033ffbdff7c
000180033ffbdff7c
000180033ffbdff7c
000180033ffbdff7c
000180033ffbdff7c
000180033ffbdff7c
000180033ffbdff7c
000180033ffbdff7c
000180033ffbdff7c
000180033ffbdff7c
000180033ffbdff7c
000180033ffbdff7c
000180033ffbdff7c
000180033ffbdff7c
000180033ffbdff7c
000180033ffbdff7c
000180033ffbdff7c
000180033ffbdff7c
000180033ffbdff7c
000180033ffbdff7c
000180033ffbdff7c
000180033ffbdff7c
000180033ffbdff7c
000180033ffbdff7c
000180033ffbdff7c
000180033ffbdff7c
000180033ffbdff7c
000180033ffbdff7c
000180033ffbdff7c
000180033ffbdff7c
000180033ffbdff7c
000180033ffbdff7c
000180033ffbdff7c
000180033ffbdff7c
000180033ffbdff7c
000180033ffbdff7c
000180033ffbdff7c
000180033ffbdff7c
000180033ffbdff7c
000180033ffbdff7c
000180033ffbdff7c
000180033ffbdff7c
000180033ffbdff7c
000180033ffbdff7c
000180033ffbdff7c
000180033ffbdff7c
000180033ffbdff7c
000180033ffbdff7c
000180033ffbdff7c
000180033ffbdff7c
000180033ffbdff7c
000180033ffbdff7c
000180033ffbdff7c
000180033ffbdff7c
000180033ffbdff7c
000180033ffbdff7c
000180033ffbdff7c
000180033ffbdff7c
000180033ffbdff7c
000180033ffbdff7c
000180033ffbdff7c
000180033ffbdff7c
000180033ffbdff7c
000180033ffbdff7c
000180033ffbdff7c
000180033ffbdff7c
000180033ffbdff7c
000180033ffbdff7c
000180033ffbdff7c
000180033ffbdff7c
000180033ffbdff7c
000180033ffbdff7c
000180033ffbdff7c
000180033ffbdff7c
000180033ffbdff7c
000180033ffbdff7c
000180033ffbdff7c
000180033ffbdff7c
000180033ffbdff7c
000180033ffbdff7c
000180033ffbdff7c
000180033ffbdff7c
000180033ffbdff7c
000180033ffbdff7c
000180033ffbdff7c
000180033ffbdff7c
000180033ffbdff7c
000180033ffbdff7c
000180033ffbdff7c
000180033ffbdff7c
000180033ffbdff7c
000180033ffbdff7c
000180033ffbdff7c
000180033ffbdff7c
000180033ffbdff7c
000180033ffbdff7c
000180033ffbdff7c
000180033ffbdff7c
000180033ffbdff7c
000180033ffbdff7c
000180033ffbdff7c
000180033ffbdff7c
000180033ffbdff7c
000180033ffbdff7c
000180033ffbdff7c
000180033ffbdff7c
000180033ffbdff7c
000180033ffbdff7c
000180033ffbdff7c
000180033ffbdff7c
000180033ffbdff7c
000180033ffbdff7c
000180033ffbdff7c
000180033ffbdff7c
000180033ffbdff7c
000180033ffbdff7c
000180033ffbdff7c
000180033ffbdff7c
000180033ffbdff7c
000180033ffbdff7c
000180033ffbdff7c
000180033ffbdff7c
000180033ffbdff7c
000180033ffbdff7c
000180033ffbdff7c
000180033ffbdff7c
000180033ffbdff7c
000180033ffbdff7c
000180033ffbdff7c
000180033ffbdff7c
000180033ffbdff7c
000180033ffbdff7c
000180033ffbdff7c
000180033ffbdff7c
000180033ffbdff7c
000180033ffbdff7c
000180033ffbdff7c
000180033ffbdff7c
000180033ffbdff7c
000180033ffbdff7c
000180033ffbdff7c
000180033ffbdff7c
000180033ffbdff7c
000180033ffbdff7c
000180033ffbdff7c
000180033ffbdff7c
000180033ffbdff7c
000180033ffbdff7c
000180033ffbdff7c
000180033ffbdff7c
000180033ffbdff7c
000180033ffbdff7c
000180033ffbdff7c
000180033ffbdff7c
000180033ffbdff7c
000180033ffbdff7c
000180033ffbdff7c
000180033ffbdff7c
000180033ffbdff7c
000180033ffbdff7c
000180033ffbdff7c
000180033ffbdff7c
000180033ffbdff7c
000180033ffbdff7c
000180033ffbdff7c
000180033ffbdff7c
000180033ffbdff7c
000180033ffbdff7c
000180033ffbdff7c
000180033ffbdff7c
000180033ffbdff7c
000180033ffbdff7c
000180033ffbdff7c
000180033ffbdff7c
000180033ffbdff7c
000180033ffbdff7c
000180033ffbdff7c
000180033ffbdff7c
000180033ffbdff7c
000180033ffbdff7c
000180033ffbdff7c
000180033ffbdff7c
000180033ffbdff7c
000180033ffbdff7c
000180033ffbdff7c
000180033ffbdff7c
000180033ffbdff7c
000180033ffbdff7c
000180033ffbdff7c
000180033ffbdff7c
000180033ffbdff7c
000180033ffbdff7c
000180033ffbdff7c
000180033ffbdff7c
000180033ffbdff7c
000180033ffbdff7c
000180033ffbdff7c
000180033ffbdff7c
000180033ffbdff7c
000180033ffbdff7c
000180033ffbdff7c
000180033ffbdff7c
000180033ffbdff7c
000180033ffbdff7c
000180033ffbdff7c
000180033ffbdff7c
000180033ffbdff7c
000180033ffbdff7c
000180033ffbdff7c
000180033ffbdff7c
000180033ffbdff7c
000180033ffbdff7c
000180033ffbdff7c
000180033ffbdff7c
000180033ffbdff7c
000180033ffbdff7c
000180033ffbdff7c
000180033ffbdff7c
000180033ffbdff7c
000180033ffbdff7c
000180033ffbdff7c
000180033ffbdff7c
000180033ffbdff7c
000180033ffbdff7c
000180033ffbdff7c
000180033ffbdff7c
000180033ffbdff7c
000180033ffbdff7c
000180033ffbdff7c
000180033ffbdff7c
000180033ffbdff7c
000180033ffbdff7c
000180033ffbdff7c
000180033ffbdff7c
000180033ffbdff7c
000180033ffbdff7c
000180033ffbdff7c
000180033ffbdff7c
000180033ffbdff7c
000180033ffbdff7c
000180033ffbdff7c
000180033ffbdff7c
000180033ffbdff7c
000180033ffbdff7c
000180033ffbdff7c
000180033ffbdff7c
000180033ffbdff7c
000180033ffbdff7c
000180033ffbdff7c
000180033ffbdff7c
000180033ffbdff7c
000180033ffbdff7c
000180033ffbdff7c
000180033ffbdff7c
000180033ffbdff7c
000180033ffbdff7c
000180033ffbdff7c
000180033ffbdff7c
000180033ffbdff7c
000180033ffbdff7c
000180033ffbdff7c
000180033ffbdff7c
000180033ffbdff7c
000180033ffbdff7c
000180033ffbdff7c
000180033ffbdff7c
000180033ffbdff7c
000180033ffbdff7c
000180033ffbdff7c
000180033ffbdff7c
000180033ffbdff7c
000180033ffbdff7c
000180033ffbdff7c
000180033ffbdff7c
000180033ffbdff7c
000180033ffbdff7c
000180033ffbdff7c
000180033ffbdff7c
000180033ffbdff7c
000180033ffbdff7c
000180033ffbdff7c
000180033ffbdff7c
000180033ffbdff7c
000180033ffbdff7c
000180033ffbdff7c
000180033ffbdff7c
000180033ffbdff7c
000180033ffbdff7c
000180033ffbdff7c
000180033ffbdff7c
000180033ffbdff7c
000180033ffbdff7c
000180033ffbdff7c
000180033ffbdff7c
000180033ffbdff7c
000180033ffbdff7c
000180033ffbdff7c
000180033ffbdff7c
000180033ffbdff7c
000180033ffbdff7c
000180033ffbdff7c
000180033ffbdff7c
000180033ffbdff7c
000180033ffbdff7c
000180033ffbdff7c
000180033ffbdff7c
000180033ffbdff7c
000180033ffbdff7c
000180033ffbdff7c
000180033ffbdff7c
000180033ffbdff7c
000180033ffbdff7c
000180033ffbdff7c
000180033ffbdff7c
000180033ffbdff7c
000180033ffbdff7c
000180033ffbdff7c
000180033ffbdff7c
000180033ffbdff7c
000180033ffbdff7c
000180033ffbdff7c
000180033ffbdff7c
000180033ffbdff7c
000180033ffbdff7c
000180033ffbdff7c
000180033ffbdff7c
000180033ffbdff7c
000180033ffbdff7c
000180033ffbdff7c
000180033ffbdff7c
000180033ffbdff7c
000180033ffbdff7c
000180033ffbdff7c
000180033ffbdff7c
000180033ffbdff7c
000180033ffbdff7c
000180033ffbdff7c
000180033ffbdff7c
000180033ffbdff7c
000180033ffbdff7c
000180033ffbdff7c
000180033ffbdff7c
000180033ffbdff7c
000180033ffbdff7c
000180033ffbdff7c
000180033ffbdff7c
000180033ffbdff7c
000180033ffbdff7c
000180033ffbdff7c
000180033ffbdff7c
000180033ffbdff7c
000180033ffbdff7c
000180033ffbdff7c
000180033ffbdff7c
000180033ffbdff7c
000180033ffbdff7c
000180033ffbdff7c
000180033ffbdff7c
000180033ffbdff7c
000180033ffbdff7c
000180033ffbdff7c
000180033ffbdff7c
000180033ffbdff7c
000180033ffbdff7c
000180033ffbdff7c
000180033ffbdff7c
000180033ffbdff7c
000180033ffbdff7c
000180033ffbdff7c
000180033ffbdff7c
000180033ffbdff7c
000180033ffbdff7c
000180033ffbdff7c
000180033ffbdff7c
000180033ffbdff7c
000180033ffbdff7c
000180033ffbdff7c
000180033ffbdff7c
000180033ffbdff7c
000180033ffbdff7c
000180033ffbdff7c
000180033ffbdff7c
000180033ffbdff7c
000180033ffbdff7c
000180033ffbdff7c
000180033ffbdff7c
000180033ffbdff7c
000180033ffbdff7c
000180033ffbdff7c
000180033ffbdff7c
000180033ffbdff7c
000180033ffbdff7c
000180033ffbdff7c
000180033ffbdff7c
000180033ffbdff7c
000180033ffbdff7c
000180033ffbdff7c
000180033ffbdff7c
000180033ffbdff7c
000180033ffbdff7c
000180033ffbdff7c
000180033ffbdff7c
000180033ffbdff7c
000180033ffbdff7c
000180033ffbdff7c
000180033ffbdff7c
000180033ffbdff7c
000180033ffbdff7c
000180033ffbdff7c
000180033ffbdff7c
000180033ffbdff7c
000180033ffbdff7c
000180033ffbdff7c
000180033ffbdff7c
000180033ffbdff7c
000180033ffbdff7c
000180033ffbdff7c
000180033ffbdff7c
000180033ffbdff7c
000180033ffbdff7c
000180033ffbdff7c
000180033ffbdff7c
000180033ffbdff7c
000180033ffbdff7c
000180033ffbdff7c
000180033ffbdff7c
000180033ffbdff7c
000180033ffbdff7c
000180033ffbdff7c
000180033ffbdff7c
000180033ffbdff7c
000180033ffbdff7c
000180033ffbdff7c
000180033ffbdff7c
000180033ffbdff7c
000180033ffbdff7c
000180033ffbdff7c
000180033ffbdff7c
000180033ffbdff7c
000180033ffbdff7c
000180033ffbdff7c
000180033ffbdff7c
000180033ffbdff7c
000180033ffbdff7c
000180033ffbdff7c
000180033ffbdff7c
000180033ffbdff7c
000180033ffbdff7c
000180033ffbdff7c
000180033ffbdff7c
000180033ffbdff7c
000180033ffbdff7c
000180033ffbdff7c
000180033ffbdff7c
000180033ffbdff7c
000180033ffbdff7c
000180033ffbdff7c
000180033ffbdff7c
000180033ffbdff7c
000180033ffbdff7c
000180033ffbdff7c
000180033ffbdff7c
000180033ffbdff7c
000180033ffbdff7c
000180033ffbdff7c
000180033ffbdff7c
000180033ffbdff7c
000180033ffbdff7c
000180033ffbdff7c
000180033ffbdff7c
000180033ffbdff7c
000180033ffbdff7c
000180033ffbdff7c
000180033ffbdff7c
000180033ffbdff7c
000180033ffbdff7c
000180033ffbdff7c
000180033ffbdff7c
000180033ffbdff7c
000180033ffbdff7c
000180033ffbdff7c
000180033ffbdff7c
000180033ffbdff7c
000180033ffbdff7c
000180033ffbdff7c
000180033ffbdff7c
000180033ffbdff7c
000180033ffbdff7c
000180033ffbdff7c
000180033ffbdff7c
000180033ffbdff7c
000180033ffbdff7c
000180033ffbdff7c
000180033ffbdff7c
000180033ffbdff7c
000180033ffbdff7c
000180033ffbdff7c
000180033ffbdff7c
000180033ffbdff7c
000180033ffbdff7c
000180033ffbdff7c
000180033ffbdff7c
000180033ffbdff7c
000180033ffbdff7c
000180033ffbdff7c
000180033ffbdff7c
000180033ffbdff7c
000180033ffbdff7c
000180033ffbdff7c
000180033ffbdff7c
000180033ffbdff7c
000180033ffbdff7c
000180033ffbdff7c
000180033ffbdff7c
000180033ffbdff7c
000180033ffbdff7c
000180033ffbdff7c
000180033ffbdff7c
000180033ffbdff7c
000180033ffbdff7c
000180033ffbdff7c
000180033ffbdff7c
000180033ffbdff7c
000180033ffbdff7c
000180033ffbdff7c
000180033ffbdff7c
000180033ffbdff7c
000180033ffbdff7c
000180033ffbdff7c
000180033ffbdff7c
000180033ffbdff7c
000180033ffbdff7c
000180033ffbdff7c
000180033ffbdff7c
000180033ffbdff7c
000180033ffbdff7c
000180033ffbdff7c
000180033ffbdff7c
000180033ffbdff7c
000180033ffbdff7c
000180033ffbdff7c
000180033ffbdff7c
000180033ffbdff7c
000180033ffbdff7c
000180033ffbdff7c
000180033ffbdff7c
000180033ffbdff7c
000180033ffbdff7c
000180033ffbdff7c
000180033ffbdff7c
000180033ffbdff7c
000180033ffbdff7c
000180033ffbdff7c
000180033ffbdff7c
000180033ffbdff7c
000180033ffbdff7c
000180033ffbdff7c
000180033ffbdff7c
000180033ffbdff7c
000180033ffbdff7c
000180033ffbdff7c
000180033ffbdff7c
000180033ffbdff7c
000180033ffbdff7c
000180033ffbdff7c
000180033ffbdff7c
000180033ffbdff7c
000180033ffbdff7c
000180033ffbdff7c
000180033ffbdff7c
000180033ffbdff7c
000180033ffbdff7c
000180033ffbdff7c
000180033ffbdff7c
000180033ffbdff7c
000180033ffbdff7c
000180033ffbdff7c
000180033ffbdff7c
000180033ffbdff7c
000180033ffbdff7c
000180033ffbdff7c
000180033ffbdff7c
000180033ffbdff7c
000180033ffbdff7c
000180033ffbdff7c
000180033ffbdff7c
000180033ffbdff7c
000180033ffbdff7c
000180033ffbdff7c
000180033ffbdff7c
000180033ffbdff7c
000180033ffbdff7c
000180033ffbdff7c
000180033ffbdff7c
000180033ffbdff7c
000180033ffbdff7c
000180033ffbdff7c
000180033ffbdff7c
000180033ffbdff7c
000180033ffbdff7c
000180033ffbdff7c
000180033ffbdff7c
000180033ffbdff7c
000180033ffbdff7c
000180033ffbdff7c
000180033ffbdff7c
000180033ffbdff7c
000180033ffbdff7c
000180033ffbdff7c
000180033ffbdff7c
000180033ffbdff7c
000180033ffbdff7c
000180033ffbdff7c
000180033ffbdff7c
000180033ffbdff7c
000180033ffbdff7c
000180033ffbdff7c
000180033ffbdff7c
000180033ffbdff7c
000180033ffbdff7c
000180033ffbdff7c
000180033ffbdff7c
000180033ffbdff7c
000180033ffbdff7c
000180033ffbdff7c
000180033ffbdff7c
000180033ffbdff7c
000180033ffbdff7c
000180033ffbdff7c
000180033ffbdff7c
000180033ffbdff7c
000180033ffbdff7c
000180033ffbdff7c
000180033ffbdff7c
000180033ffbdff7c
000180033ffbdff7c
000180033ffbdff7c
000180033ffbdff7c
000180033ffbdff7c
000180033ffbdff7c
000180033ffbdff7c
000180033ffbdff7c
000180033ffbdff7c
000180033ffbdff7c
000180033ffbdff7c
000180033ffbdff7c
000180033ffbdff7c
000180033ffbdff7c
000180033ffbdff7c
000180033ffbdff7c
000180033ffbdff7c
000180033ffbdff7c
000180033ffbdff7c
000180033ffbdff7c
000180033ffbdff7c
000180033ffbdff7c
000180033ffbdff7c
000180033ffbdff7c
000180033ffbdff7c
000180033ffbdff7c
000180033ffbdff7c
000180033ffbdff7c
000180033ffbdff7c
000180033ffbdff7c
000180033ffbdff7c
000180033ffbdff7c
000180033ffbdff7c
000180033ffbdff7c
000180033ffbdff7c
000180033ffbdff7c
000180033ffbdff7c
000180033ffbdff7c
000180033ffbdff7c
000180033ffbdff7c
000180033ffbdff7c
000180033ffbdff7c
000180033ffbdff7c
000180033ffbdff7c
000180033ffbdff7c
000180033ffbdff7c
000180033ffbdff7c
000180033ffbdff7c
000180033ffbdff7c
000180033ffbdff7c
000180033ffbdff7c
000180033ffbdff7c
000180033ffbdff7c
000180033ffbdff7c
000180033ffbdff7c
000180033ffbdff7c
000180033ffbdff7c
000180033ffbdff7c
000180033ffbdff7c
000180033ffbdff7c
000180033ffbdff7c
000180033ffbdff7c
000180033ffbdff7c
000180033ffbdff7c
000180033ffbdff7c
000180033ffbdff7c
000180033ffbdff7c
000180033ffbdff7c
000180033ffbdff7c
000180033ffbdff7c
000180033ffbdff7c
000180033ffbdff7c
000180033ffbdff7c
000180033ffbdff7c
000180033ffbdff7c
000180033ffbdff7c
000180033ffbdff7c
000180033ffbdff7c
000180033ffbdff7c
000180033ffbdff7c
000180033ffbdff7c
000180033ffbdff7c
000180033ffbdff7c
000180033ffbdff7c
000180033ffbdff7c
000180033ffbdff7c
000180033ffbdff7c
000180033ffbdff7c
000180033ffbdff7c
000180033ffbdff7c
000180033ffbdff7c
000180033ffbdff7c
000180033ffbdff7c
000180033ffbdff7c
000180033ffbdff7c
000180033ffbdff7c
000180033ffbdff7c
000180033ffbdff7c
000180033ffbdff7c
000180033ffbdff7c
000180033ffbdff7c
000180033ffbdff7c
000180033ffbdff7c
000180033ffbdff7c
000180033ffbdff7c
000180033ffbdff7c
000180033ffbdff7c
000180033ffbdff7c
000180033ffbdff7c
000180033ffbdff7c
000180033ffbdff7c
000180033ffbdff7c
000180033ffbdff7c
000180033ffbdff7c
000180033ffbdff7c
000180033ffbdff7c
000180033ffbdff7c
000180033ffbdff7c
000180033ffbdff7c
000180033ffbdff7c
000180033ffbdff7c
000180033ffbdff7c
000180033ffbdff7c
000180033ffbdff7c
000180033ffbdff7c
000180033ffbdff7c
000180033ffbdff7c
000180033ffbdff7c
000180033ffbdff7c
000180033ffbdff7c
000180033ffbdff7c
000180033ffbdff7c
000180033ffbdff7c
000180033ffbdff7c
000180033ffbdff7c
000180033ffbdff7c
000180033ffbdff7c
000180033ffbdff7c
000180033ffbdff7c
000180033ffbdff7c
000180033ffbdff7c
000180033ffbdff7c
000180033ffbdff7c
000180033ffbdff7c
000180033ffbdff7c
000180033ffbdff7c
000180033ffbdff7c
000180033ffbdff7c
000180033ffbdff7c
000180033ffbdff7c
000180033ffbdff7c
000180033ffbdff7c
000180033ffbdff7c
000180033ffbdff7c
000180033ffbdff7c
000180033ffbdff7c
000180033ffbdff7c
000180033ffbdff7c
000180033ffbdff7c
000180033ffbdff7c
000180033ffbdff7c
000180033ffbdff7c
000180033ffbdff7c
000180033ffbdff7c
000180033ffbdff7c
000180033ffbdff7c
000180033ffbdff7c
000180033ffbdff7c
000180033ffbdff7c
000180033ffbdff7c
000180033ffbdff7c
000180033ffbdff7c
000180033ffbdff7c
000180033ffbdff7c
000180033ffbdff7c
000180033ffbdff7c
000180033ffbdff7c
000180033ffbdff7c
000180033ffbdff7c
000180033ffbdff7c
000180033ffbdff7c
000180033ffbdff7c
000180033ffbdff7c
000180033ffbdff7c
000180033ffbdff7c
000180033ffbdff7c
000180033ffbdff7c
000180033ffbdff7c
000180033ffbdff7c
000180033ffbdff7c
000180033ffbdff7c
000180033ffbdff7c
000180033ffbdff7c
000180033ffbdff7c
000180033ffbdff7c
000180033ffbdff7c
000180033ffbdff7c
000180033ffbdff7c
000180033ffbdff7c
000180033ffbdff7c
000180033ffbdff7c
000180033ffbdff7c
000180033ffbdff7c
000180033ffbdff7c
000180033ffbdff7c
000180033ffbdff7c
000180033ffbdff7c
000180033ffbdff7c
000180033ffbdff7c
000180033ffbdff7c
000180033ffbdff7c
000180033ffbdff7c
000180033ffbdff7c
000180033ffbdff7c
000180033ffbdff7c
000180033ffbdff7c
000180033ffbdff7c
000180033ffbdff7c
000180033ffbdff7c
000180033ffbdff7c
000180033ffbdff7c
000180033ffbdff7c
000180033ffbdff7c
000180033ffbdff7c
000180033ffbdff7c
000180033ffbdff7c
000180033ffbdff7c
000180033ffbdff7c
000180033ffbdff7c
000180033ffbdff7c
000180033ffbdff7c
000180033ffbdff7c
000180033ffbdff7c
000180033ffbdff7c
000180033ffbdff7c
000180033ffbdff7c
000180033ffbdff7c
000180033ffbdff7c
000180033ffbdff7c
000180033ffbdff7c
000180033ffbdff7c
000180033ffbdff7c
000180033ffbdff7c
000180033ffbdff7c
000180033ffbdff7c
000180033ffbdff7c
000180033ffbdff7c
000180033ffbdff7c
000180033ffbdff7c
000180033ffbdff7c
000180033ffbdff7c
000180033ffbdff7c
000180033ffbdff7c
000180033ffbdff7c
000180033ffbdff7c
000180033ffbdff7c
000180033ffbdff7c
000180033ffbdff7c
000180033ffbdff7c
000180033ffbdff7c
000180033ffbdff7c
000180033ffbdff7c
000180033ffbdff7c
000180033ffbdff7c
000180033ffbdff7c
000180033ffbdff7c
000180033ffbdff7c
000180033ffbdff7c
000180033ffbdff7c
000180033ffbdff7c
000180033ffbdff7c
000180033ffbdff7c
000180033ffbdff7c
000180033ffbdff7c
000180033ffbdff7c
000180033ffbdff7c
000180033ffbdff7c
000180033ffbdff7c
000180033ffbdff7c
000180033ffbdff7c
000180033ffbdff7c
000180033ffbdff7c
000180033ffbdff7c
000180033ffbdff7c
000180033ffbdff7c
000180033ffbdff7c
000180033ffbdff7c
000180033ffbdff7c
000180033ffbdff7c
000180033ffbdff7c
000180033ffbdff7c
000180033ffbdff7c
000180033ffbdff7c
000180033ffbdff7c
000180033ffbdff7c
000180033ffbdff7c
000180033ffbdff7c
000180033ffbdff7c
000180033ffbdff7c
000180033ffbdff7c
000180033ffbdff7c
000180033ffbdff7c
000180033ffbdff7c
000180033ffbdff7c
000180033ffbdff7c
000180033ffbdff7c
000180033ffbdff7c
000180033ffbdff7c
000180033ffbdff7c
000180033ffbdff7c
000180033ffbdff7c
000180033ffbdff7c
000180033ffbdff7c
000180033ffbdff7c
000180033ffbdff7c
000180033ffbdff7c
000180033ffbdff7c
000180033ffbdff7c
000180033ffbdff7c
000180033ffbdff7c
000180033ffbdff7c
000180033ffbdff7c
000180033ffbdff7c
000180033ffbdff7c
000180033ffbdff7c
000180033ffbdff7c
000180033ffbdff7c
000180033ffbdff7c
000180033ffbdff7c
000180033ffbdff7c
000180033ffbdff7c
000180033ffbdff7c
000180033ffbdff7c
000180033ffbdff7c
000180033ffbdff7c
000180033ffbdff7c
000180033ffbdff7c
000180033ffbdff7c
000180033ffbdff7c
000180033ffbdff7c
000180033ffbdff7c
000180033ffbdff7c
000180033ffbdff7c
000180033ffbdff7c
000180033ffbdff7c
000180033ffbdff7c
000180033ffbdff7c
000180033ffbdff7c
000180033ffbdff7c
000180033ffbdff7c
000180033ffbdff7c
000180033ffbdff7c
000180033ffbdff7c
000180033ffbdff7c
000180033ffbdff7c
000180033ffbdff7c
000180033ffbdff7c
000180033ffbdff7c
000180033ffbdff7c
000180033ffbdff7c
000180033ffbdff7c
000180033ffbdff7c
000180033ffbdff7c
000180033ffbdff7c
000180033ffbdff7c
000180033ffbdff7c
000180033ffbdff7c
000180033ffbdff7c
000180033ffbdff7c
000180033ffbdff7c
000180033ffbdff7c
000180033ffbdff7c
000180033ffbdff7c
000180033ffbdff7c
000180033ffbdff7c
000180033ffbdff7c
000180033ffbdff7c
000180033ffbdff7c
000180033ffbdff7c
000180033ffbdff7c
000180033ffbdff7c
000180033ffbdff7c
000180033ffbdff7c
000180033ffbdff7c
000180033ffbdff7c
000180033ffbdff7c
000180033ffbdff7c
000180033ffbdff7c
000180033ffbdff7c
000180033ffbdff7c
000180033ffbdff7c
000180033ffbdff7c
000180033ffbdff7c
000180033ffbdff7c
000180033ffbdff7c
000180033ffbdff7c
000180033ffbdff7c
000180033ffbdff7c
000180033ffbdff7c
000180033ffbdff7c
000180033ffbdff7c
000180033ffbdff7c
000180033ffbdff7c
000180033ffbdff7c
000180033ffbdff7c
000180033ffbdff7c
000180033ffbdff7c
000180033ffbdff7c
000180033ffbdff7c
000180033ffbdff7c
000180033ffbdff7c
000180033ffbdff7c
000180033ffbdff7c
000180033ffbdff7c
000180033ffbdff7c
000180033ffbdff7c
000180033ffbdff7c
000180033ffbdff7c
000180033ffbdff7c
000180033ffbdff7c
000180033ffbdff7c
000180033ffbdff7c
000180033ffbdff7c
000180033ffbdff7c
000180033ffbdff7c
000180033ffbdff7c
000180033ffbdff7c
000180033ffbdff7c
000180033ffbdff7c
000180033ffbdff7c
000180033ffbdff7c
000180033ffbdff7c
000180033ffbdff7c
000180033ffbdff7c
000180033ffbdff7c
000180033ffbdff7c
000180033ffbdff7c
000180033ffbdff7c
000180033ffbdff7c
000180033ffbdff7c
000180033ffbdff7c
000180033ffbdff7c
000180033ffbdff7c
000180033ffbdff7c
000180033ffbdff7c
000180033ffbdff7c
000180033ffbdff7c
000180033ffbdff7c
000180033ffbdff7c
000180033ffbdff7c
000180033ffbdff7c
000180033ffbdff7c
000180033ffbdff7c
000180033ffbdff7c
000180033ffbdff7c
000180033ffbdff7c
000180033ffbdff7c
000180033ffbdff7c
000180033ffbdff7c
000180033ffbdff7c
000180033ffbdff7c
000180033ffbdff7c
000180033ffbdff7c
000180033ffbdff7c
000180033ffbdff7c
000180033ffbdff7c
000180033ffbdff7c
000180033ffbdff7c
000180033ffbdff7c
000180033ffbdff7c
000180033ffbdff7c
000180033ffbdff7c
000180033ffbdff7c
000180033ffbdff7c
000180033ffbdff7c
000180033ffbdff7c
000180033ffbdff7c
000180033ffbdff7c
000180033ffbdff7c
000180033ffbdff7c
000180033ffbdff7c
000180033ffbdff7c
000180033ffbdff7c
000180033ffbdff7c
000180033ffbdff7c
000180033ffbdff7c
000180033ffbdff7c
000180033ffbdff7c
000180033ffbdff7c
000180033ffbdff7c
000180033ffbdff7c
000180033ffbdff7c
000180033ffbdff7c
000180033ffbdff7c
000180033ffbdff7c
000180033ffbdff7c
000180033ffbdff7c
000180033ffbdff7c
0001801fbffbdfaa3
00017d867ffbe6b9f
000189897ffbc622d
00017772bffbf6ddf
0000753f7ffeb5b91
ffffe946c000318ea
000003113fffefdb0
00000a937ffff4339
000002c9fffff567c
fffffe597ffff5554
000008793ffff5559
00000665bffff5572
fffffdbe7ffff53ca
00000537fffff5db9
00000942fffff6079
ffffff1fbffff5454
000000ca7ffff5532
00000a3cfffff5564
000002cfbffff5554
fffffe597ffff5554
000008793ffff5559
00000665bffff5572
fffffdbe7ffff53ca
00000537fffff5db9
00000942fffff6079
ffffff1fbffff5454
000000ca7ffff5532
00000a3cfffff5564
000002cfbffff5554
fffffe597ffff5554
000008793ffff5559
00000665bffff5572
fffffdbe7ffff53ca
00000537fffff5db9
00000942fffff6079
ffffff1fbffff5454
000000ca7ffff5532
00000a3cfffff5564
000002cfbffff5554
fffffe597ffff5554
000008793ffff5559
00000665bffff5572
fffffdbe7ffff53ca
00000537fffff5db9
00000942fffff6079
ffffff1fbffff5454
000000ca7ffff5532
00000a3cfffff5564
000002cfbffff5554
fffffe597ffff5554
000008793ffff5559
00000665bffff5572
fffffdbe7ffff53ca
00000537fffff5db9
00000942fffff6079
ffffff1fbffff5454
000000ca7ffff5532
00000a3cfffff5564
000002cfbffff5554
fffffe597ffff5554
000008793ffff5559
00000665bffff5572
fffffdbe7ffff53ca
00000537fffff5db9
00000942fffff6079
ffffff1fbffff5454
000000ca7ffff5532
00000a3cfffff5564
000002cfbffff5554
fffffe597ffff5554
000008793ffff5559
00000665bffff5572
fffffdbe7ffff53ca
00000537fffff5db9
00000942fffff6079
ffffff1fbffff5454
000000ca7ffff5532
00000a3cfffff5564
000002cfbffff5554
fffffe597ffff5554
000008793ffff5559
00000665bffff5572
fffffdbe7ffff53ca
00000537fffff5db9
00000942fffff6079
ffffff1fbffff5454
000000ca7ffff5532
00000a3cfffff5564
000002cfbffff5554
fffffe597ffff5554
000008793ffff5559
00000665bffff5572
fffffdbe7ffff53ca
00000537fffff5db9
00000942fffff6079
ffffff1fbffff5454
000000ca7ffff5532
00000a3cfffff5564
000002cfbffff5554
fffffe597ffff5554
000008793ffff5559
00000665bffff5572
fffffdbe7ffff53ca
00000537fffff5db9
00000942fffff6079
ffffff1fbffff5454
000000ca7ffff5532
00000a3cfffff5564
000002cfbffff5554
fffffe597ffff5554
000008793ffff5559
00000665bffff5572
fffffdbe7ffff53ca
00000537fffff5db9
00000942fffff6079
ffffff1fbffff5454
000000ca7ffff5532
00000a3cfffff5564
000002cfbffff5554
fffffe597ffff5554
000008793ffff5559
00000665bffff5572
fffffdbe7ffff53ca
00000537fffff5db9
00000942fffff6079
ffffff1fbffff5454
000000ca7ffff5532
00000a3cfffff5564
000002cfbffff5554
fffffe597ffff5554
000008793ffff5559
00000665bffff5572
fffffdbe7ffff53ca
00000537fffff5db9
00000942fffff6079
ffffff1fbffff5454
000000ca7ffff5532
00000a3cfffff5564
000002cfbffff5554
fffffe597ffff5554
000008793ffff5559
00000665bffff5572
fffffdbe7ffff53ca
00000537fffff5db9
00000942fffff6079
ffffff1fbffff5454
000000ca7ffff5532
00000a3cfffff5564
000002cfbffff5554
fffffe597ffff5554
000008793ffff5559
00000665bffff5572
fffffdbe7ffff53ca
00000537fffff5db9
00000942fffff6079
ffffff1fbffff5454
000000ca7ffff5532
00000a3cfffff5564
000002cfbffff5554
fffffe597ffff5554
000008793ffff5559
00000665bffff5572
fffffdbe7ffff53ca
00000537fffff5db9
00000942fffff6079
ffffff1fbffff5454
000000ca7ffff5532
00000a3cfffff5564
000002cfbffff5554
fffffe597ffff5554
000008793ffff5559
00000665bffff5572
fffffdbe7ffff53ca
00000537fffff5db9
00000942fffff6079
ffffff1fbffff5454
000000ca7ffff5532
00000a3cfffff5564
000002cfbffff5554
fffffe597ffff5554
000008793ffff5559
00000665bffff5572
fffffdbe7ffff53ca
00000537fffff5db9
00000942fffff6079
ffffff1fbffff5454
000000ca7ffff5532
00000a3cfffff5564
000002cfbffff5554
fffffe597ffff5554
000008793ffff5559
00000665bffff5572
fffffdbe7ffff53ca
00000537fffff5db9
00000942fffff6079
ffffff1fbffff5454
000000ca7ffff5532
00000a3cfffff5564
000002cfbffff5554
fffffe597ffff5554
000008793ffff5559
00000665bffff5572
fffffdbe7ffff53ca
00000537fffff5db9
00000942fffff6079
ffffff1fbffff5454
000000ca7ffff5532
00000a3cfffff5564
000002cfbffff5554
fffffe597ffff5554
000008793ffff5559
00000665bffff5572
fffffdbe7ffff53ca
00000537fffff5db9
00000942fffff6079
ffffff1fbffff5454
000000ca7ffff5532
00000a3cfffff5564
000002cfbffff5554
fffffe597ffff5554
000008793ffff5559
00000665bffff5572
fffffdbe7ffff53ca
00000537fffff5db9
00000942fffff6079
ffffff1fbffff5454
000000ca7ffff5532
00000a3cfffff5564
000002cfbffff5554
fffffe597ffff5554
000008793ffff5559
00000665bffff5572
fffffdbe7ffff53ca
00000537fffff5db9
00000942fffff6079
ffffff1fbffff5454
000000ca7ffff5532
00000a3cfffff5564
000002cfbffff5554
fffffe597ffff5554
000008793ffff5559
00000665bffff5572
fffffdbe7ffff53ca
00000537fffff5db9
00000942fffff6079
ffffff1fbffff5454
000000ca7ffff5532
00000a3cfffff5564
000002cfbffff5554
fffffe597ffff5554
000008793ffff5559
00000665bffff5572
fffffdbe7ffff53ca
00000537fffff5db9
00000942fffff6079
ffffff1fbffff5454
000000ca7ffff5532
00000a3cfffff5564
000002cfbffff5554
fffffe597ffff5554
000008793ffff5559
00000665bffff5572
fffffdbe7ffff53ca
00000537fffff5db9
00000942fffff6079
ffffff1fbffff5454
000000ca7ffff5532
00000a3cfffff5564
000002cfbffff5554
fffffe597ffff5554
000008793ffff5559
00000665bffff5572
fffffdbe7ffff53ca
00000537fffff5db9
00000942fffff6079
ffffff1fbffff5454
000000ca7ffff5532
00000a3cfffff5564
000002cfbffff5554
fffffe597ffff5554
000008793ffff5559
00000665bffff5572
fffffdbe7ffff53ca
00000537fffff5db9
00000942fffff6079
ffffff1fbffff5454
000000ca7ffff5532
00000a3cfffff5564
000002cfbffff5554
fffffe597ffff5554
000008793ffff5559
00000665bffff5572
fffffdbe7ffff53ca
00000537fffff5db9
00000942fffff6079
ffffff1fbffff5454
000000ca7ffff5532
00000a3cfffff5564
000002cfbffff5554
fffffe597ffff5554
000008793ffff5559
00000665bffff5572
fffffdbe7ffff53ca
00000537fffff5db9
00000942fffff6079
ffffff1fbffff5454
000000ca7ffff5532
00000a3cfffff5564
000002cfbffff5554
fffffe597ffff5554
000008793ffff5559
00000665bffff5572
fffffdbe7ffff53ca
00000537fffff5db9
00000942fffff6079
ffffff1fbffff5454
000000ca7ffff5532
00000a3cfffff5564
000002cfbffff5554
fffffe597ffff5554
000008793ffff5559
00000665bffff5572
fffffdbe7ffff53ca
00000537fffff5db9
00000942fffff6079
ffffff1fbffff5454
000000ca7ffff5532
00000a3cfffff5564
000002cfbffff5554
fffffe597ffff5554
000008793ffff5559
00000665bffff5572
fffffdbe7ffff53ca
00000537fffff5db9
00000942fffff6079
ffffff1fbffff5454
000000ca7ffff5532
00000a3cfffff5564
000002cfbffff5554
fffffe597ffff5554
000008793ffff5559
00000665bffff5572
fffffdbe7ffff53ca
00000537fffff5db9
00000942fffff6079
ffffff1fbffff5454
000000ca7ffff5532
00000a3cfffff5564
000002cfbffff5554
fffffe597ffff5554
000008793ffff5559
00000665bffff5572
fffffdbe7ffff53ca
00000537fffff5db9
00000942fffff6079
ffffff1fbffff5454
000000ca7ffff5532
00000a3cfffff5564
000002cfbffff5554
fffffe597ffff5554
000008793ffff5559
00000665bffff5572
fffffdbe7ffff53ca
00000537fffff5db9
00000942fffff6079
ffffff1fbffff5454
000000ca7ffff5532
00000a3cfffff5564
000002cfbffff5554
fffffe597ffff5554
000008793ffff5559
00000665bffff5572
fffffdbe7ffff53ca
00000537fffff5db9
00000942fffff6079
ffffff1fbffff5454
000000ca7ffff5532
00000a3cfffff5564
000002cfbffff5554
fffffe597ffff5554
000008793ffff5559
00000665bffff5572
fffffdbe7ffff53ca
00000537fffff5db9
00000942fffff6079
ffffff1fbffff5454
000000ca7ffff5532
00000a3cfffff5564
000002cfbffff5554
fffffe597ffff5554
000008793ffff5559
00000665bffff5572
fffffdbe7ffff53ca
00000537fffff5db9
00000942fffff6079
ffffff1fbffff5454
000000ca7ffff5532
00000a3cfffff5564
000002cfbffff5554
fffffe597ffff5554
000008793ffff5559
00000665bffff5572
fffffdbe7ffff53ca
00000537fffff5db9
00000942fffff6079
ffffff1fbffff5454
000000ca7ffff5532
00000a3cfffff5564
000002cfbffff5554
fffffe597ffff5554
000008793ffff5559
00000665bffff5572
fffffdbe7ffff53ca
00000537fffff5db9
00000942fffff6079
ffffff1fbffff5454
000000ca7ffff5532
00000a3cfffff5564
000002cfbffff5554
fffffe597ffff5554
000008793ffff5559
00000665bffff5572
fffffdbe7ffff53ca
00000537fffff5db9
00000942fffff6079
ffffff1fbffff5454
000000ca7ffff5532
00000a3cfffff5564
000002cfbffff5554
fffffe597ffff5554
000008793ffff5559
00000665bffff5572
fffffdbe7ffff53ca
00000537fffff5db9
00000942fffff6079
ffffff1fbffff5454
000000ca7ffff5532
00000a3cfffff5564
000002cfbffff5554
fffffe597ffff5554
000008793ffff5559
00000665bffff5572
fffffdbe7ffff53ca
00000537fffff5db9
00000942fffff6079
ffffff1fbffff5454
000000ca7ffff5532
00000a3cfffff5564
000002cfbffff5554
fffffe597ffff5554
000008793ffff5559
00000665bffff5572
fffffdbe7ffff53ca
00000537fffff5db9
00000942fffff6079
ffffff1fbffff5454
000000ca7ffff5532
00000a3cfffff5564
000002cfbffff5554
fffffe597ffff5554
000008793ffff5559
00000665bffff5572
fffffdbe7ffff53ca
00000537fffff5db9
00000942fffff6079
ffffff1fbffff5454
000000ca7ffff5532
00000a3cfffff5564
000002cfbffff5554
fffffe597ffff5554
000008793ffff5559
00000665bffff5572
fffffdbe7ffff53ca
00000537fffff5db9
00000942fffff6079
ffffff1fbffff5454
000000ca7ffff5532
00000a3cfffff5564
000002cfbffff5554
fffffe597ffff5554
000008793ffff5559
00000665bffff5572
fffffdbe7ffff53ca
00000537fffff5db9
00000942fffff6079
ffffff1fbffff5454
000000ca7ffff5532
00000a3cfffff5564
000002cfbffff5554
fffffe597ffff5554
000008793ffff5559
00000665bffff5572
fffffdbe7ffff53ca
00000537fffff5db9
00000942fffff6079
ffffff1fbffff5454
000000ca7ffff5532
00000a3cfffff5564
000002cfbffff5554
fffffe597ffff5554
000008793ffff5559
00000665bffff5572
fffffdbe7ffff53ca
00000537fffff5db9
00000942fffff6079
ffffff1fbffff5454
000000ca7ffff5532
00000a3cfffff5564
000002cfbffff5554
fffffe597ffff5554
000008793ffff5559
00000665bffff5572
fffffdbe7ffff53ca
00000537fffff5db9
00000942fffff6079
ffffff1fbffff5454
000000ca7ffff5532
00000a3cfffff5564
000002cfbffff5554
fffffe597ffff5554
000008793ffff5559
00000665bffff5572
fffffdbe7ffff53ca
00000537fffff5db9
00000942fffff6079
ffffff1fbffff5454
000000ca7ffff5532
00000a3cfffff5564
000002cfbffff5554
fffffe597ffff5554
000008793ffff5559
00000665bffff5572
fffffdbe7ffff53ca
00000537fffff5db9
00000942fffff6079
ffffff1fbffff5454
000000ca7ffff5532
00000a3cfffff5564
000002cfbffff5554
fffffe597ffff5554
000008793ffff5559
00000665bffff5572
fffffdbe7ffff53ca
00000537fffff5db9
00000942fffff6079
ffffff1fbffff5454
000000ca7ffff5532
00000a3cfffff5564
000002cfbffff5554
fffffe597ffff5554
000008793ffff5559
00000665bffff5572
fffffdbe7ffff53ca
00000537fffff5db9
00000942fffff6079
ffffff1fbffff5454
000000ca7ffff5532
00000a3cfffff5564
000002cfbffff5554
fffffe597ffff5554
000008793ffff5559
00000665bffff5572
fffffdbe7ffff53ca
00000537fffff5db9
00000942fffff6079
ffffff1fbffff5454
000000ca7ffff5532
00000a3cfffff5564
000002cfbffff5554
fffffe597ffff5554
000008793ffff5559
00000665bffff5572
fffffdbe7ffff53ca
00000537fffff5db9
00000942fffff6079
ffffff1fbffff5454
000000ca7ffff5532
00000a3cfffff5564
000002cfbffff5554
fffffe597ffff5554
000008793ffff5559
00000665bffff5572
fffffdbe7ffff53ca
00000537fffff5db9
00000942fffff6079
ffffff1fbffff5454
000000ca7ffff5532
00000a3cfffff5564
000002cfbffff5554
fffffe597ffff5554
000008793ffff5559
00000665bffff5572
fffffdbe7ffff53ca
00000537fffff5db9
00000942fffff6079
ffffff1fbffff5454
000000ca7ffff5532
00000a3cfffff5564
000002cfbffff5554
fffffe597ffff5554
000008793ffff5559
00000665bffff5572
fffffdbe7ffff53ca
00000537fffff5db9
00000942fffff6079
ffffff1fbffff5454
000000ca7ffff5532
00000a3cfffff5564
000002cfbffff5554
fffffe597ffff5554
000008793ffff5559
00000665bffff5572
fffffdbe7ffff53ca
00000537fffff5db9
00000942fffff6079
ffffff1fbffff5454
000000ca7ffff5532
00000a3cfffff5564
000002cfbffff5554
fffffe597ffff5554
000008793ffff5559
00000665bffff5572
fffffdbe7ffff53ca
00000537fffff5db9
00000942fffff6079
ffffff1fbffff5454
000000ca7ffff5532
00000a3cfffff5564
000002cfbffff5554
fffffe597ffff5554
000008793ffff5559
00000665bffff5572
fffffdbe7ffff53ca
00000537fffff5db9
00000942fffff6079
ffffff1fbffff5454
000000ca7ffff5532
00000a3cfffff5564
000002cfbffff5554
fffffe597ffff5554
000008793ffff5559
00000665bffff5572
fffffdbe7ffff53ca
00000537fffff5db9
00000942fffff6079
ffffff1fbffff5454
000000ca7ffff5532
00000a3cfffff5564
000002cfbffff5554
fffffe597ffff5554
000008793ffff5559
00000665bffff5572
fffffdbe7ffff53ca
00000537fffff5db9
00000942fffff6079
ffffff1fbffff5454
000000ca7ffff5532
00000a3cfffff5564
000002cfbffff5554
fffffe597ffff5554
000008793ffff5559
00000665bffff5572
fffffdbe7ffff53ca
00000537fffff5db9
00000942fffff6079
ffffff1fbffff5454
000000ca7ffff5532
00000a3cfffff5564
000002cfbffff5554
fffffe597ffff5554
000008793ffff5559
00000665bffff5572
fffffdbe7ffff53ca
00000537fffff5db9
00000942fffff6079
ffffff1fbffff5454
000000ca7ffff5532
00000a3cfffff5564
000002cfbffff5554
fffffe597ffff5554
000008793ffff5559
00000665bffff5572
fffffdbe7ffff53ca
00000537fffff5db9
00000942fffff6079
ffffff1fbffff5454
000000ca7ffff5532
00000a3cfffff5564
000002cfbffff5554
fffffe597ffff5554
000008793ffff5559
00000665bffff5572
fffffdbe7ffff53ca
00000537fffff5db9
00000942fffff6079
ffffff1fbffff5454
000000ca7ffff5532
00000a3cfffff5564
000002cfbffff5554
fffffe597ffff5554
000008793ffff5559
00000665bffff5572
fffffdbe7ffff53ca
00000537fffff5db9
00000942fffff6079
ffffff1fbffff5454
000000ca7ffff5532
00000a3cfffff5564
000002cfbffff5554
fffffe597ffff5554
000008793ffff5559
00000665bffff5572
fffffdbe7ffff53ca
00000537fffff5db9
00000942fffff6079
ffffff1fbffff5454
000000ca7ffff5532
00000a3cfffff5564
000002cfbffff5554
fffffe597ffff5554
000008793ffff5559
00000665bffff5572
fffffdbe7ffff53ca
00000537fffff5db9
00000942fffff6079
ffffff1fbffff5454
000000ca7ffff5532
00000a3cfffff5564
000002cfbffff5554
fffffe597ffff5554
000008793ffff5559
00000665bffff5572
fffffdbe7ffff53ca
00000537fffff5db9
00000942fffff6079
ffffff1fbffff5454
000000ca7ffff5532
00000a3cfffff5564
000002cfbffff5554
fffffe597ffff5554
000008793ffff5559
00000665bffff5572
fffffdbe7ffff53ca
00000537fffff5db9
00000942fffff6079
ffffff1fbffff5454
000000ca7ffff5532
00000a3cfffff5564
000002cfbffff5554
fffffe597ffff5554
000008793ffff5559
00000665bffff5572
fffffdbe7ffff53ca
00000537fffff5db9
00000942fffff6079
ffffff1fbffff5454
000000ca7ffff5532
00000a3cfffff5564
000002cfbffff5554
fffffe597ffff5554
000008793ffff5559
00000665bffff5572
fffffdbe7ffff53ca
00000537fffff5db9
00000942fffff6079
ffffff1fbffff5454
000000ca7ffff5532
00000a3cfffff5564
000002cfbffff5554
fffffe597ffff5554
000008793ffff5559
00000665bffff5572
fffffdbe7ffff53ca
00000537fffff5db9
00000942fffff6079
ffffff1fbffff5454
000000ca7ffff5532
00000a3cfffff5564
000002cfbffff5554
fffffe597ffff5554
000008793ffff5559
00000665bffff5572
fffffdbe7ffff53ca
00000537fffff5db9
00000942fffff6079
ffffff1fbffff5454
000000ca7ffff5532
00000a3cfffff5564
000002cfbffff5554
fffffe597ffff5554
000008793ffff5559
00000665bffff5572
fffffdbe7ffff53ca
00000537fffff5db9
00000942fffff6079
ffffff1fbffff5454
000000ca7ffff5532
00000a3cfffff5564
000002cfbffff5554
fffffe597ffff5554
000008793ffff5559
00000665bffff5572
fffffdbe7ffff53ca
00000537fffff5db9
00000942fffff6079
ffffff1fbffff5454
000000ca7ffff5532
00000a3cfffff5564
000002cfbffff5554
fffffe597ffff5554
000008793ffff5559
00000665bffff5572
fffffdbe7ffff53ca
00000537fffff5db9
00000942fffff6079
ffffff1fbffff5454
000000ca7ffff5532
00000a3cfffff5564
000002cfbffff5554
fffffe597ffff5554
000008793ffff5559
00000665bffff5572
fffffdbe7ffff53ca
00000537fffff5db9
00000942fffff6079
ffffff1fbffff5454
000000ca7ffff5532
00000a3cfffff5564
000002cfbffff5554
fffffe597ffff5554
000008793ffff5559
00000665bffff5572
fffffdbe7ffff53ca
00000537fffff5db9
00000942fffff6079
ffffff1fbffff5454
000000ca7ffff5532
00000a3cfffff5564
000002cfbffff5554
fffffe597ffff5554
000008793ffff5559
00000665bffff5572
fffffdbe7ffff53ca
00000537fffff5db9
00000942fffff6079
ffffff1fbffff5454
000000ca7ffff5532
00000a3cfffff5564
000002cfbffff5554
fffffe597ffff5554
000008793ffff5559
00000665bffff5572
fffffdbe7ffff53ca
00000537fffff5db9
00000942fffff6079
ffffff1fbffff5454
000000ca7ffff5532
00000a3cfffff5564
000002cfbffff5554
fffffe597ffff5554
000008793ffff5559
00000665bffff5572
fffffdbe7ffff53ca
00000537fffff5db9
00000942fffff6079
ffffff1fbffff5454
000000ca7ffff5532
00000a3cfffff5564
000002cfbffff5554
fffffe597ffff5554
000008793ffff5559
00000665bffff5572
fffffdbe7ffff53ca
00000537fffff5db9
00000942fffff6079
ffffff1fbffff5454
000000ca7ffff5532
00000a3cfffff5564
000002cfbffff5554
fffffe597ffff5554
000008793ffff5559
00000665bffff5572
fffffdbe7ffff53ca
00000537fffff5db9
00000942fffff6079
ffffff1fbffff5454
000000ca7ffff5532
00000a3cfffff5564
000002cfbffff5554
fffffe597ffff5554
000008793ffff5559
00000665bffff5572
fffffdbe7ffff53ca
00000537fffff5db9
00000942fffff6079
ffffff1fbffff5454
000000ca7ffff5532
00000a3cfffff5564
000002cfbffff5554
fffffe597ffff5554
000008793ffff5559
00000665bffff5572
fffffdbe7ffff53ca
00000537fffff5db9
00000942fffff6079
ffffff1fbffff5454
000000ca7ffff5532
00000a3cfffff5564
000002cfbffff5554
fffffe597ffff5554
000008793ffff5559
00000665bffff5572
fffffdbe7ffff53ca
00000537fffff5db9
00000942fffff6079
ffffff1fbffff5454
000000ca7ffff5532
00000a3cfffff5564
000002cfbffff5554
fffffe597ffff5554
000008793ffff5559
00000665bffff5572
fffffdbe7ffff53ca
00000537fffff5db9
00000942fffff6079
ffffff1fbffff5454
000000ca7ffff5532
00000a3cfffff5564
000002cfbffff5554
fffffe597ffff5554
000008793ffff5559
00000665bffff5572
fffffdbe7ffff53ca
00000537fffff5db9
00000942fffff6079
ffffff1fbffff5454
000000ca7ffff5532
00000a3cfffff5564
000002cfbffff5554
fffffe597ffff5554
000008793ffff5559
00000665bffff5572
fffffdbe7ffff53ca
00000537fffff5db9
00000942fffff6079
ffffff1fbffff5454
000000ca7ffff5532
00000a3cfffff5564
000002cfbffff5554
fffffe597ffff5554
000008793ffff5559
00000665bffff5572
fffffdbe7ffff53ca
00000537fffff5db9
00000942fffff6079
ffffff1fbffff5454
000000ca7ffff5532
00000a3cfffff5564
000002cfbffff5554
fffffe597ffff5554
000008793ffff5559
00000665bffff5572
fffffdbe7ffff53ca
00000537fffff5db9
00000942fffff6079
ffffff1fbffff5454
000000ca7ffff5532
00000a3cfffff5564
000002cfbffff5554
fffffe597ffff5554
000008793ffff5559
00000665bffff5572
fffffdbe7ffff53ca
00000537fffff5db9
00000942fffff6079
ffffff1fbffff5454
000000ca7ffff5532
00000a3cfffff5564
000002cfbffff5554
fffffe597ffff5554
000008793ffff5559
00000665bffff5572
fffffdbe7ffff53ca
00000537fffff5db9
00000942fffff6079
ffffff1fbffff5454
000000ca7ffff5532
00000a3cfffff5564
000002cfbffff5554
fffffe597ffff5554
000008793ffff5559
00000665bffff5572
fffffdbe7ffff53ca
00000537fffff5db9
00000942fffff6079
ffffff1fbffff5454
000000ca7ffff5532
00000a3cfffff5564
000002cfbffff5554
fffffe597ffff5554
000008793ffff5559
00000665bffff5572
fffffdbe7ffff53ca
00000537fffff5db9
00000942fffff6079
ffffff1fbffff5454
000000ca7ffff5532
00000a3cfffff5564
000002cfbffff5554
fffffe597ffff5554
000008793ffff5559
00000665bffff5572
fffffdbe7ffff53ca
00000537fffff5db9
00000942fffff6079
ffffff1fbffff5454
000000ca7ffff5532
00000a3cfffff5564
000002cfbffff5554
fffffe597ffff5554
000008793ffff5559
00000665bffff5572
fffffdbe7ffff53ca
00000537fffff5db9
00000942fffff6079
ffffff1fbffff5454
000000ca7ffff5532
00000a3cfffff5564
000002cfbffff5554
fffffe597ffff5554
000008793ffff5559
00000665bffff5572
fffffdbe7ffff53ca
00000537fffff5db9
00000942fffff6079
ffffff1fbffff5454
000000ca7ffff5532
00000a3cfffff5564
000002cfbffff5554
fffffe597ffff5554
000008793ffff5559
00000665bffff5572
fffffdbe7ffff53ca
00000537fffff5db9
00000942fffff6079
ffffff1fbffff5454
000000ca7ffff5532
00000a3cfffff5564
000002cfbffff5554
fffffe597ffff5554
000008793ffff5559
00000665bffff5572
fffffdbe7ffff53ca
00000537fffff5db9
00000942fffff6079
ffffff1fbffff5454
000000ca7ffff5532
00000a3cfffff5564
000002cfbffff5554
fffffe597ffff5554
000008793ffff5559
00000665bffff5572
fffffdbe7ffff53ca
00000537fffff5db9
00000942fffff6079
ffffff1fbffff5454
000000ca7ffff5532
00000a3cfffff5564
000002cfbffff5554
fffffe597ffff5554
000008793ffff5559
00000665bffff5572
fffffdbe7ffff53ca
00000537fffff5db9
00000942fffff6079
ffffff1fbffff5454
000000ca7ffff5532
00000a3cfffff5564
000002cfbffff5554
fffffe597ffff5554
000008793ffff5559
00000665bffff5572
fffffdbe7ffff53ca
00000537fffff5db9
00000942fffff6079
ffffff1fbffff5454
000000ca7ffff5532
00000a3cfffff5564
000002cfbffff5554
fffffe597ffff5554
000008793ffff5559
00000665bffff5572
fffffdbe7ffff53ca
00000537fffff5db9
00000942fffff6079
ffffff1fbffff5454
000000ca7ffff5532
00000a3cfffff5564
000002cfbffff5554
fffffe597ffff5554
000008793ffff5559
00000665bffff5572
fffffdbe7ffff53ca
00000537fffff5db9
00000942fffff6079
ffffff1fbffff5454
000000ca7ffff5532
00000a3cfffff5564
000002cfbffff5554
fffffe597ffff5554
000008793ffff5559
00000665bffff5572
fffffdbe7ffff53ca
00000537fffff5db9
00000942fffff6079
ffffff1fbffff5454
000000ca7ffff5532
00000a3cfffff5564
000002cfbffff5554
fffffe597ffff5554
000008793ffff5559
00000665bffff5572
fffffdbe7ffff53ca
00000537fffff5db9
00000942fffff6079
ffffff1fbffff5454
000000ca7ffff5532
00000a3cfffff5564
000002cfbffff5554
fffffe597ffff5554
000008793ffff5559
00000665bffff5572
fffffdbe7ffff53ca
00000537fffff5db9
00000942fffff6079
ffffff1fbffff5454
000000ca7ffff5532
00000a3cfffff5564
000002cfbffff5554
fffffe597ffff5554
000008793ffff5559
00000665bffff5572
fffffdbe7ffff53ca
00000537fffff5db9
00000942fffff6079
ffffff1fbffff5454
000000ca7ffff5532
00000a3cfffff5564
000002cfbffff5554
fffffe597ffff5554
000008793ffff5559
00000665bffff5572
fffffdbe7ffff53ca
00000537fffff5db9
00000942fffff6079
ffffff1fbffff5454
000000ca7ffff5532
00000a3cfffff5564
000002cfbffff5554
fffffe597ffff5554
000008793ffff5559
00000665bffff5572
fffffdbe7ffff53ca
00000537fffff5db9
00000942fffff6079
ffffff1fbffff5454
000000ca7ffff5532
00000a3cfffff5564
000002cfbffff5554
fffffe597ffff5554
000008793ffff5559
00000665bffff5572
fffffdbe7ffff53ca
00000537fffff5db9
00000942fffff6079
ffffff1fbffff5454
000000ca7ffff5532
00000a3cfffff5564
000002cfbffff5554
fffffe597ffff5554
000008793ffff5559
00000665bffff5572
fffffdbe7ffff53ca
00000537fffff5db9
00000942fffff6079
ffffff1fbffff5454
000000ca7ffff5532
00000a3cfffff5564
000002cfbffff5554
fffffe597ffff5554
000008793ffff5559
00000665bffff5572
fffffdbe7ffff53ca
00000537fffff5db9
00000942fffff6079
ffffff1fbffff5454
000000ca7ffff5532
00000a3cfffff5564
000002cfbffff5554
fffffe597ffff5554
000008793ffff5559
00000665bffff5572
fffffdbe7ffff53ca
00000537fffff5db9
00000942fffff6079
ffffff1fbffff5454
000000ca7ffff5532
00000a3cfffff5564
000002cfbffff5554
fffffe597ffff5554
000008793ffff5559
00000665bffff5572
fffffdbe7ffff53ca
00000537fffff5db9
00000942fffff6079
ffffff1fbffff5454
000000ca7ffff5532
00000a3cfffff5564
000002cfbffff5554
fffffe597ffff5554
000008793ffff5559
00000665bffff5572
fffffdbe7ffff53ca
00000537fffff5db9
00000942fffff6079
ffffff1fbffff5454
000000ca7ffff5532
00000a3cfffff5564
000002cfbffff5554
fffffe597ffff5554
000008793ffff5559
00000665bffff5572
fffffdbe7ffff53ca
00000537fffff5db9
00000942fffff6079
ffffff1fbffff5454
000000ca7ffff5532
00000a3cfffff5564
000002cfbffff5554
fffffe597ffff5554
000008793ffff5559
00000665bffff5572
fffffdbe7ffff53ca
00000537fffff5db9
00000942fffff6079
ffffff1fbffff5454
000000ca7ffff5532
00000a3cfffff5564
000002cfbffff5554
fffffe597ffff5554
000008793ffff5559
00000665bffff5572
fffffdbe7ffff53ca
00000537fffff5db9
00000942fffff6079
ffffff1fbffff5454
000000ca7ffff5532
00000a3cfffff5564
000002cfbffff5554
fffffe597ffff5554
000008793ffff5559
00000665bffff5572
fffffdbe7ffff53ca
00000537fffff5db9
00000942fffff6079
ffffff1fbffff5454
000000ca7ffff5532
00000a3cfffff5564
000002cfbffff5554
fffffe597ffff5554
000008793ffff5559
00000665bffff5572
fffffdbe7ffff53ca
00000537fffff5db9
00000942fffff6079
ffffff1fbffff5454
000000ca7ffff5532
00000a3cfffff5564
000002cfbffff5554
fffffe597ffff5554
000008793ffff5559
00000665bffff5572
fffffdbe7ffff53ca
00000537fffff5db9
00000942fffff6079
ffffff1fbffff5454
000000ca7ffff5532
00000a3cfffff5564
000002cfbffff5554
fffffe597ffff5554
000008793ffff5559
00000665bffff5572
fffffdbe7ffff53ca
00000537fffff5db9
00000942fffff6079
ffffff1fbffff5454
000000ca7ffff5532
00000a3cfffff5564
000002cfbffff5554
fffffe597ffff5554
000008793ffff5559
00000665bffff5572
fffffdbe7ffff53ca
00000537fffff5db9
00000942fffff6079
ffffff1fbffff5454
000000ca7ffff5532
00000a3cfffff5564
000002cfbffff5554
fffffe597ffff5554
000008793ffff5559
00000665bffff5572
fffffdbe7ffff53ca
00000537fffff5db9
00000942fffff6079
ffffff1fbffff5454
000000ca7ffff5532
00000a3cfffff5564
000002cfbffff5554
fffffe597ffff5554
000008793ffff5559
00000665bffff5572
fffffdbe7ffff53ca
00000537fffff5db9
00000942fffff6079
ffffff1fbffff5454
000000ca7ffff5532
00000a3cfffff5564
000002cfbffff5554
fffffe597ffff5554
000008793ffff5559
00000665bffff5572
fffffdbe7ffff53ca
00000537fffff5db9
00000942fffff6079
ffffff1fbffff5454
000000ca7ffff5532
00000a3cfffff5564
000002cfbffff5554
fffffe597ffff5554
000008793ffff5559
00000665bffff5572
fffffdbe7ffff53ca
00000537fffff5db9
00000942fffff6079
ffffff1fbffff5454
000000ca7ffff5532
00000a3cfffff5564
000002cfbffff5554
fffffe597ffff5554
000008793ffff5559
00000665bffff5572
fffffdbe7ffff53ca
00000537fffff5db9
00000942fffff6079
ffffff1fbffff5454
000000ca7ffff5532
00000a3cfffff5564
000002cfbffff5554
fffffe597ffff5554
000008793ffff5559
00000665bffff5572
fffffdbe7ffff53ca
00000537fffff5db9
00000942fffff6079
ffffff1fbffff5454
000000ca7ffff5532
00000a3cfffff5564
000002cfbffff5554
fffffe597ffff5554
000008793ffff5559
00000665bffff5572
fffffdbe7ffff53ca
00000537fffff5db9
00000942fffff6079
ffffff1fbffff5454
000000ca7ffff5532
00000a3cfffff5564
000002cfbffff5554
fffffe597ffff5554
000008793ffff5559
00000665bffff5572
fffffdbe7ffff53ca
00000537fffff5db9
00000942fffff6079
ffffff1fbffff5454
000000ca7ffff5532
00000a3cfffff5564
000002cfbffff5554
fffffe597ffff5554
000008793ffff5559
00000665bffff5572
fffffdbe7ffff53ca
00000537fffff5db9
00000942fffff6079
ffffff1fbffff5454
000000ca7ffff5532
00000a3cfffff5564
000002cfbffff5554
fffffe597ffff5554
000008793ffff5559
00000665bffff5572
fffffdbe7ffff53ca
00000537fffff5db9
00000942fffff6079
ffffff1fbffff5454
000000ca7ffff5532
00000a3cfffff5564
000002cfbffff5554
fffffe597ffff5554
000008793ffff5559
00000665bffff5572
fffffdbe7ffff53ca
00000537fffff5db9
00000942fffff6079
ffffff1fbffff5454
000000ca7ffff5532
00000a3cfffff5564
000002cfbffff5554
fffffe597ffff5554
000008793ffff5559
00000665bffff5572
fffffdbe7ffff53ca
00000537fffff5db9
00000942fffff6079
ffffff1fbffff5454
000000ca7ffff5532
00000a3cfffff5564
000002cfbffff5554
fffffe597ffff5554
000008793ffff5559
00000665bffff5572
fffffdbe7ffff53ca
00000537fffff5db9
00000942fffff6079
ffffff1fbffff5454
000000ca7ffff5532
00000a3cfffff5564
000002cfbffff5554
fffffe597ffff5554
000008793ffff5559
00000665bffff5572
fffffdbe7ffff53ca
00000537fffff5db9
00000942fffff6079
ffffff1fbffff5454
000000ca7ffff5532
00000a3cfffff5564
000002cfbffff5554
fffffe597ffff5554
000008793ffff5559
00000665bffff5572
fffffdbe7ffff53ca
00000537fffff5db9
00000942fffff6079
ffffff1fbffff5454
000000ca7ffff5532
00000a3cfffff5564
000002cfbffff5554
fffffe597ffff5554
000008793ffff5559
00000665bffff5572
fffffdbe7ffff53ca
00000537fffff5db9
00000942fffff6079
ffffff1fbffff5454
000000ca7ffff5532
00000a3cfffff5564
000002cfbffff5554
fffffe597ffff5554
000008793ffff5559
00000665bffff5572
fffffdbe7ffff53ca
00000537fffff5db9
00000942fffff6079
ffffff1fbffff5454
000000ca7ffff5532
00000a3cfffff5564
000002cfbffff5554
fffffe597ffff5554
000008793ffff5559
00000665bffff5572
fffffdbe7ffff53ca
00000537fffff5db9
00000942fffff6079
ffffff1fbffff5454
000000ca7ffff5532
00000a3cfffff5564
000002cfbffff5554
fffffe597ffff5554
000008793ffff5559
00000665bffff5572
fffffdbe7ffff53ca
00000537fffff5db9
00000942fffff6079
ffffff1fbffff5454
000000ca7ffff5532
00000a3cfffff5564
000002cfbffff5554
fffffe597ffff5554
000008793ffff5559
00000665bffff5572
fffffdbe7ffff53ca
00000537fffff5db9
00000942fffff6079
ffffff1fbffff5454
000000ca7ffff5532
00000a3cfffff5564
000002cfbffff5554
fffffe597ffff5554
000008793ffff5559
00000665bffff5572
fffffdbe7ffff53ca
00000537fffff5db9
00000942fffff6079
ffffff1fbffff5454
000000ca7ffff5532
00000a3cfffff5564
000002cfbffff5554
fffffe597ffff5554
000008793ffff5559
00000665bffff5572
fffffdbe7ffff53ca
00000537fffff5db9
00000942fffff6079
ffffff1fbffff5454
000000ca7ffff5532
00000a3cfffff5564
000002cfbffff5554
fffffe597ffff5554
000008793ffff5559
00000665bffff5572
fffffdbe7ffff53ca
00000537fffff5db9
00000942fffff6079
ffffff1fbffff5454
000000ca7ffff5532
00000a3cfffff5564
000002cfbffff5554
fffffe597ffff5554
000008793ffff5559
00000665bffff5572
fffffdbe7ffff53ca
00000537fffff5db9
00000942fffff6079
ffffff1fbffff5454
000000ca7ffff5532
00000a3cfffff5564
000002cfbffff5554
fffffe597ffff5554
000008793ffff5559
00000665bffff5572
fffffdbe7ffff53ca
00000537fffff5db9
00000942fffff6079
ffffff1fbffff5454
000000ca7ffff5532
00000a3cfffff5564
000002cfbffff5554
fffffe597ffff5554
000008793ffff5559
00000665bffff5572
fffffdbe7ffff53ca
00000537fffff5db9
00000942fffff6079
ffffff1fbffff5454
000000ca7ffff5532
00000a3cfffff5564
000002cfbffff5554
fffffe597ffff5554
000008793ffff5559
00000665bffff5572
fffffdbe7ffff53ca
00000537fffff5db9
00000942fffff6079
ffffff1fbffff5454
000000ca7ffff5532
00000a3cfffff5564
000002cfbffff5554
fffffe597ffff5554
000008793ffff5559
00000665bffff5572
fffffdbe7ffff53ca
00000537fffff5db9
00000942fffff6079
ffffff1fbffff5454
000000ca7ffff5532
00000a3cfffff5564
000002cfbffff5554
fffffe597ffff5554
000008793ffff5559
00000665bffff5572
fffffdbe7ffff53ca
00000537fffff5db9
00000942fffff6079
ffffff1fbffff5454
000000ca7ffff5532
00000a3cfffff5564
000002cfbffff5554
fffffe597ffff5554
000008793ffff5559
00000665bffff5572
fffffdbe7ffff53ca
00000537fffff5db9
00000942fffff6079
ffffff1fbffff5454
000000ca7ffff5532
00000a3cfffff5564
000002cfbffff5554
fffffe597ffff5554
000008793ffff5559
00000665bffff5572
fffffdbe7ffff53ca
00000537fffff5db9
00000942fffff6079
ffffff1fbffff5454
000000ca7ffff5532
00000a3cfffff5564
000002cfbffff5554
fffffe597ffff5554
000008793ffff5559
00000665bffff5572
fffffdbe7ffff53ca
00000537fffff5db9
00000942fffff6079
ffffff1fbffff5454
000000ca7ffff5532
00000a3cfffff5564
000002cfbffff5554
fffffe597ffff5554
000008793ffff5559
00000665bffff5572
fffffdbe7ffff53ca
00000537fffff5db9
00000942fffff6079
ffffff1fbffff5454
000000ca7ffff5532
00000a3cfffff5564
000002cfbffff5554
fffffe597ffff5554
000008793ffff5559
00000665bffff5572
fffffdbe7ffff53ca
00000537fffff5db9
00000942fffff6079
ffffff1fbffff5454
000000ca7ffff5532
00000a3cfffff5564
000002cfbffff5554
fffffe597ffff5554
000008793ffff5559
00000665bffff5572
fffffdbe7ffff53ca
00000537fffff5db9
00000942fffff6079
ffffff1fbffff5454
000000ca7ffff5532
00000a3cfffff5564
000002cfbffff5554
fffffe597ffff5554
000008793ffff5559
00000665bffff5572
fffffdbe7ffff53ca
00000537fffff5db9
00000942fffff6079
ffffff1fbffff5454
000000ca7ffff5532
00000a3cfffff5564
000002cfbffff5554
fffffe597ffff5554
000008793ffff5559
00000665bffff5572
fffffdbe7ffff53ca
00000537fffff5db9
00000942fffff6079
ffffff1fbffff5454
000000ca7ffff5532
00000a3cfffff5564
000002cfbffff5554
fffffe597ffff5554
000008793ffff5559
00000665bffff5572
fffffdbe7ffff53ca
00000537fffff5db9
00000942fffff6079
ffffff1fbffff5454
000000ca7ffff5532
00000a3cfffff5564
000002cfbffff5554
fffffe597ffff5554
000008793ffff5559
00000665bffff5572
fffffdbe7ffff53ca
00000537fffff5db9
00000942fffff6079
ffffff1fbffff5454
000000ca7ffff5532
00000a3cfffff5564
000002cfbffff5554
fffffe597ffff5554
000008793ffff5559
00000665bffff5572
fffffdbe7ffff53ca
00000537fffff5db9
00000942fffff6079
ffffff1fbffff5454
000000ca7ffff5532
00000a3cfffff5564
000002cfbffff5554
fffffe597ffff5554
000008793ffff5559
00000665bffff5572
fffffdbe7ffff53ca
00000537fffff5db9
00000942fffff6079
ffffff1fbffff5454
000000ca7ffff5532
00000a3cfffff5564
000002cfbffff5554
fffffe597ffff5554
000008793ffff5559
00000665bffff5572
fffffdbe7ffff53ca
00000537fffff5db9
00000942fffff6079
ffffff1fbffff5454
000000ca7ffff5532
00000a3cfffff5564
000002cfbffff5554
fffffe597ffff5554
000008793ffff5559
00000665bffff5572
fffffdbe7ffff53ca
00000537fffff5db9
00000942fffff6079
ffffff1fbffff5454
000000ca7ffff5532
00000a3cfffff5564
000002cfbffff5554
fffffe597ffff5554
000008793ffff5559
00000665bffff5572
fffffdbe7ffff53ca
00000537fffff5db9
00000942fffff6079
ffffff1fbffff5454
000000ca7ffff5532
00000a3cfffff5564
000002cfbffff5554
fffffe597ffff5554
000008793ffff5559
00000665bffff5572
fffffdbe7ffff53ca
00000537fffff5db9
00000942fffff6079
ffffff1fbffff5454
000000ca7ffff5532
00000a3cfffff5564
000002cfbffff5554
fffffe597ffff5554
000008793ffff5559
00000665bffff5572
fffffdbe7ffff53ca
00000537fffff5db9
00000942fffff6079
ffffff1fbffff5454
000000ca7ffff5532
00000a3cfffff5564
000002cfbffff5554
fffffe597ffff5554
000008793ffff5559
00000665bffff5572
fffffdbe7ffff53ca
00000537fffff5db9
00000942fffff6079
ffffff1fbffff5454
000000ca7ffff5532
00000a3cfffff5564
000002cfbffff5554
fffffe597ffff5554
000008793ffff5559
00000665bffff5572
fffffdbe7ffff53ca
00000537fffff5db9
00000942fffff6079
ffffff1fbffff5454
000000ca7ffff5532
00000a3cfffff5564
000002cfbffff5554
fffffe597ffff5554
000008793ffff5559
00000665bffff5572
fffffdbe7ffff53ca
00000537fffff5db9
00000942fffff6079
ffffff1fbffff5454
000000ca7ffff5532
00000a3cfffff5564
000002cfbffff5554
fffffe597ffff5554
000008793ffff5559
00000665bffff5572
fffffdbe7ffff53ca
00000537fffff5db9
00000942fffff6079
ffffff1fbffff5454
000000ca7ffff5532
00000a3cfffff5564
000002cfbffff5554
fffffe597ffff5554
000008793ffff5559
00000665bffff5572
fffffdbe7ffff53ca
00000537fffff5db9
00000942fffff6079
ffffff1fbffff5454
000000ca7ffff5532
00000a3cfffff5564
000002cfbffff5554
fffffe597ffff5554
000008793ffff5559
00000665bffff5572
fffffdbe7ffff53ca
00000537fffff5db9
00000942fffff6079
ffffff1fbffff5454
000000ca7ffff5532
00000a3cfffff5564
000002cfbffff5554
fffffe597ffff5554
000008793ffff5559
00000665bffff5572
fffffdbe7ffff53ca
00000537fffff5db9
00000942fffff6079
ffffff1fbffff5454
000000ca7ffff5532
00000a3cfffff5564
000002cfbffff5554
fffffe597ffff5554
000008793ffff5559
00000665bffff5572
fffffdbe7ffff53ca
00000537fffff5db9
00000942fffff6079
ffffff1fbffff5454
000000ca7ffff5532
00000a3cfffff5564
000002cfbffff5554
fffffe597ffff5554
000008793ffff5559
00000665bffff5572
fffffdbe7ffff53ca
00000537fffff5db9
00000942fffff6079
ffffff1fbffff5454
000000ca7ffff5532
00000a3cfffff5564
000002cfbffff5554
fffffe597ffff5554
000008793ffff5559
00000665bffff5572
fffffdbe7ffff53ca
00000537fffff5db9
00000942fffff6079
ffffff1fbffff5454
000000ca7ffff5532
00000a3cfffff5564
000002cfbffff5554
fffffe597ffff5554
000008793ffff5559
00000665bffff5572
fffffdbe7ffff53ca
00000537fffff5db9
00000942fffff6079
ffffff1fbffff5454
000000ca7ffff5532
00000a3cfffff5564
000002cfbffff5554
fffffe597ffff5554
000008793ffff5559
00000665bffff5572
fffffdbe7ffff53ca
00000537fffff5db9
00000942fffff6079
ffffff1fbffff5454
000000ca7ffff5532
00000a3cfffff5564
000002cfbffff5554
fffffe597ffff5554
000008793ffff5559
00000665bffff5572
fffffdbe7ffff53ca
00000537fffff5db9
00000942fffff6079
ffffff1fbffff5454
000000ca7ffff5532
00000a3cfffff5564
000002cfbffff5554
fffffe597ffff5554
000008793ffff5559
00000665bffff5572
fffffdbe7ffff53ca
00000537fffff5db9
00000942fffff6079
ffffff1fbffff5454
000000ca7ffff5532
00000a3cfffff5564
000002cfbffff5554
fffffe597ffff5554
000008793ffff5559
00000665bffff5572
fffffdbe7ffff53ca
00000537fffff5db9
00000942fffff6079
ffffff1fbffff5454
000000ca7ffff5532
00000a3cfffff5564
000002cfbffff5554
fffffe597ffff5554
000008793ffff5559
00000665bffff5572
fffffdbe7ffff53ca
00000537fffff5db9
00000942fffff6079
ffffff1fbffff5454
000000ca7ffff5532
00000a3cfffff5564
000002cfbffff5554
fffffe597ffff5554
000008793ffff5559
00000665bffff5572
fffffdbe7ffff53ca
00000537fffff5db9
00000942fffff6079
ffffff1fbffff5454
000000ca7ffff5532
00000a3cfffff5564
000002cfbffff5554
fffffe597ffff5554
000008793ffff5559
00000665bffff5572
fffffdbe7ffff53ca
00000537fffff5db9
00000942fffff6079
ffffff1fbffff5454
000000ca7ffff5532
00000a3cfffff5564
000002cfbffff5554
fffffe597ffff5554
000008793ffff5559
00000665bffff5572
fffffdbe7ffff53ca
00000537fffff5db9
00000942fffff6079
ffffff1fbffff5454
000000ca7ffff5532
00000a3cfffff5564
000002cfbffff5554
fffffe597ffff5554
000008793ffff5559
00000665bffff5572
fffffdbe7ffff53ca
00000537fffff5db9
00000942fffff6079
ffffff1fbffff5454
000000ca7ffff5532
00000a3cfffff5564
000002cfbffff5554
fffffe597ffff5554
000008793ffff5559
00000665bffff5572
fffffdbe7ffff53ca
00000537fffff5db9
00000942fffff6079
ffffff1fbffff5454
000000ca7ffff5532
00000a3cfffff5564
000002cfbffff5554
fffffe597ffff5554
000008793ffff5559
00000665bffff5572
fffffdbe7ffff53ca
00000537fffff5db9
00000942fffff6079
ffffff1fbffff5454
000000ca7ffff5532
00000a3cfffff5564
000002cfbffff5554
fffffe597ffff5554
000008793ffff5559
00000665bffff5572
fffffdbe7ffff53ca
00000537fffff5db9
00000942fffff6079
ffffff1fbffff5454
000000ca7ffff5532
00000a3cfffff5564
000002cfbffff5554
fffffe597ffff5554
000008793ffff5559
00000665bffff5572
fffffdbe7ffff53ca
00000537fffff5db9
00000942fffff6079
ffffff1fbffff5454
000000ca7ffff5532
00000a3cfffff5564
000002cfbffff5554
fffffe597ffff5554
000008793ffff5559
00000665bffff5572
fffffdbe7ffff53ca
00000537fffff5db9
00000942fffff6079
ffffff1fbffff5454
000000ca7ffff5532
00000a3cfffff5564
000002cfbffff5554
fffffe597ffff5554
000008793ffff5559
00000665bffff5572
fffffdbe7ffff53ca
00000537fffff5db9
00000942fffff6079
ffffff1fbffff5454
000000ca7ffff5532
00000a3cfffff5564
000002cfbffff5554
fffffe597ffff5554
000008793ffff5559
00000665bffff5572
fffffdbe7ffff53ca
00000537fffff5db9
00000942fffff6079
ffffff1fbffff5454
000000ca7ffff5532
00000a3cfffff5564
000002cfbffff5554
fffffe597ffff5554
000008793ffff5559
00000665bffff5572
fffffdbe7ffff53ca
00000537fffff5db9
00000942fffff6079
ffffff1fbffff5454
000000ca7ffff5532
00000a3cfffff5564
000002cfbffff5554
fffffe597ffff5554
000008793ffff5559
00000665bffff5572
fffffdbe7ffff53ca
00000537fffff5db9
00000942fffff6079
ffffff1fbffff5454
000000ca7ffff5532
00000a3cfffff5564
000002cfbffff5554
fffffe597ffff5554
000008793ffff5559
00000665bffff5572
fffffdbe7ffff53ca
00000537fffff5db9
00000942fffff6079
ffffff1fbffff5454
000000ca7ffff5532
00000a3cfffff5564
000002cfbffff5554
fffffe597ffff5554
000008793ffff5559
00000665bffff5572
fffffdbe7ffff53ca
00000537fffff5db9
00000942fffff6079
ffffff1fbffff5454
000000ca7ffff5532
00000a3cfffff5564
000002cfbffff5554
fffffe597ffff5554
000008793ffff5559
00000665bffff5572
fffffdbe7ffff53ca
00000537fffff5db9
00000942fffff6079
ffffff1fbffff5454
000000ca7ffff5532
00000a3cfffff5564
000002cfbffff5554
fffffe597ffff5554
000008793ffff5559
00000665bffff5572
fffffdbe7ffff53ca
00000537fffff5db9
00000942fffff6079
ffffff1fbffff5454
000000ca7ffff5532
00000a3cfffff5564
000002cfbffff5554
fffffe597ffff5554
000008793ffff5559
00000665bffff5572
fffffdbe7ffff53ca
00000537fffff5db9
00000942fffff6079
ffffff1fbffff5454
000000ca7ffff5532
00000a3cfffff5564
000002cfbffff5554
fffffe597ffff5554
000008793ffff5559
00000665bffff5572
fffffdbe7ffff53ca
00000537fffff5db9
00000942fffff6079
ffffff1fbffff5454
000000ca7ffff5532
00000a3cfffff5564
000002cfbffff5554
fffffe597ffff5554
000008793ffff5559
00000665bffff5572
fffffdbe7ffff53ca
00000537fffff5db9
00000942fffff6079
ffffff1fbffff5454
000000ca7ffff5532
00000a3cfffff5564
000002cfbffff5554
fffffe597ffff5554
000008793ffff5559
00000665bffff5572
fffffdbe7ffff53ca
00000537fffff5db9
00000942fffff6079
ffffff1fbffff5454
000000ca7ffff5532
00000a3cfffff5564
000002cfbffff5554
fffffe597ffff5554
000008793ffff5559
00000665bffff5572
fffffdbe7ffff53ca
00000537fffff5db9
00000942fffff6079
ffffff1fbffff5454
000000ca7ffff5532
00000a3cfffff5564
000002cfbffff5554
fffffe597ffff5554
000008793ffff5559
00000665bffff5572
fffffdbe7ffff53ca
00000537fffff5db9
00000942fffff6079
ffffff1fbffff5454
000000ca7ffff5532
00000a3cfffff5564
000002cfbffff5554
fffffe597ffff5554
000008793ffff5559
00000665bffff5572
fffffdbe7ffff53ca
00000537fffff5db9
00000942fffff6079
ffffff1fbffff5454
000000ca7ffff5532
00000a3cfffff5564
000002cfbffff5554
fffffe597ffff5554
000008793ffff5559
00000665bffff5572
fffffdbe7ffff53ca
00000537fffff5db9
00000942fffff6079
ffffff1fbffff5454
000000ca7ffff5532
00000a3cfffff5564
000002cfbffff5554
fffffe597ffff5554
000008793ffff5559
00000665bffff5572
fffffdbe7ffff53ca
00000537fffff5db9
00000942fffff6079
ffffff1fbffff5454
000000ca7ffff5532
00000a3cfffff5564
000002cfbffff5554
fffffe597ffff5554
000008793ffff5559
00000665bffff5572
fffffdbe7ffff53ca
00000537fffff5db9
00000942fffff6079
ffffff1fbffff5454
000000ca7ffff5532
00000a3cfffff5564
000002cfbffff5554
fffffe597ffff5554
000008793ffff5559
00000665bffff5572
fffffdbe7ffff53ca
00000537fffff5db9
00000942fffff6079
ffffff1fbffff5454
000000ca7ffff5532
00000a3cfffff5564
000002cfbffff5554
fffffe597ffff5554
000008793ffff5559
00000665bffff5572
fffffdbe7ffff53ca
00000537fffff5db9
00000942fffff6079
ffffff1fbffff5454
000000ca7ffff5532
00000a3cfffff5564
000002cfbffff5554
fffffe597ffff5554
000008793ffff5559
00000665bffff5572
fffffdbe7ffff53ca
00000537fffff5db9
00000942fffff6079
ffffff1fbffff5454
000000ca7ffff5532
00000a3cfffff5564
000002cfbffff5554
fffffe597ffff5554
000008793ffff5559
00000665bffff5572
fffffdbe7ffff53ca
00000537fffff5db9
00000942fffff6079
ffffff1fbffff5454
000000ca7ffff5532
00000a3cfffff5564
000002cfbffff5554
fffffe597ffff5554
000008793ffff5559
00000665bffff5572
fffffdbe7ffff53ca
00000537fffff5db9
00000942fffff6079
ffffff1fbffff5454
000000ca7ffff5532
00000a3cfffff5564
000002cfbffff5554
fffffe597ffff5554
000008793ffff5559
00000665bffff5572
fffffdbe7ffff53ca
00000537fffff5db9
00000942fffff6079
ffffff1fbffff5454
000000ca7ffff5532
00000a3cfffff5564
000002cfbffff5554
fffffe597ffff5554
000008793ffff5559
00000665bffff5572
fffffdbe7ffff53ca
00000537fffff5db9
00000942fffff6079
ffffff1fbffff5454
000000ca7ffff5532
00000a3cfffff5564
000002cfbffff5554
fffffe597ffff5554
000008793ffff5559
00000665bffff5572
fffffdbe7ffff53ca
00000537fffff5db9
00000942fffff6079
ffffff1fbffff5454
000000ca7ffff5532
00000a3cfffff5564
000002cfbffff5554
fffffe597ffff5554
000008793ffff5559
00000665bffff5572
fffffdbe7ffff53ca
00000537fffff5db9
00000942fffff6079
ffffff1fbffff5454
000000ca7ffff5532
00000a3cfffff5564
000002cfbffff5554
fffffe597ffff5554
000008793ffff5559
00000665bffff5572
fffffdbe7ffff53ca
00000537fffff5db9
00000942fffff6079
ffffff1fbffff5454
000000ca7ffff5532
00000a3cfffff5564
000002cfbffff5554
fffffe597ffff5554
000008793ffff5559
00000665bffff5572
fffffdbe7ffff53ca
00000537fffff5db9
00000942fffff6079
ffffff1fbffff5454
000000ca7ffff5532
00000a3cfffff5564
000002cfbffff5554
fffffe597ffff5554
000008793ffff5559
00000665bffff5572
fffffdbe7ffff53ca
00000537fffff5db9
00000942fffff6079
ffffff1fbffff5454
000000ca7ffff5532
00000a3cfffff5564
000002cfbffff5554
fffffe597ffff5554
000008793ffff5559
00000665bffff5572
fffffdbe7ffff53ca
00000537fffff5db9
00000942fffff6079
ffffff1fbffff5454
000000ca7ffff5532
00000a3cfffff5564
000002cfbffff5554
fffffe597ffff5554
000008793ffff5559
00000665bffff5572
fffffdbe7ffff53ca
00000537fffff5db9
00000942fffff6079
ffffff1fbffff5454
000000ca7ffff5532
00000a3cfffff5564
000002cfbffff5554
fffffe597ffff5554
000008793ffff5559
00000665bffff5572
fffffdbe7ffff53ca
00000537fffff5db9
00000942fffff6079
ffffff1fbffff5454
000000ca7ffff5532
00000a3cfffff5564
000002cfbffff5554
fffffe597ffff5554
000008793ffff5559
00000665bffff5572
fffffdbe7ffff53ca
00000537fffff5db9
00000942fffff6079
ffffff1fbffff5454
000000ca7ffff5532
00000a3cfffff5564
000002cfbffff5554
fffffe597ffff5554
000008793ffff5559
00000665bffff5572
fffffdbe7ffff53ca
00000537fffff5db9
00000942fffff6079
ffffff1fbffff5454
000000ca7ffff5532
00000a3cfffff5564
000002cfbffff5554
fffffe597ffff5554
000008793ffff5559
00000665bffff5572
fffffdbe7ffff53ca
00000537fffff5db9
00000942fffff6079
ffffff1fbffff5454
000000ca7ffff5532
00000a3cfffff5564
000002cfbffff5554
fffffe597ffff5554
000008793ffff5559
00000665bffff5572
fffffdbe7ffff53ca
00000537fffff5db9
00000942fffff6079
ffffff1fbffff5454
000000ca7ffff5532
00000a3cfffff5564
000002cfbffff5554
fffffe597ffff5554
000008793ffff5559
00000665bffff5572
fffffdbe7ffff53ca
00000537fffff5db9
00000942fffff6079
ffffff1fbffff5454
000000ca7ffff5532
00000a3cfffff5564
000002cfbffff5554
fffffe597ffff5554
000008793ffff5559
00000665bffff5572
fffffdbe7ffff53ca
00000537fffff5db9
00000942fffff6079
ffffff1fbffff5454
000000ca7ffff5532
00000a3cfffff5564
000002cfbffff5554
fffffe597ffff5554
000008793ffff5559
00000665bffff5572
fffffdbe7ffff53ca
00000537fffff5db9
00000942fffff6079
ffffff1fbffff5454
000000ca7ffff5532
00000a3cfffff5564
000002cfbffff5554
fffffe597ffff5554
000008793ffff5559
00000665bffff5572
fffffdbe7ffff53ca
00000537fffff5db9
00000942fffff6079
ffffff1fbffff5454
000000ca7ffff5532
00000a3cfffff5564
000002cfbffff5554
fffffe597ffff5554
000008793ffff5559
00000665bffff5572
fffffdbe7ffff53ca
00000537fffff5db9
00000942fffff6079
ffffff1fbffff5454
000000ca7ffff5532
00000a3cfffff5564
000002cfbffff5554
fffffe597ffff5554
000008793ffff5559
00000665bffff5572
fffffdbe7ffff53ca
00000537fffff5db9
00000942fffff6079
ffffff1fbffff5454
000000ca7ffff5532
00000a3cfffff5564
000002cfbffff5554
fffffe597ffff5554
000008793ffff5559
00000665bffff5572
fffffdbe7ffff53ca
00000537fffff5db9
00000942fffff6079
ffffff1fbffff5454
000000ca7ffff5532
00000a3cfffff5564
000002cfbffff5554
fffffe597ffff5554
000008793ffff5559
00000665bffff5572
fffffdbe7ffff53ca
00000537fffff5db9
00000942fffff6079
ffffff1fbffff5454
000000ca7ffff5532
00000a3cfffff5564
000002cfbffff5554
fffffe597ffff5554
000008793ffff5559
00000665bffff5572
fffffdbe7ffff53ca
00000537fffff5db9
00000942fffff6079
ffffff1fbffff5454
000000ca7ffff5532
00000a3cfffff5564
000002cfbffff5554
fffffe597ffff5554
000008793ffff5559
00000665bffff5572
fffffdbe7ffff53ca
00000537fffff5db9
00000942fffff6079
ffffff1fbffff5454
000000ca7ffff5532
00000a3cfffff5564
000002cfbffff5554
fffffe597ffff5554
000008793ffff5559
00000665bffff5572
fffffdbe7ffff53ca
00000537fffff5db9
00000942fffff6079
ffffff1fbffff5454
000000ca7ffff5532
00000a3cfffff5564
000002cfbffff5554
fffffe597ffff5554
000008793ffff5559
00000665bffff5572
fffffdbe7ffff53ca
00000537fffff5db9
00000942fffff6079
ffffff1fbffff5454
000000ca7ffff5532
00000a3cfffff5564
000002cfbffff5554
fffffe597ffff5554
000008793ffff5559
00000665bffff5572
fffffdbe7ffff53ca
00000537fffff5db9
00000942fffff6079
ffffff1fbffff5454
000000ca7ffff5532
00000a3cfffff5564
000002cfbffff5554
fffffe597ffff5554
000008793ffff5559
00000665bffff5572
fffffdbe7ffff53ca
00000537fffff5db9
00000942fffff6079
ffffff1fbffff5454
000000ca7ffff5532
00000a3cfffff5564
000002cfbffff5554
fffffe597ffff5554
000008793ffff5559
00000665bffff5572
fffffdbe7ffff53ca
00000537fffff5db9
00000942fffff6079
ffffff1fbffff5454
000000ca7ffff5532
00000a3cfffff5564
000002cfbffff5554
fffffe597ffff5554
000008793ffff5559
00000665bffff5572
fffffdbe7ffff53ca
00000537fffff5db9
00000942fffff6079
ffffff1fbffff5454
000000ca7ffff5532
00000a3cfffff5564
000002cfbffff5554
fffffe597ffff5554
000008793ffff5559
00000665bffff5572
fffffdbe7ffff53ca
00000537fffff5db9
00000942fffff6079
ffffff1fbffff5454
000000ca7ffff5532
00000a3cfffff5564
000002cfbffff5554
fffffe597ffff5554
000008793ffff5559
00000665bffff5572
fffffdbe7ffff53ca
00000537fffff5db9
00000942fffff6079
ffffff1fbffff5454
000000ca7ffff5532
00000a3cfffff5564
000002cfbffff5554
fffffe597ffff5554
000008793ffff5559
00000665bffff5572
fffffdbe7ffff53ca
00000537fffff5db9
00000942fffff6079
ffffff1fbffff5454
000000ca7ffff5532
00000a3cfffff5564
000002cfbffff5554
fffffe597ffff5554
000008793ffff5559
00000665bffff5572
fffffdbe7ffff53ca
00000537fffff5db9
00000942fffff6079
ffffff1fbffff5454
000000ca7ffff5532
00000a3cfffff5564
000002cfbffff5554
fffffe597ffff5554
000008793ffff5559
00000665bffff5572
fffffdbe7ffff53ca
00000537fffff5db9
00000942fffff6079
ffffff1fbffff5454
000000ca7ffff5532
00000a3cfffff5564
000002cfbffff5554
fffffe597ffff5554
000008793ffff5559
00000665bffff5572
fffffdbe7ffff53ca
00000537fffff5db9
00000942fffff6079
ffffff1fbffff5454
000000ca7ffff5532
00000a3cfffff5564
000002cfbffff5554
fffffe597ffff5554
000008793ffff5559
00000665bffff5572
fffffdbe7ffff53ca
00000537fffff5db9
00000942fffff6079
ffffff1fbffff5454
000000ca7ffff5532
00000a3cfffff5564
000002cfbffff5554
fffffe597ffff5554
000008793ffff5559
00000665bffff5572
fffffdbe7ffff53ca
00000537fffff5db9
00000942fffff6079
ffffff1fbffff5454
000000ca7ffff5532
00000a3cfffff5564
000002cfbffff5554
fffffe597ffff5554
000008793ffff5559
00000665bffff5572
fffffdbe7ffff53ca
00000537fffff5db9
00000942fffff6079
ffffff1fbffff5454
000000ca7ffff5532
00000a3cfffff5564
000002cfbffff5554
fffffe597ffff5554
000008793ffff5559
00000665bffff5572
fffffdbe7ffff53ca
00000537fffff5db9
00000942fffff6079
ffffff1fbffff5454
000000ca7ffff5532
00000a3cfffff5564
000002cfbffff5554
fffffe597ffff5554
000008793ffff5559
00000665bffff5572
fffffdbe7ffff53ca
00000537fffff5db9
00000942fffff6079
ffffff1fbffff5454
000000ca7ffff5532
00000a3cfffff5564
000002cfbffff5554
fffffe597ffff5554
000008793ffff5559
00000665bffff5572
fffffdbe7ffff53ca
00000537fffff5db9
00000942fffff6079
ffffff1fbffff5454
000000ca7ffff5532
00000a3cfffff5564
000002cfbffff5554
fffffe597ffff5554
000008793ffff5559
00000665bffff5572
fffffdbe7ffff53ca
00000537fffff5db9
00000942fffff6079
ffffff1fbffff5454
000000ca7ffff5532
00000a3cfffff5564
000002cfbffff5554
fffffe597ffff5554
000008793ffff5559
00000665bffff5572
fffffdbe7ffff53ca
00000537fffff5db9
00000942fffff6079
ffffff1fbffff5454
000000ca7ffff5532
00000a3cfffff5564
000002cfbffff5554
fffffe597ffff5554
000008793ffff5559
00000665bffff5572
fffffdbe7ffff53ca
00000537fffff5db9
00000942fffff6079
ffffff1fbffff5454
000000ca7ffff5532
00000a3cfffff5564
000002cfbffff5554
fffffe597ffff5554
000008793ffff5559
00000665bffff5572
fffffdbe7ffff53ca
00000537fffff5db9
00000942fffff6079
ffffff1fbffff5454
000000ca7ffff5532
00000a3cfffff5564
000002cfbffff5554
fffffe597ffff5554
000008793ffff5559
00000665bffff5572
fffffdbe7ffff53ca
00000537fffff5db9
00000942fffff6079
ffffff1fbffff5454
000000ca7ffff5532
00000a3cfffff5564
000002cfbffff5554
fffffe597ffff5554
000008793ffff5559
00000665bffff5572
fffffdbe7ffff53ca
00000537fffff5db9
00000942fffff6079
ffffff1fbffff5454
000000ca7ffff5532
00000a3cfffff5564
000002cfbffff5554
fffffe597ffff5554
000008793ffff5559
00000665bffff5572
fffffdbe7ffff53ca
00000537fffff5db9
00000942fffff6079
ffffff1fbffff5454
000000ca7ffff5532
00000a3cfffff5564
000002cfbffff5554
fffffe597ffff5554
000008793ffff5559
00000665bffff5572
fffffdbe7ffff53ca
00000537fffff5db9
00000942fffff6079
ffffff1fbffff5454
000000ca7ffff5532
00000a3cfffff5564
000002cfbffff5554
fffffe597ffff5554
000008793ffff5559
00000665bffff5572
fffffdbe7ffff53ca
00000537fffff5db9
00000942fffff6079
ffffff1fbffff5454
000000ca7ffff5532
00000a3cfffff5564
000002cfbffff5554
fffffe597ffff5554
000008793ffff5559
00000665bffff5572
fffffdbe7ffff53ca
00000537fffff5db9
00000942fffff6079
ffffff1fbffff5454
000000ca7ffff5532
00000a3cfffff5564
000002cfbffff5554
fffffe597ffff5554
000008793ffff5559
00000665bffff5572
fffffdbe7ffff53ca
00000537fffff5db9
00000942fffff6079
ffffff1fbffff5454
000000ca7ffff5532
00000a3cfffff5564
000002cfbffff5554
fffffe597ffff5554
000008793ffff5559
00000665bffff5572
fffffdbe7ffff53ca
00000537fffff5db9
00000942fffff6079
ffffff1fbffff5454
000000ca7ffff5532
00000a3cfffff5564
000002cfbffff5554
fffffe597ffff5554
000008793ffff5559
00000665bffff5572
fffffdbe7ffff53ca
00000537fffff5db9
00000942fffff6079
ffffff1fbffff5454
000000ca7ffff5532
00000a3cfffff5564
000002cfbffff5554
fffffe597ffff5554
000008793ffff5559
00000665bffff5572
fffffdbe7ffff53ca
00000537fffff5db9
00000942fffff6079
ffffff1fbffff5454
000000ca7ffff5532
00000a3cfffff5564
000002cfbffff5554
fffffe597ffff5554
000008793ffff5559
00000665bffff5572
fffffdbe7ffff53ca
00000537fffff5db9
00000942fffff6079
ffffff1fbffff5454
000000ca7ffff5532
00000a3cfffff5564
000002cfbffff5554
fffffe597ffff5554
000008793ffff5559
00000665bffff5572
fffffdbe7ffff53ca
00000537fffff5db9
00000942fffff6079
ffffff1fbffff5454
000000ca7ffff5532
00000a3cfffff5564
000002cfbffff5554
fffffe597ffff5554
000008793ffff5559
00000665bffff5572
fffffdbe7ffff53ca
00000537fffff5db9
00000942fffff6079
ffffff1fbffff5454
000000ca7ffff5532
00000a3cfffff5564
000002cfbffff5554
fffffe597ffff5554
000008793ffff5559
00000665bffff5572
fffffdbe7ffff53ca
00000537fffff5db9
00000942fffff6079
ffffff1fbffff5454
000000ca7ffff5532
00000a3cfffff5564
000002cfbffff5554
fffffe597ffff5554
000008793ffff5559
00000665bffff5572
fffffdbe7ffff53ca
00000537fffff5db9
00000942fffff6079
ffffff1fbffff5454
000000ca7ffff5532
00000a3cfffff5564
000002cfbffff5554
fffffe597ffff5554
000008793ffff5559
00000665bffff5572
fffffdbe7ffff53ca
00000537fffff5db9
00000942fffff6079
ffffff1fbffff5454
000000ca7ffff5532
00000a3cfffff5564
000002cfbffff5554
fffffe597ffff5554
000008793ffff5559
00000665bffff5572
fffffdbe7ffff53ca
00000537fffff5db9
00000942fffff6079
ffffff1fbffff5454
000000ca7ffff5532
00000a3cfffff5564
000002cfbffff5554
fffffe597ffff5554
000008793ffff5559
00000665bffff5572
fffffdbe7ffff53ca
00000537fffff5db9
00000942fffff6079
ffffff1fbffff5454
000000ca7ffff5532
00000a3cfffff5564
000002cfbffff5554
fffffe597ffff5554
000008793ffff5559
00000665bffff5572
fffffdbe7ffff53ca
00000537fffff5db9
00000942fffff6079
ffffff1fbffff5454
000000ca7ffff5532
00000a3cfffff5564
000002cfbffff5554
fffffe597ffff5554
000008793ffff5559
00000665bffff5572
fffffdbe7ffff53ca
00000537fffff5db9
00000942fffff6079
ffffff1fbffff5454
000000ca7ffff5532
00000a3cfffff5564
000002cfbffff5554
fffffe597ffff5554
000008793ffff5559
00000665bffff5572
fffffdbe7ffff53ca
00000537fffff5db9
00000942fffff6079
ffffff1fbffff5454
000000ca7ffff5532
00000a3cfffff5564
000002cfbffff5554
fffffe597ffff5554
000008793ffff5559
00000665bffff5572
fffffdbe7ffff53ca
00000537fffff5db9
00000942fffff6079
ffffff1fbffff5454
000000ca7ffff5532
00000a3cfffff5564
000002cfbffff5554
fffffe597ffff5554
000008793ffff5559
00000665bffff5572
fffffdbe7ffff53ca
00000537fffff5db9
00000942fffff6079
ffffff1fbffff5454
000000ca7ffff5532
00000a3cfffff5564
000002cfbffff5554
fffffe597ffff5554
000008793ffff5559
00000665bffff5572
fffffdbe7ffff53ca
00000537fffff5db9
00000942fffff6079
ffffff1fbffff5454
000000ca7ffff5532
00000a3cfffff5564
000002cfbffff5554
fffffe597ffff5554
000008793ffff5559
00000665bffff5572
fffffdbe7ffff53ca
00000537fffff5db9
00000942fffff6079
ffffff1fbffff5454
000000ca7ffff5532
00000a3cfffff5564
000002cfbffff5554
fffffe597ffff5554
000008793ffff5559
00000665bffff5572
fffffdbe7ffff53ca
00000537fffff5db9
00000942fffff6079
ffffff1fbffff5454
000000ca7ffff5532
00000a3cfffff5564
000002cfbffff5554
fffffe597ffff5554
000008793ffff5559
00000665bffff5572
fffffdbe7ffff53ca
00000537fffff5db9
00000942fffff6079
ffffff1fbffff5454
000000ca7ffff5532
00000a3cfffff5564
000002cfbffff5554
fffffe597ffff5554
000008793ffff5559
00000665bffff5572
fffffdbe7ffff53ca
00000537fffff5db9
00000942fffff6079
ffffff1fbffff5454
000000ca7ffff5532
00000a3cfffff5564
000002cfbffff5554
fffffe597ffff5554
000008793ffff5559
00000665bffff5572
fffffdbe7ffff53ca
00000537fffff5db9
00000942fffff6079
ffffff1fbffff5454
000000ca7ffff5532
00000a3cfffff5564
000002cfbffff5554
fffffe597ffff5554
000008793ffff554f
00000665bffff5620
fffffdbe7ffff5258
00000539bffff57d2
000009227ffffbcb3
ffffffba40000076a
ffffffbec00000040
000000137ffffff96
ffffffff000000007
00000000000000000
00000000000000000
00000000000000000
00000000000000000
00000000000000000
00000000000000000
00000000000000000
00000000000000000
00000000000000000
00000000000000000
00000000000000000
00000000000000000
00000000000000000
00000000000000000
00000000000000000
00000000000000000
00000000000000000
00000000000000000
00000000000000000
00000000000000000
00000000000000000
00000000000000007
000000003ffffff7e
0000000000000026b
000000003fffffbcf
000000003ffffd78e
000000003fffff44b
000000000000003d1
000000003ffffff5d
00000000000000006
00000000000000000
00000000000000000
00000000000000000
00000000000000000
00000000000000000
00000000000000000
00000000000000000
00000000000000000
00000000000000000
00000000000000000
00000000000000000
00000000000000000
00000000000000000
00000000000000000
00000000000000000
00000000000000000
00000000000000000
00000000000000000
00000000000000000
00000000000000000
00000000000000000
00000000000000003
000000003ffffffcc
00000000000000073
000000000000002ca
000000003ffffdec3
000000003ffffe6ea
00000000000000475
000000003ffffffad
000000003fffffff1
00000000000000001
00000000000000000
00000000000000000
00000000000000000
00000000000000000
00000000000000000
00000000000000000
00000000000000000
00000000000000000
00000000000000000
00000000000000000
00000000000000000
00000000000000000
00000000000000000
00000000000000000
00000000000000000
00000000000000000
00000000000000000
00000000000000000
00000000000000000
00000000000000000
00000000000000000
000000003fffffffc
000000003ffffff7a
00000000000000492
000000003ffffeb6d
000000003ffffdb86
00000000000000116
00000000000000105
000000003ffffffb3
00000000000000004
00000000000000000
00000000000000000
00000000000000000
00000000000000000
00000000000000000
00000000000000000
00000000000000000
00000000000000000
00000000000000000
00000000000000000
00000000000000000
00000000000000000
00000000000000000
00000000000000000
00000000000000000
00000000000000000
00000000000000000
00000000000000000
00000000000000000
00000000000000000
00000000000000000
00000000000000007
000000003ffffff69
00000000000000327
000000003fffff84a
000000003ffffd70a
000000003fffff84a
00000000000000327
000000003ffffff69
00000000000000007
00000000000000000
00000000000000000
00000000000000000
00000000000000000
00000000000000000
00000000000000000
00000000000000000
00000000000000000
00000000000000000
00000000000000000
00000000000000000
00000000000000000
00000000000000000
00000000000000000
00000000000000000
00000000000000000
00000000000000000
00000000000000000
00000000000000000
00000000000000000
00000000000000000
00000000000000004
000000003ffffffb3
00000000000000105
00000000000000116
000000003ffffdb86
000000003ffffeb6d
00000000000000492
000000003ffffff7a
000000003fffffffc
00000000000000000
00000000000000000
00000000000000000
00000000000000000
00000000000000000
00000000000000000
00000000000000000
00000000000000000
00000000000000000
00000000000000000
00000000000000000
00000000000000000
00000000000000000
00000000000000000
00000000000000000
00000000000000000
00000000000000000
00000000000000000
00000000000000000
00000000000000000
00000000000000000
00000000000000001
000000003fffffff1
000000003ffffffad
00000000000000475
000000003ffffe6ea
000000003ffffdec3
000000000000002ca
00000000000000073
000000003ffffffcc
00000000000000003
00000000000000000
00000000000000000
00000000000000000
00000000000000000
00000000000000000
00000000000000000
00000000000000000
00000000000000000
00000000000000000
00000000000000000
00000000000000000
00000000000000000
00000000000000000
00000000000000000
00000000000000000
00000000000000000
00000000000000000
00000000000000000
00000000000000000
00000000000000000
00000000000000000
00000000000000006
000000003ffffff5d
000000000000003d1
000000003fffff44b
000000003ffffd78e
000000003fffffbcf
0000000000000026b
000000003ffffff7e
00000000000000007
00000000000000000
00000000000000000
00000000000000000
00000000000000000
00000000000000000
00000000000000000
00000000000000000
00000000000000000
00000000000000000
00000000000000000
00000000000000000
00000000000000000
00000000000000000
00000000000000000
00000000000000000
00000000000000000
00000000000000000
00000000000000000
00000000000000000
00000000000000000
00000000000000000
00000000000000006
000000003ffffff98
000000000000001b0
000000003fffffec2
000000003ffffd914
000000003ffffeff3
00000000000000452
000000003ffffff60
00000000000000003
00000000000000000
00000000000000000
00000000000000000
00000000000000000
00000000000000000
00000000000000000
00000000000000000
00000000000000000
00000000000000000
00000000000000000
00000000000000000
00000000000000000
00000000000000000
00000000000000000
00000000000000000
00000000000000000
00000000000000000
00000000000000000
00000000000000000
00000000000000000
00000000000000000
00000000000000001
000000003ffffffe1
00000000000000000
000000000000003e4
000000003ffffe2a0
000000003ffffe2a0
000000000000003e4
00000000000000000
000000003ffffffe1
00000000000000001
00000000000000000
00000000000000000
00000000000000000
00000000000000000
00000000000000000
00000000000000000
00000000000000000
00000000000000000
00000000000000000
00000000000000000
00000000000000000
00000000000000000
00000000000000000
00000000000000000
00000000000000000
00000000000000000
00000000000000000
00000000000000000
00000000000000000
00000000000000000
00000000000000000
00000000000000003
000000003ffffff60
00000000000000452
000000003ffffeff3
000000003ffffd914
000000003fffffec2
000000000000001b0
000000003ffffff98
00000000000000006
00000000000000000
00000000000000000
00000000000000000
00000000000000000
00000000000000000
00000000000000000
00000000000000000
00000000000000000
00000000000000000
00000000000000000
00000000000000000
00000000000000000
00000000000000000
00000000000000000
00000000000000000
00000000000000000
00000000000000000
00000000000000000
00000000000000000
00000000000000000
00000000000000000
fffffffe400000007
00000020bffffff7e
ffffff6540000026b
0000010c7fffffbcf
00000a1cbffffd78e
000002ed7fffff44b
ffffff0bc000003d1
00000028fffffff5d
fffffffe800000006
00000000000000000
00000000000000000
00000000000000000
00000000000000000
00000000000000000
00000000000000000
00000000000000000
00000000000000000
00000000000000000
00000000000000000
00000000000000000
00000000000000000
00000000000000000
00000000000000000
00000000000000000
00000000000000000
00000000000000000
00000000000000000
00000000000000000
00000000000000000
00000000000000000
00000000000000003
000000003ffffffcc
00000000000000073
000000000000002ca
000000003ffffdec3
000000003ffffe6ea
00000000000000475
000000003ffffffad
000000003fffffff1
00000000000000001
00000000000000000
00000000000000000
00000000000000000
00000000000000000
00000000000000000
00000000000000000
00000000000000000
00000000000000000
00000000000000000
00000000000000000
00000000000000000
00000000000000000
00000000000000000
00000000000000000
00000000000000000
00000000000000000
00000000000000000
00000000000000000
00000000000000000
00000000000000000
00000000000000000
000000003fffffffc
000000003ffffff7a
00000000000000492
000000003ffffeb6d
000000003ffffdb86
00000000000000116
00000000000000105
000000003ffffffb3
00000000000000004
00000000000000000
00000000000000000
00000000000000000
00000000000000000
00000000000000000
00000000000000000
00000000000000000
00000000000000000
00000000000000000
00000000000000000
00000000000000000
00000000000000000
00000000000000000
00000000000000000
00000000000000000
00000000000000000
00000000000000000
00000000000000000
00000000000000000
00000000000000000
00000000000000000
00000000000000007
000000003ffffff69
00000000000000327
000000003fffff84a
000000003ffffd70a
000000003fffff84a
00000000000000327
000000003ffffff69
00000000000000007
00000000000000000
00000000000000000
00000000000000000
00000000000000000
00000000000000000
00000000000000000
00000000000000000
00000000000000000
00000000000000000
00000000000000000
00000000000000000
00000000000000000
00000000000000000
00000000000000000
00000000000000000
00000000000000000
00000000000000000
00000000000000000
00000000000000000
00000000000000000
00000000000000000
00000000000000004
000000003ffffffb3
00000000000000105
00000000000000116
000000003ffffdb86
000000003ffffeb6d
00000000000000492
000000003ffffff7a
000000003fffffffc
00000000000000000
00000000000000000
00000000000000000
00000000000000000
00000000000000000
00000000000000000
00000000000000000
00000000000000000
00000000000000000
00000000000000000
00000000000000000
00000000000000000
00000000000000000
00000000000000000
00000000000000000
00000000000000000
00000000000000000
00000000000000000
00000000000000000
00000000000000000
00000000000000000
00000000000000001
000000003fffffff1
000000003ffffffad
00000000000000475
000000003ffffe6ea
000000003ffffdec3
000000000000002ca
00000000000000073
000000003ffffffcc
00000000000000003
00000000000000000
00000000000000000
00000000000000000
00000000000000000
00000000000000000
00000000000000000
00000000000000000
00000000000000000
00000000000000000
00000000000000000
00000000000000000
00000000000000000
00000000000000000
00000000000000000
00000000000000000
00000000000000000
00000000000000000
00000000000000000
00000000000000000
00000000000000000
00000000000000000
00000000000000006
000000003ffffff5d
000000000000003d1
000000003fffff44b
000000003ffffd78e
000000003fffffbcf
0000000000000026b
000000003ffffff7e
00000000000000007
00000000000000000
00000000000000000
00000000000000000
00000000000000000
00000000000000000
00000000000000000
00000000000000000
00000000000000000
00000000000000000
00000000000000000
00000000000000000
00000000000000000
00000000000000000
00000000000000000
00000000000000000
00000000000000000
00000000000000000
00000000000000000
00000000000000000
00000000000000000
00000000000000000
00000000000000006
000000003ffffff98
000000000000001b0
000000003fffffec2
000000003ffffd914
000000003ffffeff3
00000000000000452
000000003ffffff60
00000000000000003
00000000000000000
00000000000000000
00000000000000000
00000000000000000
00000000000000000
00000000000000000
00000000000000000
00000000000000000
00000000000000000
00000000000000000
00000000000000000
00000000000000000
00000000000000000
00000000000000000
00000000000000000
00000000000000000
00000000000000000
00000000000000000
00000000000000000
00000000000000000
00000000000000000
00000000000000001
000000003ffffffe1
00000000000000000
000000000000003e4
000000003ffffe2a0
000000003ffffe2a0
000000000000003e4
00000000000000000
000000003ffffffe1
00000000000000001
00000000000000000
00000000000000000
00000000000000000
00000000000000000
00000000000000000
00000000000000000
00000000000000000
00000000000000000
00000000000000000
00000000000000000
00000000000000000
00000000000000000
00000000000000000
00000000000000000
00000000000000000
00000000000000000
00000000000000000
00000000000000000
00000000000000000
00000000000000000
00000000000000000
00000000000000003
000000003ffffff60
00000000000000452
000000003ffffeff3
000000003ffffd914
000000003fffffec2
000000000000001b0
000000003ffffff98
00000000000000006
00000000000000000
00000000000000000
00000000000000000
00000000000000000
00000000000000000
00000000000000000
00000000000000000
00000000000000000
00000000000000000
00000000000000000
00000000000000000
00000000000000000
00000000000000000
00000000000000000
00000000000000000
00000000000000000
00000000000000000
00000000000000000
00000000000000000
00000000000000000
00000000000000000
00000000000000007
000000003ffffff7e
0000000000000026b
000000003fffffbcf
000000003ffffd78e
000000003fffff44b
000000000000003d1
000000003ffffff5d
00000000000000006
00000000000000000
00000000000000000
00000000000000000
00000000000000000
00000000000000000
00000000000000000
00000000000000000
00000000000000000
00000000000000000
00000000000000000
00000000000000000
00000000000000000
00000000000000000
00000000000000000
00000000000000000
00000000000000000
00000000000000000
00000000000000000
00000000000000000
00000000000000000
00000000000000000
ffffffff400000003
0000000d3ffffffcc
ffffffe3400000073
ffffff4d8000002ca
0000084f7ffffdec3
00000645bffffe6ea
fffffee2c00000475
00000014fffffffad
00000003ffffffff1
ffffffffc00000001
00000000000000000
00000000000000000
00000000000000000
00000000000000000
00000000000000000
00000000000000000
00000000000000000
00000000000000000
00000000000000000
00000000000000000
00000000000000000
00000000000000000
00000000000000000
00000000000000000
00000000000000000
00000000000000000
00000000000000000
00000000000000000
00000000000000000
00000000000000000
00000000000000000
000000003fffffffc
000000003ffffff7a
00000000000000492
000000003ffffeb6d
000000003ffffdb86
00000000000000116
00000000000000105
000000003ffffffb3
00000000000000004
00000000000000000
00000000000000000
00000000000000000
00000000000000000
00000000000000000
00000000000000000
00000000000000000
00000000000000000
00000000000000000
00000000000000000
00000000000000000
00000000000000000
00000000000000000
00000000000000000
00000000000000000
00000000000000000
00000000000000000
00000000000000000
00000000000000000
00000000000000000
00000000000000000
00000000000000007
000000003ffffff69
00000000000000327
000000003fffff84a
000000003ffffd70a
000000003fffff84a
00000000000000327
000000003ffffff69
00000000000000007
00000000000000000
00000000000000000
00000000000000000
00000000000000000
00000000000000000
00000000000000000
00000000000000000
00000000000000000
00000000000000000
00000000000000000
00000000000000000
00000000000000000
00000000000000000
00000000000000000
00000000000000000
00000000000000000
00000000000000000
00000000000000000
00000000000000000
00000000000000000
00000000000000000
00000000000000004
000000003ffffffb3
00000000000000105
00000000000000116
000000003ffffdb86
000000003ffffeb6d
00000000000000492
000000003ffffff7a
000000003fffffffc
00000000000000000
00000000000000000
00000000000000000
00000000000000000
00000000000000000
00000000000000000
00000000000000000
00000000000000000
00000000000000000
00000000000000000
00000000000000000
00000000000000000
00000000000000000
00000000000000000
00000000000000000
00000000000000000
00000000000000000
00000000000000000
00000000000000000
00000000000000000
00000000000000000
00000000000000001
000000003fffffff1
000000003ffffffad
00000000000000475
000000003ffffe6ea
000000003ffffdec3
000000000000002ca
00000000000000073
000000003ffffffcc
00000000000000003
00000000000000000
00000000000000000
00000000000000000
00000000000000000
00000000000000000
00000000000000000
00000000000000000
00000000000000000
00000000000000000
00000000000000000
00000000000000000
00000000000000000
00000000000000000
00000000000000000
00000000000000000
00000000000000000
00000000000000000
00000000000000000
00000000000000000
00000000000000000
00000000000000000
00000000000000006
000000003ffffff5d
000000000000003d1
000000003fffff44b
000000003ffffd78e
000000003fffffbcf
0000000000000026b
000000003ffffff7e
00000000000000007
00000000000000000
00000000000000000
00000000000000000
00000000000000000
00000000000000000
00000000000000000
00000000000000000
00000000000000000
00000000000000000
00000000000000000
00000000000000000
00000000000000000
00000000000000000
00000000000000000
00000000000000000
00000000000000000
00000000000000000
00000000000000000
00000000000000000
00000000000000000
00000000000000000
00000000000000006
000000003ffffff98
000000000000001b0
000000003fffffec2
000000003ffffd914
000000003ffffeff3
00000000000000452
000000003ffffff60
00000000000000003
00000000000000000
00000000000000000
00000000000000000
00000000000000000
00000000000000000
00000000000000000
00000000000000000
00000000000000000
00000000000000000
00000000000000000
00000000000000000
00000000000000000
00000000000000000
00000000000000000
00000000000000000
00000000000000000
00000000000000000
00000000000000000
00000000000000000
00000000000000000
00000000000000000
00000000000000001
000000003ffffffe1
00000000000000000
000000000000003e4
000000003ffffe2a0
000000003ffffe2a0
000000000000003e4
00000000000000000
000000003ffffffe1
00000000000000001
00000000000000000
00000000000000000
00000000000000000
00000000000000000
00000000000000000
00000000000000000
00000000000000000
00000000000000000
00000000000000000
00000000000000000
00000000000000000
00000000000000000
00000000000000000
00000000000000000
00000000000000000
00000000000000000
00000000000000000
00000000000000000
00000000000000000
00000000000000000
00000000000000000
00000000000000003
000000003ffffff60
00000000000000452
000000003ffffeff3
000000003ffffd914
000000003fffffec2
000000000000001b0
000000003ffffff98
00000000000000006
00000000000000000
00000000000000000
00000000000000000
00000000000000000
00000000000000000
00000000000000000
00000000000000000
00000000000000000
00000000000000000
00000000000000000
00000000000000000
00000000000000000
00000000000000000
00000000000000000
00000000000000000
00000000000000000
00000000000000000
00000000000000000
00000000000000000
00000000000000000
00000000000000000
00000000000000007
000000003ffffff7e
0000000000000026b
000000003fffffbcf
000000003ffffd78e
000000003fffff44b
000000000000003d1
000000003ffffff5d
00000000000000006
00000000000000000
00000000000000000
00000000000000000
00000000000000000
00000000000000000
00000000000000000
00000000000000000
00000000000000000
00000000000000000
00000000000000000
00000000000000000
00000000000000000
00000000000000000
00000000000000000
00000000000000000
00000000000000000
00000000000000000
00000000000000000
00000000000000000
00000000000000000
00000000000000000
00000000000000003
000000003ffffffcc
00000000000000073
000000000000002ca
000000003ffffdec3
000000003ffffe6ea
00000000000000475
000000003ffffffad
000000003fffffff1
00000000000000001
00000000000000000
00000000000000000
00000000000000000
00000000000000000
00000000000000000
00000000000000000
00000000000000000
00000000000000000
00000000000000000
00000000000000000
00000000000000000
00000000000000000
00000000000000000
00000000000000000
00000000000000000
00000000000000000
00000000000000000
00000000000000000
00000000000000000
00000000000000000
00000000000000000
ffffffff400000003
000000283ffffff60
fffffeeb800000452
000004037ffffeff3
000009bb3ffffd914
0000004fbfffffec2
ffffff940000001b0
0000001a3ffffff98
fffffffe800000006
00000000000000000
00000000000000000
00000000000000000
00000000000000000
00000000000000000
00000000000000000
00000000000000000
00000000000000000
00000000000000000
00000000000000000
00000000000000000
00000000000000000
00000000000000000
00000000000000000
00000000000000000
00000000000000000
00000000000000000
00000000000000000
00000000000000000
00000000000000000
00000000000000000
00000000000000007
000000003ffffff7e
0000000000000026b
000000003fffffbcf
000000003ffffd78e
000000003fffff44b
000000000000003d1
000000003ffffff5d
00000000000000006
00000000000000000
00000000000000000
00000000000000000
00000000000000000
00000000000000000
00000000000000000
00000000000000000
00000000000000000
00000000000000000
00000000000000000
00000000000000000
00000000000000000
00000000000000000
00000000000000000
00000000000000000
00000000000000000
00000000000000000
00000000000000000
00000000000000000
00000000000000000
00000000000000000
00000000000000003
000000003ffffffcc
00000000000000073
000000000000002ca
000000003ffffdec3
000000003ffffe6ea
00000000000000475
000000003ffffffad
000000003fffffff1
00000000000000001
00000000000000000
00000000000000000
00000000000000000
00000000000000000
00000000000000000
00000000000000000
00000000000000000
00000000000000000
00000000000000000
00000000000000000
00000000000000000
00000000000000000
00000000000000000
00000000000000000
00000000000000000
00000000000000000
00000000000000000
00000000000000000
00000000000000000
00000000000000000
00000000000000000
000000003fffffffc
000000003ffffff7a
00000000000000492
000000003ffffeb6d
000000003ffffdb86
00000000000000116
00000000000000105
000000003ffffffb3
00000000000000004
00000000000000000
00000000000000000
00000000000000000
00000000000000000
00000000000000000
00000000000000000
00000000000000000
00000000000000000
00000000000000000
00000000000000000
00000000000000000
00000000000000000
00000000000000000
00000000000000000
00000000000000000
00000000000000000
00000000000000000
00000000000000000
00000000000000000
00000000000000000
00000000000000000
00000000000000007
000000003ffffff69
00000000000000327
000000003fffff84a
000000003ffffd70a
000000003fffff84a
00000000000000327
000000003ffffff69
00000000000000007
00000000000000000
00000000000000000
00000000000000000
00000000000000000
00000000000000000
00000000000000000
00000000000000000
00000000000000000
00000000000000000
00000000000000000
00000000000000000
00000000000000000
00000000000000000
00000000000000000
00000000000000000
00000000000000000
00000000000000000
00000000000000000
00000000000000000
00000000000000000
00000000000000000
00000000000000004
000000003ffffffb3
00000000000000105
00000000000000116
000000003ffffdb86
000000003ffffeb6d
00000000000000492
000000003ffffff7a
000000003fffffffc
00000000000000000
00000000000000000
00000000000000000
00000000000000000
00000000000000000
00000000000000000
00000000000000000
00000000000000000
00000000000000000
00000000000000000
00000000000000000
00000000000000000
00000000000000000
00000000000000000
00000000000000000
00000000000000000
00000000000000000
00000000000000000
00000000000000000
00000000000000000
00000000000000000
00000000000000001
000000003fffffff1
000000003ffffffad
00000000000000475
000000003ffffe6ea
000000003ffffdec3
000000000000002ca
00000000000000073
000000003ffffffcc
00000000000000003
00000000000000000
00000000000000000
00000000000000000
00000000000000000
00000000000000000
00000000000000000
00000000000000000
00000000000000000
00000000000000000
00000000000000000
00000000000000000
00000000000000000
00000000000000000
00000000000000000
00000000000000000
00000000000000000
00000000000000000
00000000000000000
00000000000000000
00000000000000000
00000000000000000
00000000000000006
000000003ffffff5d
000000000000003d1
000000003fffff44b
000000003ffffd78e
000000003fffffbcf
0000000000000026b
000000003ffffff7e
00000000000000007
00000000000000000
00000000000000000
00000000000000000
00000000000000000
00000000000000000
00000000000000000
00000000000000000
00000000000000000
00000000000000000
00000000000000000
00000000000000000
00000000000000000
00000000000000000
00000000000000000
00000000000000000
00000000000000000
00000000000000000
00000000000000000
00000000000000000
00000000000000000
00000000000000000
00000000000000006
000000003ffffff98
000000000000001b0
000000003fffffec2
000000003ffffd914
000000003ffffeff3
00000000000000452
000000003ffffff60
00000000000000003
00000000000000000
00000000000000000
00000000000000000
00000000000000000
00000000000000000
00000000000000000
00000000000000000
00000000000000000
00000000000000000
00000000000000000
00000000000000000
00000000000000000
00000000000000000
00000000000000000
00000000000000000
00000000000000000
00000000000000000
00000000000000000
00000000000000000
00000000000000000
00000000000000000
00000000000000001
000000003ffffffe1
00000000000000000
000000000000003e4
000000003ffffe2a0
000000003ffffe2a0
000000000000003e4
00000000000000000
000000003ffffffe1
00000000000000001
00000000000000000
00000000000000000
00000000000000000
00000000000000000
00000000000000000
00000000000000000
00000000000000000
00000000000000000
00000000000000000
00000000000000000
00000000000000000
00000000000000000
00000000000000000
00000000000000000
00000000000000000
00000000000000000
00000000000000000
00000000000000000
00000000000000000
00000000000000000
00000000000000000
00000000000000003
000000003ffffff60
00000000000000452
000000003ffffeff3
000000003ffffd914
000000003fffffec2
000000000000001b0
000000003ffffff98
00000000000000006
00000000000000000
00000000000000000
00000000000000000
00000000000000000
00000000000000000
00000000000000000
00000000000000000
00000000000000000
00000000000000000
00000000000000000
00000000000000000
00000000000000000
00000000000000000
00000000000000000
00000000000000000
00000000000000000
00000000000000000
00000000000000000
00000000000000000
00000000000000000
00000000000000000
fffffffe400000007
00000020bffffff7e
ffffff6540000026b
0000010c7fffffbcf
00000a1cbffffd78e
000002ed7fffff44b
ffffff0bc000003d1
00000028fffffff5d
fffffffe800000006
00000000000000000
00000000000000000
00000000000000000
00000000000000000
00000000000000000
00000000000000000
00000000000000000
00000000000000000
00000000000000000
00000000000000000
00000000000000000
00000000000000000
00000000000000000
00000000000000000
00000000000000000
00000000000000000
00000000000000000
00000000000000000
00000000000000000
00000000000000000
00000000000000000
00000000000000003
000000003ffffffcc
00000000000000073
000000000000002ca
000000003ffffdec3
000000003ffffe6ea
00000000000000475
000000003ffffffad
000000003fffffff1
00000000000000001
00000000000000000
00000000000000000
00000000000000000
00000000000000000
00000000000000000
00000000000000000
00000000000000000
00000000000000000
00000000000000000
00000000000000000
00000000000000000
00000000000000000
00000000000000000
00000000000000000
00000000000000000
00000000000000000
00000000000000000
00000000000000000
00000000000000000
00000000000000000
00000000000000000
000000003fffffffc
000000003ffffff7a
00000000000000492
000000003ffffeb6d
000000003ffffdb86
00000000000000116
00000000000000105
000000003ffffffb3
00000000000000004
00000000000000000
00000000000000000
00000000000000000
00000000000000000
00000000000000000
00000000000000000
00000000000000000
00000000000000000
00000000000000000
00000000000000000
00000000000000000
00000000000000000
00000000000000000
00000000000000000
00000000000000000
00000000000000000
00000000000000000
00000000000000000
00000000000000000
00000000000000000
00000000000000000
00000000000000007
000000003ffffff69
00000000000000327
000000003fffff84a
000000003ffffd70a
000000003fffff84a
00000000000000327
000000003ffffff69
00000000000000007
00000000000000000
00000000000000000
00000000000000000
00000000000000000
00000000000000000
00000000000000000
00000000000000000
00000000000000000
00000000000000000
00000000000000000
00000000000000000
00000000000000000
00000000000000000
00000000000000000
00000000000000000
00000000000000000
00000000000000000
00000000000000000
00000000000000000
00000000000000000
00000000000000000
00000000000000004
000000003ffffffb3
00000000000000105
00000000000000116
000000003ffffdb86
000000003ffffeb6d
00000000000000492
000000003ffffff7a
000000003fffffffc
00000000000000000
00000000000000000
00000000000000000
00000000000000000
00000000000000000
00000000000000000
00000000000000000
00000000000000000
00000000000000000
00000000000000000
00000000000000000
00000000000000000
00000000000000000
00000000000000000
00000000000000000
00000000000000000
00000000000000000
00000000000000000
00000000000000000
00000000000000000
00000000000000000
00000000000000001
000000003fffffff1
000000003ffffffad
00000000000000475
000000003ffffe6ea
000000003ffffdec3
000000000000002ca
00000000000000073
000000003ffffffcc
00000000000000003
00000000000000000
00000000000000000
00000000000000000
00000000000000000
00000000000000000
00000000000000000
00000000000000000
00000000000000000
00000000000000000
00000000000000000
00000000000000000
00000000000000000
00000000000000000
00000000000000000
00000000000000000
00000000000000000
00000000000000000
00000000000000000
00000000000000000
00000000000000000
00000000000000000
00000000000000006
000000003ffffff5d
000000000000003d1
000000003fffff44b
000000003ffffd78e
000000003fffffbcf
0000000000000026b
000000003ffffff7e
00000000000000007
00000000000000000
00000000000000000
00000000000000000
00000000000000000
00000000000000000
00000000000000000
00000000000000000
00000000000000000
00000000000000000
00000000000000000
00000000000000000
00000000000000000
00000000000000000
00000000000000000
00000000000000000
00000000000000000
00000000000000000
00000000000000000
00000000000000000
00000000000000000
00000000000000000
00000000000000006
000000003ffffff98
000000000000001b0
000000003fffffec2
000000003ffffd914
000000003ffffeff3
00000000000000452
000000003ffffff60
00000000000000003
00000000000000000
00000000000000000
00000000000000000
00000000000000000
00000000000000000
00000000000000000
00000000000000000
00000000000000000
00000000000000000
00000000000000000
00000000000000000
00000000000000000
00000000000000000
00000000000000000
00000000000000000
00000000000000000
00000000000000000
00000000000000000
00000000000000000
00000000000000000
00000000000000000
00000000000000001
000000003ffffffe1
00000000000000000
000000000000003e4
000000003ffffe2a0
000000003ffffe2a0
000000000000003e4
00000000000000000
000000003ffffffe1
00000000000000001
00000000000000000
00000000000000000
00000000000000000
00000000000000000
00000000000000000
00000000000000000
00000000000000000
00000000000000000
00000000000000000
00000000000000000
00000000000000000
00000000000000000
00000000000000000
00000000000000000
00000000000000000
00000000000000000
00000000000000000
00000000000000000
00000000000000000
00000000000000000
00000000000000000
00000000000000003
000000003ffffff60
00000000000000452
000000003ffffeff3
000000003ffffd914
000000003fffffec2
000000000000001b0
000000003ffffff98
00000000000000006
00000000000000000
00000000000000000
00000000000000000
00000000000000000
00000000000000000
00000000000000000
00000000000000000
00000000000000000
00000000000000000
00000000000000000
00000000000000000
00000000000000000
00000000000000000
00000000000000000
00000000000000000
00000000000000000
00000000000000000
00000000000000000
00000000000000000
00000000000000000
00000000000000000
00000000000000007
000000003ffffff7e
0000000000000026b
000000003fffffbcf
000000003ffffd78e
000000003fffff44b
000000000000003d1
000000003ffffff5d
00000000000000006
00000000000000000
00000000000000000
00000000000000000
00000000000000000
00000000000000000
00000000000000000
00000000000000000
00000000000000000
00000000000000000
00000000000000000
00000000000000000
00000000000000000
00000000000000000
00000000000000000
00000000000000000
00000000000000000
00000000000000000
00000000000000000
00000000000000000
00000000000000000
00000000000000000
ffffffff400000003
0000000d3ffffffcc
ffffffe3400000073
ffffff4d8000002ca
0000084f7ffffdec3
00000645bffffe6ea
fffffee2c00000475
00000014fffffffad
00000003ffffffff1
ffffffffc00000001
00000000000000000
00000000000000000
00000000000000000
00000000000000000
00000000000000000
00000000000000000
00000000000000000
00000000000000000
00000000000000000
00000000000000000
00000000000000000
00000000000000000
00000000000000000
00000000000000000
00000000000000000
00000000000000000
00000000000000000
00000000000000000
00000000000000000
00000000000000000
00000000000000000
000000003fffffffc
000000003ffffff7a
00000000000000492
000000003ffffeb6d
000000003ffffdb86
00000000000000116
00000000000000105
000000003ffffffb3
00000000000000004
00000000000000000
00000000000000000
00000000000000000
00000000000000000
00000000000000000
00000000000000000
00000000000000000
00000000000000000
00000000000000000
00000000000000000
00000000000000000
00000000000000000
00000000000000000
00000000000000000
00000000000000000
00000000000000000
00000000000000000
00000000000000000
00000000000000000
00000000000000000
00000000000000000
00000000000000007
000000003ffffff69
00000000000000327
000000003fffff84a
000000003ffffd70a
000000003fffff84a
00000000000000327
000000003ffffff69
00000000000000007
00000000000000000
00000000000000000
00000000000000000
00000000000000000
00000000000000000
00000000000000000
00000000000000000
00000000000000000
00000000000000000
00000000000000000
00000000000000000
00000000000000000
00000000000000000
00000000000000000
00000000000000000
00000000000000000
00000000000000000
00000000000000000
00000000000000000
00000000000000000
00000000000000000
00000000000000004
000000003ffffffb3
00000000000000105
00000000000000116
000000003ffffdb86
000000003ffffeb6d
00000000000000492
000000003ffffff7a
000000003fffffffc
00000000000000000
00000000000000000
00000000000000000
00000000000000000
00000000000000000
00000000000000000
00000000000000000
00000000000000000
00000000000000000
00000000000000000
00000000000000000
00000000000000000
00000000000000000
00000000000000000
00000000000000000
00000000000000000
00000000000000000
00000000000000000
00000000000000000
00000000000000000
00000000000000000
00000000000000001
000000003fffffff1
000000003ffffffad
00000000000000475
000000003ffffe6ea
000000003ffffdec3
000000000000002ca
00000000000000073
000000003ffffffcc
00000000000000003
00000000000000000
00000000000000000
00000000000000000
00000000000000000
00000000000000000
00000000000000000
00000000000000000
00000000000000000
00000000000000000
00000000000000000
00000000000000000
00000000000000000
00000000000000000
00000000000000000
00000000000000000
00000000000000000
00000000000000000
00000000000000000
00000000000000000
00000000000000000
00000000000000000
00000000000000006
000000003ffffff5d
000000000000003d1
000000003fffff44b
000000003ffffd78e
000000003fffffbcf
0000000000000026b
000000003ffffff7e
00000000000000007
00000000000000000
00000000000000000
00000000000000000
00000000000000000
00000000000000000
00000000000000000
00000000000000000
00000000000000000
00000000000000000
00000000000000000
00000000000000000
00000000000000000
00000000000000000
00000000000000000
00000000000000000
00000000000000000
00000000000000000
00000000000000000
00000000000000000
00000000000000000
00000000000000000
00000000000000006
000000003ffffff98
000000000000001b0
000000003fffffec2
000000003ffffd914
000000003ffffeff3
00000000000000452
000000003ffffff60
00000000000000003
00000000000000000
00000000000000000
00000000000000000
00000000000000000
00000000000000000
00000000000000000
00000000000000000
00000000000000000
00000000000000000
00000000000000000
00000000000000000
00000000000000000
00000000000000000
00000000000000000
00000000000000000
00000000000000000
00000000000000000
00000000000000000
00000000000000000
00000000000000000
00000000000000000
00000000000000001
000000003ffffffe1
00000000000000000
000000000000003e4
000000003ffffe2a0
000000003ffffe2a0
000000000000003e4
00000000000000000
000000003ffffffe1
00000000000000001
00000000000000000
00000000000000000
00000000000000000
00000000000000000
00000000000000000
00000000000000000
00000000000000000
00000000000000000
00000000000000000
00000000000000000
00000000000000000
00000000000000000
00000000000000000
00000000000000000
00000000000000000
00000000000000000
00000000000000000
00000000000000000
00000000000000000
00000000000000000
00000000000000000
00000000000000003
000000003ffffff60
00000000000000452
000000003ffffeff3
000000003ffffd914
000000003fffffec2
000000000000001b0
000000003ffffff98
00000000000000006
00000000000000000
00000000000000000
00000000000000000
00000000000000000
00000000000000000
00000000000000000
00000000000000000
00000000000000000
00000000000000000
00000000000000000
00000000000000000
00000000000000000
00000000000000000
00000000000000000
00000000000000000
00000000000000000
00000000000000000
00000000000000000
00000000000000000
00000000000000000
00000000000000000
00000000000000007
000000003ffffff7e
0000000000000026b
000000003fffffbcf
000000003ffffd78e
000000003fffff44b
000000000000003d1
000000003ffffff5d
00000000000000006
00000000000000000
00000000000000000
00000000000000000
00000000000000000
00000000000000000
00000000000000000
00000000000000000
00000000000000000
00000000000000000
00000000000000000
00000000000000000
00000000000000000
00000000000000000
00000000000000000
00000000000000000
00000000000000000
00000000000000000
00000000000000000
00000000000000000
00000000000000000
00000000000000000
00000000000000003
000000003ffffffcc
00000000000000073
000000000000002ca
000000003ffffdec3
000000003ffffe6ea
00000000000000475
000000003ffffffad
000000003fffffff1
00000000000000001
00000000000000000
00000000000000000
00000000000000000
00000000000000000
00000000000000000
00000000000000000
00000000000000000
00000000000000000
00000000000000000
00000000000000000
00000000000000000
00000000000000000
00000000000000000
00000000000000000
00000000000000000
00000000000000000
00000000000000000
00000000000000000
00000000000000000
00000000000000000
00000000000000000
ffffffff400000003
000000283ffffff60
fffffeeb800000452
000004037ffffeff3
000009bb3ffffd914
0000004fbfffffec2
ffffff940000001b0
0000001a3ffffff98
fffffffe800000006
00000000000000000
00000000000000000
00000000000000000
00000000000000000
00000000000000000
00000000000000000
00000000000000000
00000000000000000
00000000000000000
00000000000000000
00000000000000000
00000000000000000
00000000000000000
00000000000000000
00000000000000000
00000000000000000
00000000000000000
00000000000000000
00000000000000000
00000000000000000
00000000000000000
00000000000000007
000000003ffffff7e
0000000000000026b
000000003fffffbcf
000000003ffffd78e
000000003fffff44b
000000000000003d1
000000003ffffff5d
00000000000000006
00000000000000000
00000000000000000
00000000000000000
00000000000000000
00000000000000000
00000000000000000
00000000000000000
00000000000000000
00000000000000000
00000000000000000
00000000000000000
00000000000000000
00000000000000000
00000000000000000
00000000000000000
00000000000000000
00000000000000000
00000000000000000
00000000000000000
00000000000000000
00000000000000000
00000000000000003
000000003ffffffcc
00000000000000073
000000000000002ca
000000003ffffdec3
000000003ffffe6ea
00000000000000475
000000003ffffffad
000000003fffffff1
00000000000000001
00000000000000000
00000000000000000
00000000000000000
00000000000000000
00000000000000000
00000000000000000
00000000000000000
00000000000000000
00000000000000000
00000000000000000
00000000000000000
00000000000000000
00000000000000000
00000000000000000
00000000000000000
00000000000000000
00000000000000000
00000000000000000
00000000000000000
00000000000000000
00000000000000000
000000003fffffffc
000000003ffffff7a
00000000000000492
000000003ffffeb6d
000000003ffffdb86
00000000000000116
00000000000000105
000000003ffffffb3
00000000000000004
00000000000000000
00000000000000000
00000000000000000
00000000000000000
00000000000000000
00000000000000000
00000000000000000
00000000000000000
00000000000000000
00000000000000000
00000000000000000
00000000000000000
00000000000000000
00000000000000000
00000000000000000
00000000000000000
00000000000000000
00000000000000000
00000000000000000
00000000000000000
00000000000000000
00000000000000007
000000003ffffff69
00000000000000327
000000003fffff84a
000000003ffffd70a
000000003fffff84a
00000000000000327
000000003ffffff69
00000000000000007
00000000000000000
00000000000000000
00000000000000000
00000000000000000
00000000000000000
00000000000000000
00000000000000000
00000000000000000
00000000000000000
00000000000000000
00000000000000000
00000000000000000
00000000000000000
00000000000000000
00000000000000000
00000000000000000
00000000000000000
00000000000000000
00000000000000000
00000000000000000
00000000000000000
00000000000000004
000000003ffffffb3
00000000000000105
00000000000000116
000000003ffffdb86
000000003ffffeb6d
00000000000000492
000000003ffffff7a
000000003fffffffc
00000000000000000
00000000000000000
00000000000000000
00000000000000000
00000000000000000
00000000000000000
00000000000000000
00000000000000000
00000000000000000
00000000000000000
00000000000000000
00000000000000000
00000000000000000
00000000000000000
00000000000000000
00000000000000000
00000000000000000
00000000000000000
00000000000000000
00000000000000000
00000000000000000
00000000000000001
000000003fffffff1
000000003ffffffad
00000000000000475
000000003ffffe6ea
000000003ffffdec3
000000000000002ca
00000000000000073
000000003ffffffcc
00000000000000003
00000000000000000
00000000000000000
00000000000000000
00000000000000000
00000000000000000
00000000000000000
00000000000000000
00000000000000000
00000000000000000
00000000000000000
00000000000000000
00000000000000000
00000000000000000
00000000000000000
00000000000000000
00000000000000000
00000000000000000
00000000000000000
00000000000000000
00000000000000000
00000000000000000
00000000000000006
000000003ffffff5d
000000000000003d1
000000003fffff44b
000000003ffffd78e
000000003fffffbcf
0000000000000026b
000000003ffffff7e
00000000000000007
00000000000000000
00000000000000000
00000000000000000
00000000000000000
00000000000000000
00000000000000000
00000000000000000
00000000000000000
00000000000000000
00000000000000000
00000000000000000
00000000000000000
00000000000000000
00000000000000000
00000000000000000
00000000000000000
00000000000000000
00000000000000000
00000000000000000
00000000000000000
00000000000000000
00000000000000006
000000003ffffff98
000000000000001b0
000000003fffffec2
000000003ffffd914
000000003ffffeff3
00000000000000452
000000003ffffff60
00000000000000003
00000000000000000
00000000000000000
00000000000000000
00000000000000000
00000000000000000
00000000000000000
00000000000000000
00000000000000000
00000000000000000
00000000000000000
00000000000000000
00000000000000000
00000000000000000
00000000000000000
00000000000000000
00000000000000000
00000000000000000
00000000000000000
00000000000000000
00000000000000000
00000000000000000
00000000000000001
000000003ffffffe1
00000000000000000
000000000000003e4
000000003ffffe2a0
000000003ffffe2a0
000000000000003e4
00000000000000000
000000003ffffffe1
00000000000000001
00000000000000000
00000000000000000
00000000000000000
00000000000000000
00000000000000000
00000000000000000
00000000000000000
00000000000000000
00000000000000000
00000000000000000
00000000000000000
00000000000000000
00000000000000000
00000000000000000
00000000000000000
00000000000000000
00000000000000000
00000000000000000
00000000000000000
00000000000000000
00000000000000000
00000000000000003
000000003ffffff60
00000000000000452
000000003ffffeff3
000000003ffffd914
000000003fffffec2
000000000000001b0
000000003ffffff98
00000000000000006
00000000000000000
00000000000000000
00000000000000000
00000000000000000
00000000000000000
00000000000000000
00000000000000000
00000000000000000
00000000000000000
00000000000000000
00000000000000000
00000000000000000
00000000000000000
00000000000000000
00000000000000000
00000000000000000
00000000000000000
00000000000000000
00000000000000000
00000000000000000
00000000000000000
fffffffe400000007
00000020bffffff7e
ffffff6540000026b
0000010c7fffffbcf
00000a1cbffffd78e
000002ed7fffff44b
ffffff0bc000003d1
00000028fffffff5d
fffffffe800000006
00000000000000000
00000000000000000
00000000000000000
00000000000000000
00000000000000000
00000000000000000
00000000000000000
00000000000000000
00000000000000000
00000000000000000
00000000000000000
00000000000000000
00000000000000000
00000000000000000
00000000000000000
00000000000000000
00000000000000000
00000000000000000
00000000000000000
00000000000000000
00000000000000000
00000000000000003
000000003ffffffcc
00000000000000073
000000000000002ca
000000003ffffdec3
000000003ffffe6ea
00000000000000475
000000003ffffffad
000000003fffffff1
00000000000000001
00000000000000000
00000000000000000
00000000000000000
00000000000000000
00000000000000000
00000000000000000
00000000000000000
00000000000000000
00000000000000000
00000000000000000
00000000000000000
00000000000000000
00000000000000000
00000000000000000
00000000000000000
00000000000000000
00000000000000000
00000000000000000
00000000000000000
00000000000000000
00000000000000000
000000003fffffffc
000000003ffffff7a
00000000000000492
000000003ffffeb6d
000000003ffffdb86
00000000000000116
00000000000000105
000000003ffffffb3
00000000000000004
00000000000000000
00000000000000000
00000000000000000
00000000000000000
00000000000000000
00000000000000000
00000000000000000
00000000000000000
00000000000000000
00000000000000000
00000000000000000
00000000000000000
00000000000000000
00000000000000000
00000000000000000
00000000000000000
00000000000000000
00000000000000000
00000000000000000
00000000000000000
00000000000000000
00000000000000007
000000003ffffff69
00000000000000327
000000003fffff84a
000000003ffffd70a
000000003fffff84a
00000000000000327
000000003ffffff69
00000000000000007
00000000000000000
00000000000000000
00000000000000000
00000000000000000
00000000000000000
00000000000000000
00000000000000000
00000000000000000
00000000000000000
00000000000000000
00000000000000000
00000000000000000
00000000000000000
00000000000000000
00000000000000000
00000000000000000
00000000000000000
00000000000000000
00000000000000000
00000000000000000
00000000000000000
00000000000000004
000000003ffffffb3
00000000000000105
00000000000000116
000000003ffffdb86
000000003ffffeb6d
00000000000000492
000000003ffffff7a
000000003fffffffc
00000000000000000
00000000000000000
00000000000000000
00000000000000000
00000000000000000
00000000000000000
00000000000000000
00000000000000000
00000000000000000
00000000000000000
00000000000000000
00000000000000000
00000000000000000
00000000000000000
00000000000000000
00000000000000000
00000000000000000
00000000000000000
00000000000000000
00000000000000000
00000000000000000
00000000000000001
000000003fffffff1
000000003ffffffad
00000000000000475
000000003ffffe6ea
000000003ffffdec3
000000000000002ca
00000000000000073
000000003ffffffcc
00000000000000003
00000000000000000
00000000000000000
00000000000000000
00000000000000000
00000000000000000
00000000000000000
00000000000000000
00000000000000000
00000000000000000
00000000000000000
00000000000000000
00000000000000000
00000000000000000
00000000000000000
00000000000000000
00000000000000000
00000000000000000
00000000000000000
00000000000000000
00000000000000000
00000000000000000
00000000000000006
000000003ffffff5d
000000000000003d1
000000003fffff44b
000000003ffffd78e
000000003fffffbcf
0000000000000026b
000000003ffffff7e
00000000000000007
00000000000000000
00000000000000000
00000000000000000
00000000000000000
00000000000000000
00000000000000000
00000000000000000
00000000000000000
00000000000000000
00000000000000000
00000000000000000
00000000000000000
00000000000000000
00000000000000000
00000000000000000
00000000000000000
00000000000000000
00000000000000000
00000000000000000
00000000000000000
00000000000000000
00000000000000006
000000003ffffff98
000000000000001b0
000000003fffffec2
000000003ffffd914
000000003ffffeff3
00000000000000452
000000003ffffff60
00000000000000003
00000000000000000
00000000000000000
00000000000000000
00000000000000000
00000000000000000
00000000000000000
00000000000000000
00000000000000000
00000000000000000
00000000000000000
00000000000000000
00000000000000000
00000000000000000
00000000000000000
00000000000000000
00000000000000000
00000000000000000
00000000000000000
00000000000000000
00000000000000000
00000000000000000
00000000000000001
000000003ffffffe1
00000000000000000
000000000000003e4
000000003ffffe2a0
000000003ffffe2a0
000000000000003e4
00000000000000000
000000003ffffffe1
00000000000000001
00000000000000000
00000000000000000
00000000000000000
00000000000000000
00000000000000000
00000000000000000
00000000000000000
00000000000000000
00000000000000000
00000000000000000
00000000000000000
00000000000000000
00000000000000000
00000000000000000
00000000000000000
00000000000000000
00000000000000000
00000000000000000
00000000000000000
00000000000000000
00000000000000000
00000000000000003
000000003ffffff60
00000000000000452
000000003ffffeff3
000000003ffffd914
000000003fffffec2
000000000000001b0
000000003ffffff98
00000000000000006
00000000000000000
00000000000000000
00000000000000000
00000000000000000
00000000000000000
00000000000000000
00000000000000000
00000000000000000
00000000000000000
00000000000000000
00000000000000000
00000000000000000
00000000000000000
00000000000000000
00000000000000000
00000000000000000
00000000000000000
00000000000000000
00000000000000000
00000000000000000
00000000000000000
00000000000000007
000000003ffffff7e
0000000000000026b
000000003fffffbcf
000000003ffffd78e
000000003fffff44b
000000000000003d1
000000003ffffff5d
00000000000000006
00000000000000000
00000000000000000
00000000000000000
00000000000000000
00000000000000000
00000000000000000
00000000000000000
00000000000000000
00000000000000000
00000000000000000
00000000000000000
00000000000000000
00000000000000000
00000000000000000
00000000000000000
00000000000000000
00000000000000000
00000000000000000
00000000000000000
00000000000000000
00000000000000000
ffffffff400000003
0000000d3ffffffcc
ffffffe3400000073
ffffff4d8000002ca
0000084f7ffffdec3
00000645bffffe6ea
fffffee2c00000475
00000014fffffffad
00000003ffffffff1
ffffffffc00000001
00000000000000000
00000000000000000
00000000000000000
00000000000000000
00000000000000000
00000000000000000
00000000000000000
00000000000000000
00000000000000000
00000000000000000
00000000000000000
00000000000000000
00000000000000000
00000000000000000
00000000000000000
00000000000000000
00000000000000000
00000000000000000
00000000000000000
00000000000000000
00000000000000000
000000003fffffffc
000000003ffffff7a
00000000000000492
000000003ffffeb6d
000000003ffffdb86
00000000000000116
00000000000000105
000000003ffffffb3
00000000000000004
00000000000000000
00000000000000000
00000000000000000
00000000000000000
00000000000000000
00000000000000000
00000000000000000
00000000000000000
00000000000000000
00000000000000000
00000000000000000
00000000000000000
00000000000000000
00000000000000000
00000000000000000
00000000000000000
00000000000000000
00000000000000000
00000000000000000
00000000000000000
00000000000000000
00000000000000007
000000003ffffff69
00000000000000327
000000003fffff84a
000000003ffffd70a
000000003fffff84a
00000000000000327
000000003ffffff69
00000000000000007
00000000000000000
00000000000000000
00000000000000000
00000000000000000
00000000000000000
00000000000000000
00000000000000000
00000000000000000
00000000000000000
00000000000000000
00000000000000000
00000000000000000
00000000000000000
00000000000000000
00000000000000000
00000000000000000
00000000000000000
00000000000000000
00000000000000000
00000000000000000
00000000000000000
00000000000000004
000000003ffffffb3
00000000000000105
00000000000000116
000000003ffffdb86
000000003ffffeb6d
00000000000000492
000000003ffffff7a
000000003fffffffc
00000000000000000
00000000000000000
00000000000000000
00000000000000000
00000000000000000
00000000000000000
00000000000000000
00000000000000000
00000000000000000
00000000000000000
00000000000000000
00000000000000000
00000000000000000
00000000000000000
00000000000000000
00000000000000000
00000000000000000
00000000000000000
00000000000000000
00000000000000000
00000000000000000
00000000000000001
000000003fffffff1
000000003ffffffad
00000000000000475
000000003ffffe6ea
000000003ffffdec3
000000000000002ca
00000000000000073
000000003ffffffcc
00000000000000003
00000000000000000
00000000000000000
00000000000000000
00000000000000000
00000000000000000
00000000000000000
00000000000000000
00000000000000000
00000000000000000
00000000000000000
00000000000000000
00000000000000000
00000000000000000
00000000000000000
00000000000000000
00000000000000000
00000000000000000
00000000000000000
00000000000000000
00000000000000000
00000000000000000
00000000000000006
000000003ffffff5d
000000000000003d1
000000003fffff44b
000000003ffffd78e
000000003fffffbcf
0000000000000026b
000000003ffffff7e
00000000000000007
00000000000000000
00000000000000000
00000000000000000
00000000000000000
00000000000000000
00000000000000000
00000000000000000
00000000000000000
00000000000000000
00000000000000000
00000000000000000
00000000000000000
00000000000000000
00000000000000000
00000000000000000
00000000000000000
00000000000000000
00000000000000000
00000000000000000
00000000000000000
00000000000000000
00000000000000006
000000003ffffff98
000000000000001b0
000000003fffffec2
000000003ffffd914
000000003ffffeff3
00000000000000452
000000003ffffff60
00000000000000003
00000000000000000
00000000000000000
00000000000000000
00000000000000000
00000000000000000
00000000000000000
00000000000000000
00000000000000000
00000000000000000
00000000000000000
00000000000000000
00000000000000000
00000000000000000
00000000000000000
00000000000000000
00000000000000000
00000000000000000
00000000000000000
00000000000000000
00000000000000000
00000000000000000
00000000000000001
000000003ffffffe1
00000000000000000
000000000000003e4
000000003ffffe2a0
000000003ffffe2a0
000000000000003e4
00000000000000000
000000003ffffffe1
00000000000000001
00000000000000000
00000000000000000
00000000000000000
00000000000000000
00000000000000000
00000000000000000
00000000000000000
00000000000000000
00000000000000000
00000000000000000
00000000000000000
00000000000000000
00000000000000000
00000000000000000
00000000000000000
00000000000000000
00000000000000000
00000000000000000
00000000000000000
00000000000000000
00000000000000000
00000000000000003
000000003ffffff60
00000000000000452
000000003ffffeff3
000000003ffffd914
000000003fffffec2
000000000000001b0
000000003ffffff98
00000000000000006
00000000000000000
00000000000000000
00000000000000000
00000000000000000
00000000000000000
00000000000000000
00000000000000000
00000000000000000
00000000000000000
00000000000000000
00000000000000000
00000000000000000
00000000000000000
00000000000000000
00000000000000000
00000000000000000
00000000000000000
00000000000000000
00000000000000000
00000000000000000
00000000000000000
00000000000000007
000000003ffffff7e
0000000000000026b
000000003fffffbcf
000000003ffffd78e
000000003fffff44b
000000000000003d1
000000003ffffff5d
00000000000000006
00000000000000000
00000000000000000
00000000000000000
00000000000000000
00000000000000000
00000000000000000
00000000000000000
00000000000000000
00000000000000000
00000000000000000
00000000000000000
00000000000000000
00000000000000000
00000000000000000
00000000000000000
00000000000000000
00000000000000000
00000000000000000
00000000000000000
00000000000000000
00000000000000000
00000000000000003
000000003ffffffcc
00000000000000073
000000000000002ca
000000003ffffdec3
000000003ffffe6ea
00000000000000475
000000003ffffffad
000000003fffffff1
00000000000000001
00000000000000000
00000000000000000
00000000000000000
00000000000000000
00000000000000000
00000000000000000
00000000000000000
00000000000000000
00000000000000000
00000000000000000
00000000000000000
00000000000000000
00000000000000000
00000000000000000
00000000000000000
00000000000000000
00000000000000000
00000000000000000
00000000000000000
00000000000000000
00000000000000000
ffffffe28000004df
000002c43ffff92fe
fffff4fd80001a262
00000c987fffe81ff
000127bd7ffd260d2
0001bacd7ffbaaf7a
0001a197bffbecde9
0001a2ea7ffbe8a88
0001a3f07ffbe7698
0001a2d2fffbe7464
0001a33abffbe78bf
0001a3cafffbe77a6
0001a3737ffbe7520
0001a3c23ffbe753a
0001a2a03ffbe7722
0001a3a7bffbe791f
0001a3883ffbe7490
0001a3b57ffbe772e
0001a360bffbe7920
0001a2babffbe7490
0001a3e4bffbe772f
0001a35ebffbe7907
0001a3c13ffbe7522
0001a35ebffbe757b
0001a3e4bffbe75ca
0001a2babffbe79a5
0001a360bffbe7598
0001a3b57ffbe7597
0001a3883ffbe79b0
0001a3a7bffbe7597
0001a2a03ffbe7598
0001a3c23ffbe79a5
0001a3737ffbe75ca
0001a3cafffbe757b
0001a33abffbe7522
0001a2d2fffbe7907
0001a3e97ffbe772f
0001a3553ffbe7490
0001a3e97ffbe7920
0001a2d2fffbe772e
0001a33abffbe7490
0001a3cb3ffbe791f
0001a3767ffbe7722
0001a397bffbe753a
0001a39ffffbe7520
0001a3867ffbe77a6
0001a2a9bffbe78bf
0001a3d7bffbe7464
0001a362bffbe77bb
0001a3db7ffbe78bf
0001a3157ffbe7464
0001a2f1bffbe77bd
0001a3e5bffbe78a4
0001a3587ffbe750f
0001a3e4fffbe7569
0001a2babffbe7632
0001a360bffbe7995
0001a3b57ffbe7529
0001a3883ffbe7618
0001a3a7bffbe799c
0001a2a03ffbe7529
0001a3c23ffbe7618
0001a3777ffbe798c
0001a3b63ffbe757c
0001a35efffbe7587
0001a3e57ffbe7542
0001a2f1bffbe7959
0001a3157ffbe76a1
0001a3db7ffbe74cf
0001a362bffbe796e
0001a3d7bffbe769f
0001a2a9bffbe74cf
0001a3867ffbe796b
0001a39e3ffbe76a2
0001a39e3ffbe7550
0001a3867ffbe7513
0001a2a9bffbe7828
0001a3d7bffbe7843
0001a362bffbe7458
0001a3db7ffbe7842
0001a3157ffbe7842
0001a2f1bffbe7458
0001a3e57ffbe7843
0001a35efffbe7828
0001a3b63ffbe7513
0001a3777ffbe7550
0001a3c23ffbe76a2
0001a2a03ffbe796b
0001a3a7bffbe74cf
0001a3883ffbe769f
0001a3b57ffbe796e
0001a360bffbe74cf
0001a2babffbe76a1
0001a3e4fffbe7959
0001a3587ffbe7542
0001a3e5bffbe7587
0001a2f1bffbe757c
0001a3157ffbe798c
0001a3db7ffbe7618
0001a362bffbe7529
0001a3d7bffbe7995
0001a2a9bffbe7632
0001a3867ffbe7569
0001a39ffffbe750f
0001a397bffbe78a4
0001a3767ffbe77bd
0001a3cb3ffbe7464
0001a33abffbe78bf
0001a2d2fffbe77bb
0001a3e97ffbe7464
0001a3553ffbe78bf
0001a3e97ffbe77a6
0001a2d2fffbe7520
0001a33abffbe753a
0001a3cafffbe7722
0001a3737ffbe791f
0001a3c23ffbe7490
0001a2a03ffbe772e
0001a3a7bffbe7920
0001a3883ffbe7490
0001a3b57ffbe772f
0001a360bffbe7907
0001a2babffbe7522
0001a3e4bffbe757b
0001a35ebffbe75ca
0001a3c13ffbe79a5
0001a35ebffbe7598
0001a3e4bffbe7597
0001a2babffbe79b0
0001a360bffbe7597
0001a3b57ffbe7598
0001a3883ffbe79a5
0001a3a7bffbe75ca
0001a2a03ffbe757b
0001a3c23ffbe7522
0001a3737ffbe7907
0001a3cafffbe772f
0001a33abffbe7490
0001a2d2fffbe7920
0001a3e97ffbe772e
0001a3553ffbe7490
0001a3e97ffbe791f
0001a2d2fffbe7722
0001a33abffbe753a
0001a3cb3ffbe7520
0001a3767ffbe77a6
0001a397bffbe78bf
0001a39ffffbe7464
0001a3867ffbe77bb
0001a2a9bffbe78bf
0001a3d7bffbe7464
0001a362bffbe77bd
0001a3db7ffbe78a4
0001a3157ffbe750f
0001a2f1bffbe7569
0001a3e5bffbe7632
0001a3587ffbe7995
0001a3e4fffbe7529
0001a2babffbe7618
0001a360bffbe799c
0001a3b57ffbe7529
0001a3883ffbe7618
0001a3a7bffbe798c
0001a2a03ffbe757c
0001a3c23ffbe7587
0001a3777ffbe7542
0001a3b63ffbe7959
0001a35efffbe76a1
0001a3e57ffbe74cf
0001a2f1bffbe796e
0001a3157ffbe769f
0001a3db7ffbe74cf
0001a362bffbe796b
0001a3d7bffbe76a2
0001a2a9bffbe7550
0001a3867ffbe7513
0001a39e3ffbe7828
0001a39e3ffbe7843
0001a3867ffbe7458
0001a2a9bffbe7842
0001a3d7bffbe7842
0001a362bffbe7458
0001a3db7ffbe7843
0001a3157ffbe7828
0001a2f1bffbe7513
0001a3e57ffbe7550
0001a35efffbe76a2
0001a3b63ffbe796b
0001a3777ffbe74cf
0001a3c23ffbe769f
0001a2a03ffbe796e
0001a3a7bffbe74cf
0001a3883ffbe76a1
0001a3b57ffbe7959
0001a360bffbe7542
0001a2babffbe7587
0001a3e4fffbe757c
0001a3587ffbe798c
0001a3e5bffbe7618
0001a2f1bffbe7529
0001a3157ffbe7995
0001a3db7ffbe7632
0001a362bffbe7569
0001a3d7bffbe750f
0001a2a9bffbe78a4
0001a3867ffbe77bd
0001a39ffffbe7464
0001a397bffbe78bf
0001a3767ffbe77bb
0001a3cb3ffbe7464
0001a33abffbe78bf
0001a2d2fffbe77a6
0001a3e97ffbe7520
0001a3553ffbe753a
0001a3e97ffbe7722
0001a2d2fffbe791f
0001a33abffbe7490
0001a3cafffbe772e
0001a3737ffbe7920
0001a3c23ffbe7490
0001a2a03ffbe772f
0001a3a7bffbe7907
0001a3883ffbe7522
0001a3b57ffbe757b
0001a360bffbe75ca
0001a2babffbe79a5
0001a3e4bffbe7598
0001a35ebffbe7597
0001a3c13ffbe79b0
0001a35ebffbe7597
0001a3e4bffbe7598
0001a2babffbe79a5
0001a360bffbe75ca
0001a3b57ffbe757b
0001a3883ffbe7522
0001a3a7bffbe7907
0001a2a03ffbe772f
0001a3c23ffbe7490
0001a3737ffbe7920
0001a3cafffbe772e
0001a33abffbe7490
0001a2d2fffbe791f
0001a3e97ffbe7722
0001a3553ffbe753a
0001a3e97ffbe7520
0001a2d2fffbe77a6
0001a33abffbe78bf
0001a3cb3ffbe7464
0001a3767ffbe77bb
0001a397bffbe78bf
0001a39ffffbe7464
0001a3867ffbe77bd
0001a2a9bffbe78a4
0001a3d7bffbe750f
0001a362bffbe7569
0001a3db7ffbe7632
0001a3157ffbe7995
0001a2f1bffbe7529
0001a3e5bffbe7618
0001a3587ffbe799c
0001a3e4fffbe7529
0001a2babffbe7618
0001a360bffbe798c
0001a3b57ffbe757c
0001a3883ffbe7587
0001a3a7bffbe7542
0001a2a03ffbe7959
0001a3c23ffbe76a1
0001a3777ffbe74cf
0001a3b63ffbe796e
0001a35efffbe769f
0001a3e57ffbe74cf
0001a2f1bffbe796b
0001a3157ffbe76a2
0001a3db7ffbe7550
0001a362bffbe7513
0001a3d7bffbe7828
0001a2a9bffbe7843
0001a3867ffbe7458
0001a39e3ffbe7842
0001a39e3ffbe7842
0001a3867ffbe7458
0001a2a9bffbe7843
0001a3d7bffbe7828
0001a362bffbe7513
0001a3db7ffbe7550
0001a3157ffbe76a2
0001a2f1bffbe796b
0001a3e57ffbe74cf
0001a35efffbe769f
0001a3b63ffbe796e
0001a3777ffbe74cf
0001a3c23ffbe76a1
0001a2a03ffbe7959
0001a3a7bffbe7542
0001a3883ffbe7587
0001a3b57ffbe757c
0001a360bffbe798c
0001a2babffbe7618
0001a3e4fffbe7529
0001a3587ffbe7995
0001a3e5bffbe7632
0001a2f1bffbe7569
0001a3157ffbe750f
0001a3db7ffbe78a4
0001a362bffbe77bd
0001a3d7bffbe7464
0001a2a9bffbe78bf
0001a3867ffbe77bb
0001a39ffffbe7464
0001a397bffbe78bf
0001a3767ffbe77a6
0001a3cb3ffbe7520
0001a33abffbe753a
0001a2d2fffbe7722
0001a3e97ffbe791f
0001a3553ffbe7490
0001a3e97ffbe772e
0001a2d2fffbe7920
0001a33abffbe7490
0001a3cafffbe772f
0001a3737ffbe7907
0001a3c23ffbe7522
0001a2a03ffbe757b
0001a3a7bffbe75ca
0001a3883ffbe79a5
0001a3b57ffbe7598
0001a360bffbe7597
0001a2babffbe79b0
0001a3e4bffbe7597
0001a35ebffbe7598
0001a3c13ffbe79a5
0001a35ebffbe75ca
0001a3e4bffbe757b
0001a2babffbe7522
0001a360bffbe7907
0001a3b57ffbe772f
0001a3883ffbe7490
0001a3a7bffbe7920
0001a2a03ffbe772e
0001a3c23ffbe7490
0001a3737ffbe791f
0001a3cafffbe7722
0001a33abffbe753a
0001a2d2fffbe7520
0001a3e97ffbe77a6
0001a3553ffbe78bf
0001a3e97ffbe7464
0001a2d2fffbe77bb
0001a33abffbe78bf
0001a3cb3ffbe7464
0001a3767ffbe77bd
0001a397bffbe78a4
0001a39ffffbe750f
0001a3867ffbe7569
0001a2a9bffbe7632
0001a3d7bffbe7995
0001a362bffbe7529
0001a3db7ffbe7618
0001a3157ffbe799c
0001a2f1bffbe7529
0001a3e5bffbe7618
0001a3587ffbe798c
0001a3e4fffbe757c
0001a2babffbe7587
0001a360bffbe7542
0001a3b57ffbe7959
0001a3883ffbe76a1
0001a3a7bffbe74cf
0001a2a03ffbe796e
0001a3c23ffbe769f
0001a3777ffbe74cf
0001a3b63ffbe796b
0001a35efffbe76a2
0001a3e57ffbe7550
0001a2f1bffbe7513
0001a3157ffbe7828
0001a3db7ffbe7843
0001a362bffbe7458
0001a3d7bffbe7842
0001a2a9bffbe7842
0001a3867ffbe7458
0001a39e3ffbe7843
0001a39e3ffbe7828
0001a3867ffbe7513
0001a2a9bffbe7550
0001a3d7bffbe76a2
0001a362bffbe796b
0001a3db7ffbe74cf
0001a3157ffbe769f
0001a2f1bffbe796e
0001a3e57ffbe74cf
0001a35efffbe76a1
0001a3b63ffbe7959
0001a3777ffbe7542
0001a3c23ffbe7587
0001a2a03ffbe757c
0001a3a7bffbe798c
0001a3883ffbe7618
0001a3b57ffbe7529
0001a360bffbe7995
0001a2babffbe7632
0001a3e4fffbe7569
0001a3587ffbe750f
0001a3e5bffbe78a4
0001a2f1bffbe77bd
0001a3157ffbe7464
0001a3db7ffbe78bf
0001a362bffbe77bb
0001a3d7bffbe7464
0001a2a9bffbe78bf
0001a3867ffbe77a6
0001a39ffffbe7520
0001a397bffbe753a
0001a3767ffbe7722
0001a3cb3ffbe791f
0001a33abffbe7490
0001a2d2fffbe772e
0001a3e97ffbe7920
0001a3553ffbe7490
0001a3e97ffbe772f
0001a2d2fffbe7907
0001a33abffbe7522
0001a3cafffbe757b
0001a3737ffbe75ca
0001a3c23ffbe79a5
0001a2a03ffbe7598
0001a3a7bffbe7597
0001a3883ffbe79b0
0001a3b57ffbe7597
0001a360bffbe7598
0001a2babffbe79a5
0001a3e4bffbe75ca
0001a35ebffbe757b
0001a3c13ffbe7522
0001a35ebffbe7907
0001a3e4bffbe772f
0001a2babffbe7490
0001a360bffbe7920
0001a3b57ffbe772e
0001a3883ffbe7490
0001a3a7bffbe791f
0001a2a03ffbe7722
0001a3c23ffbe753a
0001a3737ffbe7520
0001a3cafffbe77a6
0001a33abffbe78bf
0001a2d2fffbe7464
0001a3e97ffbe77bb
0001a3553ffbe78bf
0001a3e97ffbe7464
0001a2d2fffbe77bd
0001a33abffbe78a4
0001a3cb3ffbe750f
0001a3767ffbe7569
0001a397bffbe7632
0001a39ffffbe7995
0001a3867ffbe7529
0001a2a9bffbe7618
0001a3d7bffbe799c
0001a362bffbe7529
0001a3db7ffbe7618
0001a3157ffbe798c
0001a2f1bffbe757c
0001a3e5bffbe7587
0001a3587ffbe7542
0001a3e4fffbe7959
0001a2babffbe76a1
0001a360bffbe74cf
0001a3b57ffbe796e
0001a3883ffbe769f
0001a3a7bffbe74cf
0001a2a03ffbe796b
0001a3c23ffbe76a2
0001a3777ffbe7550
0001a3b63ffbe7513
0001a35efffbe7828
0001a3e57ffbe7843
0001a2f1bffbe7458
0001a3157ffbe7842
0001a3db7ffbe7842
0001a362bffbe7458
0001a3d7bffbe7843
0001a2a9bffbe7828
0001a3867ffbe7513
0001a39e3ffbe7550
0001a39e3ffbe76a2
0001a3867ffbe796b
0001a2a9bffbe74cf
0001a3d7bffbe769f
0001a362bffbe796e
0001a3db7ffbe74cf
0001a3157ffbe76a1
0001a2f1bffbe7959
0001a3e57ffbe7542
0001a35efffbe7587
0001a3b63ffbe757c
0001a3777ffbe798c
0001a3c23ffbe7618
0001a2a03ffbe7529
0001a3a7bffbe7995
0001a3883ffbe7632
0001a3b57ffbe7569
0001a360bffbe750f
0001a2babffbe78a4
0001a3e4fffbe77bd
0001a3587ffbe7464
0001a3e5bffbe78bf
0001a2f1bffbe77bb
0001a3157ffbe7464
0001a3db7ffbe78bf
0001a367fffbe77a6
0001a3a8bffbe7520
0001a38afffbe753a
0001a3a77ffbe7722
0001a2a03ffbe791f
0001a3c23ffbe7490
0001a3737ffbe772e
0001a3cafffbe7920
0001a33abffbe7490
0001a2d2fffbe772f
0001a3e97ffbe7907
0001a3553ffbe7522
0001a3e97ffbe757b
0001a2d2fffbe75ca
0001a33abffbe79a5
0001a3cafffbe7598
0001a3737ffbe7597
0001a3c23ffbe79b0
0001a2a03ffbe7597
0001a3a77ffbe7598
0001a38afffbe79a5
0001a3a8bffbe75ca
0001a367fffbe757b
0001a3db7ffbe7522
0001a3157ffbe7907
0001a2f1bffbe772f
0001a3e5bffbe7490
0001a3587ffbe7920
0001a3e4fffbe772e
0001a2babffbe7490
0001a360bffbe791f
0001a3b57ffbe7722
0001a3883ffbe753a
0001a3a7bffbe7520
0001a2a03ffbe77a6
0001a3c23ffbe78bf
0001a3737ffbe7464
0001a3cafffbe77bb
0001a33abffbe78bf
0001a2d2fffbe7464
0001a3e8fffbe77bd
0001a35bfffbe78a4
0001a3bebffbe750f
0001a367fffbe7569
0001a3d73ffbe7632
0001a2a9bffbe7995
0001a3867ffbe7529
0001a39e3ffbe7618
0001a39e3ffbe799c
0001a3867ffbe7529
0001a2a9bffbe7618
0001a3d7bffbe798c
0001a362bffbe757c
0001a3db7ffbe7587
0001a3157ffbe7542
0001a2f1bffbe7959
0001a3e5bffbe76a1
0001a3587ffbe74cf
0001a3e4fffbe796e
0001a2babffbe769f
0001a360bffbe74cf
0001a3b63ffbe796b
0001a3877ffbe76a2
0001a3877ffbe7550
0001a3b63ffbe7513
0001a360bffbe7828
0001a2babffbe7843
0001a3e4fffbe7458
0001a3587ffbe7842
0001a3e5bffbe7842
0001a2f1bffbe7458
0001a3157ffbe7843
0001a3db7ffbe7828
0001a362bffbe7513
0001a3d7bffbe7550
0001a2a9bffbe76a2
0001a3867ffbe796b
0001a39e3ffbe74cf
0001a39e3ffbe769f
0001a3867ffbe796e
0001a2a9bffbe74cf
0001a3d73ffbe76a1
0001a367fffbe7959
0001a3bebffbe7542
0001a35bfffbe7587
0001a3e8fffbe757c
0001a2d2fffbe798c
0001a33abffbe7618
0001a3cafffbe7529
0001a3737ffbe7995
0001a3c23ffbe7632
0001a2a03ffbe7569
0001a3a7bffbe750f
0001a3883ffbe78a4
0001a3b57ffbe77bd
0001a360bffbe7464
0001a2babffbe78bf
0001a3e4fffbe77bb
0001a3587ffbe7464
0001a3e5bffbe78bf
0001a2f1bffbe77a6
0001a3157ffbe7520
0001a3db7ffbe753a
0001a367fffbe7722
0001a3a8bffbe791f
0001a38afffbe7490
0001a3a77ffbe772e
0001a2a03ffbe7920
0001a3c23ffbe7490
0001a3737ffbe772f
0001a3cafffbe7907
0001a33abffbe7522
0001a2d2fffbe757b
0001a3e97ffbe75ca
0001a3553ffbe79a5
0001a3e97ffbe7598
0001a2d2fffbe7597
0001a33abffbe79b0
0001a3cafffbe7597
0001a3737ffbe7598
0001a3c23ffbe79a5
0001a2a03ffbe75ca
0001a3a77ffbe757b
0001a38afffbe7522
0001a3a8bffbe7907
0001a367fffbe772f
0001a3db7ffbe7490
0001a3157ffbe7920
0001a2f1bffbe772e
0001a3e5bffbe7490
0001a3587ffbe791f
0001a3e4fffbe7722
0001a2babffbe753a
0001a360bffbe7520
0001a3b57ffbe77a6
0001a3883ffbe78bf
0001a3a7bffbe7464
0001a2a03ffbe77bb
0001a3c23ffbe78bf
0001a3737ffbe7464
0001a3cafffbe77bd
0001a33abffbe78a4
0001a2d2fffbe750f
0001a3e8fffbe7569
0001a35bfffbe7632
0001a3bebffbe7995
0001a367fffbe7529
0001a3d73ffbe7618
0001a2a9bffbe799c
0001a3867ffbe7529
0001a39e3ffbe7618
0001a39e3ffbe798c
0001a3867ffbe757c
0001a2a9bffbe7587
0001a3d7bffbe7542
0001a362bffbe7959
0001a3db7ffbe76a1
0001a3157ffbe74cf
0001a2f1bffbe796e
0001a3e5bffbe769f
0001a3587ffbe74cf
0001a3e4fffbe796b
0001a2babffbe76a2
0001a360bffbe7550
0001a3b63ffbe7513
0001a3877ffbe7828
0001a3877ffbe7843
0001a3b63ffbe7458
0001a360bffbe7842
0001a2babffbe7842
0001a3e4fffbe7458
0001a3587ffbe7843
0001a3e5bffbe7828
0001a2f1bffbe7513
0001a3157ffbe7550
0001a3db7ffbe76a2
0001a362bffbe796b
0001a3d7bffbe74cf
0001a2a9bffbe769f
0001a3867ffbe796e
0001a39e3ffbe74cf
0001a39e3ffbe76a1
0001a3867ffbe7959
0001a2a9bffbe7542
0001a3d73ffbe7587
0001a367fffbe757c
0001a3bebffbe798c
0001a35bfffbe7618
0001a3e8fffbe7529
0001a2d2fffbe7995
0001a33abffbe7632
0001a3cafffbe7569
0001a3737ffbe750f
0001a3c23ffbe78a4
0001a2a03ffbe77bd
0001a3a7bffbe7464
0001a3883ffbe78bf
0001a3b57ffbe77bb
0001a360bffbe7464
0001a2babffbe78bf
0001a3e4fffbe77a6
0001a3587ffbe7520
0001a3e5bffbe753a
0001a2f1bffbe7722
0001a3157ffbe791f
0001a3db7ffbe7490
0001a367fffbe772e
0001a3a8bffbe7920
0001a38afffbe7490
0001a3a77ffbe772f
0001a2a03ffbe7907
0001a3c23ffbe7522
0001a3737ffbe757b
0001a3cafffbe75ca
0001a33abffbe79a5
0001a2d2fffbe7598
0001a3e97ffbe7597
0001a3553ffbe79b0
0001a3e97ffbe7597
0001a2d2fffbe7598
0001a33abffbe79a5
0001a3cafffbe75ca
0001a3737ffbe757b
0001a3c23ffbe7522
0001a2a03ffbe7907
0001a3a77ffbe772f
0001a38afffbe7490
0001a3a8bffbe7920
0001a367fffbe772e
0001a3db7ffbe7490
0001a3157ffbe791f
0001a2f1bffbe7722
0001a3e5bffbe753a
0001a3587ffbe7520
0001a3e4fffbe77a6
0001a2babffbe78bf
0001a360bffbe7464
0001a3b57ffbe77bb
0001a3883ffbe78bf
0001a3a7bffbe7464
0001a2a03ffbe77bd
0001a3c23ffbe78a4
0001a3737ffbe750f
0001a3cafffbe7569
0001a33abffbe7632
0001a2d2fffbe7995
0001a3e8fffbe7529
0001a35bfffbe7618
0001a3bebffbe799c
0001a367fffbe7529
0001a3d73ffbe7618
0001a2a9bffbe798c
0001a3867ffbe757c
0001a39e3ffbe7587
0001a39e3ffbe7542
0001a3867ffbe7959
0001a2a9bffbe76a1
0001a3d7bffbe74cf
0001a362bffbe796e
0001a3db7ffbe769f
0001a3157ffbe74cf
0001a2f1bffbe796b
0001a3e5bffbe76a2
0001a3587ffbe7550
0001a3e4fffbe7513
0001a2babffbe7828
0001a360bffbe7843
0001a3b63ffbe7458
0001a3877ffbe7842
0001a3877ffbe7842
0001a3b63ffbe7458
0001a360bffbe7843
0001a2babffbe7828
0001a3e4fffbe7513
0001a3587ffbe7550
0001a3e5bffbe76a2
0001a2f1bffbe796b
0001a3157ffbe74cf
0001a3db7ffbe769f
0001a362bffbe796e
0001a3d7bffbe74cf
0001a2a9bffbe76a1
0001a3867ffbe7959
0001a39e3ffbe7542
0001a39e3ffbe7587
0001a3867ffbe757c
0001a2a9bffbe798c
0001a3d73ffbe7618
0001a367fffbe7529
0001a3bebffbe7995
0001a35bfffbe7632
0001a3e8fffbe7569
0001a2d2fffbe750f
0001a33abffbe78a4
0001a3cafffbe77bd
0001a3737ffbe7464
0001a3c23ffbe78bf
0001a2a03ffbe77bb
0001a3a7bffbe7464
0001a3883ffbe78bf
0001a3b57ffbe77a6
0001a360bffbe7520
0001a2babffbe753a
0001a3e4fffbe7722
0001a3587ffbe791f
0001a3e5bffbe7490
0001a2f1bffbe772e
0001a3157ffbe7920
0001a3db7ffbe7490
0001a367fffbe772f
0001a3a8bffbe7907
0001a38afffbe7522
0001a3a77ffbe757b
0001a2a03ffbe75ca
0001a3c23ffbe79a5
0001a3737ffbe7598
0001a3cafffbe7597
0001a33abffbe79b0
0001a2d2fffbe7597
0001a3e97ffbe7598
0001a3553ffbe79a5
0001a3e97ffbe75ca
0001a2d2fffbe757b
0001a33abffbe7522
0001a3cafffbe7907
0001a3737ffbe772f
0001a3c23ffbe7490
0001a2a03ffbe7920
0001a3a77ffbe772e
0001a38afffbe7490
0001a3a8bffbe791f
0001a367fffbe7722
0001a3db7ffbe753a
0001a3157ffbe7520
0001a2f1bffbe77a6
0001a3e5bffbe78bf
0001a3587ffbe7464
0001a3e4fffbe77bb
0001a2babffbe78bf
0001a360bffbe7464
0001a3b57ffbe77bd
0001a3883ffbe78a4
0001a3a7bffbe750f
0001a2a03ffbe7569
0001a3c23ffbe7632
0001a3737ffbe7995
0001a3cafffbe7529
0001a33abffbe7618
0001a2d2fffbe799c
0001a3e8fffbe7529
0001a35bfffbe7618
0001a3bebffbe798c
0001a367fffbe757c
0001a3d73ffbe7587
0001a2a9bffbe7542
0001a3867ffbe7959
0001a39e3ffbe76a1
0001a39e3ffbe74cf
0001a3867ffbe796e
0001a2a9bffbe769f
0001a3d7bffbe74cf
0001a362bffbe796b
0001a3db7ffbe76a2
0001a3157ffbe7550
0001a2f1bffbe7513
0001a3e5bffbe7828
0001a3587ffbe7843
0001a3e4fffbe7458
0001a2babffbe7842
0001a360bffbe7842
0001a3b63ffbe7458
0001a3877ffbe7843
0001a3877ffbe7828
0001a3b63ffbe7513
0001a360bffbe7550
0001a2babffbe76a2
0001a3e4fffbe796b
0001a3587ffbe74cf
0001a3e5bffbe769f
0001a2f1bffbe796e
0001a3157ffbe74cf
0001a3db7ffbe76a1
0001a362bffbe7959
0001a3d7bffbe7542
0001a2a9bffbe7587
0001a3867ffbe757c
0001a39e3ffbe798c
0001a39e3ffbe7618
0001a3867ffbe7529
0001a2a9bffbe799c
0001a3d73ffbe7618
0001a367fffbe7529
0001a3bebffbe7995
0001a35bfffbe7632
0001a3e8fffbe7569
0001a2d2fffbe750f
0001a33abffbe78a4
0001a3cafffbe77bd
0001a3737ffbe7464
0001a3c23ffbe78bf
0001a2a03ffbe77a6
0001a3a7bffbe7520
0001a3883ffbe753a
0001a3b57ffbe7722
0001a360bffbe791f
0001a2babffbe7490
0001a3e4fffbe772e
0001a3587ffbe7920
0001a3e5bffbe7490
0001a2f1bffbe772f
0001a3157ffbe7907
0001a3db7ffbe7522
0001a367fffbe757b
0001a3a8bffbe75ca
0001a38afffbe79a5
0001a3a77ffbe7598
0001a2a03ffbe7597
0001a3c23ffbe79b0
0001a3737ffbe7597
0001a3cafffbe7598
0001a33abffbe79a5
0001a2d2fffbe75ca
0001a3e97ffbe757b
0001a3553ffbe7522
0001a3e97ffbe7907
0001a2d2fffbe772f
0001a33abffbe7490
0001a3cafffbe7920
0001a3737ffbe772e
0001a3c23ffbe7490
0001a2a03ffbe791f
0001a3a77ffbe7722
0001a38afffbe753a
0001a3a8bffbe7520
0001a367fffbe77a6
0001a3db7ffbe78bf
0001a3157ffbe7464
0001a2f1bffbe77bb
0001a3e5bffbe78bf
0001a3587ffbe7464
0001a3e4fffbe77bd
0001a2babffbe78a4
0001a360bffbe750f
0001a3b57ffbe7569
0001a3883ffbe7632
0001a3a7bffbe7995
0001a2a03ffbe7529
0001a3c23ffbe7618
0001a3737ffbe799c
0001a3cafffbe7529
0001a33abffbe7618
0001a2d2fffbe798c
0001a3e8fffbe757c
0001a35bfffbe7587
0001a3bebffbe7542
0001a367fffbe7959
0001a3d73ffbe76a1
0001a2a9bffbe74cf
0001a3867ffbe796e
0001a39e3ffbe769f
0001a39e3ffbe74cf
0001a3867ffbe796b
0001a2a9bffbe76a2
0001a3d7bffbe7550
0001a362bffbe7513
0001a3db7ffbe7828
0001a3157ffbe7843
0001a2f1bffbe7458
0001a3e5bffbe7842
0001a3587ffbe7842
0001a3e4fffbe7458
0001a2babffbe7843
0001a360bffbe7828
0001a3b63ffbe7513
0001a3877ffbe7550
0001a3877ffbe76a2
0001a3b63ffbe796b
0001a360bffbe74cf
0001a2babffbe769f
0001a3e4fffbe796e
0001a3587ffbe74cf
0001a3e5bffbe76a1
0001a2f1bffbe7959
0001a3157ffbe7542
0001a3db7ffbe7587
0001a362bffbe757c
0001a3d7bffbe798c
0001a2a9bffbe7618
0001a3867ffbe7529
0001a39ffffbe7995
0001a397bffbe7632
0001a3767ffbe7569
0001a3cb3ffbe750f
0001a33abffbe78a4
0001a2d2fffbe77bd
0001a3e97ffbe7464
0001a3553ffbe78bf
0001a3e97ffbe77bb
0001a2d2fffbe7464
0001a33abffbe78bf
0001a3cafffbe77a6
0001a3737ffbe7520
0001a3c23ffbe753a
0001a2a03ffbe7722
0001a3a7bffbe791f
0001a3883ffbe7490
0001a3b57ffbe772e
0001a360bffbe7920
0001a2babffbe7490
0001a3e4bffbe772f
0001a35ebffbe7907
0001a3c13ffbe7522
0001a35ebffbe757b
0001a3e4bffbe75ca
0001a2babffbe79a5
0001a360bffbe7598
0001a3b57ffbe7597
0001a3883ffbe79b0
0001a3a7bffbe7597
0001a2a03ffbe7598
0001a3c23ffbe79a5
0001a3737ffbe75ca
0001a3cafffbe757b
0001a33abffbe7522
0001a2d2fffbe7907
0001a3e97ffbe772f
0001a3553ffbe7490
0001a3e97ffbe7920
0001a2d2fffbe772e
0001a33abffbe7490
0001a3cb3ffbe791f
0001a3767ffbe7722
0001a397bffbe753a
0001a39ffffbe7520
0001a3867ffbe77a6
0001a2a9bffbe78bf
0001a3d7bffbe7464
0001a362bffbe77bb
0001a3db7ffbe78bf
0001a3157ffbe7464
0001a2f1bffbe77bd
0001a3e5bffbe78a4
0001a3587ffbe750f
0001a3e4fffbe7569
0001a2babffbe7632
0001a360bffbe7995
0001a3b57ffbe7529
0001a3883ffbe7618
0001a3a7bffbe799c
0001a2a03ffbe7529
0001a3c23ffbe7618
0001a3777ffbe798c
0001a3b63ffbe757c
0001a35efffbe7587
0001a3e57ffbe7542
0001a2f1bffbe7959
0001a3157ffbe76a1
0001a3db7ffbe74cf
0001a362bffbe796e
0001a3d7bffbe769f
0001a2a9bffbe74cf
0001a3867ffbe796b
0001a39e3ffbe76a2
0001a39e3ffbe7550
0001a3867ffbe7513
0001a2a9bffbe7828
0001a3d7bffbe7843
0001a362bffbe7458
0001a3db7ffbe7842
0001a3157ffbe7842
0001a2f1bffbe7458
0001a3e57ffbe7843
0001a35efffbe7828
0001a3b63ffbe7513
0001a3777ffbe7550
0001a3c23ffbe76a2
0001a2a03ffbe796b
0001a3a7bffbe74cf
0001a3883ffbe769f
0001a3b57ffbe796e
0001a360bffbe74cf
0001a2babffbe76a1
0001a3e4fffbe7959
0001a3587ffbe7542
0001a3e5bffbe7587
0001a2f1bffbe757c
0001a3157ffbe798c
0001a3db7ffbe7618
0001a362bffbe7529
0001a3d7bffbe7995
0001a2a9bffbe7632
0001a3867ffbe7569
0001a39ffffbe750f
0001a397bffbe78a4
0001a3767ffbe77bd
0001a3cb3ffbe7464
0001a33abffbe78bf
0001a2d2fffbe77bb
0001a3e97ffbe7464
0001a3553ffbe78bf
0001a3e97ffbe77a6
0001a2d2fffbe7520
0001a33abffbe753a
0001a3cafffbe7722
0001a3737ffbe791f
0001a3c23ffbe7490
0001a2a03ffbe772e
0001a3a7bffbe7920
0001a3883ffbe7490
0001a3b57ffbe772f
0001a360bffbe7907
0001a2babffbe7522
0001a3e4bffbe757b
0001a35ebffbe75ca
0001a3c13ffbe79a5
0001a35ebffbe7598
0001a3e4bffbe7597
0001a2babffbe79b0
0001a360bffbe7597
0001a3b57ffbe7598
0001a3883ffbe79a5
0001a3a7bffbe75ca
0001a2a03ffbe757b
0001a3c23ffbe7522
0001a3737ffbe7907
0001a3cafffbe772f
0001a33abffbe7490
0001a2d2fffbe7920
0001a3e97ffbe772e
0001a3553ffbe7490
0001a3e97ffbe791f
0001a2d2fffbe7722
0001a33abffbe753a
0001a3cb3ffbe7520
0001a3767ffbe77a6
0001a397bffbe78bf
0001a39ffffbe7464
0001a3867ffbe77bb
0001a2a9bffbe78bf
0001a3d7bffbe7464
0001a362bffbe77bd
0001a3db7ffbe78a4
0001a3157ffbe750f
0001a2f1bffbe7569
0001a3e5bffbe7632
0001a3587ffbe7995
0001a3e4fffbe7529
0001a2babffbe7618
0001a360bffbe799c
0001a3b57ffbe7529
0001a3883ffbe7618
0001a3a7bffbe798c
0001a2a03ffbe757c
0001a3c23ffbe7587
0001a3777ffbe7542
0001a3b63ffbe7959
0001a35efffbe76a1
0001a3e57ffbe74cf
0001a2f1bffbe796e
0001a3157ffbe769f
0001a3db7ffbe74cf
0001a362bffbe796b
0001a3d7bffbe76a2
0001a2a9bffbe7550
0001a3867ffbe7513
0001a39e3ffbe7828
0001a39e3ffbe7843
0001a3867ffbe7458
0001a2a9bffbe7842
0001a3d7bffbe7842
0001a362bffbe7458
0001a3db7ffbe7843
0001a3157ffbe7828
0001a2f1bffbe7513
0001a3e57ffbe7550
0001a35efffbe76a2
0001a3b63ffbe796b
0001a3777ffbe74cf
0001a3c23ffbe769f
0001a2a03ffbe796e
0001a3a7bffbe74cf
0001a3883ffbe76a1
0001a3b57ffbe7959
0001a360bffbe7542
0001a2babffbe7587
0001a3e4fffbe757c
0001a3587ffbe798c
0001a3e5bffbe7618
0001a2f1bffbe7529
0001a3157ffbe7995
0001a3db7ffbe7632
0001a362bffbe7569
0001a3d7bffbe750f
0001a2a9bffbe78a4
0001a3867ffbe77bd
0001a39ffffbe7464
0001a397bffbe78bf
0001a3767ffbe77bb
0001a3cb3ffbe7464
0001a33abffbe78bf
0001a2d2fffbe77a6
0001a3e97ffbe7520
0001a3553ffbe753a
0001a3e97ffbe7722
0001a2d2fffbe791f
0001a33abffbe7490
0001a3cafffbe772e
0001a3737ffbe7920
0001a3c23ffbe7490
0001a2a03ffbe772f
0001a3a7bffbe7907
0001a3883ffbe7522
0001a3b57ffbe757b
0001a360bffbe75ca
0001a2babffbe79a5
0001a3e4bffbe7598
0001a35ebffbe7597
0001a3c13ffbe79b0
0001a35ebffbe7597
0001a3e4bffbe7598
0001a2babffbe79a5
0001a360bffbe75ca
0001a3b57ffbe757b
0001a3883ffbe7522
0001a3a7bffbe7907
0001a2a03ffbe772f
0001a3c23ffbe7490
0001a3737ffbe7920
0001a3cafffbe772e
0001a33abffbe7490
0001a2d2fffbe791f
0001a3e97ffbe7722
0001a3553ffbe753a
0001a3e97ffbe7520
0001a2d2fffbe77a6
0001a33abffbe78bf
0001a3cb3ffbe7464
0001a3767ffbe77bb
0001a397bffbe78bf
0001a39ffffbe7464
0001a3867ffbe77bd
0001a2a9bffbe78a4
0001a3d7bffbe750f
0001a362bffbe7569
0001a3db7ffbe7632
0001a3157ffbe7995
0001a2f1bffbe7529
0001a3e5bffbe7618
0001a3587ffbe799c
0001a3e4fffbe7529
0001a2babffbe7618
0001a360bffbe798c
0001a3b57ffbe757c
0001a3883ffbe7587
0001a3a7bffbe7542
0001a2a03ffbe7959
0001a3c23ffbe76a1
0001a3777ffbe74cf
0001a3b63ffbe796e
0001a35efffbe769f
0001a3e57ffbe74cf
0001a2f1bffbe796b
0001a3157ffbe76a2
0001a3db7ffbe7550
0001a362bffbe7513
0001a3d7bffbe7828
0001a2a9bffbe7843
0001a3867ffbe7458
0001a39e3ffbe7842
0001a39e3ffbe7842
0001a3867ffbe7458
0001a2a9bffbe7843
0001a3d7bffbe7828
0001a362bffbe7513
0001a3db7ffbe7550
0001a3157ffbe76a2
0001a2f1bffbe796b
0001a3e57ffbe74cf
0001a35efffbe769f
0001a3b63ffbe796e
0001a3777ffbe74cf
0001a3c23ffbe76a1
0001a2a03ffbe7959
0001a3a7bffbe7542
0001a3883ffbe7587
0001a3b57ffbe757c
0001a360bffbe798c
0001a2babffbe7618
0001a3e4fffbe7529
0001a3587ffbe7995
0001a3e5bffbe7632
0001a2f1bffbe7569
0001a3157ffbe750f
0001a3db7ffbe78a4
0001a362bffbe77bd
0001a3d7bffbe7464
0001a2a9bffbe78bf
0001a3867ffbe77bb
0001a39ffffbe7464
0001a397bffbe78bf
0001a3767ffbe77a6
0001a3cb3ffbe7520
0001a33abffbe753a
0001a2d2fffbe7722
0001a3e97ffbe791f
0001a3553ffbe7490
0001a3e97ffbe772e
0001a2d2fffbe7920
0001a33abffbe7490
0001a3cafffbe772f
0001a3737ffbe7907
0001a3c23ffbe7522
0001a2a03ffbe757b
0001a3a7bffbe75ca
0001a3883ffbe79a5
0001a3b57ffbe7598
0001a360bffbe7597
0001a2babffbe79b0
0001a3e4bffbe7597
0001a35ebffbe7598
0001a3c13ffbe79a5
0001a35ebffbe75ca
0001a3e4bffbe757b
0001a2babffbe7522
0001a360bffbe7907
0001a3b57ffbe772f
0001a3883ffbe7490
0001a3a7bffbe7920
0001a2a03ffbe772e
0001a3c23ffbe7490
0001a3737ffbe791f
0001a3cafffbe7722
0001a33abffbe753a
0001a2d2fffbe7520
0001a3e97ffbe77a6
0001a3553ffbe78bf
0001a3e97ffbe7464
0001a2d2fffbe77bb
0001a33abffbe78bf
0001a3cb3ffbe7464
0001a3767ffbe77bd
0001a397bffbe78a4
0001a39ffffbe750f
0001a3867ffbe7569
0001a2a9bffbe7632
0001a3d7bffbe7995
0001a362bffbe7529
0001a3db7ffbe7618
0001a3157ffbe799c
0001a2f1bffbe7529
0001a3e5bffbe7618
0001a3587ffbe798c
0001a3e4fffbe757c
0001a2babffbe7587
0001a360bffbe7542
0001a3b57ffbe7959
0001a3883ffbe76a1
0001a3a7bffbe74cf
0001a2a03ffbe796e
0001a3c23ffbe769f
0001a3777ffbe74cf
0001a3b63ffbe796b
0001a35efffbe76a2
0001a3e57ffbe7550
0001a2f1bffbe7513
0001a3157ffbe7828
0001a3db7ffbe7843
0001a362bffbe7458
0001a3d7bffbe7842
0001a2a9bffbe7842
0001a3867ffbe7458
0001a39e3ffbe7843
0001a39e3ffbe7828
0001a3867ffbe7513
0001a2a9bffbe7550
0001a3d7bffbe76a2
0001a362bffbe796b
0001a3db7ffbe74cf
0001a3157ffbe769f
0001a2f1bffbe796e
0001a3e57ffbe74cf
0001a35efffbe76a1
0001a3b63ffbe7959
0001a3777ffbe7542
0001a3c23ffbe7587
0001a2a03ffbe757c
0001a3a7bffbe798c
0001a3883ffbe7618
0001a3b57ffbe7529
0001a360bffbe7995
0001a2babffbe7632
0001a3e4fffbe7569
0001a3587ffbe750f
0001a3e5bffbe78a4
0001a2f1bffbe77bd
0001a3157ffbe7464
0001a3db7ffbe78bf
0001a362bffbe77bb
0001a3d7bffbe7464
0001a2a9bffbe78bf
0001a3867ffbe77a6
0001a39ffffbe7520
0001a397bffbe753a
0001a3767ffbe7722
0001a3cb3ffbe791f
0001a33abffbe7490
0001a2d2fffbe772e
0001a3e97ffbe7920
0001a3553ffbe7490
0001a3e97ffbe772f
0001a2d2fffbe7907
0001a33abffbe7522
0001a3cafffbe757b
0001a3737ffbe75ca
0001a3c23ffbe79a5
0001a2a03ffbe7598
0001a3a7bffbe7597
0001a3883ffbe79b0
0001a3b57ffbe7597
0001a360bffbe7598
0001a2babffbe79a5
0001a3e4bffbe75ca
0001a35ebffbe757b
0001a3c13ffbe7522
0001a35ebffbe7907
0001a3e4bffbe772f
0001a2babffbe7490
0001a360bffbe7920
0001a3b57ffbe772e
0001a3883ffbe7490
0001a3a7bffbe791f
0001a2a03ffbe7722
0001a3c23ffbe753a
0001a3737ffbe7520
0001a3cafffbe77a6
0001a33abffbe78bf
0001a2d2fffbe7464
0001a3e97ffbe77bb
0001a3553ffbe78bf
0001a3e97ffbe7464
0001a2d2fffbe77bd
0001a33abffbe78a4
0001a3cb3ffbe750f
0001a3767ffbe7569
0001a397bffbe7632
0001a39ffffbe7995
0001a3867ffbe7529
0001a2a9bffbe7618
0001a3d7bffbe799c
0001a362bffbe7529
0001a3db7ffbe7618
0001a3157ffbe798c
0001a2f1bffbe757c
0001a3e5bffbe7587
0001a3587ffbe7542
0001a3e4fffbe7959
0001a2babffbe76a1
0001a360bffbe74cf
0001a3b57ffbe796e
0001a3883ffbe769f
0001a3a7bffbe74cf
0001a2a03ffbe796b
0001a3c23ffbe76a2
0001a3777ffbe7550
0001a3b63ffbe7513
0001a35efffbe7828
0001a3e57ffbe7843
0001a2f1bffbe7458
0001a3157ffbe7842
0001a3db7ffbe7842
0001a362bffbe7458
0001a3d7bffbe7843
0001a2a9bffbe7828
0001a3867ffbe7513
0001a39e3ffbe7550
0001a39e3ffbe76a2
0001a3867ffbe796b
0001a2a9bffbe74cf
0001a3d7bffbe769f
0001a362bffbe796e
0001a3db7ffbe74cf
0001a3157ffbe76a1
0001a2f1bffbe7959
0001a3e57ffbe7542
0001a35efffbe7587
0001a3b63ffbe757c
0001a3777ffbe798c
0001a3c23ffbe7618
0001a2a03ffbe7529
0001a3a7bffbe7995
0001a3883ffbe7632
0001a3b57ffbe7569
0001a360bffbe750f
0001a2babffbe78a4
0001a3e4fffbe77bd
0001a3587ffbe7464
0001a3e5bffbe78bf
0001a2f1bffbe77bb
0001a3157ffbe7464
0001a3db7ffbe78bf
0001a367fffbe77a6
0001a3a8bffbe7520
0001a38afffbe753a
0001a3a77ffbe7722
0001a2a03ffbe791f
0001a3c23ffbe7490
0001a3737ffbe772e
0001a3cafffbe7920
0001a33abffbe7490
0001a2d2fffbe772f
0001a3e97ffbe7907
0001a3553ffbe7522
0001a3e97ffbe757b
0001a2d2fffbe75ca
0001a33abffbe79a5
0001a3cafffbe7598
0001a3737ffbe7597
0001a3c23ffbe79b0
0001a2a03ffbe7597
0001a3a77ffbe7598
0001a38afffbe79a5
0001a3a8bffbe75ca
0001a367fffbe757b
0001a3db7ffbe7522
0001a3157ffbe7907
0001a2f1bffbe772f
0001a3e5bffbe7490
0001a3587ffbe7920
0001a3e4fffbe772e
0001a2babffbe7490
0001a360bffbe791f
0001a3b57ffbe7722
0001a3883ffbe753a
0001a3a7bffbe7520
0001a2a03ffbe77a6
0001a3c23ffbe78bf
0001a3737ffbe7464
0001a3cafffbe77bb
0001a33abffbe78bf
0001a2d2fffbe7464
0001a3e8fffbe77bd
0001a35bfffbe78a4
0001a3bebffbe750f
0001a367fffbe7569
0001a3d73ffbe7632
0001a2a9bffbe7995
0001a3867ffbe7529
0001a39e3ffbe7618
0001a39e3ffbe799c
0001a3867ffbe7529
0001a2a9bffbe7618
0001a3d7bffbe798c
0001a362bffbe757c
0001a3db7ffbe7587
0001a3157ffbe7542
0001a2f1bffbe7959
0001a3e5bffbe76a1
0001a3587ffbe74cf
0001a3e4fffbe796e
0001a2babffbe769f
0001a360bffbe74cf
0001a3b63ffbe796b
0001a3877ffbe76a2
0001a3877ffbe7550
0001a3b63ffbe7513
0001a360bffbe7828
0001a2babffbe7843
0001a3e4fffbe7458
0001a3587ffbe7842
0001a3e5bffbe7842
0001a2f1bffbe7458
0001a3157ffbe7843
0001a3db7ffbe7828
0001a362bffbe7513
0001a3d7bffbe7550
0001a2a9bffbe76a2
0001a3867ffbe796b
0001a39e3ffbe74cf
0001a39e3ffbe769f
0001a3867ffbe796e
0001a2a9bffbe74cf
0001a3d73ffbe76a1
0001a367fffbe7959
0001a3bebffbe7542
0001a35bfffbe7587
0001a3e8fffbe757c
0001a2d2fffbe798c
0001a33abffbe7618
0001a3cafffbe7529
0001a3737ffbe7995
0001a3c23ffbe7632
0001a2a03ffbe7569
0001a3a7bffbe750f
0001a3883ffbe78a4
0001a3b57ffbe77bd
0001a360bffbe7464
0001a2babffbe78bf
0001a3e4fffbe77bb
0001a3587ffbe7464
0001a3e5bffbe78bf
0001a2f1bffbe77a6
0001a3157ffbe7520
0001a3db7ffbe753a
0001a367fffbe7722
0001a3a8bffbe791f
0001a38afffbe7490
0001a3a77ffbe772e
0001a2a03ffbe7920
0001a3c23ffbe7490
0001a3737ffbe772f
0001a3cafffbe7907
0001a33abffbe7522
0001a2d2fffbe757b
0001a3e97ffbe75ca
0001a3553ffbe79a5
0001a3e97ffbe7598
0001a2d2fffbe7597
0001a33abffbe79b0
0001a3cafffbe7597
0001a3737ffbe7598
0001a3c23ffbe79a5
0001a2a03ffbe75ca
0001a3a77ffbe757b
0001a38afffbe7522
0001a3a8bffbe7907
0001a367fffbe772f
0001a3db7ffbe7490
0001a3157ffbe7920
0001a2f1bffbe772e
0001a3e5bffbe7490
0001a3587ffbe791f
0001a3e4fffbe7722
0001a2babffbe753a
0001a360bffbe7520
0001a3b57ffbe77a6
0001a3883ffbe78bf
0001a3a7bffbe7464
0001a2a03ffbe77bb
0001a3c23ffbe78bf
0001a3737ffbe7464
0001a3cafffbe77bd
0001a33abffbe78a4
0001a2d2fffbe750f
0001a3e8fffbe7569
0001a35bfffbe7632
0001a3bebffbe7995
0001a367fffbe7529
0001a3d73ffbe7618
0001a2a9bffbe799c
0001a3867ffbe7529
0001a39e3ffbe7618
0001a39e3ffbe798c
0001a3867ffbe757c
0001a2a9bffbe7587
0001a3d7bffbe7542
0001a362bffbe7959
0001a3db7ffbe76a1
0001a3157ffbe74cf
0001a2f1bffbe796e
0001a3e5bffbe769f
0001a3587ffbe74cf
0001a3e4fffbe796b
0001a2babffbe76a2
0001a360bffbe7550
0001a3b63ffbe7513
0001a3877ffbe7828
0001a3877ffbe7843
0001a3b63ffbe7458
0001a360bffbe7842
0001a2babffbe7842
0001a3e4fffbe7458
0001a3587ffbe7843
0001a3e5bffbe7828
0001a2f1bffbe7513
0001a3157ffbe7550
0001a3db7ffbe76a2
0001a362bffbe796b
0001a3d7bffbe74cf
0001a2a9bffbe769f
0001a3867ffbe796e
0001a39e3ffbe74cf
0001a39e3ffbe76a1
0001a3867ffbe7959
0001a2a9bffbe7542
0001a3d73ffbe7587
0001a367fffbe757c
0001a3bebffbe798c
0001a35bfffbe7618
0001a3e8fffbe7529
0001a2d2fffbe799c
0001a33abffbe7618
0001a3cafffbe7529
0001a3737ffbe7995
0001a3c23ffbe7632
0001a2a03ffbe7569
0001a3a7bffbe750f
0001a3883ffbe78a4
0001a3b57ffbe77bd
0001a360bffbe7464
0001a2babffbe78bf
0001a3e4fffbe77a6
0001a3587ffbe7520
0001a3e5bffbe753a
0001a2f1bffbe7722
0001a3157ffbe791f
0001a3db7ffbe7490
0001a367fffbe772e
0001a3a8bffbe7920
0001a38afffbe7490
0001a3a77ffbe772f
0001a2a03ffbe7907
0001a3c23ffbe7522
0001a3737ffbe757b
0001a3cafffbe75ca
0001a33abffbe79a5
0001a2d2fffbe7598
0001a3e97ffbe7597
0001a3553ffbe79b0
0001a3e97ffbe7597
0001a2d2fffbe7598
0001a33abffbe79a5
0001a3cafffbe75ca
0001a3737ffbe757b
0001a3c23ffbe7522
0001a2a03ffbe7907
0001a3a77ffbe772f
0001a38afffbe7490
0001a3a8bffbe7920
0001a367fffbe772e
0001a3db7ffbe7490
0001a3157ffbe791f
0001a2f1bffbe7722
0001a3e5bffbe753a
0001a3587ffbe7520
0001a3e4fffbe77a6
0001a2babffbe78bf
0001a360bffbe7464
0001a3b57ffbe77bb
0001a3883ffbe78bf
0001a3a7bffbe7464
0001a2a03ffbe77bd
0001a3c23ffbe78a4
0001a3737ffbe750f
0001a3cafffbe7569
0001a33abffbe7632
0001a2d2fffbe7995
0001a3e8fffbe7529
0001a35bfffbe7618
0001a3bebffbe799c
0001a367fffbe7529
0001a3d73ffbe7618
0001a2a9bffbe798c
0001a3867ffbe757c
0001a39e3ffbe7587
0001a39e3ffbe7542
0001a3867ffbe7959
0001a2a9bffbe76a1
0001a3d7bffbe74cf
0001a362bffbe796e
0001a3db7ffbe769f
0001a3157ffbe74cf
0001a2f1bffbe796b
0001a3e5bffbe76a2
0001a3587ffbe7550
0001a3e4fffbe7513
0001a2babffbe7828
0001a360bffbe7843
0001a3b63ffbe7458
0001a3877ffbe7842
0001a3877ffbe7842
0001a3b63ffbe7458
0001a360bffbe7843
0001a2babffbe7828
0001a3e4fffbe7513
0001a3587ffbe7550
0001a3e5bffbe76a2
0001a2f1bffbe796b
0001a3157ffbe74cf
0001a3db7ffbe769f
0001a362bffbe796e
0001a3d7bffbe74cf
0001a2a9bffbe76a1
0001a3867ffbe7959
0001a39e3ffbe7542
0001a39e3ffbe7587
0001a3867ffbe757c
0001a2a9bffbe798c
0001a3d73ffbe7618
0001a367fffbe7529
0001a3bebffbe799c
0001a35bfffbe7618
0001a3e8fffbe7529
0001a2d2fffbe7995
0001a33abffbe7632
0001a3cafffbe7569
0001a3737ffbe750f
0001a3c23ffbe78a4
0001a2a03ffbe77bd
0001a3a7bffbe7464
0001a3883ffbe78bf
0001a3b57ffbe77a6
0001a360bffbe7520
0001a2babffbe753a
0001a3e4fffbe7722
0001a3587ffbe791f
0001a3e5bffbe7490
0001a2f1bffbe772e
0001a3157ffbe7920
0001a3db7ffbe7490
0001a367fffbe772f
0001a3a8bffbe7907
0001a38afffbe7522
0001a3a77ffbe757b
0001a2a03ffbe75ca
0001a3c23ffbe79a5
0001a3737ffbe7598
0001a3cafffbe7597
0001a33abffbe79b0
0001a2d2fffbe7597
0001a3e97ffbe7598
0001a3553ffbe79a5
0001a3e97ffbe75ca
0001a2d2fffbe757b
0001a33abffbe7522
0001a3cafffbe7907
0001a3737ffbe772f
0001a3c23ffbe7490
0001a2a03ffbe7920
0001a3a77ffbe772e
0001a38afffbe7490
0001a3a8bffbe791f
0001a367fffbe7722
0001a3db7ffbe753a
0001a3157ffbe7520
0001a2f1bffbe77a6
0001a3e5bffbe78bf
0001a3587ffbe7464
0001a3e4fffbe77bb
0001a2babffbe78bf
0001a360bffbe7464
0001a3b57ffbe77bd
0001a3883ffbe78a4
0001a3a7bffbe750f
0001a2a03ffbe7569
0001a3c23ffbe7632
0001a3737ffbe7995
0001a3cafffbe7529
0001a33abffbe7618
0001a2d2fffbe799c
0001a3e8fffbe7529
0001a35bfffbe7618
0001a3bebffbe798c
0001a367fffbe757c
0001a3d73ffbe7587
0001a2a9bffbe7542
0001a3867ffbe7959
0001a39e3ffbe76a1
0001a39e3ffbe74cf
0001a3867ffbe796e
0001a2a9bffbe769f
0001a3d7bffbe74cf
0001a362bffbe796b
0001a3db7ffbe76a2
0001a3157ffbe7550
0001a2f1bffbe7513
0001a3e5bffbe7828
0001a3587ffbe7843
0001a3e4fffbe7458
0001a2babffbe7842
0001a360bffbe7842
0001a3b63ffbe7458
0001a3877ffbe7843
0001a3877ffbe7828
0001a3b63ffbe7513
0001a360bffbe7550
0001a2babffbe76a2
0001a3e4fffbe796b
0001a3587ffbe74cf
0001a3e5bffbe769f
0001a2f1bffbe796e
0001a3157ffbe74cf
0001a3db7ffbe76a1
0001a362bffbe7959
0001a3d7bffbe7542
0001a2a9bffbe7587
0001a3867ffbe757c
0001a39e3ffbe798c
0001a39e3ffbe7618
0001a3867ffbe7529
0001a2a9bffbe799c
0001a3d73ffbe7618
0001a367fffbe7529
0001a3bebffbe7995
0001a35bfffbe7632
0001a3e8fffbe7569
0001a2d2fffbe750f
0001a33abffbe78a4
0001a3cafffbe77bd
0001a3737ffbe7464
0001a3c23ffbe78bf
0001a2a03ffbe77a6
0001a3a7bffbe7520
0001a3883ffbe753a
0001a3b57ffbe7722
0001a360bffbe791f
0001a2babffbe7490
0001a3e4fffbe772e
0001a3587ffbe7920
0001a3e5bffbe7490
0001a2f1bffbe772f
0001a3157ffbe7907
0001a3db7ffbe7522
0001a367fffbe757b
0001a3a8bffbe75ca
0001a38afffbe79a5
0001a3a77ffbe7598
0001a2a03ffbe7597
0001a3c23ffbe79b0
0001a3737ffbe7597
0001a3cafffbe7598
0001a33abffbe79a5
0001a2d2fffbe75ca
0001a3e97ffbe757b
0001a3553ffbe7522
0001a3e97ffbe7907
0001a2d2fffbe772f
0001a33abffbe7490
0001a3cafffbe7920
0001a3737ffbe772e
0001a3c23ffbe7490
0001a2a03ffbe791f
0001a3a77ffbe7722
0001a38afffbe753a
0001a3a8bffbe7520
0001a367fffbe77a6
0001a3db7ffbe78bf
0001a3157ffbe7464
0001a2f1bffbe77bb
0001a3e5bffbe78bf
0001a3587ffbe7464
0001a3e4fffbe77bd
0001a2babffbe78a4
0001a360bffbe750f
0001a3b57ffbe7569
0001a3883ffbe7632
0001a3a7bffbe7995
0001a2a03ffbe7529
0001a3c23ffbe7618
0001a3737ffbe799c
0001a3cafffbe7529
0001a33abffbe7618
0001a2d2fffbe798c
0001a3e8fffbe757c
0001a35bfffbe7587
0001a3bebffbe7542
0001a367fffbe7959
0001a3d73ffbe76a1
0001a2a9bffbe74cf
0001a3867ffbe796e
0001a39e3ffbe769f
0001a39e3ffbe74cf
0001a3867ffbe796b
0001a2a9bffbe76a2
0001a3d7bffbe7550
0001a362bffbe7513
0001a3db7ffbe7828
0001a3157ffbe7843
0001a2f1bffbe7458
0001a3e5bffbe7842
0001a3587ffbe7842
0001a3e4fffbe7458
0001a2babffbe7843
0001a360bffbe7828
0001a3b63ffbe7513
0001a3877ffbe7550
0001a3877ffbe76a2
0001a3b63ffbe796b
0001a360bffbe74cf
0001a2babffbe769f
0001a3e4fffbe796e
0001a3587ffbe74cf
0001a3e5bffbe76a1
0001a2f1bffbe7959
0001a3157ffbe7542
0001a3db7ffbe7587
0001a362bffbe757c
0001a3d7bffbe798c
0001a2a9bffbe7618
0001a3867ffbe7529
0001a39ffffbe7995
0001a397bffbe7632
0001a3767ffbe7569
0001a3cb3ffbe750f
0001a33abffbe78a4
0001a2d2fffbe77bd
0001a3e97ffbe7464
0001a3553ffbe78bf
0001a3e97ffbe77bb
0001a2d2fffbe7464
0001a33abffbe78bf
0001a3cafffbe77a6
0001a3737ffbe7520
0001a3c23ffbe753a
0001a2a03ffbe7722
0001a3a7bffbe791f
0001a3883ffbe7490
0001a3b57ffbe772e
0001a360bffbe7920
0001a2babffbe7490
0001a3e4bffbe772f
0001a35ebffbe7907
0001a3c13ffbe7522
0001a35ebffbe757b
0001a3e4bffbe75ca
0001a2babffbe79a5
0001a360bffbe7598
0001a3b57ffbe7597
0001a3883ffbe79b0
0001a3a7bffbe7597
0001a2a03ffbe7598
0001a3c23ffbe79a5
0001a3737ffbe75ca
0001a3cafffbe757b
0001a33abffbe7522
0001a2d2fffbe7907
0001a3e97ffbe772f
0001a3553ffbe7490
0001a3e97ffbe7920
0001a2d2fffbe772e
0001a33abffbe7490
0001a3cb3ffbe791f
0001a3767ffbe7722
0001a397bffbe753a
0001a39ffffbe7520
0001a3867ffbe77a6
0001a2a9bffbe78bf
0001a3d7bffbe7464
0001a362bffbe77bb
0001a3db7ffbe78bf
0001a3157ffbe7464
0001a2f1bffbe77bd
0001a3e5bffbe78a4
0001a3587ffbe750f
0001a3e4fffbe7569
0001a2babffbe7632
0001a360bffbe7995
0001a3b57ffbe7529
0001a3883ffbe7618
0001a3a7bffbe799c
0001a2a03ffbe7529
0001a3c23ffbe7618
0001a3777ffbe798c
0001a3b63ffbe757c
0001a35efffbe7587
0001a3e57ffbe7542
0001a2f1bffbe7959
0001a3157ffbe76a1
0001a3db7ffbe74cf
0001a362bffbe796e
0001a3d7bffbe769f
0001a2a9bffbe74cf
0001a3867ffbe796b
0001a39e3ffbe76a2
0001a39e3ffbe7550
0001a3867ffbe7513
0001a2a9bffbe7828
0001a3d7bffbe7843
0001a362bffbe7458
0001a3db7ffbe7842
0001a3157ffbe7842
0001a2f1bffbe7458
0001a3e57ffbe7843
0001a35efffbe7828
0001a3b63ffbe7513
0001a3777ffbe7550
0001a3c23ffbe76a2
0001a2a03ffbe796b
0001a3a7bffbe74cf
0001a3883ffbe769f
0001a3b57ffbe796e
0001a360bffbe74cf
0001a2babffbe76a1
0001a3e4fffbe7959
0001a3587ffbe7542
0001a3e5bffbe7587
0001a2f1bffbe757c
0001a3157ffbe798c
0001a3db7ffbe7618
0001a362bffbe7529
0001a3d7bffbe7995
0001a2a9bffbe7632
0001a3867ffbe7569
0001a39ffffbe750f
0001a397bffbe78a4
0001a3767ffbe77bd
0001a3cb3ffbe7464
0001a33abffbe78bf
0001a2d2fffbe77bb
0001a3e97ffbe7464
0001a3553ffbe78bf
0001a3e97ffbe77a6
0001a2d2fffbe7520
0001a33abffbe753a
0001a3cafffbe7722
0001a3737ffbe791f
0001a3c23ffbe7490
0001a2a03ffbe772e
0001a3a7bffbe7920
0001a3883ffbe7490
0001a3b57ffbe772f
0001a360bffbe7907
0001a2babffbe7522
0001a3e4bffbe757b
0001a35ebffbe75ca
0001a3c13ffbe79a5
0001a35ebffbe7598
0001a3e4bffbe7597
0001a2babffbe79b0
0001a360bffbe7597
0001a3b57ffbe7598
0001a3883ffbe79a5
0001a3a7bffbe75ca
0001a2a03ffbe757b
0001a3c23ffbe7522
0001a3737ffbe7907
0001a3cafffbe772f
0001a33abffbe7490
0001a2d2fffbe7920
0001a3e97ffbe772e
0001a3553ffbe7490
0001a3e97ffbe791f
0001a2d2fffbe7722
0001a33abffbe753a
0001a3cb3ffbe7520
0001a3767ffbe77a6
0001a397bffbe78bf
0001a39ffffbe7464
0001a3867ffbe77bb
0001a2a9bffbe78bf
0001a3d7bffbe7464
0001a362bffbe77bd
0001a3db7ffbe78a4
0001a3157ffbe750f
0001a2f1bffbe7569
0001a3e5bffbe7632
0001a3587ffbe7995
0001a3e4fffbe7529
0001a2babffbe7618
0001a360bffbe799c
0001a3b57ffbe7529
0001a3883ffbe7618
0001a3a7bffbe798c
0001a2a03ffbe757c
0001a3c23ffbe7587
0001a3777ffbe7542
0001a3b63ffbe7959
0001a35efffbe76a1
0001a3e57ffbe74cf
0001a2f1bffbe796e
0001a3157ffbe769f
0001a3db7ffbe74cf
0001a362bffbe796b
0001a3d7bffbe76a2
0001a2a9bffbe7550
0001a3867ffbe7513
0001a39e3ffbe7828
0001a39e3ffbe7843
0001a3867ffbe7458
0001a2a9bffbe7842
0001a3d7bffbe7842
0001a362bffbe7458
0001a3db7ffbe7843
0001a3157ffbe7828
0001a2f1bffbe7513
0001a3e57ffbe7550
0001a35efffbe76a2
0001a3b63ffbe796b
0001a3777ffbe74cf
0001a3c23ffbe769f
0001a2a03ffbe796e
0001a3a7bffbe74cf
0001a3883ffbe76a1
0001a3b57ffbe7959
0001a360bffbe7542
0001a2babffbe7587
0001a3e4fffbe757c
0001a3587ffbe798c
0001a3e5bffbe7618
0001a2f1bffbe7529
0001a3157ffbe7995
0001a3db7ffbe7632
0001a362bffbe7569
0001a3d7bffbe750f
0001a2a9bffbe78a4
0001a3867ffbe77bd
0001a39ffffbe7464
0001a397bffbe78bf
0001a3767ffbe77bb
0001a3cb3ffbe7464
0001a33abffbe78bf
0001a2d2fffbe77a6
0001a3e97ffbe7520
0001a3553ffbe753a
0001a3e97ffbe7722
0001a2d2fffbe791f
0001a33abffbe7490
0001a3cafffbe772e
0001a3737ffbe7920
0001a3c23ffbe7490
0001a2a03ffbe772f
0001a3a7bffbe7907
0001a3883ffbe7522
0001a3b57ffbe757b
0001a360bffbe75ca
0001a2babffbe79a5
0001a3e4bffbe7598
0001a35ebffbe7597
0001a3c13ffbe79b0
0001a35ebffbe7597
0001a3e4bffbe7598
0001a2babffbe79a5
0001a360bffbe75ca
0001a3b57ffbe757b
0001a3883ffbe7522
0001a3a7bffbe7907
0001a2a03ffbe772f
0001a3c23ffbe7490
0001a3737ffbe7920
0001a3cafffbe772e
0001a33abffbe7490
0001a2d2fffbe791f
0001a3e97ffbe7722
0001a3553ffbe753a
0001a3e97ffbe7520
0001a2d2fffbe77a6
0001a33abffbe78bf
0001a3cb3ffbe7464
0001a3767ffbe77bb
0001a397bffbe78bf
0001a39ffffbe7464
0001a3867ffbe77bd
0001a2a9bffbe78a4
0001a3d7bffbe750f
0001a362bffbe7569
0001a3db7ffbe7632
0001a3157ffbe7995
0001a2f1bffbe7529
0001a3e5bffbe7618
0001a3587ffbe799c
0001a3e4fffbe7529
0001a2babffbe7618
0001a360bffbe798c
0001a3b57ffbe757c
0001a3883ffbe7587
0001a3a7bffbe7542
0001a2a03ffbe7959
0001a3c23ffbe76a1
0001a3777ffbe74cf
0001a3b63ffbe796e
0001a35efffbe769f
0001a3e57ffbe74cf
0001a2f1bffbe796b
0001a3157ffbe76a2
0001a3db7ffbe7550
0001a362bffbe7513
0001a3d7bffbe7828
0001a2a9bffbe7843
0001a3867ffbe7458
0001a39e3ffbe7842
0001a39e3ffbe7842
0001a3867ffbe7458
0001a2a9bffbe7843
0001a3d7bffbe7828
0001a362bffbe7513
0001a3db7ffbe7550
0001a3157ffbe76a2
0001a2f1bffbe796b
0001a3e57ffbe74cf
0001a35efffbe769f
0001a3b63ffbe796e
0001a3777ffbe74cf
0001a3c23ffbe76a1
0001a2a03ffbe7959
0001a3a7bffbe7542
0001a3883ffbe7587
0001a3b57ffbe757c
0001a360bffbe798c
0001a2babffbe7618
0001a3e4fffbe7529
0001a3587ffbe7995
0001a3e5bffbe7632
0001a2f1bffbe7569
0001a3157ffbe750f
0001a3db7ffbe78a4
0001a362bffbe77bd
0001a3d7bffbe7464
0001a2a9bffbe78bf
0001a3867ffbe77bb
0001a39ffffbe7464
0001a397bffbe78bf
0001a3767ffbe77a6
0001a3cb3ffbe7520
0001a33abffbe753a
0001a2d2fffbe7722
0001a3e97ffbe791f
0001a3553ffbe7490
0001a3e97ffbe772e
0001a2d2fffbe7920
0001a33abffbe7490
0001a3cafffbe772f
0001a3737ffbe7907
0001a3c23ffbe7522
0001a2a03ffbe757b
0001a3a7bffbe75ca
0001a3883ffbe79a5
0001a3b57ffbe7598
0001a360bffbe7597
0001a2babffbe79b0
0001a3e4bffbe7597
0001a35ebffbe7598
0001a3c13ffbe79a5
0001a35ebffbe75ca
0001a3e4bffbe757b
0001a2babffbe7522
0001a360bffbe7907
0001a3b57ffbe772f
0001a3883ffbe7490
0001a3a7bffbe7920
0001a2a03ffbe772e
0001a3c23ffbe7490
0001a3737ffbe791f
0001a3cafffbe7722
0001a33abffbe753a
0001a2d2fffbe7520
0001a3e97ffbe77a6
0001a3553ffbe78bf
0001a3e97ffbe7464
0001a2d2fffbe77bb
0001a33abffbe78bf
0001a3cb3ffbe7464
0001a3767ffbe77bd
0001a397bffbe78a4
0001a39ffffbe750f
0001a3867ffbe7569
0001a2a9bffbe7632
0001a3d7bffbe7995
0001a362bffbe7529
0001a3db7ffbe7618
0001a3157ffbe799c
0001a2f1bffbe7529
0001a3e5bffbe7618
0001a3587ffbe798c
0001a3e4fffbe757c
0001a2babffbe7587
0001a360bffbe7542
0001a3b57ffbe7959
0001a3883ffbe76a1
0001a3a7bffbe74cf
0001a2a03ffbe796e
0001a3c23ffbe769f
0001a3777ffbe74cf
0001a3b63ffbe796b
0001a35efffbe76a2
0001a3e57ffbe7550
0001a2f1bffbe7513
0001a3157ffbe7828
0001a3db7ffbe7843
0001a362bffbe7458
0001a3d7bffbe7842
0001a2a9bffbe7842
0001a3867ffbe7458
0001a39e3ffbe7843
0001a39e3ffbe7828
0001a3867ffbe7513
0001a2a9bffbe7550
0001a3d7bffbe76a2
0001a362bffbe796b
0001a3db7ffbe74cf
0001a3157ffbe769f
0001a2f1bffbe796e
0001a3e57ffbe74cf
0001a35efffbe76a1
0001a3b63ffbe7959
0001a3777ffbe7542
0001a3c23ffbe7587
0001a2a03ffbe757c
0001a3a7bffbe798c
0001a3883ffbe7618
0001a3b57ffbe7529
0001a360bffbe7995
0001a2babffbe7632
0001a3e4fffbe7569
0001a3587ffbe750f
0001a3e5bffbe78a4
0001a2f1bffbe77bd
0001a3157ffbe7464
0001a3db7ffbe78bf
0001a362bffbe77bb
0001a3d7bffbe7464
0001a2a9bffbe78bf
0001a3867ffbe77a6
0001a39ffffbe7520
0001a397bffbe753a
0001a3767ffbe7722
0001a3cb3ffbe791f
0001a33abffbe7490
0001a2d2fffbe772e
0001a3e97ffbe7920
0001a3553ffbe7490
0001a3e97ffbe772f
0001a2d2fffbe7907
0001a33abffbe7522
0001a3cafffbe757b
0001a3737ffbe75ca
0001a3c23ffbe79a5
0001a2a03ffbe7598
0001a3a7bffbe7597
0001a3883ffbe79b0
0001a3b57ffbe7597
0001a360bffbe7598
0001a2babffbe79a5
0001a3e4bffbe75ca
0001a35ebffbe757b
0001a3c13ffbe7522
0001a35ebffbe7907
0001a3e4bffbe772f
0001a2babffbe7490
0001a360bffbe7920
0001a3b57ffbe772e
0001a3883ffbe7490
0001a3a7bffbe791f
0001a2a03ffbe7722
0001a3c23ffbe753a
0001a3737ffbe7520
0001a3cafffbe77a6
0001a33abffbe78bf
0001a2d2fffbe7464
0001a3e97ffbe77bb
0001a3553ffbe78bf
0001a3e97ffbe7464
0001a2d2fffbe77bd
0001a33abffbe78a4
0001a3cb3ffbe750f
0001a3767ffbe7569
0001a397bffbe7632
0001a39ffffbe7995
0001a3867ffbe7529
0001a2a9bffbe7618
0001a3d7bffbe799c
0001a362bffbe7529
0001a3db7ffbe7618
0001a3157ffbe798c
0001a2f1bffbe757c
0001a3e5bffbe7587
0001a3587ffbe7542
0001a3e4fffbe7959
0001a2babffbe76a1
0001a360bffbe74cf
0001a3b57ffbe796e
0001a3883ffbe769f
0001a3a7bffbe74cf
0001a2a03ffbe796b
0001a3c23ffbe76a2
0001a3777ffbe7550
0001a3b63ffbe7513
0001a35efffbe7828
0001a3e57ffbe7843
0001a2f1bffbe7458
0001a3157ffbe7842
0001a3db7ffbe7842
0001a362bffbe7458
0001a3d7bffbe7843
0001a2a9bffbe7828
0001a3867ffbe7513
0001a39e3ffbe7550
0001a39e3ffbe76a2
0001a3867ffbe796b
0001a2a9bffbe74cf
0001a3d7bffbe769f
0001a362bffbe796e
0001a3db7ffbe74cf
0001a3157ffbe76a1
0001a2f1bffbe7959
0001a3e57ffbe7542
0001a35efffbe7587
0001a3b63ffbe757c
0001a3777ffbe798c
0001a3c23ffbe7618
0001a2a03ffbe7529
0001a3a7bffbe7995
0001a3883ffbe7632
0001a3b57ffbe7569
0001a360bffbe750f
0001a2babffbe78a4
0001a3e4fffbe77bd
0001a3587ffbe7464
0001a3e5bffbe78bf
0001a2f1bffbe77bb
0001a3157ffbe7464
0001a3db7ffbe78bf
0001a367fffbe77a6
0001a3a8bffbe7520
0001a38afffbe753a
0001a3a77ffbe7722
0001a2a03ffbe791f
0001a3c23ffbe7490
0001a3737ffbe772e
0001a3cafffbe7920
0001a33abffbe7490
0001a2d2fffbe772f
0001a3e97ffbe7907
0001a3553ffbe7522
0001a3e97ffbe757b
0001a2d2fffbe75ca
0001a33abffbe79a5
0001a3cafffbe7598
0001a3737ffbe7597
0001a3c23ffbe79b0
0001a2a03ffbe7597
0001a3a77ffbe7598
0001a38afffbe79a5
0001a3a8bffbe75ca
0001a367fffbe757b
0001a3db7ffbe7522
0001a3157ffbe7907
0001a2f1bffbe772f
0001a3e5bffbe7490
0001a3587ffbe7920
0001a3e4fffbe772e
0001a2babffbe7490
0001a360bffbe791f
0001a3b57ffbe7722
0001a3883ffbe753a
0001a3a7bffbe7520
0001a2a03ffbe77a6
0001a3c23ffbe78bf
0001a3737ffbe7464
0001a3cafffbe77bb
0001a33abffbe78bf
0001a2d2fffbe7464
0001a3e8fffbe77bd
0001a35bfffbe78a4
0001a3bebffbe750f
0001a367fffbe7569
0001a3d73ffbe7632
0001a2a9bffbe7995
0001a3867ffbe7529
0001a39e3ffbe7618
0001a39e3ffbe799c
0001a3867ffbe7529
0001a2a9bffbe7618
0001a3d7bffbe798c
0001a362bffbe757c
0001a3db7ffbe7587
0001a3157ffbe7542
0001a2f1bffbe7959
0001a3e5bffbe76a1
0001a3587ffbe74cf
0001a3e4fffbe796e
0001a2babffbe769f
0001a360bffbe74cf
0001a3b63ffbe796b
0001a3877ffbe76a2
0001a3877ffbe7550
0001a3b63ffbe7513
0001a360bffbe7828
0001a2babffbe7843
0001a3e4fffbe7458
0001a3587ffbe7842
0001a3e5bffbe7842
0001a2f1bffbe7458
0001a3157ffbe7843
0001a3db7ffbe7828
0001a362bffbe7513
0001a3d7bffbe7550
0001a2a9bffbe76a2
0001a3867ffbe796b
0001a39e3ffbe74cf
0001a39e3ffbe769f
0001a3867ffbe796e
0001a2a9bffbe74cf
0001a3d73ffbe76a1
0001a367fffbe7959
0001a3bebffbe7542
0001a35bfffbe7587
0001a3e8fffbe757c
0001a2d2fffbe798c
0001a33abffbe7618
0001a3cafffbe7529
0001a3737ffbe7995
0001a3c23ffbe7632
0001a2a03ffbe7569
0001a3a7bffbe750f
0001a3883ffbe78a4
0001a3b57ffbe77bd
0001a360bffbe7464
0001a2babffbe78bf
0001a3e4fffbe77bb
0001a3587ffbe7464
0001a3e5bffbe78bf
0001a2f1bffbe77a6
0001a3157ffbe7520
0001a3db7ffbe753a
0001a367fffbe7722
0001a3a8bffbe791f
0001a38afffbe7490
0001a3a77ffbe772e
0001a2a03ffbe7920
0001a3c23ffbe7490
0001a3737ffbe772f
0001a3cafffbe7907
0001a33abffbe7522
0001a2d2fffbe757b
0001a3e97ffbe75ca
0001a3553ffbe79a5
0001a3e97ffbe7598
0001a2d2fffbe7597
0001a33abffbe79b0
0001a3cafffbe7597
0001a3737ffbe7598
0001a3c23ffbe79a5
0001a2a03ffbe75ca
0001a3a77ffbe757b
0001a38afffbe7522
0001a3a8bffbe7907
0001a367fffbe772f
0001a3db7ffbe7490
0001a3157ffbe7920
0001a2f1bffbe772e
0001a3e5bffbe7490
0001a3587ffbe791f
0001a3e4fffbe7722
0001a2babffbe753a
0001a360bffbe7520
0001a3b57ffbe77a6
0001a3883ffbe78bf
0001a3a7bffbe7464
0001a2a03ffbe77bb
0001a3c23ffbe78bf
0001a3737ffbe7464
0001a3cafffbe77bd
0001a33abffbe78a4
0001a2d2fffbe750f
0001a3e8fffbe7569
0001a35bfffbe7632
0001a3bebffbe7995
0001a367fffbe7529
0001a3d73ffbe7618
0001a2a9bffbe799c
0001a3867ffbe7529
0001a39e3ffbe7618
0001a39e3ffbe798c
0001a3867ffbe757c
0001a2a9bffbe7587
0001a3d7bffbe7542
0001a362bffbe7959
0001a3db7ffbe76a1
0001a3157ffbe74cf
0001a2f1bffbe796e
0001a3e5bffbe769f
0001a3587ffbe74cf
0001a3e4fffbe796b
0001a2babffbe76a2
0001a360bffbe7550
0001a3b63ffbe7513
0001a3877ffbe7828
0001a3877ffbe7843
0001a3b63ffbe7458
0001a360bffbe7842
0001a2babffbe7842
0001a3e4fffbe7458
0001a3587ffbe7843
0001a3e5bffbe7828
0001a2f1bffbe7513
0001a3157ffbe7550
0001a3db7ffbe76a2
0001a362bffbe796b
0001a3d7bffbe74cf
0001a2a9bffbe769f
0001a3867ffbe796e
0001a39e3ffbe74cf
0001a39e3ffbe76a1
0001a3867ffbe7959
0001a2a9bffbe7542
0001a3d73ffbe7587
0001a367fffbe757c
0001a3bebffbe798c
0001a35bfffbe7618
0001a3e8fffbe7529
0001a2d2fffbe7995
0001a33abffbe7632
0001a3cafffbe7569
0001a3737ffbe750f
0001a3c23ffbe78a4
0001a2a03ffbe77bd
0001a3a7bffbe7464
0001a3883ffbe78bf
0001a3b57ffbe77bb
0001a360bffbe7464
0001a2babffbe78bf
0001a3e4fffbe77a6
0001a3587ffbe7520
0001a3e5bffbe753a
0001a2f1bffbe7722
0001a3157ffbe791f
0001a3db7ffbe7490
0001a367fffbe772e
0001a3a8bffbe7920
0001a38afffbe7490
0001a3a77ffbe772f
0001a2a03ffbe7907
0001a3c23ffbe7522
0001a3737ffbe757b
0001a3cafffbe75ca
0001a33abffbe79a5
0001a2d2fffbe7598
0001a3e97ffbe7597
0001a3553ffbe79b0
0001a3e97ffbe7597
0001a2d2fffbe7598
0001a33abffbe79a5
0001a3cafffbe75ca
0001a3737ffbe757b
0001a3c23ffbe7522
0001a2a03ffbe7907
0001a3a77ffbe772f
0001a38afffbe7490
0001a3a8bffbe7920
0001a367fffbe772e
0001a3db7ffbe7490
0001a3157ffbe791f
0001a2f1bffbe7722
0001a3e5bffbe753a
0001a3587ffbe7520
0001a3e4fffbe77a6
0001a2babffbe78bf
0001a360bffbe7464
0001a3b57ffbe77bb
0001a3883ffbe78bf
0001a3a7bffbe7464
0001a2a03ffbe77bd
0001a3c23ffbe78a4
0001a3737ffbe750f
0001a3cafffbe7569
0001a33abffbe7632
0001a2d2fffbe7995
0001a3e8fffbe7529
0001a35bfffbe7618
0001a3bebffbe799c
0001a367fffbe7529
0001a3d73ffbe7618
0001a2a9bffbe798c
0001a3867ffbe757c
0001a39e3ffbe7587
0001a39e3ffbe7542
0001a3867ffbe7959
0001a2a9bffbe76a1
0001a3d7bffbe74cf
0001a362bffbe796e
0001a3db7ffbe769f
0001a3157ffbe74cf
0001a2f1bffbe796b
0001a3e5bffbe76a2
0001a3587ffbe7550
0001a3e4fffbe7513
0001a2babffbe7828
0001a360bffbe7843
0001a3b63ffbe7458
0001a3877ffbe7842
0001a3877ffbe7842
0001a3b63ffbe7458
0001a360bffbe7843
0001a2babffbe7828
0001a3e4fffbe7513
0001a3587ffbe7550
0001a3e5bffbe76a2
0001a2f1bffbe796b
0001a3157ffbe74cf
0001a3db7ffbe769f
0001a362bffbe796e
0001a3d7bffbe74cf
0001a2a9bffbe76a1
0001a3867ffbe7959
0001a39e3ffbe7542
0001a39e3ffbe7587
0001a3867ffbe757c
0001a2a9bffbe798c
0001a3d73ffbe7618
0001a367fffbe7529
0001a3bebffbe7995
0001a35bfffbe7632
0001a3e8fffbe7569
0001a2d2fffbe750f
0001a33abffbe78a4
0001a3cafffbe77bd
0001a3737ffbe7464
0001a3c23ffbe78bf
0001a2a03ffbe77bb
0001a3a7bffbe7464
0001a3883ffbe78bf
0001a3b57ffbe77a6
0001a360bffbe7520
0001a2babffbe753a
0001a3e4fffbe7722
0001a3587ffbe791f
0001a3e5bffbe7490
0001a2f1bffbe772e
0001a3157ffbe7920
0001a3db7ffbe7490
0001a367fffbe772f
0001a3a8bffbe7907
0001a38afffbe7522
0001a3a77ffbe757b
0001a2a03ffbe75ca
0001a3c23ffbe79a5
0001a3737ffbe7598
0001a3cafffbe7597
0001a33abffbe79b0
0001a2d2fffbe7597
0001a3e97ffbe7598
0001a3553ffbe79a5
0001a3e97ffbe75ca
0001a2d2fffbe757b
0001a33abffbe7522
0001a3cafffbe7907
0001a3737ffbe772f
0001a3c23ffbe7490
0001a2a03ffbe7920
0001a3a77ffbe772e
0001a38afffbe7490
0001a3a8bffbe791f
0001a367fffbe7722
0001a3db7ffbe753a
0001a3157ffbe7520
0001a2f1bffbe77a6
0001a3e5bffbe78bf
0001a3587ffbe7464
0001a3e4fffbe77bb
0001a2babffbe78bf
0001a360bffbe7464
0001a3b57ffbe77bd
0001a3883ffbe78a4
0001a3a7bffbe750f
0001a2a03ffbe7569
0001a3c23ffbe7632
0001a3737ffbe7995
0001a3cafffbe7529
0001a33abffbe7618
0001a2d2fffbe799c
0001a3e8fffbe7529
0001a35bfffbe7618
0001a3bebffbe798c
0001a367fffbe757c
0001a3d73ffbe7587
0001a2a9bffbe7542
0001a3867ffbe7959
0001a39e3ffbe76a1
0001a39e3ffbe74cf
0001a3867ffbe796e
0001a2a9bffbe769f
0001a3d7bffbe74cf
0001a362bffbe796b
0001a3db7ffbe76a2
0001a3157ffbe7550
0001a2f1bffbe7513
0001a3e5bffbe7828
0001a3587ffbe7843
0001a3e4fffbe7458
0001a2babffbe7842
0001a360bffbe7842
0001a3b63ffbe7458
0001a3877ffbe7843
0001a3877ffbe7828
0001a3b63ffbe7513
0001a360bffbe7550
0001a2babffbe76a2
0001a3e4fffbe796b
0001a3587ffbe74cf
0001a3e5bffbe769f
0001a2f1bffbe796e
0001a3157ffbe74cf
0001a3db7ffbe76a1
0001a362bffbe7959
0001a3d7bffbe7542
0001a2a9bffbe7587
0001a3867ffbe757c
0001a39e3ffbe798c
0001a39e3ffbe7618
0001a3867ffbe7529
0001a2a9bffbe7995
0001a3d73ffbe7632
0001a367fffbe7569
0001a3bebffbe750f
0001a35bfffbe78a4
0001a3e8fffbe77bd
0001a2d2fffbe7464
0001a33abffbe78bf
0001a3cafffbe77bb
0001a3737ffbe7464
0001a3c23ffbe78bf
0001a2a03ffbe77a6
0001a3a7bffbe7520
0001a3883ffbe753a
0001a3b57ffbe7722
0001a360bffbe791f
0001a2babffbe7490
0001a3e4fffbe772e
0001a3587ffbe7920
0001a3e5bffbe7490
0001a2f1bffbe772f
0001a3157ffbe7907
0001a3db7ffbe7522
0001a367fffbe757b
0001a3a8bffbe75ca
0001a38afffbe79a5
0001a3a77ffbe7598
0001a2a03ffbe7597
0001a3c23ffbe79b0
0001a3737ffbe7597
0001a3cafffbe7598
0001a33abffbe79a5
0001a2d2fffbe75ca
0001a3e97ffbe757b
0001a3553ffbe7522
0001a3e97ffbe7907
0001a2d2fffbe772f
0001a33abffbe7490
0001a3cafffbe7920
0001a3737ffbe772e
0001a3c23ffbe7490
0001a2a03ffbe791f
0001a3a77ffbe7722
0001a38afffbe753a
0001a3a8bffbe7520
0001a367fffbe77a6
0001a3db7ffbe78bf
0001a3157ffbe7464
0001a2f1bffbe77bb
0001a3e5bffbe78bf
0001a3587ffbe7464
0001a3e4fffbe77bd
0001a2babffbe78a4
0001a360bffbe750f
0001a3b57ffbe7569
0001a3883ffbe7632
0001a3a7bffbe7995
0001a2a03ffbe7529
0001a3c23ffbe7618
0001a3737ffbe799c
0001a3cafffbe7529
0001a33abffbe7618
0001a2d2fffbe798c
0001a3e8fffbe757c
0001a35bfffbe7587
0001a3bebffbe7542
0001a367fffbe7959
0001a3d73ffbe76a1
0001a2a9bffbe74cf
0001a3867ffbe796e
0001a39e3ffbe769f
0001a39e3ffbe74cf
0001a3867ffbe796b
0001a2a9bffbe76a2
0001a3d7bffbe7550
0001a362bffbe7513
0001a3db7ffbe7828
0001a3157ffbe7843
0001a2f1bffbe7458
0001a3e5bffbe7842
0001a3587ffbe7842
0001a3e4fffbe7458
0001a2babffbe7843
0001a360bffbe7828
0001a3b63ffbe7513
0001a3877ffbe7550
0001a3877ffbe76a2
0001a3b63ffbe796b
0001a360bffbe74cf
0001a2babffbe769f
0001a3e4fffbe796e
0001a3587ffbe74cf
0001a3e5bffbe76a1
0001a2f1bffbe7959
0001a3157ffbe7542
0001a3db7ffbe7587
0001a362bffbe757c
0001a3d7bffbe798c
0001a2a9bffbe7618
0001a3867ffbe7529
0001a3b4fffbe7644
0001a1c97ffbebfe7
0001aa277ffbd5d33
00019f39bffbf63cb
0000dd92bffdd77c4
00006e26bffeddba1
000088d07ffeb0a47
00008772bffeb38c2
00007ebb3ffeb46d9
000089457ffeb49fa
00008463fffeb4609
000080c93ffeb457b
00008a883ffeb4525
000080dafffeb477b
0000833e7ffeb496c
000089f6bffeb4533
00007f30bffeb45b1
000085edfffeb4517
000088293ffeb4901
00007f05fffeb4809
000089237ffeb4508
000084983ffeb45c5
00007fe6bffeb4592
00008a67fffeb4565
000081fafffeb49b8
000081fdfffeb46f8
00008a5b3ffeb453c
00007fedfffeb455d
000085b8fffeb467a
000088543ffeb49e8
00007e98fffeb45af
0000884dbffeb4592
000085e7bffeb4513
00007f313ffeb4808
000089f9bffeb4901
00008313fffeb4514
000081dabffeb45b4
00008a673ffeb45b4
00007fe77ffeb4514
000084983ffeb4901
000089237ffeb4808
00007f05fffeb4513
000088293ffeb4592
000085edfffeb45af
00007f30bffeb49e8
000089f6bffeb467a
0000833e7ffeb455d
000080dafffeb453c
00008a883ffeb46f8
000080c93ffeb49b8
00008463fffeb4565
000089457ffeb4592
00007ebffffeb45c5
0000872b3ffeb4508
0000872b3ffeb4809
00007ebffffeb4901
000089457ffeb4517
00008463fffeb45b1
000080c93ffeb4533
00008a883ffeb496c
000080dafffeb477b
0000833e7ffeb4525
000089f6bffeb457b
00007f30bffeb4609
000085edfffeb49fa
000088293ffeb460b
00007f05fffeb4560
000089237ffeb45d0
000084983ffeb4527
00007fe77ffeb46fa
00008a673ffeb49b8
000081dabffeb4565
00008313fffeb45a7
000089f9bffeb4509
00007f313ffeb488d
000085e7bffeb488d
0000884dbffeb4509
00007e98fffeb45a7
000088543ffeb4565
000085b8fffeb49b8
00007fedfffeb46fa
00008a5b3ffeb4527
000081fdfffeb45d0
000081fafffeb4560
00008a67fffeb460b
00007fe6bffeb49fa
000084983ffeb4609
000089237ffeb457b
00007f05fffeb4525
000088293ffeb477b
000085edfffeb496c
00007f30bffeb4533
000089f6bffeb45b1
0000833e7ffeb4517
000080dafffeb4901
00008a883ffeb4808
000080c93ffeb4513
00008463fffeb4592
000089457ffeb45af
00007ebf7ffeb49e8
00008731fffeb467b
000087007ffeb4544
00007f54fffeb45ce
000089e1fffeb4544
000083427ffeb467b
000080d93ffeb49e8
00008a8ebffeb45af
000080d93ffeb4592
000083427ffeb4513
000089e1fffeb4808
00007f54fffeb4901
000087007ffeb4517
00008731fffeb45b1
00007ebf7ffeb4533
000089403ffeb496c
00008492fffeb477b
00007fe7fffeb4515
00008a673ffeb45ce
000081dabffeb4578
00008313fffeb45b0
000089f9bffeb49e8
00007f313ffeb467a
000085e7bffeb455d
0000884dbffeb453c
00007e98fffeb46f8
000088543ffeb49b8
000085b8fffeb4565
00007fedfffeb45a7
00008a5b3ffeb4509
000081fdbffeb488d
000081fdbffeb488d
00008a5b3ffeb4502
00007fedfffeb45c1
000085b8fffeb45a5
000088543ffeb4532
00007e98fffeb496c
0000884dbffeb477b
000085e7bffeb4525
00007f313ffeb457b
000089f9bffeb4609
00008313fffeb49fa
000081dabffeb4609
00008a673ffeb457b
00007fe7fffeb4525
00008492fffeb477b
000089403ffeb496c
00007ebf7ffeb4532
00008731fffeb45a5
000087007ffeb45c1
00007f54fffeb4502
000089e1fffeb488d
000083427ffeb488d
000080d93ffeb4509
00008a8ebffeb45a7
000080d93ffeb4565
000083427ffeb49b8
000089e1fffeb46f8
00007f54fffeb453c
000087007ffeb455d
00008731fffeb467a
00007ebf7ffeb49e8
000089457ffeb45b0
00008463fffeb4578
000080c93ffeb45ce
00008a883ffeb4515
000080dafffeb477b
0000833e7ffeb496c
000089f6bffeb4533
00007f30bffeb45b1
000085edfffeb4517
000088293ffeb4901
00007f05fffeb4808
000089237ffeb4513
000084983ffeb4592
00007fe6bffeb45af
00008a67fffeb49e8
000081fafffeb467b
000081fdfffeb4544
00008a5b3ffeb45ce
00007fedfffeb4544
000085b8fffeb467b
000088543ffeb49e8
00007e98fffeb45af
0000884dbffeb4592
000085e7bffeb4513
00007f313ffeb4808
000089f9bffeb4901
00008313fffeb4517
000081dabffeb45b1
00008a673ffeb4533
00007fe77ffeb496c
000084983ffeb477b
000089237ffeb4525
00007f05fffeb457b
000088293ffeb4609
000085edfffeb49fa
00007f30bffeb460b
000089f6bffeb4560
0000833e7ffeb45d0
000080dafffeb4527
00008a883ffeb46fa
000080c93ffeb49b8
00008463fffeb4565
000089457ffeb45a7
00007ebffffeb4509
0000872b3ffeb488d
0000872b3ffeb488d
00007ebffffeb4509
000089457ffeb45a7
00008463fffeb4565
000080c93ffeb49b8
00008a883ffeb46fa
000080dafffeb4527
0000833e7ffeb45d0
000089f6bffeb4560
00007f30bffeb460b
000085edfffeb49fa
000088293ffeb4609
00007f05fffeb457b
000089237ffeb4525
000084983ffeb477b
00007fe77ffeb496c
00008a673ffeb4533
000081dabffeb45b1
00008313fffeb4517
000089f9bffeb4901
00007f313ffeb4809
000085e7bffeb4508
0000884dbffeb45c5
00007e98fffeb4592
000088543ffeb4565
000085b8fffeb49b8
00007fedfffeb46f8
00008a5b3ffeb453c
000081fdfffeb455d
000081fafffeb467a
00008a67fffeb49e8
00007fe6bffeb45af
000084983ffeb4592
000089237ffeb4513
00007f05fffeb4808
000088293ffeb4901
000085edfffeb4514
00007f30bffeb45b4
000089f6bffeb45b4
0000833e7ffeb4514
000080dafffeb4901
00008a883ffeb4808
000080c93ffeb4513
00008463fffeb4592
000089457ffeb45af
00007ebf7ffeb49e8
00008731fffeb467a
000087007ffeb455d
00007f54fffeb453c
000089e1fffeb46f8
000083427ffeb49b8
000080d93ffeb4565
00008a8ebffeb4592
000080d93ffeb45c5
000083427ffeb4508
000089e1fffeb4809
00007f54fffeb4901
000087007ffeb4517
00008731fffeb45b1
00007ebf7ffeb4533
000089403ffeb496c
00008492fffeb477b
00007fe7fffeb4525
00008a673ffeb457b
000081dabffeb4609
00008313fffeb49fa
000089f9bffeb460b
00007f313ffeb4560
000085e7bffeb45d0
0000884dbffeb4527
00007e98fffeb46fa
000088543ffeb49b8
000085b8fffeb4565
00007fedfffeb45a7
00008a5b3ffeb4509
000081fdbffeb488d
000081fdbffeb488d
00008a5b3ffeb4509
00007fedfffeb45a7
000085b8fffeb4565
000088543ffeb49b8
00007e98fffeb46f8
0000884dbffeb453c
000085e7bffeb455d
00007f313ffeb467a
000089f9bffeb49e8
00008313fffeb45b0
000081dabffeb4578
00008a673ffeb45ce
00007fe7fffeb4515
00008492fffeb477b
000089403ffeb496c
00007ebf7ffeb4533
00008731fffeb45b1
000087007ffeb4517
00007f54fffeb4901
000089e1fffeb4808
000083427ffeb4513
000080d93ffeb4592
00008a8ebffeb45af
000080d93ffeb49e8
000083427ffeb467b
000089e1fffeb4544
00007f54fffeb45ce
000087007ffeb4544
00008731fffeb467b
00007ebf7ffeb49e8
000089457ffeb45af
00008463fffeb4592
000080c93ffeb4513
00008a883ffeb4808
000080dafffeb4901
0000833e7ffeb4517
000089f6bffeb45b1
00007f30bffeb4533
000085edfffeb496c
000088293ffeb477b
00007f05fffeb4515
000089237ffeb45ce
000084983ffeb4578
00007fe6bffeb45b0
00008a67fffeb49e8
000081fafffeb467a
000081fdfffeb455d
00008a5b3ffeb453c
00007fedfffeb46f8
000085b8fffeb49b8
000088543ffeb4565
00007e98fffeb45a7
0000884dbffeb4509
000085e7bffeb488d
00007f313ffeb488d
000089f9bffeb4502
00008313fffeb45c1
000081dabffeb45a5
00008a673ffeb4532
00007fe77ffeb496c
000084983ffeb477b
000089237ffeb4525
00007f05fffeb457b
000088293ffeb4609
000085edfffeb49fa
00007f30bffeb4609
000089f6bffeb457b
0000833e7ffeb4525
000080dafffeb477b
00008a883ffeb496c
000080c93ffeb4532
00008463fffeb45a5
000089457ffeb45c1
00007ebffffeb4502
0000872b3ffeb488d
0000872b3ffeb488d
00007ebffffeb4509
000089457ffeb45a7
00008463fffeb4565
000080c93ffeb49b8
00008a883ffeb46f8
000080dafffeb453c
0000833e7ffeb455d
000089f6bffeb467a
00007f30bffeb49e8
000085edfffeb45b0
000088293ffeb4578
00007f05fffeb45ce
000089237ffeb4515
000084983ffeb477b
00007fe77ffeb496c
00008a673ffeb4533
000081dabffeb45b1
00008313fffeb4517
000089f9bffeb4901
00007f313ffeb4808
000085e7bffeb4513
0000884dbffeb4592
00007e98fffeb45af
000088543ffeb49e8
000085b8fffeb467a
00007fedfffeb455d
00008a5b3ffeb453c
000081fdfffeb46f8
000081fafffeb49b8
00008a67fffeb4565
00007fe6bffeb4592
000084983ffeb45c5
000089237ffeb4508
00007f05fffeb4809
000088293ffeb4901
000085edfffeb4517
00007f30bffeb45b1
000089f6bffeb4533
0000833e7ffeb496c
000080dafffeb477b
00008a883ffeb4525
000080c93ffeb457b
00008463fffeb4609
000089457ffeb49fa
00007ebf7ffeb460b
00008731fffeb4560
000087007ffeb45d0
00007f54fffeb4527
000089e1fffeb46fa
000083427ffeb49b8
000080d93ffeb4565
00008a8ebffeb45a7
000080d93ffeb4509
000083427ffeb488d
000089e1fffeb488d
00007f54fffeb4509
000087007ffeb45a7
00008731fffeb4565
00007ebf7ffeb49b8
000089403ffeb46fa
00008492fffeb4527
00007fe7fffeb45d0
00008a673ffeb4560
000081dabffeb460b
00008313fffeb49fa
000089f9bffeb4609
00007f313ffeb457b
000085e7bffeb4525
0000884dbffeb477b
00007e98fffeb496c
000088543ffeb4533
000085b8fffeb45b1
00007fedfffeb4517
00008a5b3ffeb4901
000081fdbffeb4809
000081fdbffeb4508
00008a5b3ffeb45c5
00007fedfffeb4592
000085b8fffeb4565
000088543ffeb49b8
00007e98fffeb46f8
0000884dbffeb453c
000085e7bffeb455d
00007f313ffeb467a
000089f9bffeb49e8
00008313fffeb45af
000081dabffeb4592
00008a673ffeb4513
00007fe7fffeb4808
00008492fffeb4901
000089403ffeb4514
00007ebf7ffeb45b4
00008731fffeb45b4
000087007ffeb4514
00007f54fffeb4901
000089e1fffeb4808
000083427ffeb4513
000080d93ffeb4592
00008a8ebffeb45af
000080d93ffeb49e8
000083427ffeb467a
000089e1fffeb455d
00007f54fffeb453c
000087007ffeb46f8
00008731fffeb49b8
00007ebf7ffeb4565
000089457ffeb4592
00008463fffeb45c5
000080c93ffeb4508
00008a883ffeb4809
000080dafffeb4901
0000833e7ffeb4517
000089f6bffeb45b1
00007f30bffeb4533
000085edfffeb496c
000088293ffeb477b
00007f05fffeb4525
000089237ffeb457b
000084983ffeb4609
00007fe6bffeb49fa
00008a67fffeb4609
000081fafffeb457b
000081fdfffeb4525
00008a5b3ffeb477b
00007fedfffeb496c
000085b8fffeb4532
000088543ffeb45a5
00007e98fffeb45c1
0000884dbffeb4502
000085e7bffeb488d
00007f313ffeb488d
000089f9bffeb4509
00008313fffeb45a7
000081dabffeb4565
00008a673ffeb49b8
00007fe7fffeb46f8
00008492fffeb453c
000089403ffeb455d
00007ebf7ffeb467a
00008731fffeb49e8
000087007ffeb45b0
00007f54fffeb4578
000089e1fffeb45ce
000083427ffeb4515
000080dafffeb477b
00008a883ffeb496c
000080c93ffeb4533
00008463fffeb45b1
000089457ffeb4517
00007ebffffeb4901
0000872b3ffeb4808
0000872b3ffeb4513
00007ebffffeb4592
000089457ffeb45af
00008463fffeb49e8
000080c93ffeb467b
00008a883ffeb4544
000080dafffeb45ce
0000833e7ffeb4544
000089f6bffeb467b
00007f30bffeb49e8
000085edfffeb45af
000088293ffeb4592
00007f05fffeb4513
000089237ffeb4808
000084983ffeb4901
00007fe6bffeb4517
00008a67fffeb45b1
000081fafffeb4533
000081fdfffeb496c
00008a5b3ffeb477b
00007fedfffeb4515
000085b8fffeb45ce
000088543ffeb4578
00007e98bffeb45b0
000088543ffeb49e8
000085b8fffeb467a
00007fedfffeb455d
00008a5b3ffeb453c
000081fdfffeb46f8
000081fafffeb49b8
00008a67fffeb4565
00007fe6bffeb45a7
000084983ffeb4509
000089237ffeb488d
00007f05fffeb488d
000088293ffeb4502
000085edfffeb45c1
00007f30bffeb45a5
000089f6bffeb4532
0000833e7ffeb496c
000080dafffeb477b
00008a883ffeb4525
000080c93ffeb457b
00008463fffeb4609
000089457ffeb49fa
00007ebffffeb4609
0000872b3ffeb457b
0000872b3ffeb4525
00007ebffffeb477b
000089457ffeb496c
00008463fffeb4532
000080c93ffeb45a5
00008a883ffeb45c1
000080dafffeb4502
000083427ffeb488d
000089e1fffeb488d
00007f54fffeb4509
000087007ffeb45a7
00008731fffeb4565
00007ebf7ffeb49b8
000089403ffeb46f8
00008492fffeb453c
00007fe7fffeb455d
00008a673ffeb467a
000081dabffeb49e8
00008313fffeb45af
000089f9bffeb4592
00007f313ffeb4513
000085e7bffeb4808
0000884dbffeb4901
00007e98fffeb4514
000088543ffeb45b4
000085b8fffeb45b4
00007fedfffeb4514
00008a5b3ffeb4901
000081fdfffeb4808
000081fafffeb4513
00008a67fffeb4592
00007fe6bffeb45af
000084983ffeb49e8
000089237ffeb467a
00007f05fffeb455d
000088293ffeb453c
000085edfffeb46f8
00007f30fffeb49b8
000089f9bffeb4565
00008313fffeb4592
000081dabffeb45c5
00008a673ffeb4508
00007fe7fffeb4809
00008492fffeb4901
000089403ffeb4517
00007ebf7ffeb45b1
00008731fffeb4533
000087007ffeb496c
00007f54fffeb477b
000089e1fffeb4525
000083427ffeb457b
000080d93ffeb4609
00008a8ebffeb49fa
000080d93ffeb460b
000083427ffeb4560
000089e1fffeb45d0
00007f54fffeb4527
000087007ffeb46fa
00008731fffeb49b8
00007ebf7ffeb4565
000089403ffeb45a7
00008492fffeb4509
00007fe7fffeb488d
00008a673ffeb488d
000081dabffeb4509
00008313fffeb45a7
000089f9bffeb4565
00007f30fffeb49b8
000085edfffeb46fa
000088293ffeb4527
00007f05fffeb45d0
000089237ffeb4560
000084983ffeb460b
00007fe6bffeb49fa
00008a67fffeb4609
000081fafffeb457b
000081fdfffeb4525
00008a5b3ffeb477b
00007fedfffeb496c
000085b8fffeb4533
000088543ffeb45b1
00007e98fffeb4517
0000884dbffeb4901
000085e7bffeb4809
00007f313ffeb4508
000089f9bffeb45c5
00008313fffeb4592
000081dabffeb4565
00008a673ffeb49b8
00007fe7fffeb46f8
00008492fffeb453c
000089403ffeb455d
00007ebf7ffeb467a
00008731fffeb49e8
000087007ffeb45af
00007f54fffeb4592
000089e1fffeb4513
000083427ffeb4808
000080dafffeb4901
00008a883ffeb4514
000080c93ffeb45b4
00008463fffeb45b4
000089457ffeb4514
00007ebffffeb4901
0000872b3ffeb4808
0000872b3ffeb4513
00007ebffffeb4592
000089457ffeb45af
00008463fffeb49e8
000080c93ffeb467a
00008a883ffeb455d
000080dafffeb453c
0000833e7ffeb46f8
000089f6bffeb49b8
00007f30bffeb4565
000085edfffeb45a7
000088293ffeb4509
00007f05fffeb488d
000089237ffeb488d
000084983ffeb4502
00007fe6bffeb45c1
00008a67fffeb45a5
000081fafffeb4532
000081fdfffeb496c
00008a5b3ffeb477b
00007fedfffeb4525
000085b8fffeb457b
000088543ffeb4609
00007e98bffeb49fa
000088543ffeb4609
000085b8fffeb457b
00007fedfffeb4525
00008a5b3ffeb477b
000081fdfffeb496c
000081fafffeb4532
00008a67fffeb45a5
00007fe6bffeb45c1
000084983ffeb4502
000089237ffeb488d
00007f05fffeb488d
000088293ffeb4509
000085edfffeb45a7
00007f30bffeb4565
000089f6bffeb49b8
0000833e7ffeb46f8
000080dafffeb453c
00008a883ffeb455d
000080c93ffeb467a
00008463fffeb49e8
000089457ffeb45b0
00007ebffffeb4578
0000872b3ffeb45ce
0000872b3ffeb4515
00007ebffffeb477b
000089457ffeb496c
00008463fffeb4533
000080c93ffeb45b1
00008a883ffeb4517
000080dafffeb4901
000083427ffeb4808
000089e1fffeb4513
00007f54fffeb4592
000087007ffeb45af
00008731fffeb49e8
00007ebf7ffeb467b
000089403ffeb4544
00008492fffeb45ce
00007fe7fffeb4544
00008a673ffeb467b
000081dabffeb49e8
00008313fffeb45af
000089f9bffeb4592
00007f313ffeb4513
000085e7bffeb4808
0000884dbffeb4901
00007e98fffeb4517
000088543ffeb45b1
000085b8fffeb4533
00007fedfffeb496c
00008a5b3ffeb477b
000081fdfffeb4515
000081fafffeb45ce
00008a67fffeb4578
00007fe6bffeb45b0
000084983ffeb49e8
000089237ffeb467a
00007f05fffeb455d
000088293ffeb453c
000085edfffeb46f8
00007f30fffeb49b8
000089f9bffeb4565
00008313fffeb45a7
000081dabffeb4509
00008a673ffeb488d
00007fe7fffeb488d
00008492fffeb4502
000089403ffeb45c1
00007ebf7ffeb45a5
00008731fffeb4532
000087007ffeb496c
00007f54fffeb477b
000089e1fffeb4525
000083427ffeb457b
000080d93ffeb4609
00008a8ebffeb49fa
000080d93ffeb4609
000083427ffeb457b
000089e1fffeb4525
00007f54fffeb477b
000087007ffeb496c
00008731fffeb4533
00007ebf7ffeb45b1
000089403ffeb4517
00008492fffeb4901
00007fe7fffeb4809
00008a673ffeb4508
000081dabffeb45c5
00008313fffeb4592
000089f9bffeb4565
00007f30fffeb49b8
000085edfffeb46f8
000088293ffeb453c
00007f05fffeb455d
000089237ffeb467a
000084983ffeb49e8
00007fe6bffeb45af
00008a67fffeb4592
000081fafffeb4513
000081fdfffeb4808
00008a5b3ffeb4901
00007fedfffeb4514
000085b8fffeb45b4
000088543ffeb45b4
00007e98fffeb4514
0000884dbffeb4901
000085e7bffeb4808
00007f313ffeb4513
000089f9bffeb4592
00008313fffeb45af
000081dabffeb49e8
00008a673ffeb467a
00007fe7fffeb455d
00008492fffeb453c
000089403ffeb46f8
00007ebf7ffeb49b8
00008731fffeb4565
000087007ffeb4592
00007f54fffeb45c5
000089e1fffeb4508
000083427ffeb4809
000080dafffeb4901
00008a883ffeb4517
000080c93ffeb45b1
00008463fffeb4533
000089457ffeb496c
00007ebffffeb477b
0000872b3ffeb4525
0000872b3ffeb457b
00007ebffffeb4609
000089457ffeb49fa
00008463fffeb460b
000080c93ffeb4560
00008a883ffeb45d0
000080dafffeb4527
0000833e7ffeb46fa
000089f6bffeb49b8
00007f30bffeb4565
000085edfffeb45a7
000088293ffeb4509
00007f05fffeb488d
000089237ffeb488d
000084983ffeb4509
00007fe6bffeb45a7
00008a67fffeb4565
000081fafffeb49b8
000081fdfffeb46fa
00008a5b3ffeb4527
00007fedfffeb45d0
000085b8fffeb4560
000088543ffeb460b
00007e98bffeb49fa
000088543ffeb4609
000085b8fffeb457b
00007fedfffeb4525
00008a5b3ffeb477b
000081fdfffeb496c
000081fafffeb4533
00008a67fffeb45b1
00007fe6bffeb4517
000084983ffeb4901
000089237ffeb4809
00007f05fffeb4508
000088293ffeb45c5
000085edfffeb4592
00007f30bffeb4565
000089f6bffeb49b8
0000833e7ffeb46f8
000080dafffeb453c
00008a883ffeb455d
000080c93ffeb467a
00008463fffeb49e8
000089457ffeb45af
00007ebffffeb4592
0000872b3ffeb4513
0000872b3ffeb4808
00007ebffffeb4901
000089457ffeb4517
00008463fffeb45b1
000080c93ffeb4533
00008a883ffeb496c
000080dafffeb477b
000083427ffeb4515
000089e1fffeb45ce
00007f54fffeb4578
000087007ffeb45b0
00008731fffeb49e8
00007ebf7ffeb467a
000089403ffeb455d
00008492fffeb453c
00007fe7fffeb46f8
00008a673ffeb49b8
000081dabffeb4565
00008313fffeb45a7
000089f9bffeb4509
00007f313ffeb488d
000085e7bffeb488d
0000884dbffeb4502
00007e98fffeb45c1
000088543ffeb45a5
000085b8fffeb4532
00007fedfffeb496c
00008a5b3ffeb477b
000081fdfffeb4525
000081fafffeb457b
00008a67fffeb4609
00007fe6bffeb49fa
000084983ffeb4609
000089237ffeb457b
00007f05fffeb4525
000088293ffeb477b
000085edfffeb496c
00007f30fffeb4532
000089f9bffeb45a5
00008313fffeb45c1
000081dabffeb4502
00008a673ffeb488d
00007fe7fffeb488d
00008492fffeb4509
000089403ffeb45a7
00007ebf7ffeb4565
00008731fffeb49b8
000087007ffeb46f8
00007f54fffeb453c
000089e1fffeb455d
000083427ffeb467a
000080d93ffeb49e8
00008a8ebffeb45b0
000080d93ffeb4578
000083427ffeb45ce
000089e1fffeb4515
00007f54fffeb477b
000087007ffeb496c
00008731fffeb4533
00007ebf7ffeb45b1
000089403ffeb4517
00008492fffeb4901
00007fe7fffeb4808
00008a673ffeb4513
000081dabffeb4592
00008313fffeb45af
000089f9bffeb49e8
00007f30fffeb467b
000085edfffeb4544
000088293ffeb45ce
00007f05fffeb4544
000089237ffeb467b
000084983ffeb49e8
00007fe6bffeb45af
00008a67fffeb4592
000081fafffeb4513
000081fdfffeb4808
00008a5b3ffeb4901
00007fedfffeb4517
000085b8fffeb45b1
000088543ffeb4533
00007e98fffeb496c
0000884dbffeb477b
000085e7bffeb4515
00007f313ffeb45ce
000089f9bffeb4578
00008313fffeb45b0
000081dabffeb49e8
00008a673ffeb467a
00007fe7fffeb455d
00008492fffeb453c
000089403ffeb46f8
00007ebf7ffeb49b8
00008731fffeb4565
000087007ffeb45a7
00007f54fffeb4509
000089e1fffeb488d
000083427ffeb488d
000080d93ffeb4509
00008a8ebffeb45a7
000080d93ffeb4565
000083427ffeb49b8
000089e1fffeb46fa
00007f54fffeb4527
000087007ffeb45d0
00008731fffeb4560
00007ebf7ffeb460b
000089457ffeb49fa
00008463fffeb4609
000080c93ffeb457b
00008a883ffeb4525
000080dafffeb477b
0000833e7ffeb496c
000089f6bffeb4533
00007f30bffeb45b1
000085edfffeb4517
000088293ffeb4901
00007f05fffeb4809
000089237ffeb4508
000084983ffeb45c5
00007fe6bffeb4592
00008a67fffeb4565
000081fafffeb49b8
000081fdfffeb46f8
00008a5b3ffeb453c
00007fedfffeb455d
000085b8fffeb467a
000088543ffeb49e8
00007e98fffeb45af
0000884dbffeb4592
000085e7bffeb4513
00007f313ffeb4808
000089f9bffeb4901
00008313fffeb4514
000081dabffeb45b4
00008a673ffeb45b4
00007fe77ffeb4514
000084983ffeb4901
000089237ffeb4808
00007f05fffeb4513
000088293ffeb4592
000085edfffeb45af
00007f30bffeb49e8
000089f6bffeb467a
0000833e7ffeb455d
000080dafffeb453c
00008a883ffeb46f8
000080c93ffeb49b8
00008463fffeb4565
000089457ffeb4592
00007ebffffeb45c5
0000872b3ffeb4508
0000872b3ffeb4809
00007ebffffeb4901
000089457ffeb4517
00008463fffeb45b1
000080c93ffeb4533
00008a883ffeb496c
000080dafffeb477b
0000833e7ffeb4525
000089f6bffeb457b
00007f30bffeb4609
000085edfffeb49fa
000088293ffeb460b
00007f05fffeb4560
000089237ffeb45d0
000084983ffeb4527
00007fe77ffeb46fa
00008a673ffeb49b8
000081dabffeb4565
00008313fffeb45a7
000089f9bffeb4509
00007f313ffeb488d
000085e7bffeb488d
0000884dbffeb4509
00007e98fffeb45a7
000088543ffeb4565
000085b8fffeb49b8
00007fedfffeb46fa
00008a5b3ffeb4527
000081fdfffeb45d0
000081fafffeb4560
00008a67fffeb460b
00007fe6bffeb49fa
000084983ffeb4609
000089237ffeb457b
00007f05fffeb4525
000088293ffeb477b
000085edfffeb496c
00007f30bffeb4533
000089f6bffeb45b1
0000833e7ffeb4517
000080dafffeb4901
00008a883ffeb4808
000080c93ffeb4513
00008463fffeb4592
000089457ffeb45af
00007ebf7ffeb49e8
00008731fffeb467b
000087007ffeb4544
00007f54fffeb45ce
000089e1fffeb4544
000083427ffeb467b
000080d93ffeb49e8
00008a8ebffeb45af
000080d93ffeb4592
000083427ffeb4513
000089e1fffeb4808
00007f54fffeb4901
000087007ffeb4517
00008731fffeb45b1
00007ebf7ffeb4533
000089403ffeb496c
00008492fffeb477b
00007fe7fffeb4515
00008a673ffeb45ce
000081dabffeb4578
00008313fffeb45b0
000089f9bffeb49e8
00007f313ffeb467a
000085e7bffeb455d
0000884dbffeb453c
00007e98fffeb46f8
000088543ffeb49b8
000085b8fffeb4565
00007fedfffeb45a7
00008a5b3ffeb4509
000081fdbffeb488d
000081fdbffeb488d
00008a5b3ffeb4502
00007fedfffeb45c1
000085b8fffeb45a5
000088543ffeb4532
00007e98fffeb496c
0000884dbffeb477b
000085e7bffeb4525
00007f313ffeb457b
000089f9bffeb4609
00008313fffeb49fa
000081dabffeb4609
00008a673ffeb457b
00007fe7fffeb4525
00008492fffeb477b
000089403ffeb496c
00007ebf7ffeb4532
00008731fffeb45a5
000087007ffeb45c1
00007f54fffeb4502
000089e1fffeb488d
000083427ffeb488d
000080d93ffeb4509
00008a8ebffeb45a7
000080d93ffeb4565
000083427ffeb49b8
000089e1fffeb46f8
00007f54fffeb453c
000087007ffeb455d
00008731fffeb467a
00007ebf7ffeb49e8
000089457ffeb45b0
00008463fffeb4578
000080c93ffeb45ce
00008a883ffeb4515
000080dafffeb477b
0000833e7ffeb496c
000089f6bffeb4533
00007f30bffeb45b1
000085edfffeb4517
000088293ffeb4901
00007f05fffeb4808
000089237ffeb4513
000084983ffeb4592
00007fe6bffeb45af
00008a67fffeb49e8
000081fafffeb467b
000081fdfffeb4544
00008a5b3ffeb45ce
00007fedfffeb4544
000085b8fffeb467b
000088543ffeb49e8
00007e98fffeb45af
0000884dbffeb4592
000085e7bffeb4513
00007f313ffeb4808
000089f9bffeb4901
00008313fffeb4517
000081dabffeb45b1
00008a673ffeb4533
00007fe77ffeb496c
000084983ffeb477b
000089237ffeb4525
00007f05fffeb457b
000088293ffeb4609
000085edfffeb49fa
00007f30bffeb460b
000089f6bffeb4560
0000833e7ffeb45d0
000080dafffeb4527
00008a883ffeb46fa
000080c93ffeb49b8
00008463fffeb4565
000089457ffeb45a7
00007ebffffeb4509
0000872b3ffeb488d
0000872b3ffeb488d
00007ebffffeb4509
000089457ffeb45a7
00008463fffeb4565
000080c93ffeb49b8
00008a883ffeb46fa
000080dafffeb4527
0000833e7ffeb45d0
000089f6bffeb4560
00007f30bffeb460b
000085edfffeb49fa
000088293ffeb4609
00007f05fffeb457b
000089237ffeb4525
000084983ffeb477b
00007fe77ffeb496c
00008a673ffeb4533
000081dabffeb45b1
00008313fffeb4517
000089f9bffeb4901
00007f313ffeb4809
000085e7bffeb4508
0000884dbffeb45c5
00007e98fffeb4592
000088543ffeb4565
000085b8fffeb49b8
00007fedfffeb46f8
00008a5b3ffeb453c
000081fdfffeb455d
000081fafffeb467a
00008a67fffeb49e8
00007fe6bffeb45af
000084983ffeb4592
000089237ffeb4513
00007f05fffeb4808
000088293ffeb4901
000085edfffeb4514
00007f30bffeb45b4
000089f6bffeb45b4
0000833e7ffeb4514
000080dafffeb4901
00008a883ffeb4808
000080c93ffeb4513
00008463fffeb4592
000089457ffeb45af
00007ebf7ffeb49e8
00008731fffeb467a
000087007ffeb455d
00007f54fffeb453c
000089e1fffeb46f8
000083427ffeb49b8
000080d93ffeb4565
00008a8ebffeb4592
000080d93ffeb45c5
000083427ffeb4508
000089e1fffeb4809
00007f54fffeb4901
000087007ffeb4517
00008731fffeb45b1
00007ebf7ffeb4533
000089403ffeb496c
00008492fffeb477b
00007fe7fffeb4525
00008a673ffeb457b
000081dabffeb4609
00008313fffeb49fa
000089f9bffeb460b
00007f313ffeb4560
000085e7bffeb45d0
0000884dbffeb4527
00007e98fffeb46fa
000088543ffeb49b8
000085b8fffeb4565
00007fedfffeb45a7
00008a5b3ffeb4509
000081fdbffeb488d
000081fdbffeb488d
00008a5b3ffeb4509
00007fedfffeb45a7
000085b8fffeb4565
000088543ffeb49b8
00007e98fffeb46f8
0000884dbffeb453c
000085e7bffeb455d
00007f313ffeb467a
000089f9bffeb49e8
00008313fffeb45b0
000081dabffeb4578
00008a673ffeb45ce
00007fe7fffeb4515
00008492fffeb477b
000089403ffeb496c
00007ebf7ffeb4533
00008731fffeb45b1
000087007ffeb4517
00007f54fffeb4901
000089e1fffeb4808
000083427ffeb4513
000080d93ffeb4592
00008a8ebffeb45af
000080d93ffeb49e8
000083427ffeb467b
000089e1fffeb4544
00007f54fffeb45ce
000087007ffeb4544
00008731fffeb467b
00007ebf7ffeb49e8
000089457ffeb45af
00008463fffeb4592
000080c93ffeb4513
00008a883ffeb4808
000080dafffeb4901
0000833e7ffeb4517
000089f6bffeb45b1
00007f30bffeb4533
000085edfffeb496c
000088293ffeb477b
00007f05fffeb4515
000089237ffeb45ce
000084983ffeb4578
00007fe6bffeb45b0
00008a67fffeb49e8
000081fafffeb467a
000081fdfffeb455d
00008a5b3ffeb453c
00007fedfffeb46f8
000085b8fffeb49b8
000088543ffeb4565
00007e98fffeb45a7
0000884dbffeb4509
000085e7bffeb488d
00007f313ffeb488d
000089f9bffeb4502
00008313fffeb45c1
000081dabffeb45a5
00008a673ffeb4532
00007fe77ffeb496c
000084983ffeb477b
000089237ffeb4525
00007f05fffeb457b
000088293ffeb4609
000085edfffeb49fa
00007f30bffeb4609
000089f6bffeb457b
0000833e7ffeb4525
000080dafffeb477b
00008a883ffeb496c
000080c93ffeb4532
00008463fffeb45a5
000089457ffeb45c1
00007ebffffeb4502
0000872b3ffeb488d
0000872b3ffeb488d
00007ebffffeb4509
000089457ffeb45a7
00008463fffeb4565
000080c93ffeb49b8
00008a883ffeb46f8
000080dafffeb453c
0000833e7ffeb455d
000089f6bffeb467a
00007f30bffeb49e8
000085edfffeb45b0
000088293ffeb4578
00007f05fffeb45ce
000089237ffeb4515
000084983ffeb477b
00007fe77ffeb496c
00008a673ffeb4533
000081dabffeb45b1
00008313fffeb4517
000089f9bffeb4901
00007f313ffeb4808
000085e7bffeb4513
0000884dbffeb4592
00007e98fffeb45af
000088543ffeb49e8
000085b8fffeb467a
00007fedfffeb455d
00008a5b3ffeb453c
000081fdfffeb46f8
000081fafffeb49b8
00008a67fffeb4565
00007fe6bffeb4592
000084983ffeb45c5
000089237ffeb4508
00007f05fffeb4809
000088293ffeb4901
000085edfffeb4517
00007f30bffeb45b1
000089f6bffeb4533
0000833e7ffeb496c
000080dafffeb477b
00008a883ffeb4525
000080c93ffeb457b
00008463fffeb4609
000089457ffeb49fa
00007ebf7ffeb460b
00008731fffeb4560
000087007ffeb45d0
00007f54fffeb4527
000089e1fffeb46fa
000083427ffeb49b8
000080d93ffeb4565
00008a8ebffeb45a7
000080d93ffeb4509
000083427ffeb488d
000089e1fffeb488d
00007f54fffeb4509
000087007ffeb45a7
00008731fffeb4565
00007ebf7ffeb49b8
000089403ffeb46fa
00008492fffeb4527
00007fe7fffeb45d0
00008a673ffeb4560
000081dabffeb460b
00008313fffeb49fa
000089f9bffeb4609
00007f313ffeb457b
000085e7bffeb4525
0000884dbffeb477b
00007e98fffeb496c
000088543ffeb4533
000085b8fffeb45b1
00007fedfffeb4517
00008a5b3ffeb4901
000081fdbffeb4809
000081fdbffeb4508
00008a5b3ffeb45c5
00007fedfffeb4592
000085b8fffeb4565
000088543ffeb49b8
00007e98fffeb46f8
0000884dbffeb453c
000085e7bffeb455d
00007f313ffeb467a
000089f9bffeb49e8
00008313fffeb45af
000081dabffeb4592
00008a673ffeb4513
00007fe7fffeb4808
00008492fffeb4901
000089403ffeb4514
00007ebf7ffeb45b4
00008731fffeb45b4
000087007ffeb4514
00007f54fffeb4901
000089e1fffeb4808
000083427ffeb4513
000080d93ffeb4592
00008a8ebffeb45af
000080d93ffeb49e8
000083427ffeb467a
000089e1fffeb455d
00007f54fffeb453c
000087007ffeb46f8
00008731fffeb49b8
00007ebf7ffeb4565
000089457ffeb4592
00008463fffeb45c5
000080c93ffeb4508
00008a883ffeb4809
000080dafffeb4901
0000833e7ffeb4517
000089f6bffeb45b1
00007f30bffeb4533
000085edfffeb496c
000088293ffeb477b
00007f05fffeb4525
000089237ffeb457b
000084983ffeb4609
00007fe6bffeb49fa
00008a67fffeb4609
000081fafffeb457b
000081fdfffeb4525
00008a5b3ffeb477b
00007fedfffeb496c
000085b8fffeb4532
000088543ffeb45a5
00007e98fffeb45c1
0000884dbffeb4502
000085e7bffeb488d
00007f313ffeb488d
000089f9bffeb4509
00008313fffeb45a7
000081dabffeb4565
00008a673ffeb49b8
00007fe7fffeb46f8
00008492fffeb453c
000089403ffeb455d
00007ebf7ffeb467a
00008731fffeb49e8
000087007ffeb45b0
00007f54fffeb4578
000089e1fffeb45ce
000083427ffeb4515
000080dafffeb477b
00008a883ffeb496c
000080c93ffeb4533
00008463fffeb45b1
000089457ffeb4517
00007ebffffeb4901
0000872b3ffeb4808
0000872b3ffeb4513
00007ebffffeb4592
000089457ffeb45af
00008463fffeb49e8
000080c93ffeb467b
00008a883ffeb4544
000080dafffeb45ce
0000833e7ffeb4544
000089f6bffeb467b
00007f30bffeb49e8
000085edfffeb45af
000088293ffeb4592
00007f05fffeb4513
000089237ffeb4808
000084983ffeb4901
00007fe6bffeb4517
00008a67fffeb45b1
000081fafffeb4533
000081fdfffeb496c
00008a5b3ffeb477b
00007fedfffeb4515
000085b8fffeb45ce
000088543ffeb4578
00007e98bffeb45b0
000088543ffeb49e8
000085b8fffeb467a
00007fedfffeb455d
00008a5b3ffeb453c
000081fdfffeb46f8
000081fafffeb49b8
00008a67fffeb4565
00007fe6bffeb45a7
000084983ffeb4509
000089237ffeb488d
00007f05fffeb488d
000088293ffeb4502
000085edfffeb45c1
00007f30bffeb45a5
000089f6bffeb4532
0000833e7ffeb496c
000080dafffeb477b
00008a883ffeb4525
000080c93ffeb457b
00008463fffeb4609
000089457ffeb49fa
00007ebffffeb4609
0000872b3ffeb457b
0000872b3ffeb4525
00007ebffffeb477b
000089457ffeb496c
00008463fffeb4532
000080c93ffeb45a5
00008a883ffeb45c1
000080dafffeb4502
000083427ffeb488d
000089e1fffeb488d
00007f54fffeb4509
000087007ffeb45a7
00008731fffeb4565
00007ebf7ffeb49b8
000089403ffeb46f8
00008492fffeb453c
00007fe7fffeb455d
00008a673ffeb467a
000081dabffeb49e8
00008313fffeb45af
000089f9bffeb4592
00007f313ffeb4513
000085e7bffeb4808
0000884dbffeb4901
00007e98fffeb4514
000088543ffeb45b4
000085b8fffeb45b4
00007fedfffeb4514
00008a5b3ffeb4901
000081fdfffeb4808
000081fafffeb4513
00008a67fffeb4592
00007fe6bffeb45af
000084983ffeb49e8
000089237ffeb467a
00007f05fffeb455d
000088293ffeb453c
000085edfffeb46f8
00007f30fffeb49b8
000089f9bffeb4565
00008313fffeb4592
000081dabffeb45c5
00008a673ffeb4508
00007fe7fffeb4809
00008492fffeb4901
000089403ffeb4517
00007ebf7ffeb45b1
00008731fffeb4533
000087007ffeb496c
00007f54fffeb477b
000089e1fffeb4525
000083427ffeb457b
000080d93ffeb4609
00008a8ebffeb49fa
000080d93ffeb460b
000083427ffeb4560
000089e1fffeb45d0
00007f54fffeb4527
000087007ffeb46fa
00008731fffeb49b8
00007ebf7ffeb4565
000089403ffeb45a7
00008492fffeb4509
00007fe7fffeb488d
00008a673ffeb488d
000081dabffeb4509
00008313fffeb45a7
000089f9bffeb4565
00007f30fffeb49b8
000085edfffeb46fa
000088293ffeb4527
00007f05fffeb45d0
000089237ffeb4560
000084983ffeb460b
00007fe6bffeb49fa
00008a67fffeb4609
000081fafffeb457b
000081fdfffeb4525
00008a5b3ffeb477b
00007fedfffeb496c
000085b8fffeb4533
000088543ffeb45b1
00007e98fffeb4517
0000884dbffeb4901
000085e7bffeb4809
00007f313ffeb4508
000089f9bffeb45c5
00008313fffeb4592
000081dabffeb4565
00008a673ffeb49b8
00007fe7fffeb46f8
00008492fffeb453c
000089403ffeb455d
00007ebf7ffeb467a
00008731fffeb49e8
000087007ffeb45af
00007f54fffeb4592
000089e1fffeb4513
000083427ffeb4808
000080dafffeb4901
00008a883ffeb4514
000080c93ffeb45b4
00008463fffeb45b4
000089457ffeb4514
00007ebffffeb4901
0000872b3ffeb4808
0000872b3ffeb4513
00007ebffffeb4592
000089457ffeb45af
00008463fffeb49e8
000080c93ffeb467a
00008a883ffeb455d
000080dafffeb453c
0000833e7ffeb46f8
000089f6bffeb49b8
00007f30bffeb4565
000085edfffeb45a7
000088293ffeb4509
00007f05fffeb488d
000089237ffeb488d
000084983ffeb4502
00007fe6bffeb45c1
00008a67fffeb45a5
000081fafffeb4532
000081fdfffeb496c
00008a5b3ffeb477b
00007fedfffeb4525
000085b8fffeb457b
000088543ffeb4609
00007e98bffeb49fa
000088543ffeb4609
000085b8fffeb457b
00007fedfffeb4525
00008a5b3ffeb477b
000081fdfffeb496c
000081fafffeb4532
00008a67fffeb45a5
00007fe6bffeb45c1
000084983ffeb4502
000089237ffeb488d
00007f05fffeb488d
000088293ffeb4509
000085edfffeb45a7
00007f30bffeb4565
000089f6bffeb49b8
0000833e7ffeb46f8
000080dafffeb453c
00008a883ffeb455d
000080c93ffeb467a
00008463fffeb49e8
000089457ffeb45b0
00007ebffffeb4578
0000872b3ffeb45ce
0000872b3ffeb4515
00007ebffffeb477b
000089457ffeb496c
00008463fffeb4533
000080c93ffeb45b1
00008a883ffeb4517
000080dafffeb4901
000083427ffeb4808
000089e1fffeb4513
00007f54fffeb4592
000087007ffeb45af
00008731fffeb49e8
00007ebf7ffeb467b
000089403ffeb4544
00008492fffeb45ce
00007fe7fffeb4544
00008a673ffeb467b
000081dabffeb49e8
00008313fffeb45af
000089f9bffeb4592
00007f313ffeb4513
000085e7bffeb4808
0000884dbffeb4901
00007e98fffeb4517
000088543ffeb45b1
000085b8fffeb4533
00007fedfffeb496c
00008a5b3ffeb477b
000081fdfffeb4515
000081fafffeb45ce
00008a67fffeb4578
00007fe6bffeb45b0
000084983ffeb49e8
000089237ffeb467a
00007f05fffeb455d
000088293ffeb453c
000085edfffeb46f8
00007f30fffeb49b8
000089f9bffeb4565
00008313fffeb45a7
000081dabffeb4509
00008a673ffeb488d
00007fe7fffeb488d
00008492fffeb4502
000089403ffeb45c1
00007ebf7ffeb45a5
00008731fffeb4532
000087007ffeb496c
00007f54fffeb477b
000089e1fffeb4525
000083427ffeb457b
000080d93ffeb4609
00008a8ebffeb49fa
000080d93ffeb4609
000083427ffeb457b
000089e1fffeb4525
00007f54fffeb477b
000087007ffeb496c
00008731fffeb4533
00007ebf7ffeb45b1
000089403ffeb4517
00008492fffeb4901
00007fe7fffeb4809
00008a673ffeb4508
000081dabffeb45c5
00008313fffeb4592
000089f9bffeb4565
00007f30fffeb49b8
000085edfffeb46f8
000088293ffeb453c
00007f05fffeb455d
000089237ffeb467a
000084983ffeb49e8
00007fe6bffeb45af
00008a67fffeb4592
000081fafffeb4513
000081fdfffeb4808
00008a5b3ffeb4901
00007fedfffeb4514
000085b8fffeb45b4
000088543ffeb45b4
00007e98fffeb4514
0000884dbffeb4901
000085e7bffeb4808
00007f313ffeb4513
000089f9bffeb4592
00008313fffeb45af
000081dabffeb49e8
00008a673ffeb467a
00007fe7fffeb455d
00008492fffeb453c
000089403ffeb46f8
00007ebf7ffeb49b8
00008731fffeb4565
000087007ffeb4592
00007f54fffeb45c5
000089e1fffeb4508
000083427ffeb4809
000080dafffeb4901
00008a883ffeb4517
000080c93ffeb45b1
00008463fffeb4533
000089457ffeb496c
00007ebffffeb477b
0000872b3ffeb4525
0000872b3ffeb457b
00007ebffffeb4609
000089457ffeb49fa
00008463fffeb460b
000080c93ffeb4560
00008a883ffeb45d0
000080dafffeb4527
0000833e7ffeb46fa
000089f6bffeb49b8
00007f30bffeb4565
000085edfffeb45a7
000088293ffeb4509
00007f05fffeb488d
000089237ffeb488d
000084983ffeb4509
00007fe6bffeb45a7
00008a67fffeb4565
000081fafffeb49b8
000081fdfffeb46fa
00008a5b3ffeb4527
00007fedfffeb45d0
000085b8fffeb4560
000088543ffeb460b
00007e98bffeb49fa
000088543ffeb4609
000085b8fffeb457b
00007fedfffeb4525
00008a5b3ffeb477b
000081fdfffeb496c
000081fafffeb4533
00008a67fffeb45b1
00007fe6bffeb4517
000084983ffeb4901
000089237ffeb4809
00007f05fffeb4508
000088293ffeb45c5
000085edfffeb4592
00007f30bffeb4565
000089f6bffeb49b8
0000833e7ffeb46f8
000080dafffeb453c
00008a883ffeb455d
000080c93ffeb467a
00008463fffeb49e8
000089457ffeb45af
00007ebffffeb4592
0000872b3ffeb4513
0000872b3ffeb4808
00007ebffffeb4901
000089457ffeb4517
00008463fffeb45b1
000080c93ffeb4533
00008a883ffeb496c
000080dafffeb477b
000083427ffeb4515
000089e1fffeb45ce
00007f54fffeb4578
000087007ffeb45b0
00008731fffeb49e8
00007ebf7ffeb467a
000089403ffeb455d
00008492fffeb453c
00007fe7fffeb46f8
00008a673ffeb49b8
000081dabffeb4565
00008313fffeb45a7
000089f9bffeb4509
00007f313ffeb488d
000085e7bffeb488d
0000884dbffeb4502
00007e98fffeb45c1
000088543ffeb45a5
000085b8fffeb4532
00007fedfffeb496c
00008a5b3ffeb477b
000081fdfffeb4525
000081fafffeb457b
00008a67fffeb4609
00007fe6bffeb49fa
000084983ffeb4609
000089237ffeb457b
00007f05fffeb4525
000088293ffeb477b
000085edfffeb496c
00007f30fffeb4532
000089f9bffeb45a5
00008313fffeb45c1
000081dabffeb4502
00008a673ffeb488d
00007fe7fffeb488d
00008492fffeb4509
000089403ffeb45a7
00007ebf7ffeb4565
00008731fffeb49b8
000087007ffeb46f8
00007f54fffeb453c
000089e1fffeb455d
000083427ffeb467a
000080d93ffeb49e8
00008a8ebffeb45b0
000080d93ffeb4578
000083427ffeb45ce
000089e1fffeb4515
00007f54fffeb477b
000087007ffeb496c
00008731fffeb4533
00007ebf7ffeb45b1
000089403ffeb4517
00008492fffeb4901
00007fe7fffeb4808
00008a673ffeb4513
000081dabffeb4592
00008313fffeb45af
000089f9bffeb49e8
00007f30fffeb467b
000085edfffeb4544
000088293ffeb45ce
00007f05fffeb4544
000089237ffeb467b
000084983ffeb49e8
00007fe6bffeb45af
00008a67fffeb4592
000081fafffeb4513
000081fdfffeb4808
00008a5b3ffeb4901
00007fedfffeb4517
000085b8fffeb45b1
000088543ffeb4533
00007e98fffeb496c
0000884dbffeb477b
000085e7bffeb4515
00007f313ffeb45ce
000089f9bffeb4578
00008313fffeb45b0
000081dabffeb49e8
00008a673ffeb467a
00007fe7fffeb455d
00008492fffeb453c
000089403ffeb46f8
00007ebf7ffeb49b8
00008731fffeb4565
000087007ffeb45a7
00007f54fffeb4509
000089e1fffeb488d
000083427ffeb488d
000080d93ffeb4509
00008a8ebffeb45a7
000080d93ffeb4565
000083427ffeb49b8
000089e1fffeb46fa
00007f54fffeb4527
000087007ffeb45d0
00008731fffeb4560
00007ebf7ffeb460b
000089457ffeb49fa
00008463fffeb4609
000080c93ffeb457b
00008a883ffeb4525
000080dafffeb477b
0000833e7ffeb496c
000089f6bffeb4533
00007f30bffeb45b1
000085edfffeb4517
000088293ffeb4901
00007f05fffeb4809
000089237ffeb4508
000084983ffeb45c5
00007fe6bffeb4592
00008a67fffeb4565
000081fafffeb49b8
000081fdfffeb46f8
00008a5b3ffeb453c
00007fedfffeb455d
000085b8fffeb467a
000088543ffeb49e8
00007e98fffeb45af
0000884dbffeb4592
000085e7bffeb4513
00007f313ffeb4808
000089f9bffeb4901
00008313fffeb4514
000081dabffeb45b4
00008a673ffeb45b4
00007fe77ffeb4514
000084983ffeb4901
000089237ffeb4808
00007f05fffeb4513
000088293ffeb4592
000085edfffeb45af
00007f30bffeb49e8
000089f6bffeb467a
0000833e7ffeb455d
000080dafffeb453c
00008a883ffeb46f8
000080c93ffeb49b8
00008463fffeb4565
000089457ffeb4592
00007ebffffeb45c5
0000872b3ffeb4508
0000872b3ffeb4809
00007ebffffeb4901
000089457ffeb4517
00008463fffeb45b1
000080c93ffeb4533
00008a883ffeb496c
000080dafffeb477b
0000833e7ffeb4525
000089f6bffeb457b
00007f30bffeb4609
000085edfffeb49fa
000088293ffeb460b
00007f05fffeb4560
000089237ffeb45d0
000084983ffeb4527
00007fe77ffeb46fa
00008a673ffeb49b8
000081dabffeb4565
00008313fffeb45a7
000089f9bffeb4509
00007f313ffeb488d
000085e7bffeb488d
0000884dbffeb4509
00007e98fffeb45a7
000088543ffeb4565
000085b8fffeb49b8
00007fedfffeb46fa
00008a5b3ffeb4527
000081fdfffeb45d0
000081fafffeb4560
00008a67fffeb460b
00007fe6bffeb49fa
000084983ffeb4609
000089237ffeb457b
00007f05fffeb4525
000088293ffeb477b
000085edfffeb496c
00007f30bffeb4533
000089f6bffeb45b1
0000833e7ffeb4517
000080dafffeb4901
00008a883ffeb4808
000080c93ffeb4513
00008463fffeb4592
000089457ffeb45af
00007ebf7ffeb49e8
00008731fffeb467b
000087007ffeb4544
00007f54fffeb45ce
000089e1fffeb4544
000083427ffeb467b
000080d93ffeb49e8
00008a8ebffeb45af
000080d93ffeb4592
000083427ffeb4513
000089e1fffeb4808
00007f54fffeb4901
000087007ffeb4517
00008731fffeb45b1
00007ebf7ffeb4533
000089403ffeb496c
00008492fffeb477b
00007fe7fffeb4515
00008a673ffeb45ce
000081dabffeb4578
00008313fffeb45b0
000089f9bffeb49e8
00007f313ffeb467a
000085e7bffeb455d
0000884dbffeb453c
00007e98fffeb46f8
000088543ffeb49b8
000085b8fffeb4565
00007fedfffeb45a7
00008a5b3ffeb4509
000081fdbffeb488d
000081fdbffeb488d
00008a5b3ffeb4502
00007fedfffeb45c1
000085b8fffeb45a5
000088543ffeb4532
00007e98fffeb496c
0000884dbffeb477b
000085e7bffeb4525
00007f313ffeb457b
000089f9bffeb4609
00008313fffeb49fa
000081dabffeb4609
00008a673ffeb457b
00007fe7fffeb4525
00008492fffeb477b
000089403ffeb496c
00007ebf7ffeb4532
00008731fffeb45a5
000087007ffeb45c1
00007f54fffeb4502
000089e1fffeb488d
000083427ffeb488d
000080d93ffeb4509
00008a8ebffeb45a7
000080d93ffeb4565
000083427ffeb49b8
000089e1fffeb46f8
00007f54fffeb453c
000087007ffeb455d
00008731fffeb467a
00007ebf7ffeb49e8
000089457ffeb45b0
00008463fffeb4578
000080c93ffeb45ce
00008a883ffeb4515
000080dafffeb477b
0000833e7ffeb496c
000089f6bffeb4533
00007f30bffeb45b1
000085edfffeb4517
000088293ffeb4901
00007f05fffeb4808
000089237ffeb4513
000084983ffeb4592
00007fe6bffeb45af
00008a67fffeb49e8
000081fafffeb467b
000081fdfffeb4544
00008a5b3ffeb45ce
00007fedfffeb4544
000085b8fffeb467b
000088543ffeb49e8
00007e98fffeb45af
0000884dbffeb4592
000085e7bffeb4513
00007f313ffeb4808
000089f9bffeb4901
00008313fffeb4517
000081dabffeb45b1
00008a673ffeb4533
00007fe77ffeb496c
000084983ffeb477b
000089237ffeb4525
00007f05fffeb457b
000088293ffeb4609
000085edfffeb49fa
00007f30bffeb460b
000089f6bffeb4560
0000833e7ffeb45d0
000080dafffeb4527
00008a883ffeb46fa
000080c93ffeb49b8
00008463fffeb4565
000089457ffeb45a7
00007ebffffeb4509
0000872b3ffeb488d
0000872b3ffeb488d
00007ebffffeb4509
000089457ffeb45a7
00008463fffeb4565
000080c93ffeb49b8
00008a883ffeb46fa
000080dafffeb4527
0000833e7ffeb45d0
000089f6bffeb4560
00007f30bffeb460b
000085edfffeb49fa
000088293ffeb4609
00007f05fffeb457b
000089237ffeb4525
000084983ffeb477b
00007fe77ffeb496c
00008a673ffeb4533
000081dabffeb45b1
00008313fffeb4517
000089f9bffeb4901
00007f313ffeb4809
000085e7bffeb4508
0000884dbffeb45c5
00007e98fffeb4592
000088543ffeb4565
000085b8fffeb49b8
00007fedfffeb46f8
00008a5b3ffeb453c
000081fdfffeb455d
000081fafffeb467a
00008a67fffeb49e8
00007fe6bffeb45af
000084983ffeb4592
000089237ffeb4513
00007f05fffeb4808
000088293ffeb4901
000085edfffeb4514
00007f30bffeb45b4
000089f6bffeb45b4
0000833e7ffeb4514
000080dafffeb4901
00008a883ffeb4808
000080c93ffeb4513
00008463fffeb4592
000089457ffeb45af
00007ebf7ffeb49e8
00008731fffeb467a
000087007ffeb455d
00007f54fffeb453c
000089e1fffeb46f8
000083427ffeb49b8
000080d93ffeb4565
00008a8ebffeb4592
000080d93ffeb45c5
000083427ffeb4508
000089e1fffeb4809
00007f54fffeb4901
000087007ffeb4517
00008731fffeb45b1
00007ebf7ffeb4533
000089403ffeb496c
00008492fffeb477b
00007fe7fffeb4525
00008a673ffeb457b
000081dabffeb4609
00008313fffeb49fa
000089f9bffeb460b
00007f313ffeb4560
000085e7bffeb45d0
0000884dbffeb4527
00007e98fffeb46fa
000088543ffeb49b8
000085b8fffeb4565
00007fedfffeb45a7
00008a5b3ffeb4509
000081fdbffeb488d
000081fdbffeb488d
00008a5b3ffeb4509
00007fedfffeb45a7
000085b8fffeb4565
000088543ffeb49b8
00007e98fffeb46f8
0000884dbffeb453c
000085e7bffeb455d
00007f313ffeb467a
000089f9bffeb49e8
00008313fffeb45b0
000081dabffeb4578
00008a673ffeb45ce
00007fe7fffeb4515
00008492fffeb477b
000089403ffeb496c
00007ebf7ffeb4533
00008731fffeb45b1
000087007ffeb4517
00007f54fffeb4901
000089e1fffeb4808
000083427ffeb4513
000080d93ffeb4592
00008a8ebffeb45af
000080d93ffeb49e8
000083427ffeb467b
000089e1fffeb4544
00007f54fffeb45ce
000087007ffeb4544
00008731fffeb467b
00007ebf7ffeb49e8
000089457ffeb45af
00008463fffeb4592
000080c93ffeb4513
00008a883ffeb4808
000080dafffeb4901
0000833e7ffeb4517
000089f6bffeb45b1
00007f30bffeb4533
000085edfffeb496c
000088293ffeb477b
00007f05fffeb4515
000089237ffeb45ce
000084983ffeb4578
00007fe6bffeb45b0
00008a67fffeb49e8
000081fafffeb467a
000081fdfffeb455d
00008a5b3ffeb453c
00007fedfffeb46f8
000085b8fffeb49b8
000088543ffeb4565
00007e98fffeb45a7
0000884dbffeb4509
000085e7bffeb488d
00007f313ffeb488d
000089f9bffeb4502
00008313fffeb45c1
000081dabffeb45a5
00008a673ffeb4532
00007fe77ffeb496c
000084983ffeb477b
000089237ffeb4525
00007f05fffeb457b
000088293ffeb4609
000085edfffeb49fa
00007f30bffeb4609
000089f6bffeb457b
0000833e7ffeb4525
000080dafffeb477b
00008a883ffeb496c
000080c93ffeb4532
00008463fffeb45a5
000089457ffeb45c1
00007ebffffeb4502
0000872b3ffeb488d
0000872b3ffeb488d
00007ebffffeb4509
000089457ffeb45a7
00008463fffeb4565
000080c93ffeb49b8
00008a883ffeb46f8
000080dafffeb453c
0000833e7ffeb455d
000089f6bffeb467a
00007f30bffeb49e8
000085edfffeb45b0
000088293ffeb4578
00007f05fffeb45ce
000089237ffeb4515
000084983ffeb477b
00007fe77ffeb496c
00008a673ffeb4533
000081dabffeb45b1
00008313fffeb4517
000089f9bffeb4901
00007f313ffeb4808
000085e7bffeb4513
0000884dbffeb4592
00007e98fffeb45af
000088543ffeb49e8
000085b8fffeb467a
00007fedfffeb455d
00008a5b3ffeb453c
000081fdfffeb46f8
000081fafffeb49b8
00008a67fffeb4565
00007fe6bffeb4592
000084983ffeb45c5
000089237ffeb4508
00007f05fffeb4809
000088293ffeb4901
000085edfffeb4517
00007f30bffeb45b1
000089f6bffeb4533
0000833e7ffeb496c
000080dafffeb477b
00008a883ffeb4525
000080c93ffeb457b
00008463fffeb4609
000089457ffeb49fa
00007ebf7ffeb460b
00008731fffeb4560
000087007ffeb45d0
00007f54fffeb4527
000089e1fffeb46fa
000083427ffeb49b8
000080d93ffeb4565
00008a8ebffeb45a7
000080d93ffeb4509
000083427ffeb488d
000089e1fffeb488d
00007f54fffeb4509
000087007ffeb45a7
00008731fffeb4565
00007ebf7ffeb49b8
000089403ffeb46fa
00008492fffeb4527
00007fe7fffeb45d0
00008a673ffeb4560
000081dabffeb460b
00008313fffeb49fa
000089f9bffeb4609
00007f313ffeb457b
000085e7bffeb4525
0000884dbffeb477b
00007e98fffeb496c
000088543ffeb4533
000085b8fffeb45b1
00007fedfffeb4517
00008a5b3ffeb4901
000081fdbffeb4809
000081fdbffeb4508
00008a5b3ffeb45c5
00007fedfffeb4592
000085b8fffeb4565
000088543ffeb49b8
00007e98fffeb46f8
0000884dbffeb453c
000085e7bffeb455d
00007f313ffeb467a
000089f9bffeb49e8
00008313fffeb45af
000081dabffeb4592
00008a673ffeb4513
00007fe7fffeb4808
00008492fffeb4901
000089403ffeb4514
00007ebf7ffeb45b4
00008731fffeb45b4
000087007ffeb4514
00007f54fffeb4901
000089e1fffeb4808
000083427ffeb4513
000080d93ffeb4592
00008a8ebffeb45af
000080d93ffeb49e8
000083427ffeb467a
000089e1fffeb455d
00007f54fffeb453c
000087007ffeb46f8
00008731fffeb49b8
00007ebf7ffeb4565
000089457ffeb4592
00008463fffeb45c5
000080c93ffeb4508
00008a883ffeb4809
000080dafffeb4901
0000833e7ffeb4517
000089f6bffeb45b1
00007f30bffeb4533
000085edfffeb496c
000088293ffeb477b
00007f05fffeb4525
000089237ffeb457b
000084983ffeb4609
00007fe6bffeb49fa
00008a67fffeb4609
000081fafffeb457b
000081fdfffeb4525
00008a5b3ffeb477b
00007fedfffeb496c
000085b8fffeb4532
000088543ffeb45a5
00007e98fffeb45c1
0000884dbffeb4502
000085e7bffeb488d
00007f313ffeb488d
000089f9bffeb4509
00008313fffeb45a7
000081dabffeb4565
00008a673ffeb49b8
00007fe7fffeb46f8
00008492fffeb453c
000089403ffeb455d
00007ebf7ffeb467a
00008731fffeb49e8
000087007ffeb45b0
00007f54fffeb4578
000089e1fffeb45ce
000083427ffeb4515
000080dafffeb477b
00008a883ffeb496c
000080c93ffeb4533
00008463fffeb45b1
000089457ffeb4517
00007ebffffeb4901
0000872b3ffeb4808
0000872b3ffeb4513
00007ebffffeb4592
000089457ffeb45af
00008463fffeb49e8
000080c93ffeb467b
00008a883ffeb4544
000080dafffeb45ce
0000833e7ffeb4544
000089f6bffeb467b
00007f30bffeb49e8
000085edfffeb45af
000088293ffeb4592
00007f05fffeb4513
000089237ffeb4808
000084983ffeb4901
00007fe6bffeb4517
00008a67fffeb45b1
000081fafffeb4533
000081fdfffeb496c
00008a5b3ffeb477b
00007fedfffeb4515
000085b8fffeb45ce
000088543ffeb4578
00007e98bffeb45b0
000088543ffeb49e8
000085b8fffeb467a
00007fedfffeb455d
00008a5b3ffeb453c
000081fdfffeb46f8
000081fafffeb49b8
00008a67fffeb4565
00007fe6bffeb45a7
000084983ffeb4509
000089237ffeb488d
00007f05fffeb488d
000088293ffeb4502
000085edfffeb45c1
00007f30bffeb45a5
000089f6bffeb4532
0000833e7ffeb496c
000080dafffeb477b
00008a883ffeb4525
000080c93ffeb457b
00008463fffeb4609
000089457ffeb49fa
00007ebffffeb4609
0000872b3ffeb457b
0000872b3ffeb4525
00007ebffffeb477b
000089457ffeb496c
00008463fffeb4532
000080c93ffeb45a5
00008a883ffeb45c1
000080dafffeb4502
000083427ffeb488d
000089e1fffeb488d
00007f54fffeb4509
000087007ffeb45a7
00008731fffeb4565
00007ebf7ffeb49b8
000089403ffeb46f8
00008492fffeb453c
00007fe7fffeb455d
00008a673ffeb467a
000081dabffeb49e8
00008313fffeb45af
000089f9bffeb4592
00007f313ffeb4513
000085e7bffeb4808
0000884dbffeb4901
00007e98fffeb4514
000088543ffeb45b4
000085b8fffeb45b4
00007fedfffeb4514
00008a5b3ffeb4901
000081fdfffeb4808
000081fafffeb4513
00008a67fffeb4592
00007fe6bffeb45af
000084983ffeb49e8
000089237ffeb467a
00007f05fffeb455d
000088293ffeb453c
000085edfffeb46f8
00007f30fffeb49b8
000089f9bffeb4565
00008313fffeb4592
000081dabffeb45c5
00008a673ffeb4508
00007fe7fffeb4809
00008492fffeb4901
000089403ffeb4517
00007ebf7ffeb45b1
00008731fffeb4533
000087007ffeb496c
00007f54fffeb477b
000089e1fffeb4525
000083427ffeb457b
000080d93ffeb4609
00008a8ebffeb49fa
000080d93ffeb460b
000083427ffeb4560
000089e1fffeb45d0
00007f54fffeb4527
000087007ffeb46fa
00008731fffeb49b8
00007ebf7ffeb4565
000089403ffeb45a7
00008492fffeb4509
00007fe7fffeb488d
00008a673ffeb488d
000081dabffeb4509
00008313fffeb45a7
000089f9bffeb4565
00007f30fffeb49b8
000085edfffeb46fa
000088293ffeb4527
00007f05fffeb45d0
000089237ffeb4560
000084983ffeb460b
00007fe6bffeb49fa
00008a67fffeb4609
000081fafffeb457b
000081fdfffeb4525
00008a5b3ffeb477b
00007fedfffeb496c
000085b8fffeb4533
000088543ffeb45b1
00007e98fffeb4517
0000884dbffeb4901
000085e7bffeb4809
00007f313ffeb4508
000089f9bffeb45c5
00008313fffeb4592
000081dabffeb4565
00008a673ffeb49b8
00007fe7fffeb46f8
00008492fffeb453c
000089403ffeb455d
00007ebf7ffeb467a
00008731fffeb49e8
000087007ffeb45af
00007f54fffeb4592
000089e1fffeb4513
000083427ffeb4808
000080dafffeb4901
00008a883ffeb4514
000080c93ffeb45b4
00008463fffeb45b4
000089457ffeb4514
00007ebffffeb4901
0000872b3ffeb4808
0000872b3ffeb4513
00007ebffffeb4592
000089457ffeb45af
00008463fffeb49e8
000080c93ffeb467a
00008a883ffeb455d
000080dafffeb453c
0000833e7ffeb46f8
000089f6bffeb49b8
00007f30bffeb4565
000085edfffeb45a7
000088293ffeb4509
00007f05fffeb488d
000089237ffeb488d
000084983ffeb4502
00007fe6bffeb45c1
00008a67fffeb45a5
000081fafffeb4532
000081fdfffeb496c
00008a5b3ffeb477b
00007fedfffeb4525
000085b8fffeb457b
000088543ffeb4609
00007e98bffeb49fa
000088543ffeb4609
000085b8fffeb457b
00007fedfffeb4525
00008a5b3ffeb477b
000081fdfffeb496c
000081fafffeb4532
00008a67fffeb45a5
00007fe6bffeb45c1
000084983ffeb4502
000089237ffeb488d
00007f05fffeb488d
000088293ffeb4509
000085edfffeb45a7
00007f30bffeb4565
000089f6bffeb49b8
0000833e7ffeb46f8
000080dafffeb453c
00008a883ffeb455d
000080c93ffeb467a
00008463fffeb49e8
000089457ffeb45b0
00007ebffffeb4578
0000872b3ffeb45ce
0000872b3ffeb4515
00007ebffffeb477b
000089457ffeb496c
00008463fffeb4533
000080c93ffeb45b1
00008a883ffeb4517
000080dafffeb4901
000083427ffeb4808
000089e1fffeb4513
00007f54fffeb4592
000087007ffeb45af
00008731fffeb49e8
00007ebf7ffeb467b
000089403ffeb4544
00008492fffeb45ce
00007fe7fffeb4544
00008a673ffeb467b
000081dabffeb49e8
00008313fffeb45af
000089f9bffeb4592
00007f313ffeb4513
000085e7bffeb4808
0000884dbffeb4901
00007e98fffeb4517
000088543ffeb45b1
000085b8fffeb4533
00007fedfffeb496c
00008a5b3ffeb477b
000081fdfffeb4515
000081fafffeb45ce
00008a67fffeb4578
00007fe6bffeb45b0
000084983ffeb49e8
000089237ffeb467a
00007f05fffeb455d
000088293ffeb453c
000085edfffeb46f8
00007f30fffeb49b8
000089f9bffeb4565
00008313fffeb45a7
000081dabffeb4509
00008a673ffeb488d
00007fe7fffeb488d
00008492fffeb4502
000089403ffeb45c1
00007ebf7ffeb45a5
00008731fffeb4532
000087007ffeb496c
00007f54fffeb477b
000089e1fffeb4525
000083427ffeb457b
000080d93ffeb4609
00008a8ebffeb49fa
000080d93ffeb4609
000083427ffeb457b
000089e1fffeb4525
00007f54fffeb477b
000087007ffeb496c
00008731fffeb4533
00007ebf7ffeb45b1
000089403ffeb4517
00008492fffeb4901
00007fe7fffeb4809
00008a673ffeb4508
000081dabffeb45c5
00008313fffeb4592
000089f9bffeb4565
00007f30fffeb49b8
000085edfffeb46f8
000088293ffeb453c
00007f05fffeb455d
000089237ffeb467a
000084983ffeb49e8
00007fe6bffeb45af
00008a67fffeb4592
000081fafffeb4513
000081fdfffeb4808
00008a5b3ffeb4901
00007fedfffeb4514
000085b8fffeb45b4
000088543ffeb45b4
00007e98fffeb4514
0000884dbffeb4901
000085e7bffeb4808
00007f313ffeb4513
000089f9bffeb4592
00008313fffeb45af
000081dabffeb49e8
00008a673ffeb467a
00007fe7fffeb455d
00008492fffeb453c
000089403ffeb46f8
00007ebf7ffeb49b8
00008731fffeb4565
000087007ffeb4592
00007f54fffeb45c5
000089e1fffeb4508
000083427ffeb4809
000080dafffeb4901
00008a883ffeb4517
000080c93ffeb45b1
00008463fffeb4533
000089457ffeb496c
00007ebffffeb477b
0000872b3ffeb4525
0000872b3ffeb457b
00007ebffffeb4609
000089457ffeb49fa
00008463fffeb460b
000080c93ffeb4560
00008a883ffeb45d0
000080dafffeb4527
0000833e7ffeb46fa
000089f6bffeb49b8
00007f30bffeb4565
000085edfffeb45a7
000088293ffeb4509
00007f05fffeb488d
000089237ffeb488d
000084983ffeb4509
00007fe6bffeb45a7
00008a67fffeb4565
000081fafffeb49b8
000081fdfffeb46fa
00008a5b3ffeb4527
00007fedfffeb45d0
000085b8fffeb4560
000088543ffeb460b
00007e98bffeb49fa
000088543ffeb4609
000085b8fffeb457b
00007fedfffeb4525
00008a5b3ffeb477b
000081fdfffeb496c
000081fafffeb4533
00008a67fffeb45b1
00007fe6bffeb4517
000084983ffeb4901
000089237ffeb4809
00007f05fffeb4508
000088293ffeb45c5
000085edfffeb4592
00007f30bffeb4565
000089f6bffeb49b8
0000833e7ffeb46f8
000080dafffeb453c
00008a883ffeb455d
000080c93ffeb467a
00008463fffeb49e8
000089457ffeb45af
00007ebffffeb4592
0000872b3ffeb4513
0000872b3ffeb4808
00007ebffffeb4901
000089457ffeb4517
00008463fffeb45b1
000080c93ffeb4533
00008a883ffeb496c
000080dafffeb477b
000083427ffeb4515
000089e1fffeb45ce
00007f54fffeb4578
000087007ffeb45b0
00008731fffeb49e8
00007ebf7ffeb467a
000089403ffeb455d
00008492fffeb453c
00007fe7fffeb46f8
00008a673ffeb49b8
000081dabffeb4565
00008313fffeb45a7
000089f9bffeb4509
00007f313ffeb488d
000085e7bffeb488d
0000884dbffeb4502
00007e98fffeb45c1
000088543ffeb45a5
000085b8fffeb4532
00007fedfffeb496c
00008a5b3ffeb477b
000081fdfffeb4525
000081fafffeb457b
00008a67fffeb4609
00007fe6bffeb49fa
000084983ffeb4609
000089237ffeb457b
00007f05fffeb4525
000088293ffeb477b
000085edfffeb496c
00007f30fffeb4532
000089f9bffeb45a5
00008313fffeb45c1
000081dabffeb4502
00008a673ffeb488d
00007fe7fffeb488d
00008492fffeb4509
000089403ffeb45a7
00007ebf7ffeb4565
00008731fffeb49b8
000087007ffeb46f8
00007f54fffeb453c
000089e1fffeb455d
000083427ffeb467a
000080d93ffeb49e8
00008a8ebffeb45b0
000080d93ffeb4578
000083427ffeb45ce
000089e1fffeb4515
00007f54fffeb477b
000087007ffeb496c
00008731fffeb4533
00007ebf7ffeb45b1
000089403ffeb4517
00008492fffeb4901
00007fe7fffeb4808
00008a673ffeb4513
000081dabffeb4592
00008313fffeb45af
000089f9bffeb49e8
00007f30fffeb467b
000085edfffeb4544
000088293ffeb45ce
00007f05fffeb4544
000089237ffeb467b
000084983ffeb49e8
00007fe6bffeb45af
00008a67fffeb4592
000081fafffeb4513
000081fdfffeb4808
00008a5b3ffeb4901
00007fedfffeb4517
000085b8fffeb45b1
000088543ffeb4533
00007e98fffeb496c
0000884dbffeb477b
000085e7bffeb4515
00007f313ffeb45ce
000089f9bffeb4578
00008313fffeb45b0
000081dabffeb49e8
00008a673ffeb467a
00007fe7fffeb455d
00008492fffeb453c
000089403ffeb46f8
00007ebf7ffeb49b8
00008731fffeb4565
000087007ffeb45a7
00007f54fffeb4509
000089e1fffeb488d
000083427ffeb488d
000080d93ffeb4509
00008a8ebffeb45a7
000080d93ffeb4565
000083427ffeb49b8
000089e1fffeb46fa
00007f54fffeb4527
000087007ffeb45d0
00008731fffeb4560
00007ebf7ffeb460b
000089457ffeb49fa
00008463fffeb4609
000080c93ffeb457b
00008a883ffeb4525
000080dafffeb477b
0000833e7ffeb496c
000089f6bffeb4533
00007f30bffeb45b1
000085edfffeb4517
000088293ffeb4901
00007f05fffeb4809
000089237ffeb4508
000084983ffeb45c5
00007fe6bffeb4592
00008a67fffeb4565
000081fafffeb49b8
000081fdfffeb46f8
00008a5b3ffeb453c
00007fedfffeb455d
000085b8fffeb467a
000088543ffeb49e8
00007e98fffeb45af
0000884dbffeb4592
000085e7bffeb4513
00007f313ffeb4808
000089f9bffeb4901
00008313fffeb4514
000081dabffeb45b4
00008a673ffeb45b4
00007fe77ffeb4514
000084983ffeb4901
000089237ffeb4808
00007f05fffeb4513
000088293ffeb4592
000085edfffeb45af
00007f30bffeb49e8
000089f6bffeb467a
0000833e7ffeb455d
000080dafffeb453c
00008a883ffeb46f8
000080c93ffeb49b8
00008463fffeb4565
000089457ffeb4592
00007ebffffeb45c5
0000872b3ffeb4508
0000872b3ffeb4809
00007ebffffeb4901
000089457ffeb4517
00008463fffeb45b1
000080c93ffeb4533
00008a883ffeb496c
000080dafffeb477b
0000833e7ffeb4525
000089f6bffeb457b
00007f30bffeb4609
000085edfffeb49fa
000088293ffeb460b
00007f05fffeb4560
000089237ffeb45d0
000084983ffeb4527
00007fe77ffeb46fa
00008a673ffeb49b8
000081dabffeb4565
00008313fffeb45a7
000089f9bffeb4509
00007f313ffeb488d
000085e7bffeb488d
0000884dbffeb4509
00007e98fffeb45a7
000088543ffeb4565
000085b8fffeb49b8
00007fedfffeb46f8
00008a5b3ffeb453c
000081fdfffeb455d
000081fafffeb467a
00008a67fffeb49e8
00007fe6bffeb45b0
000084983ffeb4578
000089237ffeb45ce
00007f05fffeb4515
000088293ffeb477b
000085edfffeb496c
00007f30bffeb4533
000089f6bffeb45b1
0000833e7ffeb4517
000080dafffeb4901
00008a883ffeb4808
000080c93ffeb4513
00008463fffeb4592
000089457ffeb45af
00007ebf7ffeb49e8
00008731fffeb467b
000087007ffeb4544
00007f54fffeb45ce
000089e1fffeb4544
000083427ffeb467b
000080d93ffeb49e8
00008a8ebffeb45af
000080d93ffeb4592
000083427ffeb4513
000089e1fffeb4808
00007f54fffeb4901
000087007ffeb4517
00008731fffeb45b1
00007ebf7ffeb4533
000089403ffeb496c
00008492fffeb477b
00007fe7fffeb4515
00008a673ffeb45ce
000081dabffeb4578
00008313fffeb45b0
000089f9bffeb49e8
00007f313ffeb467a
000085e7bffeb455d
00008854bffeb4431
00007df1fffeb5dde
00008b03fffeaf3f8
000081ffbffeb8640
00003cfaffff4fa24
0000257affffa441f
00002b73ffff95f06
00002aa37fff96e5c
00002b0effff970a0
000028f47fff974b5
0000279abfff97316
00002ac77fff970d5
00002abdffff97233
00002aa3bfff970f8
00002b023fff97580
00002835bfff97162
00002835bfff971e0
00002b023fff9712b
00002aa3bfff9727e
00002abdffff97516
00002ac77fff9706e
0000279abfff97286
000028f47fff970fc
00002b0f7fff97286
00002a9affff9706e
00002ab3bfff97516
00002aeb3fff9727e
000027e1ffff9712b
00002891ffff971e0
00002b0e3fff97162
00002a9affff97580
00002acd7fff970f8
00002a94bfff97233
000027667fff970d5
000029567fff97316
00002b09bfff974b5
00002a907fff9705b
00002aef7fff972ac
00002a0a7fff9705b
000027393fff974b5
00002a0a7fff97316
00002aefbfff970d4
00002a937fff97227
00002adf3fff971a2
00002a563fff97181
000027457fff971e7
000029b37fff9755a
00002afe3fff970a2
00002a8f3fff97276
00002afe3fff97093
000029b37fff973ab
000027457fff9743a
00002a563fff9706a
00002ade7fff9729f
00002a943fff9706d
00002b0fffff97516
000028f47fff9727e
0000279abfff9712b
00002ac77fff971e0
00002abdffff97162
00002aa3bfff97580
00002b023fff970f8
00002835bfff97223
00002835bfff97128
00002b01bfff97285
00002aa8ffff9706b
00002aa13fff9743a
00002b0dffff973ab
00002891ffff97093
000027e1ffff97276
00002aeb3fff970a2
00002aafbfff9755a
00002aafbfff971e7
00002aeb3fff97188
000027e1ffff97188
00002891ffff971e7
00002b0e3fff9755a
00002a9affff970a2
00002acd7fff97276
00002a94bfff97093
000027667fff973ab
000029567fff9743a
00002b097fff9706b
00002a96ffff97285
00002ac0bfff97128
00002ac73fff97223
0000279abfff970f8
000028f47fff97580
00002b0fffff97162
00002a943fff971e0
00002ade7fff9712b
00002a563fff9727e
000027457fff97516
000029b37fff9706d
00002afe3fff9729f
00002a8f3fff9706a
00002afe3fff9743a
000029b37fff973ab
000027457fff97093
00002a563fff97276
00002ade7fff970a2
00002a943fff9755a
00002b0fffff971e7
000028f47fff97181
0000279abfff971a2
00002ac73fff97227
00002ac0bfff970d4
00002a96ffff97316
00002b097fff974b5
000029567fff9705b
000027667fff972ac
00002a94bfff9705b
00002acd7fff974b5
00002a9affff97316
00002b0e3fff970d5
00002891ffff97233
000027e1ffff970f8
00002aeb3fff97580
00002aafbfff97162
00002aafbfff971e0
00002aeb3fff9712b
000027e1ffff9727e
00002891ffff97516
00002b0dffff9706e
00002aa13fff97286
00002aa8ffff970fc
00002b01bfff97286
00002835bfff9706e
00002835bfff97516
00002b023fff9727e
00002aa3bfff9712b
00002abdffff971e0
00002ac77fff97162
0000279abfff97580
000028f47fff970f8
00002b0fffff97233
00002a943fff970d5
00002ade7fff97316
00002a563fff974b5
000027457fff9705b
000029b37fff972ac
00002afe3fff9705b
00002a8f3fff974b5
00002afe3fff97316
000029b37fff970d4
000027457fff97227
00002a563fff971a2
00002adf3fff97181
00002a937fff971e7
00002aefbfff9755a
00002a0a7fff970a2
000027393fff97276
00002a0a7fff97093
00002aef7fff973ab
00002a907fff9743a
00002b09bfff9706a
000029567fff9729f
000027667fff9706d
00002a94bfff97516
00002acd7fff9727e
00002a9affff9712b
00002b0e3fff971e0
00002891ffff97162
000027e1ffff97580
00002aeb3fff970f8
00002ab3bfff97223
00002a9affff97128
00002b0f7fff97285
000028f47fff9706b
0000279abfff9743a
00002ac77fff973ab
00002abdffff97093
00002aa3bfff97276
00002b023fff970a2
00002835bfff9755a
00002835bfff971e7
00002b023fff97188
00002aa3bfff97188
00002abdffff971e7
00002ac77fff9755a
0000279abfff970a2
000028f47fff97276
00002b0fffff97093
00002a943fff973ab
00002ade7fff9743a
00002a563fff9706b
000027457fff97285
000029b37fff97128
00002afe3fff97223
00002a947fff970f8
00002acf3fff97580
00002a94bfff97162
000027667fff971e0
000029567fff9712b
00002b09bfff9727e
00002a907fff97516
00002aef7fff9706d
00002a0a7fff9729f
000027393fff9706a
00002a0a7fff9743a
00002aef7fff973ab
00002a907fff97093
00002b09bfff97276
000029567fff970a2
000027667fff9755a
00002a94bfff971e7
00002acf3fff97181
00002a947fff971a2
00002afe3fff97227
000029b37fff970d4
000027457fff97316
00002a563fff974b5
00002ade7fff9705b
00002a943fff972ac
00002b0fffff9705b
000028f47fff974b5
0000279abfff97316
00002ac77fff970d5
00002abdffff97233
00002aa3bfff970f8
00002b023fff97580
00002835bfff97162
00002835bfff971e0
00002b023fff9712b
00002aa3bfff9727e
00002abdffff97516
00002ac77fff9706e
0000279abfff97286
000028f47fff970fc
00002b0f7fff97286
00002a9affff9706e
00002ab3bfff97516
00002aeb3fff9727e
000027e1ffff9712b
00002891ffff971e0
00002b0e3fff97162
00002a9affff97580
00002acd7fff970f8
00002a94bfff97233
000027667fff970d5
000029567fff97316
00002b09bfff974b5
00002a907fff9705b
00002aef7fff972ac
00002a0a7fff9705b
000027393fff974b5
00002a0a7fff97316
00002aefbfff970d4
00002a937fff97227
00002adf3fff971a2
00002a563fff97181
000027457fff971e7
000029b37fff9755a
00002afe3fff970a2
00002a8f3fff97276
00002afe3fff97093
000029b37fff973ab
000027457fff9743a
00002a563fff9706a
00002ade7fff9729f
00002a943fff9706d
00002b0fffff97516
000028f47fff9727e
0000279abfff9712b
00002ac77fff971e0
00002abdffff97162
00002aa3bfff97580
00002b023fff970f8
00002835bfff97223
00002835bfff97128
00002b01bfff97285
00002aa8ffff9706b
00002aa13fff9743a
00002b0dffff973ab
00002891ffff97093
000027e1ffff97276
00002aeb3fff970a2
00002aafbfff9755a
00002aafbfff971e7
00002aeb3fff97188
000027e1ffff97188
00002891ffff971e7
00002b0e3fff9755a
00002a9affff970a2
00002acd7fff97276
00002a94bfff97093
000027667fff973ab
000029567fff9743a
00002b097fff9706b
00002a96ffff97285
00002ac0bfff97128
00002ac73fff97223
0000279abfff970f8
000028f47fff97580
00002b0fffff97162
00002a943fff971e0
00002ade7fff9712b
00002a563fff9727e
000027457fff97516
000029b37fff9706d
00002afe3fff9729f
00002a8f3fff9706a
00002afe3fff9743a
000029b37fff973ab
000027457fff97093
00002a563fff97276
00002ade7fff970a2
00002a943fff9755a
00002b0fffff971e7
000028f47fff97181
0000279abfff971a2
00002ac73fff97227
00002ac0bfff970d4
00002a96ffff97316
00002b097fff974b5
000029567fff9705b
000027667fff972ac
00002a94bfff9705b
00002acd7fff974b5
00002a9affff97316
00002b0e3fff970d5
00002891ffff97233
000027e1ffff970f8
00002aeb3fff97580
00002aafbfff97162
00002aafbfff971e0
00002aeb3fff9712b
000027e1ffff9727e
00002891ffff97516
00002b0dffff9706e
00002aa13fff97286
00002aa8ffff970fc
00002b01bfff97286
00002835bfff9706e
00002835bfff97516
00002b023fff9727e
00002aa3bfff9712b
00002abdffff971e0
00002ac77fff97162
0000279abfff97580
000028f47fff970f8
00002b0fffff97233
00002a943fff970d5
00002ade7fff97316
00002a563fff974b5
000027457fff9705b
000029b37fff972ac
00002afe3fff9705b
00002a8f3fff974b5
00002afe3fff97316
000029b37fff970d4
000027457fff97227
00002a563fff971a2
00002adf3fff97181
00002a937fff971e7
00002aefbfff9755a
00002a0a7fff970a2
000027393fff97276
00002a0a7fff97093
00002aef7fff973ab
00002a907fff9743a
00002b09bfff9706a
000029567fff9729f
000027667fff9706d
00002a94bfff97516
00002acd7fff9727e
00002a9affff9712b
00002b0e3fff971e0
00002891ffff97162
000027e1ffff97580
00002aeb3fff970f8
00002ab3bfff97223
00002a9affff97128
00002b0f7fff97285
000028f47fff9706b
0000279abfff9743a
00002ac77fff973ab
00002abdffff97093
00002aa3bfff97276
00002b023fff970a2
00002835bfff9755a
00002835bfff971e7
00002b023fff97188
00002aa3bfff97188
00002abdffff971e7
00002ac77fff9755a
0000279abfff970a2
000028f47fff97276
00002b0fffff97093
00002a943fff973ab
00002ade7fff9743a
00002a563fff9706b
000027457fff97285
000029b37fff97128
00002afe3fff97223
00002a947fff970f8
00002acf3fff97580
00002a94bfff97162
000027667fff971e0
000029567fff9712b
00002b09bfff9727e
00002a907fff97516
00002aef7fff9706d
00002a0a7fff9729f
000027393fff9706a
00002a0a7fff9743a
00002aef7fff973ab
00002a907fff97093
00002b09bfff97276
000029567fff970a2
000027667fff9755a
00002a94bfff971e7
00002acf3fff97181
00002a947fff971a2
00002afe3fff97227
000029b37fff970d4
000027457fff97316
00002a563fff974b5
00002ade7fff9705b
00002a943fff972ac
00002b0fffff9705b
000028f47fff974b5
0000279abfff97316
00002ac77fff970d5
00002abdffff97233
00002aa3bfff970f8
00002b023fff97580
00002835bfff97162
00002835bfff971e0
00002b023fff9712b
00002aa3bfff9727e
00002abdffff97516
00002ac77fff9706e
0000279abfff97286
000028f47fff970fc
00002b0f7fff97286
00002a9affff9706e
00002ab3bfff97516
00002aeb3fff9727e
000027e1ffff9712b
00002891ffff971e0
00002b0e3fff97162
00002a9affff97580
00002acd7fff970f8
00002a94bfff97233
000027667fff970d5
000029567fff97316
00002b09bfff974b5
00002a907fff9705b
00002aef7fff972ac
00002a0a7fff9705b
000027393fff974b5
00002a0a7fff97316
00002aefbfff970d4
00002a937fff97227
00002adf3fff971a2
00002a563fff97181
000027457fff971e7
000029b37fff9755a
00002afe3fff970a2
00002a8f3fff97276
00002afe3fff97093
000029b37fff973ab
000027457fff9743a
00002a563fff9706a
00002ade7fff9729f
00002a943fff9706d
00002b0fffff97516
000028f47fff9727e
0000279abfff9712b
00002ac77fff971e0
00002abdffff97162
00002aa3bfff97580
00002b023fff970f8
00002835bfff97223
00002835bfff97128
00002b01bfff97285
00002aa8ffff9706b
00002aa13fff9743a
00002b0dffff973ab
00002891ffff97093
000027e1ffff97276
00002aeb3fff970a2
00002aafbfff9755a
00002aafbfff971e7
00002aeb3fff97188
000027e1ffff97188
00002891ffff971e7
00002b0e3fff9755a
00002a9affff970a2
00002acd7fff97276
00002a94bfff97093
000027667fff973ab
000029567fff9743a
00002b097fff9706b
00002a96ffff97285
00002ac0bfff97128
00002ac73fff97223
0000279abfff970f8
000028f47fff97580
00002b0fffff97162
00002a943fff971e0
00002ade7fff9712b
00002a563fff9727e
000027457fff97516
000029b37fff9706d
00002afe3fff9729f
00002a8f3fff9706a
00002afe3fff9743a
000029b37fff973ab
000027457fff97093
00002a563fff97261
00002ade7fff9715e
00002a943fff971d5
00002b0fffff97163
000028f47fff97580
0000279abfff970f8
00002ac73fff97233
00002ac0bfff970d5
00002a96ffff97316
00002b097fff974b5
000029567fff9705b
000027667fff972ac
00002a94bfff9705b
00002acd7fff974b5
00002a9affff97316
00002b0e3fff970d5
00002891ffff97233
000027e1ffff970f8
00002aeb3fff97580
00002aafbfff97163
00002aafbfff971d5
00002aeb3fff9715e
000027e1ffff97261
00002891ffff97093
00002b0dffff973ab
00002aa13fff9743a
00002aa8ffff9706a
00002b01bfff9729f
00002835bfff9706d
00002835bfff97516
00002b023fff9727e
00002aa3bfff9712b
00002abdffff971e0
00002ac77fff97162
0000279abfff97580
000028f47fff970f8
00002b0fffff97233
00002a943fff970d5
00002ade7fff97316
00002a563fff974b5
000027457fff9705d
000029b37fff97291
00002afe3fff97106
00002a8f3fff97261
00002afe3fff970a4
000029b37fff9755a
000027457fff971e7
00002a563fff97188
00002adf3fff97188
00002a937fff971e7
00002aefbfff9755a
00002a0a7fff970a2
000027393fff97276
00002a0a7fff97093
00002aef7fff973ab
00002a907fff9743a
00002b09bfff9706a
000029567fff9729f
000027667fff9706d
00002a94bfff97516
00002acd7fff9727e
00002a9affff97128
00002b0e3fff971e3
00002891ffff971e3
000027e1ffff97128
00002aeb3fff9727e
00002ab3bfff97516
00002a9affff9706d
00002b0f7fff9729f
000028f47fff9706a
0000279abfff9743a
00002ac77fff973ab
00002abdffff97093
00002aa3bfff97276
00002b023fff970a2
00002835bfff9755a
00002835bfff971e7
00002b023fff97188
00002aa3bfff97188
00002abdffff971e7
00002ac77fff9755a
0000279abfff970a4
000028f47fff97261
00002b0fffff97106
00002a943fff97291
00002ade7fff9705d
00002a563fff974b5
000027457fff97316
000029b37fff970d5
00002afe3fff97233
00002a947fff970f8
00002acf3fff97580
00002a94bfff97162
000027667fff971e0
000029567fff9712b
00002b09bfff9727e
00002a907fff97516
00002aef7fff9706d
00002a0a7fff9729f
000027393fff9706a
00002a0a7fff9743a
00002aef7fff973ab
00002a907fff97093
00002b09bfff97261
000029567fff9715e
000027667fff971d5
00002a94bfff97163
00002acf3fff97580
00002a947fff970f8
00002afe3fff97233
000029b37fff970d5
000027457fff97316
00002a563fff974b5
00002ade7fff9705b
00002a943fff972ac
00002b0fffff9705b
000028f47fff974b5
0000279abfff97316
00002ac77fff970d5
00002abdffff97233
00002aa3bfff970f8
00002b023fff97580
00002835bfff97163
00002835bfff971d5
00002b023fff9715e
00002aa3bfff97261
00002abdffff97093
00002ac77fff973ab
0000279abfff9743a
000028f47fff9706a
00002b0f7fff9729f
00002a9affff9706d
00002ab3bfff97516
00002aeb3fff9727e
000027e1ffff9712b
00002891ffff971e0
00002b0e3fff97162
00002a9affff97580
00002acd7fff970f8
00002a94bfff97233
000027667fff970d5
000029567fff97316
00002b09bfff974b5
00002a907fff9705d
00002aef7fff97291
00002a0a7fff97106
000027393fff97261
00002a0a7fff970a4
00002aefbfff9755a
00002a937fff971e7
00002adf3fff97188
00002a563fff97188
000027457fff971e7
000029b37fff9755a
00002afe3fff970a2
00002a8f3fff97276
00002afe3fff97093
000029b37fff973ab
000027457fff9743a
00002a563fff9706a
00002ade7fff9729f
00002a943fff9706d
00002b0fffff97516
000028f47fff9727e
0000279abfff97128
00002ac77fff971e3
00002abdffff971e3
00002aa3bfff97128
00002b023fff9727e
00002835bfff97516
00002835bfff9706d
00002b01bfff9729f
00002aa8ffff9706a
00002aa13fff9743a
00002b0dffff973ab
00002891ffff97093
000027e1ffff97276
00002aeb3fff970a2
00002aafbfff9755a
00002aafbfff971e7
00002aeb3fff97188
000027e1ffff97188
00002891ffff971e7
00002b0e3fff9755a
00002a9affff970a4
00002acd7fff97261
00002a94bfff97106
000027667fff97291
000029567fff9705d
00002b097fff974b5
00002a96ffff97316
00002ac0bfff970d5
00002ac73fff97233
0000279abfff970f8
000028f47fff97580
00002b0fffff97162
00002a943fff971e0
00002ade7fff9712b
00002a563fff9727e
000027457fff97516
000029b37fff9706d
00002afe3fff9729f
00002a8f3fff9706a
00002afe3fff9743a
000029b37fff973ab
000027457fff97093
00002a563fff97261
00002ade7fff9715e
00002a943fff971d5
00002b0fffff97163
000028f47fff97580
0000279abfff970f8
00002ac73fff97233
00002ac0bfff970d5
00002a96ffff97316
00002b097fff974b5
000029567fff9705b
000027667fff972ac
00002a94bfff9705b
00002acd7fff974b5
00002a9affff97316
00002b0e3fff970d5
00002891ffff97233
000027e1ffff970f8
00002aeb3fff97580
00002aafbfff97163
00002aafbfff971d5
00002aeb3fff9715e
000027e1ffff97261
00002891ffff97093
00002b0dffff973ab
00002aa13fff9743a
00002aa8ffff9706a
00002b01bfff9729f
00002835bfff9706d
00002835bfff97516
00002b023fff9727e
00002aa3bfff9712b
00002abdffff971e0
00002ac77fff97162
0000279abfff97580
000028f47fff970f8
00002b0fffff97233
00002a943fff970d5
00002ade7fff97316
00002a563fff974b5
000027457fff9705d
000029b37fff97291
00002afe3fff97106
00002a8f3fff97261
00002afe3fff970a4
000029b37fff9755a
000027457fff971e7
00002a563fff97188
00002adf3fff97188
00002a937fff971e7
00002aefbfff9755a
00002a0a7fff970a2
000027393fff97276
00002a0a7fff97093
00002aef7fff973ab
00002a907fff9743a
00002b09bfff9706a
000029567fff9729f
000027667fff9706d
00002a94bfff97516
00002acd7fff9727e
00002a9affff97128
00002b0e3fff971e3
00002891ffff971e3
000027e1ffff97128
00002aeb3fff9727e
00002ab3bfff97516
00002a9affff9706d
00002b0f7fff9729f
000028f47fff9706a
0000279abfff9743a
00002ac77fff973ab
00002abdffff97093
00002aa3bfff97276
00002b023fff970a2
00002835bfff9755a
00002835bfff971e7
00002b023fff97188
00002aa3bfff97188
00002abdffff971e7
00002ac77fff9755a
0000279abfff970a4
000028f47fff97261
00002b0fffff97106
00002a943fff97291
00002ade7fff9705d
00002a563fff974b5
000027457fff97316
000029b37fff970d5
00002afe3fff97233
00002a947fff970f8
00002acf3fff97580
00002a94bfff97162
000027667fff971e0
000029567fff9712b
00002b09bfff9727e
00002a907fff97516
00002aef7fff9706d
00002a0a7fff9729f
000027393fff9706a
00002a0a7fff9743a
00002aef7fff973ab
00002a907fff97093
00002b09bfff97261
000029567fff9715e
000027667fff971d5
00002a94bfff97163
00002acf3fff97580
00002a947fff970f8
00002afe3fff97233
000029b37fff970d5
000027457fff97316
00002a563fff974b5
00002ade7fff9705b
00002a943fff972ac
00002b0fffff9705b
000028f47fff974b5
0000279abfff97316
00002ac77fff970d5
00002abdffff97233
00002aa3bfff970f8
00002b023fff97580
00002835bfff97163
00002835bfff971d5
00002b023fff9715e
00002aa3bfff97261
00002abdffff97093
00002ac77fff973ab
0000279abfff9743a
000028f47fff9706a
00002b0f7fff9729f
00002a9affff9706d
00002ab3bfff97516
00002aeb3fff9727e
000027e1ffff9712b
00002891ffff971e0
00002b0e3fff97162
00002a9affff97580
00002acd7fff970f8
00002a94bfff97233
000027667fff970d5
000029567fff97316
00002b09bfff974b5
00002a907fff9705d
00002aef7fff97291
00002a0a7fff97106
000027393fff97261
00002a0a7fff970a4
00002aefbfff9755a
00002a937fff971e7
00002adf3fff97188
00002a563fff97188
000027457fff971e7
000029b37fff9755a
00002afe3fff970a2
00002a8f3fff97276
00002afe3fff97093
000029b37fff973ab
000027457fff9743a
00002a563fff9706a
00002ade7fff9729f
00002a943fff9706d
00002b0fffff97516
000028f47fff9727e
0000279abfff97128
00002ac77fff971e3
00002abdffff971e3
00002aa3bfff97128
00002b023fff9727e
00002835bfff97516
00002835bfff9706d
00002b01bfff9729f
00002aa8ffff9706a
00002aa13fff9743a
00002b0dffff973ab
00002891ffff97093
000027e1ffff97276
00002aeb3fff970a2
00002aafbfff9755a
00002aafbfff971e7
00002aeb3fff97188
000027e1ffff97188
00002891ffff971e7
00002b0e3fff9755a
00002a9affff970a4
00002acd7fff97261
00002a94bfff97106
000027667fff97291
000029567fff9705d
00002b097fff974b5
00002a96ffff97316
00002ac0bfff970d5
00002ac73fff97233
0000279abfff970f8
000028f47fff97580
00002b0fffff97162
00002a943fff971e0
00002ade7fff9712b
00002a563fff9727e
000027457fff97516
000029b37fff9706d
00002afe3fff9729f
00002a8f3fff9706a
00002afe3fff9743a
000029b37fff973ab
000027457fff97093
00002a563fff97261
00002ade7fff9715e
00002a943fff971d5
00002b0fffff97163
000028f47fff97580
0000279abfff970f8
00002ac73fff97233
00002ac0bfff970d5
00002a96ffff97316
00002b097fff974b5
000029567fff9705b
000027667fff972ac
00002a94bfff9705b
00002acd7fff974b5
00002a9affff97316
00002b0e3fff970d5
00002891ffff97233
000027e1ffff970f8
00002aeb3fff97580
00002aafbfff97163
00002aafbfff971d5
00002aeb3fff9715e
000027e1ffff97261
00002891ffff97093
00002b0dffff973ab
00002aa13fff9743a
00002aa8ffff9706a
00002b01bfff9729f
00002835bfff9706d
00002835bfff97516
00002b023fff9727e
00002aa3bfff9712b
00002abdffff971e0
00002ac77fff97162
0000279abfff97580
000028f47fff970f8
00002b0fffff97233
00002a943fff970d5
00002ade7fff97316
00002a563fff974b5
000027457fff9705d
000029b37fff97291
00002afe3fff97106
00002a8f3fff97261
00002afe3fff970a4
000029b37fff9755a
000027457fff971e7
00002a563fff97188
00002adf3fff97188
00002a937fff971e7
00002aefbfff9755a
00002a0a7fff970a2
000027393fff97276
00002a0a7fff97093
00002aef7fff973ab
00002a907fff9743a
00002b09bfff9706a
000029567fff9729f
000027667fff9706d
00002a94bfff97516
00002acd7fff9727e
00002a9affff97128
00002b0e3fff971e3
00002891ffff971e3
000027e1ffff97128
00002aeb3fff9727e
00002ab3bfff97516
00002a9affff9706d
00002b0f7fff9729f
000028f47fff9706a
0000279abfff9743a
00002ac77fff973ab
00002abdffff97093
00002aa3bfff97276
00002b023fff970a2
00002835bfff9755a
00002835bfff971e7
00002b023fff97188
00002aa3bfff97188
00002abdffff971e7
00002ac77fff9755a
0000279abfff970a4
000028f47fff97261
00002b0fffff97106
00002a943fff97291
00002ade7fff9705d
00002a563fff974b5
000027457fff97316
000029b37fff970d5
00002afe3fff97233
00002a947fff970f8
00002acf3fff97580
00002a94bfff97162
000027667fff971e0
000029567fff9712b
00002b09bfff9727e
00002a907fff97516
00002aef7fff9706e
00002a0a7fff97286
000027393fff970fc
00002a0a7fff97286
00002aef7fff9706e
00002a907fff97516
00002b09bfff9727e
000029567fff9712b
000027667fff971e0
00002a94bfff97162
00002acf3fff97580
00002a947fff970f8
00002afe3fff97233
000029b37fff970d5
000027457fff97316
00002a563fff974b5
00002ade7fff9705b
00002a943fff972ac
00002b0fffff9705b
000028f47fff974b5
0000279abfff97316
00002ac77fff970d4
00002abdffff97227
00002aa3bfff971a2
00002b023fff97181
00002835bfff971e7
00002835bfff9755a
00002b023fff970a2
00002aa3bfff97276
00002abdffff97093
00002ac77fff973ab
0000279abfff9743a
000028f47fff9706a
00002b0f7fff9729f
00002a9affff9706d
00002ab3bfff97516
00002aeb3fff9727e
000027e1ffff9712b
00002891ffff971e0
00002b0e3fff97162
00002a9affff97580
00002acd7fff970f8
00002a94bfff97223
000027667fff97128
000029567fff97285
00002b09bfff9706b
00002a907fff9743a
00002aef7fff973ab
00002a0a7fff97093
000027393fff97276
00002a0a7fff970a2
00002aefbfff9755a
00002a937fff971e7
00002adf3fff97188
00002a563fff97188
000027457fff971e7
000029b37fff9755a
00002afe3fff970a2
00002a8f3fff97276
00002afe3fff97093
000029b37fff973ab
000027457fff9743a
00002a563fff9706b
00002ade7fff97285
00002a943fff97128
00002b0fffff97223
000028f47fff970f8
0000279abfff97580
00002ac77fff97162
00002abdffff971e0
00002aa3bfff9712b
00002b023fff9727e
00002835bfff97516
00002835bfff9706d
00002b01bfff9729f
00002aa8ffff9706a
00002aa13fff9743a
00002b0dffff973ab
00002891ffff97093
000027e1ffff97276
00002aeb3fff970a2
00002aafbfff9755a
00002aafbfff971e7
00002aeb3fff97181
000027e1ffff971a2
00002891ffff97227
00002b0e3fff970d4
00002a9affff97316
00002acd7fff974b5
00002a94bfff9705b
000027667fff972ac
000029567fff9705b
00002b097fff974b5
00002a96ffff97316
00002ac0bfff970d5
00002ac73fff97233
0000279abfff970f8
000028f47fff97580
00002b0fffff97162
00002a943fff971e0
00002ade7fff9712b
00002a563fff9727e
000027457fff97516
000029b37fff9706e
00002afe3fff97286
00002a8f3fff970fc
00002afe3fff97286
000029b37fff9706e
000027457fff97516
00002a563fff9727e
00002ade7fff9712b
00002a943fff971e0
00002b0fffff97162
000028f47fff97580
0000279abfff970f8
00002ac73fff97233
00002ac0bfff970d5
00002a96ffff97316
00002b097fff974b5
000029567fff9705b
000027667fff972ac
00002a94bfff9705b
00002acd7fff974b5
00002a9affff97316
00002b0e3fff970d4
00002891ffff97227
000027e1ffff971a2
00002aeb3fff97181
00002aafbfff971e7
00002aafbfff9755a
00002aeb3fff970a2
000027e1ffff97276
00002891ffff97093
00002b0dffff973ab
00002aa13fff9743a
00002aa8ffff9706a
00002b01bfff9729f
00002835bfff9706d
00002835bfff97516
00002b023fff9727e
00002aa3bfff9712b
00002abdffff971e0
00002ac77fff97162
0000279abfff97580
000028f47fff970f8
00002b0fffff97223
00002a943fff97128
00002ade7fff97285
00002a563fff9706b
000027457fff9743a
000029b37fff973ab
00002afe3fff97093
00002a8f3fff97276
00002afe3fff970a2
000029b37fff9755a
000027457fff971e7
00002a563fff97188
00002adf3fff97188
00002a937fff971e7
00002aefbfff9755a
00002a0a7fff970a2
000027393fff97276
00002a0a7fff97093
00002aef7fff973ab
00002a907fff9743a
00002b09bfff9706b
000029567fff97285
000027667fff97128
00002a94bfff97223
00002acd7fff970f8
00002a9affff97580
00002b0e3fff97162
00002891ffff971e0
000027e1ffff9712b
00002aeb3fff9727e
00002ab3bfff97516
00002a9affff9706d
00002b0f7fff9729f
000028f47fff9706a
0000279abfff9743a
00002ac77fff973ab
00002abdffff97093
00002aa3bfff97276
00002b023fff970a2
00002835bfff9755a
00002835bfff971e7
00002b023fff97181
00002aa3bfff971a2
00002abdffff97227
00002ac77fff970d4
0000279abfff97316
000028f47fff974b5
00002b0fffff9705b
00002a943fff972ac
00002ade7fff9705b
00002a563fff974b5
000027457fff97316
000029b37fff970d5
00002afe3fff97233
00002a947fff970f8
00002acf3fff97580
00002a94bfff97162
000027667fff971e0
000029567fff9712b
00002b09bfff9727e
00002a907fff97516
00002aef7fff9706e
00002a0a7fff97286
000027393fff970fc
00002a0a7fff97286
00002aef7fff9706e
00002a907fff97516
00002b09bfff9727e
000029567fff9712b
000027667fff971e0
00002a94bfff97162
00002acf3fff97580
00002a947fff970f8
00002afe3fff97233
000029b37fff970d5
000027457fff97316
00002a563fff974b5
00002ade7fff9705b
00002a943fff972ac
00002b0fffff9705b
000028f47fff974b5
0000279abfff97316
00002ac77fff970d4
00002abdffff97227
00002aa3bfff971a2
00002b023fff97181
00002835bfff971e7
00002835bfff9755a
00002b023fff970a2
00002aa3bfff97276
00002abdffff97093
00002ac77fff973ab
0000279abfff9743a
000028f47fff9706a
00002b0f7fff9729f
00002a9affff9706d
00002ab3bfff97516
00002aeb3fff9727e
000027e1ffff9712b
00002891ffff971e0
00002b0e3fff97162
00002a9affff97580
00002acd7fff970f8
00002a94bfff97223
000027667fff97128
000029567fff97285
00002b09bfff9706b
00002a907fff9743a
00002aef7fff973ab
00002a0a7fff97093
000027393fff97276
00002a0a7fff970a2
00002aefbfff9755a
00002a937fff971e7
00002adf3fff97188
00002a563fff97188
000027457fff971e7
000029b37fff9755a
00002afe3fff970a2
00002a8f3fff97276
00002afe3fff97093
000029b37fff973ab
000027457fff9743a
00002a563fff9706b
00002ade7fff97285
00002a943fff97128
00002b0fffff97223
000028f47fff970f8
0000279abfff97580
00002ac77fff97162
00002abdffff971e0
00002aa3bfff9712b
00002b023fff9727e
00002835bfff97516
00002835bfff9706d
00002b01bfff9729f
00002aa8ffff9706a
00002aa13fff9743a
00002b0dffff973ab
00002891ffff97093
000027e1ffff97276
00002aeb3fff970a2
00002aafbfff9755a
00002aafbfff971e7
00002aeb3fff97181
000027e1ffff971a2
00002891ffff97227
00002b0e3fff970d4
00002a9affff97316
00002acd7fff974b5
00002a94bfff9705b
000027667fff972ac
000029567fff9705b
00002b097fff974b5
00002a96ffff97316
00002ac0bfff970d5
00002ac73fff97233
0000279abfff970f8
000028f47fff97580
00002b0fffff97162
00002a943fff971e0
00002ade7fff9712b
00002a563fff9727e
000027457fff97516
000029b37fff9706e
00002afe3fff97286
00002a8f3fff970fc
00002afe3fff97286
000029b37fff9706e
000027457fff97516
00002a563fff9727e
00002ade7fff9712b
00002a943fff971e0
00002b0fffff97162
000028f47fff97580
0000279abfff970f8
00002ac73fff97233
00002ac0bfff970d5
00002a96ffff97316
00002b097fff974b5
000029567fff9705b
000027667fff972ac
00002a94bfff9705b
00002acd7fff974b5
00002a9affff97316
00002b0e3fff970d4
00002891ffff97227
000027e1ffff971a2
00002aeb3fff97181
00002aafbfff971e7
00002aafbfff9755a
00002aeb3fff970a2
000027e1ffff97276
00002891ffff97093
00002b0dffff973ab
00002aa13fff9743a
00002aa8ffff9706a
00002b01bfff9729f
00002835bfff9706d
00002835bfff97516
00002b023fff9727e
00002aa3bfff9712b
00002abdffff971e0
00002ac77fff97162
0000279abfff97580
000028f47fff970f8
00002b0fffff97223
00002a943fff97128
00002ade7fff97285
00002a563fff9706b
000027457fff9743a
000029b37fff973ab
00002afe3fff97093
00002a8f3fff97276
00002afe3fff970a2
000029b37fff9755a
000027457fff971e7
00002a563fff97188
00002adf3fff97188
00002a937fff971e7
00002aefbfff9755a
00002a0a7fff970a2
000027393fff97276
00002a0a7fff97093
00002aef7fff973ab
00002a907fff9743a
00002b09bfff9706b
000029567fff97285
000027667fff97128
00002a94bfff97223
00002acd7fff970f8
00002a9affff97580
00002b0e3fff97162
00002891ffff971e0
000027e1ffff9712b
00002aeb3fff9727e
00002ab3bfff97516
00002a9affff9706d
00002b0f7fff9729f
000028f47fff9706a
0000279abfff9743a
00002ac77fff973ab
00002abdffff97093
00002aa3bfff97276
00002b023fff970a2
00002835bfff9755a
00002835bfff971e7
00002b023fff97181
00002aa3bfff971a2
00002abdffff97227
00002ac77fff970d4
0000279abfff97316
000028f47fff974b5
00002b0fffff9705b
00002a943fff972ac
00002ade7fff9705b
00002a563fff974b5
000027457fff97316
000029b37fff970d5
00002afe3fff97233
00002a947fff970f8
00002acf3fff97580
00002a94bfff97162
000027667fff971e0
000029567fff9712b
00002b09bfff9727e
00002a907fff97516
00002aef7fff9706e
00002a0a7fff97286
000027393fff970fc
00002a0a7fff97286
00002aef7fff9706e
00002a907fff97516
00002b09bfff9727e
000029567fff9712b
000027667fff971e0
00002a94bfff97162
00002acf3fff97580
00002a947fff970f8
00002afe3fff97233
000029b37fff970d5
000027457fff97316
00002a563fff974b5
00002ade7fff9705b
00002a943fff972ac
00002b0fffff9705b
000028f47fff974b5
0000279abfff97316
00002ac77fff970d4
00002abdffff97227
00002aa3bfff971a2
00002b023fff97181
00002835bfff971e7
00002835bfff9755a
00002b023fff970a2
00002aa3bfff97276
00002abdffff97093
00002ac77fff973ab
0000279abfff9743a
000028f47fff9706a
00002b0f7fff9729f
00002a9affff9706d
00002ab3bfff97516
00002aeb3fff9727e
000027e1ffff9712b
00002891ffff971e0
00002b0e3fff97162
00002a9affff97580
00002acd7fff970f8
00002a94bfff97223
000027667fff97128
000029567fff97285
00002b09bfff9706b
00002a907fff9743a
00002aef7fff973ab
00002a0a7fff97093
000027393fff97276
00002a0a7fff970a2
00002aefbfff9755a
00002a937fff971e7
00002adf3fff97188
00002a563fff97188
000027457fff971e7
000029b37fff9755a
00002afe3fff970a2
00002a8f3fff97276
00002afe3fff97093
000029b37fff973ab
000027457fff9743a
00002a563fff9706b
00002ade7fff97285
00002a943fff97128
00002b0fffff97223
000028f47fff970f8
0000279abfff97580
00002ac77fff97162
00002abdffff971e0
00002aa3bfff9712b
00002b023fff9727e
00002835bfff97516
00002835bfff9706d
00002b01bfff9729f
00002aa8ffff9706a
00002aa13fff9743a
00002b0dffff973ab
00002891ffff97093
000027e1ffff97261
00002aeb3fff9715e
00002aafbfff971d5
00002aafbfff97163
00002aeb3fff97580
000027e1ffff970f8
00002891ffff97233
00002b0e3fff970d5
00002a9affff97316
00002acd7fff974b5
00002a94bfff9705b
000027667fff972ac
000029567fff9705b
00002b097fff974b5
00002a96ffff97316
00002ac0bfff970d5
00002ac73fff97233
0000279abfff970f8
000028f47fff97580
00002b0fffff97163
00002a943fff971d5
00002ade7fff9715e
00002a563fff97261
000027457fff97093
000029b37fff973ab
00002afe3fff9743a
00002a8f3fff9706a
00002afe3fff9729f
000029b37fff9706d
000027457fff97516
00002a563fff9727e
00002ade7fff9712b
00002a943fff971e0
00002b0fffff97162
000028f47fff97580
0000279abfff970f8
00002ac73fff97233
00002ac0bfff970d5
00002a96ffff97316
00002b097fff974b5
000029567fff9705d
000027667fff97291
00002a94bfff97106
00002acd7fff97261
00002a9affff970a4
00002b0e3fff9755a
00002891ffff971e7
000027e1ffff97188
00002aeb3fff97188
00002aafbfff971e7
00002aafbfff9755a
00002aeb3fff970a2
000027e1ffff97276
00002891ffff97093
00002b0dffff973ab
00002aa13fff9743a
00002aa8ffff9706a
00002b01bfff9729f
00002835bfff9706d
00002835bfff97516
00002b023fff9727e
00002aa3bfff97128
00002abdffff971e3
00002ac77fff971e3
0000279abfff97128
000028f47fff9727e
00002b0fffff97516
00002a943fff9706d
00002ade7fff9729f
00002a563fff9706a
000027457fff9743a
000029b37fff973ab
00002afe3fff97093
00002a8f3fff97276
00002afe3fff970a2
000029b37fff9755a
000027457fff971e7
00002a563fff97188
00002adf3fff97188
00002a937fff971e7
00002aefbfff9755a
00002a0a7fff970a4
000027393fff97261
00002a0a7fff97106
00002aef7fff97291
00002a907fff9705d
00002b09bfff974b5
000029567fff97316
000027667fff970d5
00002a94bfff97233
00002acd7fff970f8
00002a9affff97580
00002b0e3fff97162
00002891ffff971e0
000027e1ffff9712b
00002aeb3fff9727e
00002ab3bfff97516
00002a9affff9706d
00002b0f7fff9729f
000028f47fff9706a
0000279abfff9743a
00002ac77fff973ab
00002abdffff97093
00002aa3bfff97261
00002b023fff9715e
00002835bfff971d5
00002835bfff97163
00002b023fff97580
00002aa3bfff970f8
00002abdffff97233
00002ac77fff970d5
0000279abfff97316
000028f47fff974b5
00002b0fffff9705b
00002a943fff972ac
00002ade7fff9705b
00002a563fff974b5
000027457fff97316
000029b37fff970d5
00002afe3fff97233
00002a947fff970f8
00002acf3fff97580
00002a94bfff97163
000027667fff971d5
000029567fff9715e
00002b09bfff97261
00002a907fff97093
00002aef7fff973ab
00002a0a7fff9743a
000027393fff9706a
00002a0a7fff9729f
00002aef7fff9706d
00002a907fff97516
00002b09bfff9727e
000029567fff9712b
000027667fff971e0
00002a94bfff97162
00002acf3fff97580
00002a947fff970f8
00002afe3fff97233
000029b37fff970d5
000027457fff97316
00002a563fff974b5
00002ade7fff9705d
00002a943fff97291
00002b0fffff97106
000028f47fff97261
0000279abfff970a4
00002ac77fff9755a
00002abdffff971e7
00002aa3bfff97188
00002b023fff97188
00002835bfff971e7
00002835bfff9755a
00002b023fff970a2
00002aa3bfff97276
00002abdffff97093
00002ac77fff973ab
0000279abfff9743a
000028f47fff9706a
00002b0f7fff9729f
00002a9affff9706d
00002ab3bfff97516
00002aeb3fff9727e
000027e1ffff97128
00002891ffff971e3
00002b0e3fff971e3
00002a9affff97128
00002acd7fff9727e
00002a94bfff97516
000027667fff9706d
000029567fff9729f
00002b09bfff9706a
00002a907fff9743a
00002aef7fff973ab
00002a0a7fff97093
000027393fff97276
00002a0a7fff970a2
00002aefbfff9755a
00002a937fff971e7
00002adf3fff97188
00002a563fff97188
000027457fff971e7
000029b37fff9755a
00002afe3fff970a4
00002a8f3fff97261
00002afe3fff97106
000029b37fff97291
000027457fff9705d
00002a563fff974b5
00002ade7fff97316
00002a943fff970d5
00002b0fffff97233
000028f47fff970f8
0000279abfff97580
00002ac77fff97162
00002abdffff971e0
00002aa3bfff9712b
00002b023fff9727e
00002835bfff97516
00002835bfff9706d
00002b01bfff9729f
00002aa8ffff9706a
00002aa13fff9743a
00002b0dffff973ab
00002891ffff97093
000027e1ffff97261
00002aeb3fff9715e
00002aafbfff971d5
00002aafbfff97163
00002aeb3fff97580
000027e1ffff970f8
00002891ffff97233
00002b0e3fff970d5
00002a9affff97316
00002acd7fff974b5
00002a94bfff9705b
000027667fff972ac
000029567fff9705b
00002b097fff974b5
00002a96ffff97316
00002ac0bfff970d5
00002ac73fff97233
0000279abfff970f8
000028f47fff97580
00002b0fffff97163
00002a943fff971d5
00002ade7fff9715e
00002a563fff97261
000027457fff97093
000029b37fff973ab
00002afe3fff9743a
00002a8f3fff9706a
00002afe3fff9729f
000029b37fff9706d
000027457fff97516
00002a563fff9727e
00002ade7fff9712b
00002a943fff971e0
00002b0fffff97162
000028f47fff97580
0000279abfff970f8
00002ac73fff97233
00002ac0bfff970d5
00002a96ffff97316
00002b097fff974b5
000029567fff9705d
000027667fff97291
00002a94bfff97106
00002acd7fff97261
00002a9affff970a4
00002b0e3fff9755a
00002891ffff971e7
000027e1ffff97188
00002aeb3fff97188
00002aafbfff971e7
00002aafbfff9755a
00002aeb3fff970a2
000027e1ffff97276
00002891ffff97093
00002b0dffff973ab
00002aa13fff9743a
00002aa8ffff9706a
00002b01bfff9729f
00002835bfff9706d
00002835bfff97516
00002b023fff9727e
00002aa3bfff97128
00002abdffff971e3
00002ac77fff971e3
0000279abfff97128
000028f47fff9727e
00002b0fffff97516
00002a943fff9706d
00002ade7fff9729f
00002a563fff9706a
000027457fff9743a
000029b37fff973ab
00002afe3fff97093
00002a8f3fff97276
00002afe3fff970a2
000029b37fff9755a
000027457fff971e7
00002a563fff97188
00002adf3fff97188
00002a937fff971e7
00002aefbfff9755a
00002a0a7fff970a4
000027393fff97261
00002a0a7fff97106
00002aef7fff97291
00002a907fff9705d
00002b09bfff974b5
000029567fff97316
000027667fff970d5
00002a94bfff97233
00002acd7fff970f8
00002a9affff97580
00002b0e3fff97162
00002891ffff971e0
000027e1ffff9712b
00002aeb3fff9727e
00002ab3bfff97516
00002a9affff9706d
00002b0f7fff9729f
000028f47fff9706a
0000279abfff9743a
00002ac77fff973ab
00002abdffff97093
00002aa3bfff97261
00002b023fff9715e
00002835bfff971d5
00002835bfff97163
00002b023fff97580
00002aa3bfff970f8
00002abdffff97233
00002ac77fff970d5
0000279abfff97316
000028f47fff974b5
00002b0fffff9705b
00002a943fff972ac
00002ade7fff9705b
00002a563fff974b5
000027457fff97316
000029b37fff970d5
00002afe3fff97233
00002a947fff970f8
00002acf3fff97580
00002a94bfff97163
000027667fff971d5
000029567fff9715e
00002b09bfff97261
00002a907fff97093
00002aef7fff973ab
00002a0a7fff9743a
000027393fff9706a
00002a0a7fff9729f
00002aef7fff9706d
00002a907fff97516
00002b09bfff9727e
000029567fff9712b
000027667fff971e0
00002a94bfff97162
00002acf3fff97580
00002a947fff970f8
00002afe3fff97233
000029b37fff970d5
000027457fff97316
00002a563fff974b5
00002ade7fff9705d
00002a943fff97291
00002b0fffff97106
000028f47fff97261
0000279abfff970a4
00002ac77fff9755a
00002abdffff971e7
00002aa3bfff97188
00002b023fff97188
00002835bfff971e7
00002835bfff9755a
00002b023fff970a2
00002aa3bfff97276
00002abdffff97093
00002ac77fff973ab
0000279abfff9743a
000028f47fff9706a
00002b0f7fff9729f
00002a9affff9706d
00002ab3bfff97516
00002aeb3fff9727e
000027e1ffff97128
00002891ffff971e3
00002b0e3fff971e3
00002a9affff97128
00002acd7fff9727e
00002a94bfff97516
000027667fff9706d
000029567fff9729f
00002b09bfff9706a
00002a907fff9743a
00002aef7fff973ab
00002a0a7fff97093
000027393fff97276
00002a0a7fff970a2
00002aefbfff9755a
00002a937fff971e7
00002adf3fff97188
00002a563fff97188
000027457fff971e7
000029b37fff9755a
00002afe3fff970a4
00002a8f3fff97261
00002afe3fff97106
000029b37fff97291
000027457fff9705d
00002a563fff974b5
00002ade7fff97316
00002a943fff970d5
00002b0fffff97233
000028f47fff970f8
0000279abfff97580
00002ac77fff97162
00002abdffff971e0
00002aa3bfff9712b
00002b023fff9727e
00002835bfff97516
00002835bfff9706d
00002b01bfff9729f
00002aa8ffff9706a
00002aa13fff9743a
00002b0dffff973ab
00002891ffff97093
000027e1ffff97261
00002aeb3fff9715e
00002aafbfff971d5
00002aafbfff97163
00002aeb3fff97580
000027e1ffff970f8
00002891ffff97233
00002b0e3fff970d5
00002a9affff97316
00002acd7fff974b5
00002a94bfff9705b
000027667fff972ac
000029567fff9705b
00002b097fff974b5
00002a96ffff97316
00002ac0bfff970d5
00002ac73fff97233
0000279abfff970f8
000028f47fff97580
00002b0fffff97163
00002a943fff971d5
00002ade7fff9715e
00002a563fff97261
000027457fff97093
000029b37fff973ab
00002afe3fff9743a
00002a8f3fff9706a
00002afe3fff9729f
000029b37fff9706d
000027457fff97516
00002a563fff9727e
00002ade7fff9712b
00002a943fff971e0
00002b0fffff97162
000028f47fff97580
0000279abfff970f8
00002ac73fff97233
00002ac0bfff970d5
00002a96ffff97316
00002b097fff974b5
000029567fff9705d
000027667fff97291
00002a94bfff97106
00002acd7fff97261
00002a9affff970a4
00002b0e3fff9755a
00002891ffff971e7
000027e1ffff97188
00002aeb3fff97188
00002aafbfff971e7
00002aafbfff9755a
00002aeb3fff970a2
000027e1ffff97276
00002891ffff97093
00002b0dffff973ab
00002aa13fff9743a
00002aa8ffff9706a
00002b01bfff9729f
00002835bfff9706d
00002835bfff97516
00002b023fff9727e
00002aa3bfff97128
00002abdffff971e3
00002ac77fff971e3
0000279abfff97128
000028f47fff9727e
00002b0fffff97516
00002a943fff9706d
00002ade7fff9729f
00002a563fff9706a
000027457fff9743a
000029b37fff973ab
00002afe3fff97093
00002a8f3fff97276
00002afe3fff970a2
000029b37fff9755a
000027457fff971e7
00002a563fff97188
00002adf3fff97188
00002a937fff971e7
00002aefbfff9755a
00002a0a7fff970a4
000027393fff97261
00002a0a7fff97106
00002aef7fff97291
00002a907fff9705d
00002b09bfff974b5
000029567fff97316
000027667fff970d5
00002a94bfff97233
00002acd7fff970f8
00002a9affff97580
00002b0e3fff97162
00002891ffff971e0
000027e1ffff9712b
00002aeb3fff9727e
00002ab3bfff97516
00002a9affff9706e
00002b0f7fff97286
000028f47fff970fc
0000279abfff97286
00002ac77fff9706e
00002abdffff97516
00002aa3bfff9727e
00002b023fff9712b
00002835bfff971e0
00002835bfff97162
00002b023fff97580
00002aa3bfff970f8
00002abdffff97233
00002ac77fff970d5
0000279abfff97316
000028f47fff974b5
00002b0fffff9705b
00002a943fff972ac
00002ade7fff9705b
00002a563fff974b5
000027457fff97316
000029b37fff970d4
00002afe3fff97227
00002a947fff971a2
00002acf3fff97181
00002a94bfff971e7
000027667fff9755a
000029567fff970a2
00002b09bfff97276
00002a907fff97093
00002aef7fff973ab
00002a0a7fff9743a
000027393fff9706a
00002a0a7fff9729f
00002aef7fff9706d
00002a907fff97516
00002b09bfff9727e
000029567fff9712b
000027667fff971e0
00002a94bfff97162
00002acf3fff97580
00002a947fff970f8
00002afe3fff97223
000029b37fff97128
000027457fff97285
00002a563fff9706b
00002ade7fff9743a
00002a943fff973ab
00002b0fffff97093
000028f47fff97276
0000279abfff970a2
00002ac77fff9755a
00002abdffff971e7
00002aa3bfff97188
00002b023fff97188
00002835bfff971e7
00002835bfff9755a
00002b023fff970a2
00002aa3bfff97276
00002abdffff97093
00002ac77fff973ab
0000279abfff9743a
000028f47fff9706b
00002b0f7fff97285
00002a9affff97128
00002ab3bfff97223
00002aeb3fff970f8
000027e1ffff97580
00002891ffff97162
00002b0e3fff971e0
00002a9affff9712b
00002acd7fff9727e
00002a94bfff97516
000027667fff9706d
000029567fff9729f
00002b09bfff9706a
00002a907fff9743a
00002aef7fff973ab
00002a0a7fff97093
000027393fff97276
00002a0a7fff970a2
00002aefbfff9755a
00002a937fff971e7
00002adf3fff97181
00002a563fff971a2
000027457fff97227
000029b37fff970d4
00002afe3fff97316
00002a8f3fff974b5
00002afe3fff9705b
000029b37fff972ac
000027457fff9705b
00002a563fff974b5
00002ade7fff97316
00002a943fff970d5
00002b0fffff97233
000028f47fff970f8
0000279abfff97580
00002ac77fff97162
00002abdffff971e0
00002aa3bfff9712b
00002b023fff9727e
00002835bfff97516
00002835bfff9706e
00002b01bfff97286
00002aa8ffff970fc
00002aa13fff97286
00002b0dffff9706e
00002891ffff97516
000027e1ffff9727e
00002aeb3fff9712b
00002aafbfff971e0
00002aafbfff97162
00002aeb3fff97580
000027e1ffff970f8
00002891ffff97233
00002b0e3fff970d5
00002a9affff97316
00002acd7fff974b5
00002a94bfff9705b
000027667fff972ac
000029567fff9705b
00002b097fff974b5
00002a96ffff97316
00002ac0bfff970d4
00002ac73fff97227
0000279abfff971a2
000028f47fff97181
00002b0fffff971e7
00002a943fff9755a
00002ade7fff970a2
00002a563fff97276
000027457fff97093
000029b37fff973ab
00002afe3fff9743a
00002a8f3fff9706a
00002afe3fff9729f
000029b37fff9706d
000027457fff97516
00002a563fff9727e
00002ade7fff9712b
00002a943fff971e0
00002b0fffff97162
000028f47fff97580
0000279abfff970f8
00002ac73fff97223
00002ac0bfff97128
00002a96ffff97285
00002b097fff9706b
000029567fff9743a
000027667fff973ab
00002a94bfff97093
00002acd7fff97276
00002a9affff970a2
00002b0e3fff9755a
00002891ffff971e7
000027e1ffff97188
00002aeb3fff97188
00002aafbfff971e7
00002aafbfff9755a
00002aeb3fff970a2
000027e1ffff97276
00002891ffff97093
00002b0dffff973ab
00002aa13fff9743a
00002aa8ffff9706b
00002b01bfff97285
00002835bfff97128
00002835bfff97223
00002b023fff970f8
00002aa3bfff97580
00002abdffff97162
00002ac77fff971e0
0000279abfff9712b
000028f47fff9727e
00002b0fffff97516
00002a943fff9706d
00002ade7fff9729f
00002a563fff9706a
000027457fff9743a
000029b37fff973ab
00002afe3fff97093
00002a8f3fff97276
00002afe3fff970a2
000029b37fff9755a
000027457fff971e7
00002a563fff97181
00002adf3fff971a2
00002a937fff97227
00002aefbfff970d4
00002a0a7fff97316
000027393fff974b5
00002a0a7fff9705b
00002aef7fff972ac
00002a907fff9705b
00002b09bfff974b5
000029567fff97316
000027667fff970d5
00002a94bfff97233
00002acd7fff970f8
00002a9affff97580
00002b0e3fff97162
00002891ffff971e0
000027e1ffff9712b
00002aeb3fff9727e
00002ab3bfff97516
00002a9affff9706e
00002b0f7fff97286
000028f47fff970fc
0000279abfff97286
00002ac77fff9706e
00002abdffff97516
00002aa3bfff9727e
00002b023fff9712b
00002835bfff971e0
00002835bfff97162
00002b023fff97580
00002aa3bfff970f8
00002abdffff97233
00002ac77fff970d5
0000279abfff97316
000028f47fff974b5
00002b0fffff9705b
00002a943fff972ac
00002ade7fff9705b
00002a563fff974b5
000027457fff97316
000029b37fff970d4
00002afe3fff97227
00002a947fff971a2
00002acf3fff97181
00002a94bfff971e7
000027667fff9755a
000029567fff970a2
00002b09bfff97276
00002a907fff97093
00002aef7fff973ab
00002a0a7fff9743a
000027393fff9706a
00002a0a7fff9729f
00002aef7fff9706d
00002a907fff97516
00002b09bfff9727e
000029567fff9712b
000027667fff971e0
00002a94bfff97162
00002acf3fff97580
00002a947fff970f8
00002afe3fff97223
000029b37fff97128
000027457fff97285
00002a563fff9706b
00002ade7fff9743a
00002a943fff973ab
00002b0fffff97093
000028f47fff97276
0000279abfff970a2
00002ac77fff9755a
00002abdffff971e7
00002aa3bfff97188
00002b023fff97188
00002835bfff971e7
00002835bfff9755a
00002b023fff970a2
00002aa3bfff97276
00002abdffff97093
00002ac77fff973ab
0000279abfff9743a
000028f47fff9706b
00002b0f7fff97285
00002a9affff97128
00002ab3bfff97223
00002aeb3fff970f8
000027e1ffff97580
00002891ffff97162
00002b0e3fff971e0
00002a9affff9712b
00002acd7fff9727e
00002a94bfff97516
000027667fff9706d
000029567fff9729f
00002b09bfff9706a
00002a907fff9743a
00002aef7fff973ab
00002a0a7fff97093
000027393fff97276
00002a0a7fff970a2
00002aefbfff9755a
00002a937fff971e7
00002adf3fff97181
00002a563fff971a2
000027457fff97227
000029b37fff970d4
00002afe3fff97316
00002a8f3fff974b5
00002afe3fff9705b
000029b37fff972ac
000027457fff9705b
00002a563fff974b5
00002ade7fff97316
00002a943fff970d5
00002b0fffff97233
000028f47fff970f8
0000279abfff97580
00002ac77fff97162
00002abdffff971e0
00002aa3bfff9712b
00002b023fff9727e
00002835bfff97516
00002835bfff9706e
00002b01bfff97286
00002aa8ffff970fc
00002aa13fff97286
00002b0dffff9706e
00002891ffff97516
000027e1ffff9727e
00002aeb3fff9712b
00002aafbfff971e0
00002aafbfff97162
00002aeb3fff97580
000027e1ffff970f8
00002891ffff97233
00002b0e3fff970d5
00002a9affff97316
00002acd7fff974b5
00002a94bfff9705b
000027667fff972ac
000029567fff9705b
00002b097fff974b5
00002a96ffff97316
00002ac0bfff970d4
00002ac73fff97227
0000279abfff971a2
000028f47fff97181
00002b0fffff971e7
00002a943fff9755a
00002ade7fff970a2
00002a563fff97276
000027457fff97093
000029b37fff973ab
00002afe3fff9743a
00002a8f3fff9706a
00002afe3fff9729f
000029b37fff9706d
000027457fff97516
00002a563fff9727e
00002ade7fff9712b
00002a943fff971e0
00002b0fffff97162
000028f47fff97580
0000279abfff970f8
00002ac73fff97223
00002ac0bfff97128
00002a96ffff97285
00002b097fff9706b
000029567fff9743a
000027667fff973ab
00002a94bfff97093
00002acd7fff97276
00002a9affff970a2
00002b0e3fff9755a
00002891ffff971e7
000027e1ffff97188
00002aeb3fff97188
00002aafbfff971e7
00002aafbfff9755a
00002aeb3fff970a2
000027e1ffff97276
00002891ffff97093
00002b0dffff973ab
00002aa13fff9743a
00002aa8ffff9706b
00002b01bfff97285
00002835bfff97128
00002835bfff97223
00002b023fff970f8
00002aa3bfff97580
00002abdffff97162
00002ac77fff971e0
0000279abfff9712b
000028f47fff9727e
00002b0fffff97516
00002a943fff9706d
00002ade7fff9729f
00002a563fff9706a
000027457fff9743a
000029b37fff973ab
00002afe3fff97093
00002a8f3fff97276
00002afe3fff970a2
000029b37fff9755a
000027457fff971e7
00002a563fff97181
00002adf3fff971a2
00002a937fff97227
00002aefbfff970d4
00002a0a7fff97316
000027393fff974b5
00002a0a7fff9705b
00002aef7fff972ac
00002a907fff9705b
00002b09bfff974b5
000029567fff97316
000027667fff970d5
00002a94bfff97233
00002acd7fff970f8
00002a9affff97580
00002b0e3fff97162
00002891ffff971e0
000027e1ffff9712b
00002aeb3fff9727e
00002ab3bfff97516
00002a9affff9706e
00002b0f7fff97286
000028f47fff970fc
0000279abfff97286
00002ac77fff9706e
00002abdffff97516
00002aa3bfff9727e
00002b023fff9712b
00002835bfff971e0
00002835bfff97162
00002b023fff97580
00002aa3bfff970f8
00002abdffff97233
00002ac77fff970d5
0000279abfff97316
000028f47fff974b5
00002b0fffff9705b
00002a943fff972ac
00002ade7fff9705b
00002a563fff974b5
000027457fff97316
000029b37fff970d4
00002afe3fff97227
00002a947fff971a2
00002acf3fff97181
00002a94bfff971e7
000027667fff9755a
000029567fff970a2
00002b09bfff97276
00002a907fff97093
00002aef7fff973ab
00002a0a7fff9743a
000027393fff9706a
00002a0a7fff9729f
00002aef7fff9706d
00002a907fff97516
00002b09bfff9727e
000029567fff9712b
000027667fff971e0
00002a94bfff97162
00002acf3fff97580
00002a947fff970f8
00002afe3fff97223
000029b37fff97128
000027457fff97285
00002a563fff9706b
00002ade7fff9743a
00002a943fff973ab
00002b0fffff97093
000028f47fff97276
0000279abfff970a2
00002ac77fff9755a
00002abdffff971e7
00002aa3bfff97188
00002b023fff97188
00002835bfff971e7
00002835bfff9755a
00002b023fff970a2
00002aa3bfff97276
00002abdffff97093
00002ac77fff973ab
0000279abfff9743a
000028f47fff9706b
00002b0f7fff97285
00002a9affff97128
00002ab3bfff97223
00002aeb3fff970f8
000027e1ffff97580
00002891ffff97162
00002b0e3fff971e0
00002a9affff9712b
00002acd7fff9727e
00002a94bfff97516
000027667fff9706d
000029567fff9729f
00002b09bfff9706a
00002a907fff9743a
00002aef7fff973ab
00002a0a7fff97093
000027393fff97261
00002a0a7fff9715e
00002aefbfff971d5
00002a937fff97163
00002adf3fff97580
00002a563fff970f8
000027457fff97233
000029b37fff970d5
00002afe3fff97316
00002a8f3fff974b5
00002afe3fff9705b
000029b37fff972ac
000027457fff9705b
00002a563fff974b5
00002ade7fff97316
00002a943fff970d5
00002b0fffff97233
000028f47fff970f8
0000279abfff97580
00002ac73fff97163
00002ac0bfff971d5
00002a96ffff9715e
00002b097fff97261
000029567fff97093
000027667fff973ab
00002a94bfff9743a
00002acd7fff9706a
00002a9affff9729f
00002b0e3fff9706d
00002891ffff97516
000027e1ffff9727e
00002aeb3fff9712b
00002aafbfff971e0
00002aafbfff97162
00002aeb3fff97580
000027e1ffff970f8
00002891ffff97233
00002b0e3fff970d5
00002a9affff97316
00002acd7fff974b5
00002a94bfff9705d
000027667fff97291
000029567fff97106
00002b097fff97261
00002a96ffff970a4
00002ac0bfff9755a
00002ac73fff971e7
0000279abfff97188
000028f47fff97188
00002b0fffff971e7
00002a943fff9755a
00002ade7fff970a2
00002a563fff97276
000027457fff97093
000029b37fff973ab
00002afe3fff9743a
00002a8f3fff9706a
00002afe3fff9729f
000029b37fff9706d
000027457fff97516
00002a563fff9727e
00002adf3fff97128
00002a937fff971e3
00002aefbfff971e3
00002a0a7fff97128
000027393fff9727e
00002a0a7fff97516
00002aef7fff9706d
00002a907fff9729f
00002b09bfff9706a
000029567fff9743a
000027667fff973ab
00002a94bfff97093
00002acd7fff97276
00002a9affff970a2
00002b0e3fff9755a
00002891ffff971e7
000027e1ffff97188
00002aeb3fff97188
00002aafbfff971e7
00002aafbfff9755a
00002aeb3fff970a4
000027e1ffff97261
00002891ffff97106
00002b0dffff97291
00002aa13fff9705d
00002aa8ffff974b5
00002b01bfff97316
00002835bfff970d5
00002835bfff97233
00002b023fff970f8
00002aa3bfff97580
00002abdffff97162
00002ac77fff971e0
0000279abfff9712b
000028f47fff9727e
00002b0fffff97516
00002a943fff9706d
00002ade7fff9729f
00002a563fff9706a
000027457fff9743a
000029b37fff973ab
00002afe3fff97093
00002a947fff97261
00002acf3fff9715e
00002a94bfff971d5
000027667fff97163
000029567fff97580
00002b09bfff970f8
00002a907fff97233
00002aef7fff970d5
00002a0a7fff97316
000027393fff974b5
00002a0a7fff9705b
00002aef7fff972ac
00002a907fff9705b
00002b09bfff974b5
000029567fff97316
000027667fff970d5
00002a94bfff97233
00002acd7fff970f8
00002a9affff97580
00002b0e3fff97163
00002891ffff971d5
000027e1ffff9715e
00002aeb3fff97261
00002ab3bfff97093
00002a9affff973ab
00002b0f7fff9743a
000028f47fff9706a
0000279abfff9729f
00002ac77fff9706d
00002abdffff97516
00002aa3bfff9727e
00002b023fff9712b
00002835bfff971e0
00002835bfff97162
00002b023fff97580
00002aa3bfff970f8
00002abdffff97233
00002ac77fff970d5
0000279abfff97316
000028f47fff974b5
00002b0f7fff9705d
00002a9affff97291
00002ab3bfff97106
00002aeb3fff97261
000027e1ffff970a4
00002891ffff9755a
00002b0e3fff971e7
00002a9affff97188
00002acd7fff97188
00002a94bfff971e7
000027667fff9755a
000029567fff970a2
00002b09bfff97276
00002a907fff97093
00002aef7fff973ab
00002a0a7fff9743a
000027393fff9706a
00002a0a7fff9729f
00002aef7fff9706d
00002a907fff97516
00002b09bfff9727e
000029567fff97128
000027667fff971e3
00002a94bfff971e3
00002acf3fff97128
00002a947fff9727e
00002afe3fff97516
000029b37fff9706d
000027457fff9729f
00002a563fff9706a
00002ade7fff9743a
00002a943fff973ab
00002b0fffff97093
000028f47fff97276
0000279abfff970a2
00002ac77fff9755a
00002abdffff971e7
00002aa3bfff97188
00002b023fff97188
00002835bfff971e7
00002835bfff9755a
00002b01bfff970a4
00002aa8ffff97261
00002aa13fff97106
00002b0dffff97291
00002891ffff9705d
000027e1ffff974b5
00002aeb3fff97316
00002aafbfff970d5
00002aafbfff97233
00002aeb3fff970f8
000027e1ffff97580
00002891ffff97162
00002b0e3fff971e0
00002a9affff9712b
00002acd7fff9727e
00002a94bfff97516
000027667fff9706d
000029567fff9729f
00002b09bfff9706a
00002a907fff9743a
00002aef7fff973ab
00002a0a7fff97093
000027393fff97261
00002a0a7fff9715e
00002aefbfff971d5
00002a937fff97163
00002adf3fff97580
00002a563fff970f8
000027457fff97233
000029b37fff970d5
00002afe3fff97316
00002a8f3fff974b5
00002afe3fff9705b
000029b37fff972ac
000027457fff9705b
00002a563fff974b5
00002ade7fff97316
00002a943fff970d5
00002b0fffff97233
000028f47fff970f8
0000279abfff97580
00002ac73fff97163
00002ac0bfff971d5
00002a96ffff9715e
00002b097fff97261
000029567fff97093
000027667fff973ab
00002a94bfff9743a
00002acd7fff9706a
00002a9affff9729f
00002b0e3fff9706d
00002891ffff97516
000027e1ffff9727e
00002aeb3fff9712b
00002aafbfff971e0
00002aafbfff97162
00002aeb3fff97580
000027e1ffff970f8
00002891ffff97233
00002b0e3fff970d5
00002a9affff97316
00002acd7fff974b5
00002a94bfff9705d
000027667fff97291
000029567fff97106
00002b097fff97261
00002a96ffff970a4
00002ac0bfff9755a
00002ac73fff971e7
0000279abfff97188
000028f47fff97188
00002b0fffff971e7
00002a943fff9755a
00002ade7fff970a2
00002a563fff97276
000027457fff97093
000029b37fff973ab
00002afe3fff9743a
00002a8f3fff9706a
00002afe3fff9729f
000029b37fff9706d
000027457fff97516
00002a563fff9727e
00002adf3fff97128
00002a937fff971e3
00002aefbfff971e3
00002a0a7fff97128
000027393fff9727e
00002a0a7fff97516
00002aef7fff9706d
00002a907fff9729f
00002b09bfff9706a
000029567fff9743a
000027667fff973ab
00002a94bfff97093
00002acd7fff97276
00002a9affff970a2
00002b0e3fff9755a
00002891ffff971e7
000027e1ffff97188
00002aeb3fff97188
00002aafbfff971e7
00002aafbfff9755a
00002aeb3fff970a4
000027e1ffff97261
00002891ffff97106
00002b0dffff97291
00002aa13fff9705d
00002aa8ffff974b5
00002b01bfff97316
00002835bfff970d5
00002835bfff97233
00002b023fff970f8
00002aa3bfff97580
00002abdffff97162
00002ac77fff971e0
0000279abfff9712b
000028f47fff9727e
00002b0fffff97516
00002a943fff9706d
00002ade7fff9729f
00002a563fff9706a
000027457fff9743a
000029b37fff973ab
00002afe3fff97093
00002a947fff97261
00002acf3fff9715e
00002a94bfff971d5
000027667fff97163
000029567fff97580
00002b09bfff970f8
00002a907fff97233
00002aef7fff970d5
00002a0a7fff97316
000027393fff974b5
00002a0a7fff9705b
00002aef7fff972ac
00002a907fff9705b
00002b09bfff974b5
000029567fff97316
000027667fff970d5
00002a94bfff97233
00002acd7fff970f8
00002a9affff97580
00002b0e3fff97163
00002891ffff971d5
000027e1ffff9715e
00002aeb3fff97261
00002ab3bfff97093
00002a9affff973ab
00002b0f7fff9743a
000028f47fff9706a
0000279abfff9729f
00002ac77fff9706d
00002abdffff97516
00002aa3bfff9727e
00002b023fff9712b
00002835bfff971e0
00002835bfff97162
00002b023fff97580
00002aa3bfff970f8
00002abdffff97233
00002ac77fff970d5
0000279abfff97316
000028f47fff974b5
00002b0f7fff9705d
00002a9affff97291
00002ab3bfff97106
00002aeb3fff97261
000027e1ffff970a4
00002891ffff9755a
00002b0e3fff971e7
00002a9affff97188
00002acd7fff97188
00002a94bfff971e7
000027667fff9755a
000029567fff970a2
00002b09bfff97276
00002a907fff97093
00002aef7fff973ab
00002a0a7fff9743a
000027393fff9706a
00002a0a7fff9729f
00002aef7fff9706d
00002a907fff97516
00002b09bfff9727e
000029567fff97128
000027667fff971e3
00002a94bfff971e3
00002acf3fff97128
00002a947fff9727e
00002afe3fff97516
000029b37fff9706d
000027457fff9729f
00002a563fff9706a
00002ade7fff9743a
00002a943fff973ab
00002b0fffff97093
000028f47fff97276
0000279abfff970a2
00002ac77fff9755a
00002abdffff971e7
00002aa3bfff97188
00002b023fff97188
00002835bfff971e7
00002835bfff9755a
00002b01bfff970a4
00002aa8ffff97261
00002aa13fff97106
00002b0dffff97291
00002891ffff9705d
000027e1ffff974b5
00002aeb3fff97316
00002aafbfff970d5
00002aafbfff97233
00002aeb3fff970f8
000027e1ffff97580
00002891ffff97162
00002b0e3fff971e0
00002a9affff9712b
00002acd7fff9727e
00002a94bfff97516
000027667fff9706d
000029567fff9729f
00002b09bfff9706a
00002a907fff9743a
00002aef7fff973ab
00002a0a7fff97093
000027393fff97261
00002a0a7fff9715e
00002aefbfff971d5
00002a937fff97163
00002adf3fff97580
00002a563fff970f8
000027457fff97233
000029b37fff970d5
00002afe3fff97316
00002a8f3fff974b5
00002afe3fff9705b
000029b37fff972ac
000027457fff9705b
00002a563fff974b5
00002ade7fff97316
00002a943fff970d5
00002b0fffff97233
000028f47fff970f8
0000279abfff97580
00002ac73fff97163
00002ac0bfff971d5
00002a96ffff9715e
00002b097fff97261
000029567fff97093
000027667fff973ab
00002a94bfff9743a
00002acd7fff9706a
00002a9affff9729f
00002b0e3fff9706d
00002891ffff97516
000027e1ffff9727e
00002aeb3fff9712b
00002aafbfff971e0
00002aafbfff97162
00002aeb3fff97580
000027e1ffff970f8
00002891ffff97233
00002b0e3fff970d5
00002a9affff97316
00002acd7fff974b5
00002a94bfff9705d
000027667fff97291
000029567fff97106
00002b097fff97261
00002a96ffff970a4
00002ac0bfff9755a
00002ac73fff971e7
0000279abfff97188
000028f47fff97188
00002b0fffff971e7
00002a943fff9755a
00002ade7fff970a2
00002a563fff97276
000027457fff97093
000029b37fff973ab
00002afe3fff9743a
00002a8f3fff9706a
00002afe3fff9729f
000029b37fff9706d
000027457fff97516
00002a563fff9727e
00002adf3fff97128
00002a937fff971e3
00002aefbfff971e3
00002a0a7fff97128
000027393fff9727e
00002a0a7fff97516
00002aef7fff9706d
00002a907fff9729f
00002b09bfff9706a
000029567fff9743a
000027667fff973ab
00002a94bfff97093
00002acd7fff97276
00002a9affff970a2
00002b0e3fff9755a
00002891ffff971e7
000027e4ffff97134
00002ab2bfff978c1
00002b84ffff95723
00002a29bfff987a0
0000144f7fffc8744
00000aceffffe4512
00000e387fffddd6a
00000d0c3fffde21b
00000cc13fffe0516
00000dfdbfffddaeb
00000ce37fffdee71
00000ce37fffdfcdc
00000dfdbfffdd5e0
00000cc17fffdfc95
00000d0a3fffdf307
00000df4ffffdd826
00000ca57fffe033e
00000d32ffffde849
00000de2bfffddf5c
00000c8fbfffe03e9
00000d5cbfffddb73
00000dc9ffffdeda0
00000c837fffe0066
00000d87ffffdd661
00000d7f3fffdf815
00000d7f3fffdf809
00000d87ffffdd694
00000c837fffe0049
00000dc9ffffde91d
00000d5cbfffddeb0
00000c8fbfffe059d
00000de2bfffddeca
00000d32ffffde862
00000ca57fffe033c
00000df4ffffdd81a
00000d0a3fffdf3b1
00000cc17fffdf896
00000dfdbfffdd664
00000ce37fffe0063
00000ce37fffdeda0
00000dfdbfffddb73
00000cc0ffffe03e9
00000d10ffffddf5c
00000dca3fffde849
00000d3a3fffe033e
00000dd5ffffdd826
00000c927fffdf307
00000d5c7fffdfc95
00000dc9ffffdd5e0
00000c833fffdfcdc
00000d84ffffdee71
00000da9bfffddaeb
00000c7ebfffe0501
00000da9bfffde354
00000d84ffffde354
00000c833fffe0501
00000dc9ffffddaeb
00000d5cbfffdee71
00000c8fbfffdfcdc
00000de2bfffdd5e0
00000d32ffffdfc95
00000ca57fffdf307
00000df4ffffdd826
00000d09bfffe033e
00000cc6bfffde849
00000de0ffffddf5c
00000d29bfffe03e9
00000de0ffffddb73
00000cc6bfffdeda0
00000d09bfffe0063
00000df4ffffdd664
00000ca57fffdf896
00000d32ffffdf3b1
00000de2bfffdd81a
00000c8fbfffe033c
00000d5cbfffde862
00000dc9ffffddeca
00000c833fffe059d
00000d84ffffddeb0
00000da9bfffde91d
00000c7ebfffe0049
00000da9bfffdd694
00000d84ffffdf809
00000c84ffffdf815
00000dc37fffdd661
00000d4c7fffe0066
00000db3ffffdeda0
00000d397fffddb73
00000ca53fffe03e9
00000df4ffffddf5c
00000d0a3fffde849
00000cc17fffe033e
00000dfdbfffdd826
00000ce37fffdf307
00000ce37fffdfc95
00000dfdbfffdd5e0
00000cc17fffdfcdc
00000d0a3fffdee71
00000df4ffffddaeb
00000ca57fffe0503
00000d32ffffde339
00000de2bfffde3ff
00000c8fbfffe02ad
00000d61ffffdd879
00000d9affffdf2f7
00000d64bfffdfc9c
00000da8ffffdd5c6
00000c7f7fffdfc9c
00000da9bfffdf2f7
00000d84ffffdd879
00000c833fffe02ad
00000dc9ffffde3ff
00000d5cbfffde339
00000c8fbfffe0503
00000de2bfffddb00
00000d32ffffdedb5
00000ca57fffe0061
00000df4ffffdd664
00000d0a3fffdf896
00000cc17fffdf3b1
00000dfdbfffdd81a
00000ce37fffe033c
00000ce37fffde862
00000dfdbfffddeca
00000cc0ffffe059d
00000d10ffffddeb0
00000dca3fffde91d
00000d3a3fffe0049
00000dd5ffffdd694
00000c927fffdf80a
00000d5c7fffdf80a
00000dc9ffffdd694
00000c833fffe0049
00000d84ffffde91d
00000da9bfffddeb0
00000c7ebfffe059d
00000da9bfffddeca
00000d84ffffde862
00000c833fffe033c
00000dc9ffffdd81a
00000d5cbfffdf3b1
00000c8fbfffdf896
00000de2bfffdd664
00000d32ffffe0061
00000ca97fffdedb5
00000de03fffddb00
00000d2dffffe0503
00000dd93fffde339
00000ce9bfffde3ff
00000ce33fffe02ad
00000dfdbfffdd879
00000cc17fffdf2f7
00000d0a3fffdfc9c
00000df4ffffdd5c6
00000ca57fffdfc9c
00000d32ffffdf2f7
00000de2bfffdd879
00000c8fbfffe02ad
00000d5cbfffde3ff
00000dc9ffffde339
00000c833fffe0503
00000d84ffffddaeb
00000da9bfffdee71
00000c7f7fffdfcdc
00000da8ffffdd5e0
00000d64bfffdfc95
00000d9affffdf307
00000d61ffffdd826
00000c8fbfffe033e
00000de2bfffde849
00000d32ffffddf5c
00000ca57fffe03e9
00000df4ffffddb73
00000d0a3fffdeda0
00000cc17fffe0066
00000dfdbfffdd661
00000ce37fffdf815
00000ce37fffdf809
00000dfdbfffdd694
00000cc17fffe0049
00000d0a3fffde91d
00000df4ffffddeb0
00000ca57fffe059d
00000d32ffffddeca
00000de2bfffde862
00000c8fbfffe033c
00000d61ffffdd81a
00000d9affffdf3b1
00000d64bfffdf896
00000da8ffffdd664
00000c7f7fffe0063
00000da9bfffdeda0
00000d84ffffddb73
00000c833fffe03e9
00000dc9ffffddf5c
00000d5cbfffde849
00000c8fbfffe033e
00000de2bfffdd826
00000d32ffffdf307
00000ca57fffdfc95
00000df4ffffdd5e0
00000d0a3fffdfcdc
00000cc17fffdee71
00000dfdbfffddaeb
00000ce33fffe0501
00000ce9bfffde354
00000dd93fffde354
00000d2dffffe0501
00000de03fffddaeb
00000ca97fffdee71
00000d32ffffdfcdc
00000de2bfffdd5e0
00000c8fbfffdfc95
00000d5cbfffdf307
00000dc9ffffdd826
00000c833fffe033e
00000d84ffffde849
00000da9bfffddf5c
00000c7ebfffe03e9
00000da9bfffddb73
00000d84ffffdeda0
00000c833fffe0063
00000dc9ffffdd664
00000d5c7fffdf896
00000c927fffdf3b1
00000dd5ffffdd81a
00000d3a3fffe033c
00000dca3fffde862
00000d10ffffddeca
00000cc0ffffe059d
00000dfdbfffddeb0
00000ce37fffde91d
00000ce37fffe0049
00000dfdbfffdd694
00000cc17fffdf809
00000d0a3fffdf815
00000df4ffffdd661
00000ca57fffe0066
00000d32ffffdeda0
00000de2bfffddb73
00000c8fbfffe03e9
00000d5cbfffddf5c
00000dc9ffffde849
00000c833fffe033e
00000d84ffffdd826
00000da9bfffdf307
00000c7f7fffdfc95
00000da8ffffdd5e0
00000d64bfffdfcdc
00000d9affffdee71
00000d61ffffddaeb
00000c8fbfffe0503
00000de2bfffde339
00000d32ffffde3ff
00000ca57fffe02ad
00000df4ffffdd879
00000d0a3fffdf2f7
00000cc17fffdfc9c
00000dfdbfffdd5c6
00000ce37fffdfc9c
00000ce37fffdf2f7
00000dfdbfffdd879
00000cc17fffe02ad
00000d0a3fffde3ff
00000df4ffffde339
00000ca53fffe0503
00000d397fffddb00
00000db3ffffdedb5
00000d4c7fffe0061
00000dc37fffdd664
00000c84ffffdf896
00000d84ffffdf3b1
00000da9bfffdd81a
00000c7ebfffe033c
00000da9bfffde862
00000d84ffffddeca
00000c833fffe059d
00000dc9ffffddeb0
00000d5cbfffde91d
00000c8fbfffe0049
00000de2bfffdd694
00000d32ffffdf80a
00000ca57fffdf80a
00000df4ffffdd694
00000d09bfffe0049
00000cc6bfffde91d
00000de0ffffddeb0
00000d29bfffe059d
00000de0ffffddeca
00000cc6bfffde862
00000d09bfffe033c
00000df4ffffdd81a
00000ca57fffdf3b1
00000d32ffffdf896
00000de2bfffdd664
00000c8fbfffe0061
00000d5cbfffdedb5
00000dc9ffffddb00
00000c833fffe0503
00000d84ffffde339
00000da9bfffde3ff
00000c7ebfffe02ad
00000da9bfffdd879
00000d84ffffdf2f7
00000c833fffdfc9c
00000dc9ffffdd5c6
00000d5c7fffdfc9c
00000c927fffdf2f7
00000dd5ffffdd879
00000d3a3fffe02ad
00000dca3fffde3ff
00000d10ffffde339
00000cc0ffffe0503
00000dfdbfffddaeb
00000ce37fffdee71
00000ce37fffdfcdc
00000dfdbfffdd5e0
00000cc17fffdfc95
00000d0a3fffdf307
00000df4ffffdd826
00000ca57fffe033e
00000d32ffffde849
00000de2bfffddf5c
00000c8fbfffe03e9
00000d5cbfffddb73
00000dc9ffffdeda0
00000c837fffe0066
00000d87ffffdd661
00000d7f3fffdf815
00000d7f3fffdf809
00000d87ffffdd694
00000c837fffe0049
00000dc9ffffde91d
00000d5cbfffddeb0
00000c8fbfffe059d
00000de2bfffddeca
00000d32ffffde862
00000ca57fffe033c
00000df4ffffdd81a
00000d0a3fffdf3b1
00000cc17fffdf896
00000dfdbfffdd664
00000ce37fffe0063
00000ce37fffdeda0
00000dfdbfffddb73
00000cc0ffffe03e9
00000d10ffffddf5c
00000dca3fffde849
00000d3a3fffe033e
00000dd5ffffdd826
00000c927fffdf307
00000d5c7fffdfc95
00000dc9ffffdd5e0
00000c833fffdfcdc
00000d84ffffdee71
00000da9bfffddaeb
00000c7ebfffe0501
00000da9bfffde354
00000d84ffffde354
00000c833fffe0501
00000dc9ffffddaeb
00000d5cbfffdee71
00000c8fbfffdfcdc
00000de2bfffdd5e0
00000d32ffffdfc95
00000ca57fffdf307
00000df4ffffdd826
00000d09bfffe033e
00000cc6bfffde849
00000de0ffffddf5c
00000d29bfffe03e9
00000de0ffffddb73
00000cc6bfffdeda0
00000d09bfffe0063
00000df4ffffdd664
00000ca57fffdf896
00000d32ffffdf3b1
00000de2bfffdd81a
00000c8fbfffe033c
00000d5cbfffde862
00000dc9ffffddeca
00000c833fffe059d
00000d84ffffddeb0
00000da9bfffde91d
00000c7ebfffe0049
00000da9bfffdd694
00000d84ffffdf809
00000c84ffffdf815
00000dc37fffdd661
00000d4c7fffe0066
00000db3ffffdeda0
00000d397fffddb73
00000ca53fffe03e9
00000df4ffffddf5c
00000d0a3fffde849
00000cc17fffe033e
00000dfdbfffdd826
00000ce37fffdf307
00000ce37fffdfc95
00000dfdbfffdd5e0
00000cc17fffdfcdc
00000d0a3fffdee71
00000df4ffffddaeb
00000ca57fffe0503
00000d32ffffde339
00000de2bfffde3ff
00000c8fbfffe02ad
00000d61ffffdd879
00000d9affffdf2f7
00000d64bfffdfc9c
00000da8ffffdd5c6
00000c7f7fffdfc9c
00000da9bfffdf2f7
00000d84ffffdd879
00000c833fffe02ad
00000dc9ffffde3ff
00000d5cbfffde339
00000c8fbfffe0503
00000de2bfffddb00
00000d32ffffdedb5
00000ca57fffe0061
00000df4ffffdd664
00000d0a3fffdf896
00000cc17fffdf3b1
00000dfdbfffdd81a
00000ce37fffe033c
00000ce37fffde862
00000dfdbfffddeca
00000cc0ffffe059d
00000d10ffffddeb0
00000dca3fffde91d
00000d3a3fffe0049
00000dd5ffffdd694
00000c927fffdf80a
00000d5c7fffdf80a
00000dc9ffffdd694
00000c833fffe0049
00000d84ffffde91d
00000da9bfffddeb0
00000c7ebfffe059d
00000da9bfffddeca
00000d84ffffde862
00000c833fffe033c
00000dc9ffffdd81a
00000d5cbfffdf3b1
00000c8fbfffdf896
00000de2bfffdd664
00000d32ffffe0061
00000ca97fffdedb5
00000de03fffddb00
00000d2dffffe0503
00000dd93fffde339
00000ce9bfffde3ff
00000ce33fffe02ad
00000dfdbfffdd879
00000cc17fffdf2f7
00000d0a3fffdfc9c
00000df4ffffdd5c6
00000ca57fffdfc9c
00000d32ffffdf2f7
00000de2bfffdd879
00000c8fbfffe02ad
00000d5cbfffde3ff
00000dc9ffffde339
00000c833fffe0503
00000d84ffffddaeb
00000da9bfffdee71
00000c7f7fffdfcdc
00000da8ffffdd5e0
00000d64bfffdfc95
00000d9affffdf307
00000d61ffffdd826
00000c8fbfffe033e
00000de2bfffde849
00000d32ffffddf5c
00000ca57fffe03e9
00000df4ffffddb73
00000d0a3fffdeda0
00000cc17fffe0066
00000dfdbfffdd661
00000ce37fffdf815
00000ce37fffdf809
00000dfdbfffdd694
00000cc17fffe0049
00000d0a3fffde91d
00000df4ffffddeb0
00000ca57fffe059d
00000d32ffffddeca
00000de2bfffde862
00000c8fbfffe033c
00000d61ffffdd81a
00000d9affffdf3b1
00000d64bfffdf896
00000da8ffffdd664
00000c7f7fffe0061
00000da9bfffdedb5
00000d84ffffddb00
00000c833fffe0503
00000dc9ffffde339
00000d5cbfffde3ff
00000c8fbfffe02ad
00000de2bfffdd879
00000d32ffffdf2f7
00000ca57fffdfc95
00000df4ffffdd5e0
00000d0a3fffdfcdc
00000cc17fffdee71
00000dfdbfffddaeb
00000ce33fffe0501
00000ce9bfffde354
00000dd93fffde354
00000d2dffffe0501
00000de03fffddaeb
00000ca97fffdee71
00000d32ffffdfcdc
00000de2bfffdd5e0
00000c8fbfffdfc95
00000d5cbfffdf307
00000dc9ffffdd826
00000c833fffe033e
00000d84ffffde849
00000da9bfffddf5c
00000c7ebfffe03e9
00000da9bfffddb73
00000d84ffffdeda0
00000c833fffe0066
00000dc9ffffdd661
00000d5c7fffdf815
00000c927fffdf809
00000dd5ffffdd694
00000d3a3fffe0049
00000dca3fffde91d
00000d10ffffddeb0
00000cc0ffffe059e
00000dfdbfffddeb0
00000ce37fffde91d
00000ce37fffe0049
00000dfdbfffdd694
00000cc17fffdf809
00000d0a3fffdf815
00000df4ffffdd661
00000ca57fffe0066
00000d32ffffdeda0
00000de2bfffddb73
00000c8fbfffe03e9
00000d5cbfffddf5c
00000dc9ffffde849
00000c833fffe033e
00000d84ffffdd826
00000da9bfffdf307
00000c7f7fffdfc95
00000da8ffffdd5e0
00000d64bfffdfcdc
00000d9affffdee71
00000d61ffffddaeb
00000c8fbfffe0501
00000de2bfffde354
00000d32ffffde354
00000ca57fffe0501
00000df4ffffddaeb
00000d0a3fffdee71
00000cc17fffdfcdc
00000dfdbfffdd5e0
00000ce37fffdfc95
00000ce37fffdf2f7
00000dfdbfffdd879
00000cc17fffe02ad
00000d0a3fffde3ff
00000df4ffffde339
00000ca53fffe0503
00000d397fffddb00
00000db3ffffdedb5
00000d4c7fffe0061
00000dc37fffdd664
00000c84ffffdf896
00000d84ffffdf3b1
00000da9bfffdd81a
00000c7ebfffe033c
00000da9bfffde862
00000d84ffffddeca
00000c833fffe059d
00000dc9ffffddeb0
00000d5cbfffde91d
00000c8fbfffe0049
00000de2bfffdd694
00000d32ffffdf809
00000ca57fffdf815
00000df4ffffdd661
00000d09bfffe0066
00000cc6bfffdeda0
00000de0ffffddb73
00000d29bfffe03e9
00000de0ffffddf5c
00000cc6bfffde849
00000d09bfffe033d
00000df4ffffdd81a
00000ca57fffdf3b1
00000d32ffffdf896
00000de2bfffdd664
00000c8fbfffe0061
00000d5cbfffdedb5
00000dc9ffffddb00
00000c833fffe0503
00000d84ffffde339
00000da9bfffde3ff
00000c7ebfffe02ad
00000da9bfffdd879
00000d84ffffdf2f7
00000c833fffdfc9c
00000dc9ffffdd5c6
00000d5c7fffdfc9c
00000c927fffdf2f7
00000dd5ffffdd879
00000d3a3fffe02ad
00000dca3fffde3ff
00000d10ffffde339
00000cc0ffffe0503
00000dfdbfffddb00
00000ce37fffdedb5
00000ce37fffe0061
00000dfdbfffdd664
00000cc17fffdf896
00000d0a3fffdf3b1
00000df4ffffdd81a
00000ca57fffe033d
00000d32ffffde849
00000de2bfffddf5c
00000c8fbfffe03e9
00000d5cbfffddb73
00000dc9ffffdeda0
00000c837fffe0066
00000d87ffffdd661
00000d7f3fffdf815
00000d7f3fffdf809
00000d87ffffdd694
00000c837fffe0049
00000dc9ffffde91d
00000d5cbfffddeb0
00000c8fbfffe059d
00000de2bfffddeca
00000d32ffffde862
00000ca57fffe033c
00000df4ffffdd81a
00000d0a3fffdf3b1
00000cc17fffdf896
00000dfdbfffdd664
00000ce37fffe0061
00000ce37fffdedb5
00000dfdbfffddb00
00000cc0ffffe0503
00000d10ffffde339
00000dca3fffde3ff
00000d3a3fffe02ad
00000dd5ffffdd879
00000c927fffdf2f7
00000d5c7fffdfc95
00000dc9ffffdd5e0
00000c833fffdfcdc
00000d84ffffdee71
00000da9bfffddaeb
00000c7ebfffe0501
00000da9bfffde354
00000d84ffffde354
00000c833fffe0501
00000dc9ffffddaeb
00000d5cbfffdee71
00000c8fbfffdfcdc
00000de2bfffdd5e0
00000d32ffffdfc95
00000ca57fffdf307
00000df4ffffdd826
00000d09bfffe033e
00000cc6bfffde849
00000de0ffffddf5c
00000d29bfffe03e9
00000de0ffffddb73
00000cc6bfffdeda0
00000d09bfffe0066
00000df4ffffdd661
00000ca57fffdf815
00000d32ffffdf809
00000de2bfffdd694
00000c8fbfffe0049
00000d5cbfffde91d
00000dc9ffffddeb0
00000c833fffe059e
00000d84ffffddeb0
00000da9bfffde91d
00000c7ebfffe0049
00000da9bfffdd694
00000d84ffffdf809
00000c84ffffdf815
00000dc37fffdd661
00000d4c7fffe0066
00000db3ffffdeda0
00000d397fffddb73
00000ca53fffe03e9
00000df4ffffddf5c
00000d0a3fffde849
00000cc17fffe033e
00000dfdbfffdd826
00000ce37fffdf307
00000ce37fffdfc95
00000dfdbfffdd5e0
00000cc17fffdfcdc
00000d0a3fffdee71
00000df4ffffddaeb
00000ca57fffe0501
00000d32ffffde354
00000de2bfffde354
00000c8fbfffe0501
00000d61ffffddaeb
00000d9affffdee71
00000d64bfffdfcdc
00000da8ffffdd5e0
00000c7f7fffdfc95
00000da9bfffdf2f7
00000d84ffffdd879
00000c833fffe02ad
00000dc9ffffde3ff
00000d5cbfffde339
00000c8fbfffe0503
00000de2bfffddb00
00000d32ffffdedb5
00000ca57fffe0061
00000df4ffffdd664
00000d0a3fffdf896
00000cc17fffdf3b1
00000dfdbfffdd81a
00000ce37fffe033c
00000ce37fffde862
00000dfdbfffddeca
00000cc0ffffe059d
00000d10ffffddeb0
00000dca3fffde91d
00000d3a3fffe0049
00000dd5ffffdd694
00000c927fffdf809
00000d5c7fffdf815
00000dc9ffffdd661
00000c833fffe0066
00000d84ffffdeda0
00000da9bfffddb73
00000c7ebfffe03e9
00000da9bfffddf5c
00000d84ffffde849
00000c833fffe033d
00000dc9ffffdd81a
00000d5cbfffdf3b1
00000c8fbfffdf896
00000de2bfffdd664
00000d32ffffe0061
00000ca97fffdedb5
00000de03fffddb00
00000d2dffffe0503
00000dd93fffde339
00000ce9bfffde3ff
00000ce33fffe02ad
00000dfdbfffdd879
00000cc17fffdf2f7
00000d0a3fffdfc9c
00000df4ffffdd5c6
00000ca57fffdfc9c
00000d32ffffdf2f7
00000de2bfffdd879
00000c8fbfffe02ad
00000d5cbfffde3ff
00000dc9ffffde339
00000c833fffe0503
00000d84ffffddb00
00000da9bfffdedb5
00000c7f7fffe0061
00000da8ffffdd664
00000d64bfffdf896
00000d9affffdf3b1
00000d61ffffdd81a
00000c8fbfffe033d
00000de2bfffde849
00000d32ffffddf5c
00000ca57fffe03e9
00000df4ffffddb73
00000d0a3fffdeda0
00000cc17fffe0066
00000dfdbfffdd661
00000ce37fffdf815
00000ce37fffdf809
00000dfdbfffdd694
00000cc17fffe0049
00000d0a3fffde91d
00000df4ffffddeb0
00000ca57fffe059d
00000d32ffffddeca
00000de2bfffde862
00000c8fbfffe033c
00000d61ffffdd81a
00000d9affffdf3b1
00000d64bfffdf896
00000da8ffffdd664
00000c7f7fffe0061
00000da9bfffdedb5
00000d84ffffddb00
00000c833fffe0503
00000dc9ffffde339
00000d5cbfffde3ff
00000c8fbfffe02ad
00000de2bfffdd879
00000d32ffffdf2f7
00000ca57fffdfc95
00000df4ffffdd5e0
00000d0a3fffdfcdc
00000cc17fffdee71
00000dfdbfffddaeb
00000ce33fffe0501
00000ce9bfffde354
00000dd93fffde354
00000d2dffffe0501
00000de03fffddaeb
00000ca97fffdee71
00000d32ffffdfcdc
00000de2bfffdd5e0
00000c8fbfffdfc95
00000d5cbfffdf307
00000dc9ffffdd826
00000c833fffe033e
00000d84ffffde849
00000da9bfffddf5c
00000c7ebfffe03e9
00000da9bfffddb73
00000d84ffffdeda0
00000c833fffe0066
00000dc9ffffdd661
00000d5c7fffdf815
00000c927fffdf809
00000dd5ffffdd694
00000d3a3fffe0049
00000dca3fffde91d
00000d10ffffddeb0
00000cc0ffffe059e
00000dfdbfffddeb0
00000ce37fffde91d
00000ce37fffe0049
00000dfdbfffdd694
00000cc17fffdf809
00000d0a3fffdf815
00000df4ffffdd661
00000ca57fffe0066
00000d32ffffdeda0
00000de2bfffddb73
00000c8fbfffe03e9
00000d5cbfffddf5c
00000dc9ffffde849
00000c833fffe033e
00000d84ffffdd826
00000da9bfffdf307
00000c7f7fffdfc95
00000da8ffffdd5e0
00000d64bfffdfcdc
00000d9affffdee71
00000d61ffffddaeb
00000c8fbfffe0501
00000de2bfffde354
00000d32ffffde354
00000ca57fffe0501
00000df4ffffddaeb
00000d0a3fffdee71
00000cc17fffdfcdc
00000dfdbfffdd5e0
00000ce37fffdfc95
00000ce37fffdf2f7
00000dfdbfffdd879
00000cc17fffe02ad
00000d0a3fffde3ff
00000df4ffffde339
00000ca53fffe0503
00000d397fffddb00
00000db3ffffdedb5
00000d4c7fffe0061
00000dc37fffdd664
00000c84ffffdf896
00000d84ffffdf3b1
00000da9bfffdd81a
00000c7ebfffe033c
00000da9bfffde862
00000d84ffffddeca
00000c833fffe059d
00000dc9ffffddeb0
00000d5cbfffde91d
00000c8fbfffe0049
00000de2bfffdd694
00000d32ffffdf809
00000ca57fffdf815
00000df4ffffdd661
00000d09bfffe0066
00000cc6bfffdeda0
00000de0ffffddb73
00000d29bfffe03e9
00000de0ffffddf5c
00000cc6bfffde849
00000d09bfffe033d
00000df4ffffdd81a
00000ca57fffdf3b1
00000d32ffffdf896
00000de2bfffdd664
00000c8fbfffe0061
00000d5cbfffdedb5
00000dc9ffffddb00
00000c833fffe0503
00000d84ffffde339
00000da9bfffde3ff
00000c7ebfffe02ad
00000da9bfffdd879
00000d84ffffdf2f7
00000c833fffdfc9c
00000dc9ffffdd5c6
00000d5c7fffdfc9c
00000c927fffdf2f7
00000dd5ffffdd879
00000d3a3fffe02ad
00000dca3fffde3ff
00000d10ffffde339
00000cc0ffffe0503
00000dfdbfffddb00
00000ce37fffdedb5
00000ce37fffe0061
00000dfdbfffdd664
00000cc17fffdf896
00000d0a3fffdf3b1
00000df4ffffdd81a
00000ca57fffe033d
00000d32ffffde849
00000de2bfffddf5c
00000c8fbfffe03e9
00000d5cbfffddb73
00000dc9ffffdeda0
00000c837fffe0066
00000d87ffffdd661
00000d7f3fffdf815
00000d7f3fffdf809
00000d87ffffdd694
00000c837fffe0049
00000dc9ffffde91d
00000d5cbfffddeb0
00000c8fbfffe059d
00000de2bfffddeca
00000d32ffffde862
00000ca57fffe033c
00000df4ffffdd81a
00000d0a3fffdf3b1
00000cc17fffdf896
00000dfdbfffdd664
00000ce37fffe0061
00000ce37fffdedb5
00000dfdbfffddb00
00000cc0ffffe0503
00000d10ffffde339
00000dca3fffde3ff
00000d3a3fffe02ad
00000dd5ffffdd879
00000c927fffdf2f7
00000d5c7fffdfc9c
00000dc9ffffdd5c6
00000c833fffdfc9c
00000d84ffffdf2f7
00000da9bfffdd879
00000c7ebfffe02ad
00000da9bfffde3ff
00000d84ffffde339
00000c833fffe0503
00000dc9ffffddaeb
00000d5cbfffdee71
00000c8fbfffdfcdc
00000de2bfffdd5e0
00000d32ffffdfc95
00000ca57fffdf307
00000df4ffffdd826
00000d09bfffe033e
00000cc6bfffde849
00000de0ffffddf5c
00000d29bfffe03e9
00000de0ffffddb73
00000cc6bfffdeda0
00000d09bfffe0066
00000df4ffffdd661
00000ca57fffdf815
00000d32ffffdf809
00000de2bfffdd694
00000c8fbfffe0049
00000d5cbfffde91d
00000dc9ffffddeb0
00000c833fffe059d
00000d84ffffddeca
00000da9bfffde862
00000c7ebfffe033c
00000da9bfffdd81a
00000d84ffffdf3b1
00000c84ffffdf896
00000dc37fffdd664
00000d4c7fffe0063
00000db3ffffdeda0
00000d397fffddb73
00000ca53fffe03e9
00000df4ffffddf5c
00000d0a3fffde849
00000cc17fffe033e
00000dfdbfffdd826
00000ce37fffdf307
00000ce37fffdfc95
00000dfdbfffdd5e0
00000cc17fffdfcdc
00000d0a3fffdee71
00000df4ffffddaeb
00000ca57fffe0501
00000d32ffffde354
00000de2bfffde354
00000c8fbfffe0501
00000d61ffffddaeb
00000d9affffdee71
00000d64bfffdfcdc
00000da8ffffdd5e0
00000c7f7fffdfc95
00000da9bfffdf307
00000d84ffffdd826
00000c833fffe033e
00000dc9ffffde849
00000d5cbfffddf5c
00000c8fbfffe03e9
00000de2bfffddb73
00000d32ffffdeda0
00000ca57fffe0063
00000df4ffffdd664
00000d0a3fffdf896
00000cc17fffdf3b1
00000dfdbfffdd81a
00000ce37fffe033c
00000ce37fffde862
00000dfdbfffddeca
00000cc0ffffe059d
00000d10ffffddeb0
00000dca3fffde91d
00000d3a3fffe0049
00000dd5ffffdd694
00000c927fffdf809
00000d5c7fffdf815
00000dc9ffffdd661
00000c833fffe0066
00000d84ffffdeda0
00000da9bfffddb73
00000c7ebfffe03e9
00000da9bfffddf5c
00000d84ffffde849
00000c833fffe033e
00000dc9ffffdd826
00000d5cbfffdf307
00000c8fbfffdfc95
00000de2bfffdd5e0
00000d32ffffdfcdc
00000ca97fffdee71
00000de03fffddaeb
00000d2dffffe0503
00000dd93fffde339
00000ce9bfffde3ff
00000ce33fffe02ad
00000dfdbfffdd879
00000cc17fffdf2f7
00000d0a3fffdfc9c
00000df4ffffdd5c6
00000ca57fffdfc9c
00000d32ffffdf2f7
00000de2bfffdd879
00000c8fbfffe02ad
00000d5cbfffde3ff
00000dc9ffffde339
00000c833fffe0503
00000d84ffffddb00
00000da9bfffdedb5
00000c7f7fffe0061
00000da8ffffdd664
00000d64bfffdf896
00000d9affffdf3b1
00000d61ffffdd81a
00000c8fbfffe033c
00000de2bfffde862
00000d32ffffddeca
00000ca57fffe059d
00000df4ffffddeb0
00000d0a3fffde91d
00000cc17fffe0049
00000dfdbfffdd694
00000ce37fffdf80a
00000ce37fffdf80a
00000dfdbfffdd694
00000cc17fffe0049
00000d0a3fffde91d
00000df4ffffddeb0
00000ca57fffe059d
00000d32ffffddeca
00000de2bfffde862
00000c8fbfffe033c
00000d61ffffdd81a
00000d9affffdf3b1
00000d64bfffdf896
00000da8ffffdd664
00000c7f7fffe0061
00000da9bfffdedb5
00000d84ffffddb00
00000c833fffe0503
00000dc9ffffde339
00000d5cbfffde3ff
00000c8fbfffe02ad
00000de2bfffdd879
00000d32ffffdf2f7
00000ca57fffdfc9c
00000df4ffffdd5c6
00000d0a3fffdfc9c
00000cc17fffdf2f7
00000dfdbfffdd879
00000ce33fffe02ad
00000ce9bfffde3ff
00000dd93fffde339
00000d2dffffe0503
00000de03fffddaeb
00000ca97fffdee71
00000d32ffffdfcdc
00000de2bfffdd5e0
00000c8fbfffdfc95
00000d5cbfffdf307
00000dc9ffffdd826
00000c833fffe033e
00000d84ffffde849
00000da9bfffddf5c
00000c7ebfffe03e9
00000da9bfffddb73
00000d84ffffdeda0
00000c833fffe0066
00000dc9ffffdd661
00000d5c7fffdf815
00000c927fffdf809
00000dd5ffffdd694
00000d3a3fffe0049
00000dca3fffde91d
00000d10ffffddeb0
00000cc0ffffe059d
00000dfdbfffddeca
00000ce37fffde862
00000ce37fffe033c
00000dfdbfffdd81a
00000cc17fffdf3b1
00000d0a3fffdf896
00000df4ffffdd664
00000ca57fffe0063
00000d32ffffdeda0
00000de2bfffddb73
00000c8fbfffe03e9
00000d5cbfffddf5c
00000dc9ffffde849
00000c833fffe033e
00000d84ffffdd826
00000da9bfffdf307
00000c7f7fffdfc95
00000da8ffffdd5e0
00000d64bfffdfcdc
00000d9affffdee71
00000d61ffffddaeb
00000c8fbfffe0501
00000de2bfffde354
00000d32ffffde354
00000ca57fffe0501
00000df4ffffddaeb
00000d0a3fffdee71
00000cc17fffdfcdc
00000dfdbfffdd5e0
00000ce37fffdfc95
00000ce37fffdf307
00000dfdbfffdd826
00000cc17fffe033e
00000d0a3fffde849
00000df4ffffddf5c
00000ca53fffe03e9
00000d397fffddb73
00000db3ffffdeda0
00000d4c7fffe0063
00000dc37fffdd664
00000c84ffffdf896
00000d84ffffdf3b1
00000da9bfffdd81a
00000c7ebfffe033c
00000da9bfffde862
00000d84ffffddeca
00000c833fffe059d
00000dc9ffffddeb0
00000d5cbfffde91d
00000c8fbfffe0049
00000de2bfffdd694
00000d32ffffdf809
00000ca57fffdf815
00000df4ffffdd661
00000d09bfffe0066
00000cc6bfffdeda0
00000de0ffffddb73
00000d29bfffe03e9
00000de0ffffddf5c
00000cc6bfffde849
00000d09bfffe033e
00000df4ffffdd826
00000ca57fffdf307
00000d32ffffdfc95
00000de2bfffdd5e0
00000c8fbfffdfcdc
00000d5cbfffdee71
00000dc9ffffddaeb
00000c833fffe0503
00000d84ffffde339
00000da9bfffde3ff
00000c7ebfffe02ad
00000da9bfffdd879
00000d84ffffdf2f7
00000c833fffdfc9c
00000dc9ffffdd5c6
00000d5c7fffdfc9c
00000c927fffdf2f7
00000dd5ffffdd879
00000d3a3fffe02ad
00000dca3fffde3ff
00000d10ffffde339
00000cc0ffffe0503
00000dfdbfffddb00
00000ce37fffdedb5
00000ce37fffe0061
00000dfdbfffdd664
00000cc17fffdf896
00000d0a3fffdf3b1
00000df4ffffdd81a
00000ca57fffe033c
00000d32ffffde862
00000de2bfffddeca
00000c8fbfffe059d
00000d5cbfffddeb0
00000dc9ffffde91d
00000c837fffe0049
00000d87ffffdd694
00000d7f3fffdf80a
00000d7f3fffdf80a
00000d87ffffdd694
00000c837fffe0049
00000dc9ffffde91d
00000d5cbfffddeb0
00000c8fbfffe059d
00000de2bfffddeca
00000d32ffffde862
00000ca57fffe033c
00000df4ffffdd81a
00000d0a3fffdf3b1
00000cc17fffdf896
00000dfdbfffdd664
00000ce37fffe0061
00000ce37fffdedb5
00000dfdbfffddb00
00000cc0ffffe0503
00000d10ffffde339
00000dca3fffde3ff
00000d3a3fffe02ad
00000dd5ffffdd879
00000c927fffdf2f7
00000d5c7fffdfc9c
00000dc9ffffdd5c6
00000c833fffdfc9c
00000d84ffffdf2f7
00000da9bfffdd879
00000c7ebfffe02ad
00000da9bfffde3ff
00000d84ffffde339
00000c833fffe0503
00000dc9ffffddaeb
00000d5cbfffdee71
00000c8fbfffdfcdc
00000de2bfffdd5e0
00000d32ffffdfc95
00000ca57fffdf307
00000df4ffffdd826
00000d09bfffe033e
00000cc6bfffde849
00000de0ffffddf5c
00000d29bfffe03e9
00000de0ffffddb73
00000cc6bfffdeda0
00000d09bfffe0066
00000df4ffffdd661
00000ca57fffdf815
00000d32ffffdf809
00000de2bfffdd694
00000c8fbfffe0049
00000d5cbfffde91d
00000dc9ffffddeb0
00000c833fffe059d
00000d84ffffddeca
00000da9bfffde862
00000c7ebfffe033c
00000da9bfffdd81a
00000d84ffffdf3b1
00000c84ffffdf896
00000dc37fffdd664
00000d4c7fffe0063
00000db3ffffdeda0
00000d397fffddb73
00000ca53fffe03e9
00000df4ffffddf5c
00000d0a3fffde849
00000cc17fffe033e
00000dfdbfffdd826
00000ce37fffdf307
00000ce37fffdfc95
00000dfdbfffdd5e0
00000cc17fffdfcdc
00000d0a3fffdee71
00000df4ffffddaeb
00000ca57fffe0501
00000d32ffffde354
00000de2bfffde354
00000c8fbfffe0501
00000d61ffffddaeb
00000d9affffdee71
00000d64bfffdfcdc
00000da8ffffdd5e0
00000c7f7fffdfc95
00000da9bfffdf307
00000d84ffffdd826
00000c833fffe033e
00000dc9ffffde849
00000d5cbfffddf5c
00000c8fbfffe03e9
00000de2bfffddb73
00000d32ffffdeda0
00000ca57fffe0063
00000df4ffffdd664
00000d0a3fffdf896
00000cc17fffdf3b1
00000dfdbfffdd81a
00000ce37fffe033c
00000ce37fffde862
00000dfdbfffddeca
00000cc0ffffe059d
00000d10ffffddeb0
00000dca3fffde91d
00000d3a3fffe0049
00000dd5ffffdd694
00000c927fffdf809
00000d5c7fffdf815
00000dc9ffffdd661
00000c833fffe0066
00000d84ffffdeda0
00000da9bfffddb73
00000c7ebfffe03e9
00000da9bfffddf5c
00000d84ffffde849
00000c833fffe033e
00000dc9ffffdd826
00000d5cbfffdf307
00000c8fbfffdfc95
00000de2bfffdd5e0
00000d32ffffdfcdc
00000ca97fffdee71
00000de03fffddaeb
00000d2dffffe0503
00000dd93fffde339
00000ce9bfffde3ff
00000ce33fffe02ad
00000dfdbfffdd879
00000cc17fffdf2f7
00000d0a3fffdfc9c
00000df4ffffdd5c6
00000ca57fffdfc9c
00000d32ffffdf2f7
00000de2bfffdd879
00000c8fbfffe02ad
00000d5cbfffde3ff
00000dc9ffffde339
00000c833fffe0503
00000d84ffffddb00
00000da9bfffdedb5
00000c7f7fffe0061
00000da8ffffdd664
00000d64bfffdf896
00000d9affffdf3b1
00000d61ffffdd81a
00000c8fbfffe033c
00000de2bfffde862
00000d32ffffddeca
00000ca57fffe059d
00000df4ffffddeb0
00000d0a3fffde91d
00000cc17fffe0049
00000dfdbfffdd694
00000ce37fffdf80a
00000ce37fffdf80a
00000dfdbfffdd694
00000cc17fffe0049
00000d0a3fffde91d
00000df4ffffddeb0
00000ca57fffe059d
00000d32ffffddeca
00000de2bfffde862
00000c8fbfffe033c
00000d61ffffdd81a
00000d9affffdf3b1
00000d64bfffdf896
00000da8ffffdd664
00000c7f7fffe0061
00000da9bfffdedb5
00000d84ffffddb00
00000c833fffe0503
00000dc9ffffde339
00000d5cbfffde3ff
00000c8fbfffe02ad
00000de2bfffdd879
00000d32ffffdf2f7
00000ca57fffdfc9c
00000df4ffffdd5c6
00000d0a3fffdfc9c
00000cc17fffdf2f7
00000dfdbfffdd879
00000ce33fffe02ad
00000ce9bfffde3ff
00000dd93fffde339
00000d2dffffe0503
00000de03fffddaeb
00000ca97fffdee71
00000d32ffffdfcdc
00000de2bfffdd5e0
00000c8fbfffdfc95
00000d5cbfffdf307
00000dc9ffffdd826
00000c833fffe033e
00000d84ffffde849
00000da9bfffddf5c
00000c7ebfffe03e9
00000da9bfffddb73
00000d84ffffdeda0
00000c833fffe0066
00000dc9ffffdd661
00000d5c7fffdf815
00000c927fffdf809
00000dd5ffffdd694
00000d3a3fffe0049
00000dca3fffde91d
00000d10ffffddeb0
00000cc0ffffe059d
00000dfdbfffddeca
00000ce37fffde862
00000ce37fffe033c
00000dfdbfffdd81a
00000cc17fffdf3b1
00000d0a3fffdf896
00000df4ffffdd664
00000ca57fffe0061
00000d32ffffdedb5
00000de2bfffddb00
00000c8fbfffe0503
00000d5cbfffde339
00000dc9ffffde3ff
00000c833fffe02ad
00000d84ffffdd879
00000da9bfffdf2f7
00000c7f7fffdfc95
00000da8ffffdd5e0
00000d64bfffdfcdc
00000d9affffdee71
00000d61ffffddaeb
00000c8fbfffe0501
00000de2bfffde354
00000d32ffffde354
00000ca57fffe0501
00000df4ffffddaeb
00000d0a3fffdee71
00000cc17fffdfcdc
00000dfdbfffdd5e0
00000ce37fffdfc95
00000ce37fffdf307
00000dfdbfffdd826
00000cc17fffe033e
00000d0a3fffde849
00000df4ffffddf5c
00000ca53fffe03e9
00000d397fffddb73
00000db3ffffdeda0
00000d4c7fffe0066
00000dc37fffdd661
00000c84ffffdf815
00000d84ffffdf809
00000da9bfffdd694
00000c7ebfffe0049
00000da9bfffde91d
00000d84ffffddeb0
00000c833fffe059e
00000dc9ffffddeb0
00000d5cbfffde91d
00000c8fbfffe0049
00000de2bfffdd694
00000d32ffffdf809
00000ca57fffdf815
00000df4ffffdd661
00000d09bfffe0066
00000cc6bfffdeda0
00000de0ffffddb73
00000d29bfffe03e9
00000de0ffffddf5c
00000cc6bfffde849
00000d09bfffe033e
00000df4ffffdd826
00000ca57fffdf307
00000d32ffffdfc95
00000de2bfffdd5e0
00000c8fbfffdfcdc
00000d5cbfffdee71
00000dc9ffffddaeb
00000c833fffe0501
00000d84ffffde354
00000da9bfffde354
00000c7ebfffe0501
00000da9bfffddaeb
00000d84ffffdee71
00000c833fffdfcdc
00000dc9ffffdd5e0
00000d5c7fffdfc95
00000c927fffdf2f7
00000dd5ffffdd879
00000d3a3fffe02ad
00000dca3fffde3ff
00000d10ffffde339
00000cc0ffffe0503
00000dfdbfffddb00
00000ce37fffdedb5
00000ce37fffe0061
00000dfdbfffdd664
00000cc17fffdf896
00000d0a3fffdf3b1
00000df4ffffdd81a
00000ca57fffe033c
00000d32ffffde862
00000de2bfffddeca
00000c8fbfffe059d
00000d5cbfffddeb0
00000dc9ffffde91d
00000c837fffe0049
00000d87ffffdd694
00000d7f3fffdf809
00000d7f3fffdf815
00000d87ffffdd661
00000c837fffe0066
00000dc9ffffdeda0
00000d5cbfffddb73
00000c8fbfffe03e9
00000de2bfffddf5c
00000d32ffffde849
00000ca57fffe033d
00000df4ffffdd81a
00000d0a3fffdf3b1
00000cc17fffdf896
00000dfdbfffdd664
00000ce37fffe0061
00000ce37fffdedb5
00000dfdbfffddb00
00000cc0ffffe0503
00000d10ffffde339
00000dca3fffde3ff
00000d3a3fffe02ad
00000dd5ffffdd879
00000c927fffdf2f7
00000d5c7fffdfc9c
00000dc9ffffdd5c6
00000c833fffdfc9c
00000d84ffffdf2f7
00000da9bfffdd879
00000c7ebfffe02ad
00000da9bfffde3ff
00000d84ffffde339
00000c833fffe0503
00000dc9ffffddb00
00000d5cbfffdedb5
00000c8fbfffe0061
00000de2bfffdd664
00000d32ffffdf896
00000ca57fffdf3b1
00000df4ffffdd81a
00000d09bfffe033d
00000cc6bfffde849
00000de0ffffddf5c
00000d29bfffe03e9
00000de0ffffddb73
00000cc6bfffdeda0
00000d09bfffe0066
00000df4ffffdd661
00000ca57fffdf815
00000d32ffffdf809
00000de2bfffdd694
00000c8fbfffe0049
00000d5cbfffde91d
00000dc9ffffddeb0
00000c833fffe059d
00000d84ffffddeca
00000da9bfffde862
00000c7ebfffe033c
00000da9bfffdd81a
00000d84ffffdf3b1
00000c84ffffdf896
00000dc37fffdd664
00000d4c7fffe0061
00000db3ffffdedb5
00000d397fffddb00
00000ca53fffe0503
00000df4ffffde339
00000d0a3fffde3ff
00000cc17fffe02ad
00000dfdbfffdd879
00000ce37fffdf2f7
00000ce37fffdfc95
00000dfdbfffdd5e0
00000cc17fffdfcdc
00000d0a3fffdee71
00000df4ffffddaeb
00000ca57fffe0501
00000d32ffffde354
00000de2bfffde354
00000c8fbfffe0501
00000d61ffffddaeb
00000d9affffdee71
00000d64bfffdfcdc
00000da8ffffdd5e0
00000c7f7fffdfc95
00000da9bfffdf307
00000d84ffffdd826
00000c833fffe033e
00000dc9ffffde849
00000d5cbfffddf5c
00000c8fbfffe03e9
00000de2bfffddb73
00000d32ffffdeda0
00000ca57fffe0066
00000df4ffffdd661
00000d0a3fffdf815
00000cc17fffdf809
00000dfdbfffdd694
00000ce37fffe0049
00000ce37fffde91d
00000dfdbfffddeb0
00000cc0ffffe059e
00000d10ffffddeb0
00000dca3fffde91d
00000d3a3fffe0049
00000dd5ffffdd694
00000c927fffdf809
00000d5c7fffdf815
00000dc9ffffdd661
00000c833fffe0066
00000d84ffffdeda0
00000da9bfffddb73
00000c7ebfffe03e9
00000da9bfffddf5c
00000d84ffffde849
00000c833fffe033e
00000dc9ffffdd826
00000d5cbfffdf307
00000c8fbfffdfc95
00000de2bfffdd5e0
00000d32ffffdfcdc
00000ca97fffdee71
00000de03fffddaeb
00000d2dffffe0501
00000dd93fffde354
00000ce9bfffde354
00000ce33fffe0501
00000dfdbfffddaeb
00000cc17fffdee71
00000d0a3fffdfcdc
00000df4ffffdd5e0
00000ca57fffdfc95
00000d32ffffdf2f7
00000de2bfffdd879
00000c8fbfffe02ad
00000d5cbfffde3ff
00000dc9ffffde339
00000c833fffe0503
00000d84ffffddb00
00000da9bfffdedb5
00000c7f7fffe0061
00000da8ffffdd664
00000d64bfffdf896
00000d9affffdf3b1
00000d61ffffdd81a
00000c8fbfffe033c
00000de2bfffde862
00000d32ffffddeca
00000ca57fffe059d
00000df4ffffddeb0
00000d0a3fffde91d
00000cc17fffe0049
00000dfdbfffdd694
00000ce37fffdf809
00000ce37fffdf815
00000dfdbfffdd661
00000cc17fffe0066
00000d0a3fffdeda0
00000df4ffffddb73
00000ca57fffe03e9
00000d32ffffddf5c
00000de2bfffde849
00000c8fbfffe033d
00000d61ffffdd81a
00000d9affffdf3b1
00000d64bfffdf896
00000da8ffffdd664
00000c7f7fffe0061
00000da9bfffdedb5
00000d84ffffddb00
00000c833fffe0503
00000dc9ffffde339
00000d5cbfffde3ff
00000c8fbfffe02ad
00000de2bfffdd879
00000d32ffffdf2f7
00000ca57fffdfc9c
00000df4ffffdd5c6
00000d0a3fffdfc9c
00000cc17fffdf2f7
00000dfdbfffdd879
00000ce33fffe02ad
00000ce9bfffde3ff
00000dd93fffde339
00000d2dffffe0503
00000de03fffddb00
00000ca97fffdedb5
00000d32ffffe0061
00000de2bfffdd664
00000c8fbfffdf896
00000d5cbfffdf3b1
00000dc9ffffdd81a
00000c833fffe033d
00000d84ffffde849
00000da9bfffddf5c
00000c7ebfffe03e9
00000da9bfffddb73
00000d84ffffdeda0
00000c833fffe0066
00000dc9ffffdd661
00000d5c7fffdf815
00000c927fffdf809
00000dd5ffffdd694
00000d3a3fffe0049
00000dca3fffde91d
00000d10ffffddeb0
00000cc0ffffe059d
00000dfdbfffddeca
00000ce37fffde862
00000ce37fffe033c
00000dfdbfffdd81a
00000cc17fffdf3b1
00000d0a3fffdf896
00000df4ffffdd664
00000ca57fffe0061
00000d32ffffdedb5
00000de2bfffddb00
00000c8fbfffe0503
00000d5cbfffde339
00000dc9ffffde3ff
00000c833fffe02ad
00000d84ffffdd879
00000da9bfffdf2f7
00000c7f7fffdfc95
00000da8ffffdd5e0
00000d64bfffdfcdc
00000d9affffdee71
00000d61ffffddaeb
00000c8fbfffe0501
00000de2bfffde354
00000d32ffffde354
00000ca57fffe0501
00000df4ffffddaeb
00000d0a3fffdee71
00000cc17fffdfcdc
00000dfdbfffdd5e0
00000ce37fffdfc95
00000ce37fffdf307
00000dfdbfffdd826
00000cc17fffe033e
00000d0a3fffde849
00000df4ffffddf5c
00000ca53fffe03e9
00000d397fffddb73
00000db3ffffdeda0
00000d4c7fffe0066
00000dc37fffdd661
00000c84ffffdf815
00000d84ffffdf809
00000da9bfffdd694
00000c7ebfffe0049
00000da9bfffde91d
00000d84ffffddeb0
00000c833fffe059e
00000dc9ffffddeb0
00000d5cbfffde91d
00000c8fbfffe0049
00000de2bfffdd694
00000d32ffffdf809
00000ca57fffdf815
00000df4ffffdd661
00000d09bfffe0066
00000cc6bfffdeda0
00000de0ffffddb73
00000d29bfffe03e9
00000de0ffffddf5c
00000cc6bfffde849
00000d09bfffe033e
00000df4ffffdd826
00000ca57fffdf307
00000d32ffffdfc95
00000de2bfffdd5e0
00000c8fbfffdfcdc
00000d5cbfffdee71
00000dc9ffffddaeb
00000c833fffe0501
00000d84ffffde354
00000da9bfffde354
00000c7ebfffe0501
00000da9bfffddaeb
00000d84ffffdee71
00000c833fffdfcdc
00000dc9ffffdd5e0
00000d5c7fffdfc95
00000c927fffdf2f7
00000dd5ffffdd879
00000d3a3fffe02ad
00000dca3fffde3ff
00000d10ffffde339
00000cc0ffffe0503
00000dfdbfffddb00
00000ce37fffdedb5
00000ce37fffe0061
00000dfdbfffdd664
00000cc17fffdf896
00000d0a3fffdf3b1
00000df4ffffdd81a
00000ca57fffe033c
00000d32ffffde862
00000de2bfffddeca
00000c8fbfffe059d
00000d5cbfffddeb0
00000dc9ffffde91d
00000c837fffe0049
00000d87ffffdd694
00000d7f3fffdf809
00000d7f3fffdf815
00000d87ffffdd661
00000c837fffe0066
00000dc9ffffdeda0
00000d5cbfffddb73
00000c8fbfffe03e9
00000de2bfffddf5c
00000d32ffffde849
00000ca57fffe033d
00000df4ffffdd81a
00000d0a3fffdf3b1
00000cc17fffdf896
00000dfdbfffdd664
00000ce37fffe0061
00000ce37fffdedb5
00000dfdbfffddb00
00000cc0ffffe0503
00000d10ffffde339
00000dca3fffde3ff
00000d3a3fffe02ad
00000dd5ffffdd879
00000c927fffdf2f7
00000d5c7fffdfc9c
00000dc9ffffdd5c6
00000c833fffdfc9c
00000d84ffffdf2f7
00000da9bfffdd879
00000c7ebfffe02ad
00000da9bfffde3ff
00000d84ffffde339
00000c833fffe0503
00000dc9ffffddb00
00000d5cbfffdedb5
00000c8fbfffe0061
00000de2bfffdd664
00000d32ffffdf896
00000ca57fffdf3b1
00000df4ffffdd81a
00000d09bfffe033d
00000cc6bfffde849
00000de0ffffddf5c
00000d29bfffe03e9
00000de0ffffddb73
00000cc6bfffdeda0
00000d09bfffe0066
00000df4ffffdd661
00000ca57fffdf815
00000d32ffffdf809
00000de2bfffdd694
00000c8fbfffe0049
00000d5cbfffde91d
00000dc9ffffddeb0
00000c833fffe059d
00000d84ffffddeca
00000da9bfffde862
00000c7ebfffe033c
00000da9bfffdd81a
00000d84ffffdf3b1
00000c84ffffdf896
00000dc37fffdd664
00000d4c7fffe0061
00000db3ffffdedb5
00000d397fffddb00
00000ca53fffe0503
00000df4ffffde339
00000d0a3fffde3ff
00000cc17fffe02ad
00000dfdbfffdd879
00000ce37fffdf2f7
00000ce37fffdfc9c
00000dfdbfffdd5c6
00000cc17fffdfc9c
00000d0a3fffdf2f7
00000df4ffffdd879
00000ca57fffe02ad
00000d32ffffde3ff
00000de2bfffde339
00000c8fbfffe0503
00000d61ffffddaeb
00000d9affffdee71
00000d64bfffdfcdc
00000da8ffffdd5e0
00000c7f7fffdfc95
00000da9bfffdf307
00000d84ffffdd826
00000c833fffe033e
00000dc9ffffde849
00000d5cbfffddf5c
00000c8fbfffe03e9
00000de2bfffddb73
00000d32ffffdeda0
00000ca57fffe0066
00000df4ffffdd661
00000d0a3fffdf815
00000cc17fffdf809
00000dfdbfffdd694
00000ce37fffe0049
00000ce37fffde91d
00000dfdbfffddeb0
00000cc0ffffe059d
00000d10ffffddeca
00000dca3fffde862
00000d3a3fffe033c
00000dd5ffffdd81a
00000c927fffdf3b1
00000d5c7fffdf896
00000dc9ffffdd664
00000c833fffe0063
00000d84ffffdeda0
00000da9bfffddb73
00000c7ebfffe03e9
00000da9bfffddf5c
00000d84ffffde849
00000c833fffe033e
00000dc9ffffdd826
00000d5cbfffdf307
00000c8fbfffdfc95
00000de2bfffdd5e0
00000d32ffffdfcdc
00000ca97fffdee71
00000de03fffddaeb
00000d2dffffe0501
00000dd93fffde354
00000ce9bfffde354
00000ce33fffe0501
00000dfdbfffddaeb
00000cc17fffdee71
00000d0a3fffdfcdc
00000df4ffffdd5e0
00000ca57fffdfc95
00000d32ffffdf307
00000de2bfffdd826
00000c8fbfffe033e
00000d5cbfffde849
00000dc9ffffddf5c
00000c833fffe03e9
00000d84ffffddb73
00000da9bfffdeda0
00000c7f7fffe0063
00000da8ffffdd664
00000d64bfffdf896
00000d9affffdf3b1
00000d61ffffdd81a
00000c8fbfffe033c
00000de2bfffde862
00000d32ffffddeca
00000ca57fffe059d
00000df4ffffddeb0
00000d0a3fffde91d
00000cc17fffe0049
00000dfdbfffdd694
00000ce37fffdf809
00000ce37fffdf815
00000dfdbfffdd661
00000cc17fffe0066
00000d0a3fffdeda0
00000df4ffffddb73
00000ca57fffe03e9
00000d32ffffddf5c
00000de2bfffde849
00000c8fbfffe033e
00000d61ffffdd826
00000d9affffdf307
00000d64bfffdfc95
00000da8ffffdd5e0
00000c7f7fffdfcdc
00000da9bfffdee71
00000d84ffffddaeb
00000c833fffe0503
00000dc9ffffde339
00000d5cbfffde3ff
00000c8fbfffe02ad
00000de2bfffdd879
00000d32ffffdf2f7
00000ca57fffdfc9c
00000df4ffffdd5c6
00000d0a3fffdfc9c
00000cc17fffdf2f7
00000dfdbfffdd879
00000ce33fffe02ad
00000ce9bfffde3ff
00000dd93fffde339
00000d2dffffe0503
00000de03fffddb00
00000ca97fffdedb5
00000d32ffffe0061
00000de2bfffdd664
00000c8fbfffdf896
00000d5cbfffdf3b1
00000dc9ffffdd81a
00000c833fffe033c
00000d84ffffde862
00000da9bfffddeca
00000c7ebfffe059d
00000da9bfffddeb0
00000d84ffffde91d
00000c833fffe0049
00000dc9ffffdd694
00000d5c7fffdf80a
00000c927fffdf80a
00000dd5ffffdd694
00000d3a3fffe0049
00000dca3fffde91d
00000d10ffffddeb0
00000cc0ffffe059d
00000dfdbfffddeca
00000ce37fffde862
00000ce37fffe033c
00000dfdbfffdd81a
00000cc17fffdf3b1
00000d0a3fffdf896
00000df4ffffdd664
00000ca57fffe0061
00000d32ffffdedb5
00000de2bfffddb00
00000c8fbfffe0503
00000d5cbfffde339
00000dc9ffffde3ff
00000c833fffe02ad
00000d84ffffdd879
00000da9bfffdf2f7
00000c7f7fffdfc9c
00000da8ffffdd5c6
00000d64bfffdfc9c
00000d9affffdf2f7
00000d61ffffdd879
00000c8fbfffe02ad
00000de2bfffde3ff
00000d32ffffde339
00000ca57fffe0503
00000df4ffffddaeb
00000d0a3fffdee71
00000cc17fffdfcdc
00000dfdbfffdd5e0
00000ce37fffdfc95
00000ce37fffdf307
00000dfdbfffdd826
00000cc17fffe033e
00000d0a3fffde849
00000df4ffffddf5c
00000ca53fffe03e9
00000d397fffddb73
00000db3ffffdeda0
00000d4c7fffe0066
00000dc37fffdd661
00000c84ffffdf815
00000d84ffffdf809
00000da9bfffdd694
00000c7ebfffe0049
00000da9bfffde91d
00000d84ffffddeb0
00000c833fffe059d
00000dc9ffffddeca
00000d5cbfffde862
00000c8fbfffe033c
00000de2bfffdd81a
00000d32ffffdf3b1
00000ca57fffdf896
00000df4ffffdd664
00000d09bfffe0063
00000cc6bfffdeda0
00000de0ffffddb73
00000d29bfffe03e9
00000de0ffffddf5c
00000cc6bfffde849
00000d09bfffe033e
00000df4ffffdd826
00000ca57fffdf307
00000d32ffffdfc95
00000de2bfffdd5e0
00000c8fbfffdfcdc
00000d5cbfffdee71
00000dc9ffffddaeb
00000c833fffe0501
00000d84ffffde354
00000da9bfffde354
00000c7ebfffe0501
00000da9bfffddaeb
00000d84ffffdee71
00000c833fffdfcdc
00000dc9ffffdd5e0
00000d5c7fffdfc95
00000c927fffdf307
00000dd5ffffdd826
00000d3a3fffe033e
00000dca3fffde849
00000d10ffffddf5c
00000cc0ffffe03e9
00000dfdbfffddb73
00000ce37fffdeda0
00000ce37fffe0063
00000dfdbfffdd664
00000cc17fffdf896
00000d0a3fffdf3b1
00000df4ffffdd81a
00000ca57fffe033c
00000d32ffffde862
00000de2bfffddeca
00000c8fbfffe059d
00000d5cbfffddeb0
00000dc9ffffde91d
00000c837fffe0049
00000d87ffffdd694
00000d7f3fffdf809
00000d7f3fffdf815
00000d87ffffdd661
00000c837fffe0066
00000dc9ffffdeda0
00000d5cbfffddb73
00000c8fbfffe03e9
00000de2bfffddf5c
00000d32ffffde849
00000ca57fffe033e
00000df4ffffdd826
00000d0a3fffdf307
00000cc17fffdfc95
00000dfdbfffdd5e0
00000ce37fffdfcdc
00000ce37fffdee71
00000dfdbfffddaeb
00000cc0ffffe0503
00000d10ffffde339
00000dca3fffde3ff
00000d3a3fffe02ad
00000dd5ffffdd879
00000c927fffdf2f7
00000d5c7fffdfc9c
00000dc9ffffdd5c6
00000c833fffdfc9c
00000d84ffffdf2f7
00000da9bfffdd879
00000c7ebfffe02ad
00000da9bfffde3ff
00000d84ffffde339
00000c833fffe0503
00000dc9ffffddb00
00000d5cbfffdedb5
00000c8fbfffe0061
00000de2bfffdd664
00000d32ffffdf896
00000ca57fffdf3b1
00000df4ffffdd81a
00000d09bfffe033c
00000cc6bfffde862
00000de0ffffddeca
00000d29bfffe059d
00000de0ffffddeb0
00000cc6bfffde91d
00000d09bfffe0049
00000df4ffffdd694
00000ca57fffdf80a
00000d32ffffdf80a
00000de2bfffdd694
00000c8fbfffe0049
00000d5cbfffde91d
00000dc9ffffddeb0
00000c833fffe059d
00000d84ffffddeca
00000da9bfffde862
00000c7ebfffe033c
00000da9bfffdd81a
00000d84ffffdf3b1
00000c84ffffdf896
00000dc37fffdd664
00000d4c7fffe0061
00000db3ffffdedb5
00000d397fffddb00
00000ca53fffe0503
00000df4ffffde339
00000d0a3fffde3ff
00000cc17fffe02ad
00000dfdbfffdd879
00000ce37fffdf2f7
00000ce37fffdfc9c
00000dfdbfffdd5c6
00000cc17fffdfc9c
00000d0a3fffdf2f7
00000df4ffffdd879
00000ca57fffe02ad
00000d32ffffde3ff
00000de2bfffde339
00000c8fbfffe0503
00000d61ffffddaeb
00000d9affffdee71
00000d64bfffdfcdc
00000da8ffffdd5e0
00000c7f7fffdfc95
00000da9bfffdf307
00000d84ffffdd826
00000c833fffe033e
00000dc9ffffde849
00000d5cbfffddf5c
00000c8fbfffe03e9
00000de2bfffddb73
00000d32ffffdeda0
00000ca57fffe0066
00000df4ffffdd661
00000d0a3fffdf815
00000cc17fffdf809
00000dfdbfffdd694
00000ce37fffe0049
00000ce37fffde91d
00000dfdbfffddeb0
00000cc0ffffe059d
00000d10ffffddeca
00000dca3fffde862
00000d3a3fffe033c
00000dd5ffffdd81a
00000c927fffdf3b1
00000d5c7fffdf896
00000dc9ffffdd664
00000c833fffe0063
00000d84ffffdeda0
00000da9bfffddb73
00000c7ebfffe03e9
00000da9bfffddf5c
00000d84ffffde849
00000c833fffe033e
00000dc9ffffdd826
00000d5cbfffdf307
00000c8fbfffdfc95
00000de2bfffdd5e0
00000d32ffffdfcdc
00000ca97fffdee71
00000de03fffddaeb
00000d2dffffe0501
00000dd93fffde354
00000ce9bfffde354
00000ce33fffe0501
00000dfdbfffddaeb
00000cc17fffdee71
00000d0a3fffdfcdc
00000df4ffffdd5e0
00000ca57fffdfc95
00000d32ffffdf307
00000de2bfffdd826
00000c8fbfffe033e
00000d5cbfffde849
00000dc9ffffddf5c
00000c833fffe03e9
00000d84ffffddb73
00000da9bfffdeda0
00000c7f7fffe0063
00000da8ffffdd664
00000d64bfffdf896
00000d9affffdf3b1
00000d61ffffdd81a
00000c8fbfffe033c
00000de2bfffde862
00000d32ffffddeca
00000ca57fffe059d
00000df4ffffddeb0
00000d0a3fffde91d
00000cc17fffe0049
00000dfdbfffdd694
00000ce37fffdf809
00000ce37fffdf815
00000dfdbfffdd661
00000cc17fffe0066
00000d0a3fffdeda0
00000df4ffffddb73
00000ca57fffe03e9
00000d32ffffddf5c
00000de2bfffde849
00000c8fbfffe033e
00000d61ffffdd826
00000d9affffdf307
00000d64bfffdfc95
00000da8ffffdd5e0
00000c7f7fffdfcdc
00000da9bfffdee71
00000d84ffffddaeb
00000c833fffe0503
00000dc9ffffde339
00000d5cbfffde3ff
00000c8fbfffe02ad
00000de2bfffdd879
00000d32ffffdf2f7
00000ca57fffdfc9c
00000df4ffffdd5c6
00000d0a3fffdfc9c
00000cc17fffdf2f7
00000dfdbfffdd879
00000ce33fffe02ad
00000ce9bfffde3ff
00000dd93fffde339
00000d2dffffe0503
00000de03fffddb00
00000ca97fffdedb5
00000d32ffffe0061
00000de2bfffdd664
00000c8fbfffdf896
00000d5cbfffdf3b1
00000dc9ffffdd81a
00000c833fffe033c
00000d84ffffde862
00000da9bfffddeca
00000c7ebfffe059d
00000da9bfffddeb0
00000d84ffffde91d
00000c833fffe0049
00000dc9ffffdd694
00000d5c7fffdf80a
00000c927fffdf80a
00000dd5ffffdd694
00000d3a3fffe0049
00000dca3fffde91d
00000d10ffffddeb0
00000cc0ffffe059d
00000dfdbfffddeca
00000ce37fffde862
00000ce37fffe033c
00000dfdbfffdd81a
00000cc17fffdf3b1
00000d0a3fffdf896
00000df4ffffdd664
00000ca57fffe0061
00000d32ffffdedb5
00000de2bfffddb00
00000c8fbfffe0503
00000d5cbfffde339
00000dc9ffffde3ff
00000c833fffe02ad
00000d84ffffdd879
00000da9bfffdf2f7
00000c7f7fffdfc9c
00000da8ffffdd5c6
00000d64bfffdfc9c
00000d9affffdf2f7
00000d61ffffdd879
00000c8fbfffe02ad
00000de2bfffde3ff
00000d32ffffde339
00000ca57fffe0503
00000df4ffffddaeb
00000d0a3fffdee71
00000cc17fffdfcdc
00000dfdbfffdd5e0
00000ce37fffdfc95
00000ce37fffdf307
00000dfdbfffdd826
00000cc17fffe033e
00000d0a3fffde849
00000df4ffffddf5c
00000ca53fffe03e9
00000d397fffddb73
00000db3ffffdeda0
00000d4c7fffe0066
00000dc37fffdd661
00000c84ffffdf815
00000d84ffffdf809
00000da9bfffdd694
00000c7ebfffe0049
00000da9bfffde91d
00000d84ffffddeb0
00000c833fffe059d
00000dc9ffffddeca
00000d5cbfffde862
00000c8fbfffe033c
00000de2bfffdd81a
00000d32ffffdf3b1
00000ca57fffdf896
00000df4ffffdd664
00000d0a3fffe0061
00000cc17fffdedb5
00000dfdbfffddb00
00000ce33fffe0503
00000ce9bfffde339
00000dd93fffde3ff
00000d2dffffe02ad
00000de03fffdd879
00000ca97fffdf2f7
00000d32ffffdfc95
00000de2bfffdd5e0
00000c8fbfffdfcdc
00000d5cbfffdee71
00000dc9ffffddaeb
00000c833fffe0501
00000d84ffffde354
00000da9bfffde354
00000c7ebfffe0501
00000da9bfffddaeb
00000d84ffffdee71
00000c833fffdfcdc
00000dc9ffffdd5e0
00000d5c7fffdfc95
00000c927fffdf307
00000dd5ffffdd826
00000d3a3fffe033e
00000dca3fffde849
00000d10ffffddf5c
00000cc0ffffe03e9
00000dfdbfffddb73
00000ce37fffdeda0
00000ce37fffe0066
00000dfdbfffdd661
00000cc17fffdf815
00000d0a3fffdf809
00000df4ffffdd694
00000ca57fffe0049
00000d32ffffde91d
00000de2bfffddeb0
00000c8fbfffe059e
00000d5cbfffddeb0
00000dc9ffffde91d
00000c837fffe0049
00000d87ffffdd694
00000d7f3fffdf809
00000d7f3fffdf815
00000d87ffffdd661
00000c837fffe0066
00000dc9ffffdeda0
00000d5cbfffddb73
00000c8fbfffe03e9
00000de2bfffddf5c
00000d32ffffde849
00000ca57fffe033e
00000df4ffffdd826
00000d0a3fffdf307
00000cc17fffdfc95
00000dfdbfffdd5e0
00000ce37fffdfcdc
00000ce37fffdee71
00000dfdbfffddaeb
00000cc17fffe0501
00000d0a3fffde354
00000df4ffffde354
00000ca53fffe0501
00000d397fffddaeb
00000db3ffffdee71
00000d4c7fffdfcdc
00000dc37fffdd5e0
00000c84ffffdfc95
00000d84ffffdf2f7
00000da9bfffdd879
00000c7ebfffe02ad
00000da9bfffde3ff
00000d84ffffde339
00000c833fffe0503
00000dc9ffffddb00
00000d5cbfffdedb5
00000c8fbfffe0061
00000de2bfffdd664
00000d32ffffdf896
00000ca57fffdf3b1
00000df4ffffdd81a
00000d09bfffe033c
00000cc6bfffde862
00000de0ffffddeca
00000d29bfffe059d
00000de0ffffddeb0
00000cc6bfffde91d
00000d09bfffe0049
00000df4ffffdd694
00000ca57fffdf809
00000d32ffffdf815
00000de2bfffdd661
00000c8fbfffe0066
00000d5cbfffdeda0
00000dc9ffffddb73
00000c833fffe03e9
00000d84ffffddf5c
00000da9bfffde849
00000c7ebfffe033d
00000da9bfffdd81a
00000d84ffffdf3b1
00000c84ffffdf896
00000dc37fffdd664
00000d4c7fffe0061
00000db3ffffdedb5
00000d397fffddb00
00000ca53fffe0503
00000df4ffffde339
00000d0a3fffde3ff
00000cc17fffe02ad
00000dfdbfffdd879
00000ce37fffdf2f7
00000ce37fffdfc9c
00000dfdbfffdd5c6
00000cc17fffdfc9c
00000d0a3fffdf2f7
00000df4ffffdd879
00000ca57fffe02ad
00000d32ffffde3ff
00000de2bfffde339
00000c8fbfffe0503
00000d5cbfffddb00
00000dc9ffffdedb5
00000c837fffe0061
00000d87ffffdd664
00000d7f3fffdf896
00000d7f3fffdf3b1
00000d87ffffdd81a
00000c837fffe033d
00000dc9ffffde849
00000d5cbfffddf5c
00000c8fbfffe03e9
00000de2bfffddb73
00000d32ffffdeda0
00000ca57fffe0066
00000df4ffffdd661
00000d0a3fffdf815
00000cc17fffdf809
00000dfdbfffdd694
00000ce37fffe0049
00000ce37fffde91d
00000dfdbfffddeb0
00000cc0ffffe059d
00000d10ffffddeca
00000dca3fffde862
00000d3a3fffe033c
00000dd5ffffdd81a
00000c927fffdf3b1
00000d5c7fffdf896
00000dc9ffffdd664
00000c833fffe0061
00000d84ffffdedb5
00000da9bfffddb00
00000c7ebfffe0503
00000da9bfffde339
00000d84ffffde3ff
00000c833fffe02ad
00000dc9ffffdd879
00000d5cbfffdf2f7
00000c8fbfffdfc95
00000de2bfffdd5e0
00000d32ffffdfcdc
00000ca97fffdee71
00000de03fffddaeb
00000d2dffffe0501
00000dd93fffde354
00000ce9bfffde354
00000ce33fffe0501
00000dfdbfffddaeb
00000cc17fffdee71
00000d0a3fffdfcdc
00000df4ffffdd5e0
00000ca57fffdfc95
00000d32ffffdf307
00000de2bfffdd826
00000c8fbfffe033e
00000d5cbfffde849
00000dc9ffffddf5c
00000c833fffe03e9
00000d84ffffddb73
00000da9bfffdeda0
00000c7ebfffe0066
00000da9bfffdd661
00000d84ffffdf815
00000c84ffffdf809
00000dc37fffdd694
00000d4c7fffe0049
00000db3ffffde91d
00000d397fffddeb0
00000ca53fffe059e
00000df4ffffddeb0
00000d0a3fffde91d
00000cc17fffe0049
00000dfdbfffdd694
00000ce37fffdf809
00000ce37fffdf815
00000dfdbfffdd661
00000cc17fffe0066
00000d0a3fffdeda0
00000df4ffffddb73
00000ca57fffe03e9
00000d32ffffddf5c
00000de2bfffde849
00000c8fbfffe033e
00000d61ffffdd826
00000d9affffdf307
00000d64bfffdfc95
00000da8ffffdd5e0
00000c7f7fffdfcdc
00000da9bfffdee71
00000d84ffffddaeb
00000c833fffe0501
00000dc9ffffde354
00000d5cbfffde354
00000c8fbfffe0501
00000de2bfffddaeb
00000d32ffffdee71
00000ca57fffdfcdc
00000df4ffffdd5e0
00000d0a3fffdfc95
00000cc17fffdf2f7
00000dfdbfffdd879
00000ce33fffe02ad
00000ce9bfffde3ff
00000dd93fffde339
00000d2dffffe0503
00000de03fffddb00
00000ca97fffdedb5
00000d32ffffe0061
00000de2bfffdd664
00000c8fbfffdf896
00000d5cbfffdf3b1
00000dc9ffffdd81a
00000c833fffe033c
00000d84ffffde862
00000da9bfffddeca
00000c7ebfffe059d
00000da9bfffddeb0
00000d84ffffde91d
00000c833fffe0049
00000dc9ffffdd694
00000d5cbfffdf809
00000c8fbfffdf815
00000de2bfffdd661
00000d32ffffe0066
00000ca97fffdeda0
00000de03fffddb73
00000d2dffffe03e9
00000dd93fffddf5c
00000ce9bfffde849
00000ce33fffe033d
00000dfdbfffdd81a
00000cc17fffdf3b1
00000d0a3fffdf896
00000df4ffffdd664
00000ca57fffe0061
00000d32ffffdedb5
00000de2bfffddb00
00000c8fbfffe0503
00000d5cbfffde339
00000dc9ffffde3ff
00000c833fffe02ad
00000d84ffffdd879
00000da9bfffdf2f7
00000c7f7fffdfc9c
00000da8ffffdd5c6
00000d64bfffdfc9c
00000d9affffdf2f7
00000d61ffffdd879
00000c8fbfffe02ad
00000de2bfffde3ff
00000d32ffffde339
00000ca57fffe0503
00000df4ffffddb00
00000d0a3fffdedb5
00000cc17fffe0061
00000dfdbfffdd664
00000ce37fffdf896
00000ce37fffdf3b1
00000dfdbfffdd81a
00000cc17fffe033d
00000d0a3fffde849
00000df4ffffddf5c
00000ca53fffe03e9
00000d397fffddb73
00000db3ffffdeda0
00000d4c7fffe0066
00000dc37fffdd661
00000c84ffffdf815
00000d84ffffdf809
00000da9bfffdd694
00000c7ebfffe0049
00000da9bfffde91d
00000d84ffffddeb0
00000c833fffe059d
00000dc9ffffddeca
00000d5cbfffde862
00000c8fbfffe033c
00000de2bfffdd81a
00000d32ffffdf3b1
00000ca57fffdf896
00000df4ffffdd664
00000d0a3fffe0061
00000cc17fffdedb5
00000dfdbfffddb00
00000ce33fffe0503
00000ce9bfffde339
00000dd93fffde3ff
00000d2dffffe02ad
00000de03fffdd879
00000ca97fffdf2f7
00000d32ffffdfc95
00000de2bfffdd5e0
00000c8fbfffdfcdc
00000d5cbfffdee71
00000dc9ffffddaeb
00000c833fffe0501
00000d84ffffde354
00000da9bfffde354
00000c7ebfffe0501
00000da9bfffddaeb
00000d84ffffdee71
00000c833fffdfcdc
00000dc9ffffdd5e0
00000d5c7fffdfc95
00000c927fffdf307
00000dd5ffffdd826
00000d3a3fffe033e
00000dca3fffde849
00000d10ffffddf5c
00000cc0ffffe03e9
00000dfdbfffddb73
00000ce37fffdeda0
00000ce37fffe0066
00000dfdbfffdd661
00000cc17fffdf815
00000d0a3fffdf809
00000df4ffffdd694
00000ca57fffe0049
00000d32ffffde91d
00000de2bfffddeb0
00000c8fbfffe059e
00000d5cbfffddeb0
00000dc9ffffde91d
00000c837fffe0049
00000d87ffffdd694
00000d7f3fffdf809
00000d7f3fffdf815
00000d87ffffdd661
00000c837fffe0066
00000dc9ffffdeda0
00000d5cbfffddb73
00000c8fbfffe03e9
00000de2bfffddf5c
00000d32ffffde849
00000ca57fffe033e
00000df4ffffdd826
00000d0a3fffdf307
00000cc17fffdfc95
00000dfdbfffdd5e0
00000ce37fffdfcdc
00000ce37fffdee71
00000dfdbfffddaeb
00000cc17fffe0501
00000d0a3fffde354
00000df4ffffde354
00000ca53fffe0501
00000d397fffddaeb
00000db3ffffdee71
00000d4c7fffdfcdc
00000dc37fffdd5e0
00000c84ffffdfc95
00000d84ffffdf2f7
00000da9bfffdd879
00000c7ebfffe02ad
00000da9bfffde3ff
00000d84ffffde339
00000c833fffe0503
00000dc9ffffddb00
00000d5cbfffdedb5
00000c8fbfffe0061
00000de2bfffdd664
00000d32ffffdf896
00000ca57fffdf3b1
00000df4ffffdd81a
00000d09bfffe033c
00000cc6bfffde862
00000de0ffffddeca
00000d29bfffe059d
00000de0ffffddeb0
00000cc6bfffde91d
00000d09bfffe0049
00000df4ffffdd694
00000ca57fffdf809
00000d32ffffdf815
00000de2bfffdd661
00000c8fbfffe0066
00000d5cbfffdeda0
00000dc9ffffddb73
00000c833fffe03e9
00000d84ffffddf5c
00000da9bfffde849
00000c7ebfffe033d
00000da9bfffdd81a
00000d84ffffdf3b1
00000c84ffffdf896
00000dc37fffdd664
00000d4c7fffe0061
00000db3ffffdedb5
00000d397fffddb00
00000ca53fffe0503
00000df4ffffde339
00000d0a3fffde3ff
00000cc17fffe02ad
00000dfdbfffdd879
00000ce37fffdf2f7
00000ce37fffdfc9c
00000dfdbfffdd5c6
00000cc17fffdfc9c
00000d0a3fffdf2f7
00000df4ffffdd879
00000ca57fffe02ad
00000d32ffffde3ff
00000de2bfffde339
00000c8fbfffe0503
00000d5cbfffddb00
00000dc9ffffdedb5
00000c837fffe0061
00000d87ffffdd664
00000d7f3fffdf896
00000d7f3fffdf3b1
00000d87ffffdd81a
00000c837fffe033d
00000dc9ffffde849
00000d5cbfffddf5c
00000c8fbfffe03e9
00000de2bfffddb73
00000d32ffffdeda0
00000ca57fffe0066
00000df4ffffdd661
00000d0a3fffdf815
00000cc17fffdf809
00000dfdbfffdd694
00000ce37fffe0049
00000ce37fffde91d
00000dfdbfffddeb0
00000cc0ffffe059d
00000d10ffffddeca
00000dca3fffde862
00000d3a3fffe033c
00000dd5ffffdd81a
00000c927fffdf3b1
00000d5c7fffdf896
00000dc9ffffdd664
00000c833fffe0061
00000d84ffffdedb5
00000da9bfffddb00
00000c7ebfffe0503
00000da9bfffde339
00000d84ffffde3ff
00000c833fffe02ad
00000dc9ffffdd879
00000d5cbfffdf2f7
00000c8fbfffdfc9c
00000de2bfffdd5c6
00000d32ffffdfc9c
00000ca97fffdf2f7
00000de03fffdd879
00000d2dffffe02ad
00000dd93fffde3ff
00000ce9bfffde339
00000ce33fffe0503
00000dfdbfffddaeb
00000cc17fffdee71
00000d0a3fffdfcdc
00000df4ffffdd5e0
00000ca57fffdfc95
00000d32ffffdf307
00000de2bfffdd826
00000c8fbfffe033e
00000d5cbfffde849
00000dc9ffffddf5c
00000c833fffe03e9
00000d84ffffddb73
00000da9bfffdeda0
00000c7ebfffe0066
00000da9bfffdd661
00000d84ffffdf815
00000c84ffffdf809
00000dc37fffdd694
00000d4c7fffe0049
00000db3ffffde91d
00000d397fffddeb0
00000ca53fffe059d
00000df4ffffddeca
00000d0a3fffde862
00000cc17fffe033c
00000dfdbfffdd81a
00000ce37fffdf3b1
00000ce37fffdf896
00000dfdbfffdd664
00000cc17fffe0063
00000d0a3fffdeda0
00000df4ffffddb73
00000ca57fffe03e9
00000d32ffffddf5c
00000de2bfffde849
00000c8fbfffe033e
00000d61ffffdd826
00000d9affffdf307
00000d64bfffdfc95
00000da8ffffdd5e0
00000c7f7fffdfcdc
00000da9bfffdee71
00000d84ffffddaeb
00000c833fffe0501
00000dc9ffffde354
00000d5cbfffde354
00000c8fbfffe0501
00000de2bfffddaeb
00000d32ffffdee71
00000ca57fffdfcdc
00000df4ffffdd5e0
00000d0a3fffdfc95
00000cc17fffdf307
00000dfdbfffdd826
00000ce33fffe033e
00000ce9bfffde849
00000dd93fffddf5c
00000d2dffffe03e9
00000de03fffddb73
00000ca97fffdeda0
00000d32ffffe0063
00000de2bfffdd664
00000c8fbfffdf896
00000d5cbfffdf3b1
00000dc9ffffdd81a
00000c833fffe033c
00000d84ffffde862
00000da9bfffddeca
00000c7ebfffe059d
00000da9bfffddeb0
00000d84ffffde91d
00000c833fffe0049
00000dc9ffffdd694
00000d5cbfffdf809
00000c8fbfffdf815
00000de2bfffdd661
00000d32ffffe0066
00000ca97fffdeda0
00000de03fffddb73
00000d2dffffe03e9
00000dd93fffddf5c
00000ce9bfffde849
00000ce33fffe033e
00000dfdbfffdd826
00000cc17fffdf307
00000d0a3fffdfc95
00000df4ffffdd5e0
00000ca57fffdfcdc
00000d32ffffdee71
00000de2bfffddaeb
00000c8fbfffe0503
00000d5cbfffde339
00000dc9ffffde3ff
00000c833fffe02ad
00000d84ffffdd879
00000da9bfffdf2f7
00000c7f7fffdfc9c
00000da8ffffdd5c6
00000d64bfffdfc9c
00000d9affffdf2f7
00000d61ffffdd879
00000c8fbfffe02ad
00000de2bfffde3ff
00000d32ffffde339
00000ca57fffe0503
00000df4ffffddb00
00000d0a3fffdedb5
00000cc17fffe0061
00000dfdbfffdd664
00000ce37fffdf896
00000ce37fffdf3b1
00000dfdbfffdd81a
00000cc17fffe033c
00000d0a3fffde862
fffef45880009091a
00106f123ff0286fb
ffe57d118048e51d9
fee1a652ff8f12b87
0b32e319f9f0c8ebc
083180b33cbe846a3
fb839c3981e9813e6
08c68303fe0682a43
03af195afcd0cf08f
02a6bce480224956f
feab885181e3bf495
fbb5113ec1a269e38
12ff6de5ff5d022db
08a079cdc13bc42eb
00f0cd813eeeffaaf
0cdd3a7281fb71fb6
fd8ef77f41a8272fd
fa4b0a5683a0b1024
006147b444720df85
f7be893a8332bd253
f5e47ea081b4cfe0b
01db91d0bf85dec4c
0883b4c13f602f86e
03bb34d9419f4f197
fde5e6d37f38b1af5
fc6178ab426329e16
0bf64d38840a0e0cb
095551c9be4921acf
0ce7ad47c086cdf54
11ee41dc04773f778
fdad06c1056788523
07f304470051e2325
1252271b012d33803
0d0221ee809167975
fceeaf247e2e59266
08eece3ebf6621a9b
0068b23f415dbec73
f98792cabf73aa924
0a7de1e08048e3d19
0a83b0ad0079e1886
0349bc9b00d00bab2
fd40cbabffe5cd17a
f9f2b6c2c00defbeb
00aac470ffb91ef22
fb634a9dff0304095
faccfd1dbff3b1352
043730bbc0bf7cb22
fc597d8e7f2337c6b
f7e85679806a25f62
05563a21026f01ea7
0aa5303d00cc5919d
0d1bb7063fecfb698
f9ffedc28263a8f9a
f349965fbff3b54cf
fe459d5fffb16b406
06028b24c01771233
0292aa90bfc443483
033b9e2efda409d03
fad20c954042d505e
05a3934902e72a745
065cdfe7036e883df
0437bcd8434e8d70e
06d31eae41cd2eee1
fc4a4199025d5f6c3
fbb7cd9c42a1c4479
0b8b955b7c28e5797
f98dd5e67c8cfa9a7
ea320e9540366ca7d
f7d070dc7c0653d77
0a03115e7e9256f1b
0d5ff9bac23ad036c
fda67b9dbe850a701
e91f789fbe07d0143
fb8a90e441019899a
116ed89203cb5701f
fdea04f47e5a0f3d1
f81d48b5fdb6c459c
0304778e0411a9a15
ff5bba29435d1ca90
fc0cdd87c3f918eca
f8404f03c0b9e0c31
fb6b1bc3bf4c08617
03d0d58a82044e061
fac7700fbd322153c
f806f8077b52764f9
0113faceffbfb18c9
0a4e218eff69b5f65
04aa845c3faa57c7f
febadec47da9971c0
020a1b073acc8b0e3
06fff9a4001bf7c79
07a3b58ec390f015f
f06d5b683e8d6db6f
f04383e2406b74db1
f64e9b0dc1ebea965
f7fe3de3821c74a47
fcb3d208fe22f78d0
f98db94afcfb1dfe6
0103d27a81b9550a2
f157712544c30f8c8
f4ee289d40c820386
0479fb7efc4183312
04cfe75681144139b
08912840c075ee6e1
f63d4d96f9cc8d0da
ebd359283c62d5e09
ff41e00d3ecd03869
0179104ebe1579073
0bb3aa4ebcad8c394
05b7b4c37d643a190
0230151640aa7b822
ff12255d015ab5a58
fa32e3f57c76e9e64
035895f03bd8bb8ec
02b5938dfd0ca6a34
f63b8b8fbcba3f1e3
ec40a893b9e7d44ae
f75bfc553ac650bae
00ee0b2b7daebf4f2
fe263429be5c3561c
ffb73b943f0eaaceb
0133e8f4ff8b90404
11f074dac02095f5c
071b12e4405d9556b
fc74ac53c0a1260b5
03f1775a7cf3b9aaf
046108cffc7d9e57a
f2170dc83d2ed53b8
03071782c15a7a171
0bc240847fec57724
08dd3f53be71f9dbc
0c5891e5fdc3ad738
1073aaea3ec6b3efe
f51424cfb995d33c9
055d073177f568a97
03a0ce727e9b3bee3
f69e4dd8c3ef806eb
020a450fff4f3aa7c
fec4faf9fc9b43d36
f940353abcb4d5dbc
04fd25a4c2867df87
04b335b880f785f65
f9f35c083dd83cd20
0259291dbfc8767f7
00580a017e5713254
f9fb230140a72b41e
f7fdeb3ac25c67e09
015b0b08ffbb05aef
104d3be83f2958f44
f71968103bf2a8412
f6abca5e7f26684c8
07fa32080011c1a41
0ef94c5d80d904196
053d7c58ff19b84c7
063b0a3bfd46c96f7
f914725f807017a8e
fac254bb8408a158d
049cbfcfc5b52a915
fd49bc82c214c929e
04098320fcc0f5848
16dd37063bc53df98
0c9cfb8702b7afeba
facda0154403bf8fe
0b82735abf2d816d0
fc90582c3d7340881
f6fe1f61015032407
0366260180361d6bb
0b269a49bc104ed08
fe955bdf7ca325c69
f8c22bf38142cab45
f08d7cdf3dec74755
ecd0d4bf3dd421d4f
f7d2d0c73f48704de
fe010d0b0096824a0
0154e8573d89f355f
1c3066893ee8718cc
0f7953d73f61e65f1
fe128d2340821994a
f62f04ed4054435b3
ed649e2ebebddeb60
f4d4ac3fbef6a9b31
fe482ec6418ff7e87
ffc2acd141123ab49
0d40d92182b972f99
047da17cc2dc5156d
098f1fcc41392400f
0de5b3db7d2a49d9e
01ba54ab7ba403339
ffb0cc04827783f02
fae5dce143fd99cea
08055b940181cf76f
1574263540f7346df
0b2378bac0483b2b3
f4b62194bc55a6354
0038b153bfa0201cd
0b52d50e42b693b10
0310ce3cbfa1e9237
ff6b6b13fceecae2d
f39bf43aff49deb86
ec554a3fbf6b8f3a6
fdd61e663df7c348e
f8c5d5777f88382f4
084c278a81b849462
0e4172df4067c7024
0339d2947e2389135
f786681fbe5a81944
f7269b99c5282dd6a
fec8be60c2b8cc947
00ed60517f6cfccf2
0017e589bd9072451
fd04e66aff2999be0
fb3b81d741950f0ad
f01377867de61cf38
f644475dfba00dda4
eecd42cd7ee43daf4
fd1f4c5cc253259c2
08c9d9923fb110728
02edb8e780d18c4e5
009d0ebc411ada2df
079a1d2e7fb070158
13ef2ac2c35f3f2c3
faafc78d02b0726ff
eda796e97e46ba483
f07d11ca80c89c76e
070102844393761c8
0dcd319bc529afb5b
f8e2ef27ff6e3582a
00fa53ddfe20fc927
0789331d006d59b05
09de48b67fa8f91b1
1ae98e2dc230a0b35
111d1beac1be97942
039824997fdc6a501
fe1f1de20114190da
fad39cad42071c5fb
ed5ce76f00781e2d4
fbc8fad5ff89ab53a
102f25e643b9e3db0
00a4eae580df79d96
f2ee75cdbde48aadf
00eb003202205eb7e
04cfd119fdbdd347a
04212806bda904fda
f05dcb2301b711b3a
06e866037e01f5b8a
08191801bf235ea49
fd6fb7eac1f9e5bdb
fb4ea5f100a1a112f
fe4445157ece7e2bb
f6f66ec7fe2d4019c
050cbf3a7e545675f
14c674ac7ecf58462
0256eccd411947664
f411ddc54052ab0e9
ea00f1db7fab08380
f9ed0db580938c602
0129822bbf5ad92c3
fb45cbe77e518961d
081d7015004a42772
fd1bd24280a404fd4
01262d50816d7b982
fd53b52dbee37ba54
fcb0a90d0074fa118
1500d0d6c4f67274b
f650266dc3a979691
e908938980f015f63
fc2a0acbc1b0b165b
f550e40a816133ebf
014c54f6430d2d08b
0c519f7c7f3ac1dc9
08605dfa402e07e1d
03c7424800fc18b07
06a01d4efe6e6a315
08c8f46a7f61282f1
0a3e8ffefed5943ad
0b77aab4008003531
051109a141a995fdf
f441f478bfe5ac301
fee9aa10c233ad71b
ff9910ed03c7bdc81
09ccc9293e66c6f17
09f7adedffea18e50
f6c9de23009101a3c
fa31a82581860c385
110253d44068fd468
021077f1c33acd2f5
f78cba213f5fd8c8a
fa578f597a587539e
fbdfc3cefdd0660b1
fa80aaa77e2e174bb
f67c82cf4243b058e
00791bf183259651d
0069b5f97f623eea9
f0fbe19c3fb5ff4e4
fefc30e78290ca18e
fbbfde127f056024d
f4cb111d7d46dded4
ef05e959fe4e09541
050eefecfd5cb2bdc
01a6ae623f6c46a1f
f159a47f02c0c0bff
fada0dc343b1a3fd6
0b8dd5e481d4be255
02be32bb7990add0c
0188ed2d79dfa7975
0574926140717abea
f415b9f001abe59f1
fb58476b413d71e73
074843f2bff68c8fa
025d4ec73c582190c
fbe296077b5e4f3e2
fa0f8c4d800920712
f6fb0fb7fdb60d1c3
f16c3cf3bd3cce301
0825fb20be825deea
07bc3437bf1e0800b
f7c0ce15bdd2b92eb
f1657726ba07ddadd
f21bc4983dba768f5
06c90e87031ec9693
f9be22304212b5bed
e68a04373c8a4387b
f41a474d3da47d843
06d1e4f182a10ccee
052482d2ffe49f056
0624179e7ebd5699e
0665c3d1bef9b4d19
fbf194dc40c084a31
f815e0ef44d38f2dd
1032abd7bfd5e9b8d
fb3d37c0bfedf6234
fb7a733500a66c872
fe281fb702bd70305
f466acf7862c916a1
06b407c0ff90b4075
07501f9c404cf832a
00255b714385831c8
fc330dc67cb28597d
f4488ec93ff208663
f61e8f7b025428ba3
f7689cbc0007d7a5e
ea2266b47e49c0d2c
f781591180161b77f
0e5315ad7ec341e70
01ebd4a6c0bbcba83
0e9ef7e0428e8eee2
fa8f3c34fd685f9f5
03cc10aabd3cede36
0bd8959abebf0961c
fd91f1d041012e345
fe624918819ab0380
02746c8083b6e21e3
0b4463ac44814ef42
030895a100d4e5e71
fe5b88c2bf821d1e7
0a583d76c233562fb
05e55289418c95667
03c7264bc4b150931
01d54113422e6047a
01f2eea13f6c535dc
0c975c468040654ba
11a46cf5fd4f79597
00c68b8500d867c29
f95192b1c2dd4c5ba
ffa99bc1bf738887f
f9bac5ca7d79981e0
fc6cf6133da44fa0a
fd806c44014410e56
f6285c98043d3a852
fe63ec65006de9cd5
02c81ddbc04dc1be6
f04ca7014206a21fb
ea0e6679ff5855e27
ff8876e4bf0adb3c2
10148435c3d392bf2
068f3fb27bfae54b1
f569a4b4bd14c1285
0e3b105c7f4bc868c
181141ecbd8bc68b6
00d17a277e0551e45
03b2cc09806352466
06da1f287f9499fed
fea7736cc0d564db2
fd26d37b42d8a705a
05cd35763d2be4a84
fd0ab097fc095797c
f9653254403842d13
03d875fe80f514e5b
fe0c4702fdb5a68eb
f6b4cf84800176ad4
ff1f9b80be9ef8372
062fd2ae7bb994302
03976f3bbefc6dcd0
f8d2d224feea192c9
fcd2cb298181700f6
03518d6203ed71101
f530ee05bf302c60c
fbbde4dcbd4eca1be
f54c6bd57e6255ba1
ff35880481322bd0c
0fdd9d740120416e7
08d2a7b441bf0f5b5
122627464253eb736
0dca2e8802eea440d
0292cc0bc015a8535
0a7cebb17f7dbddcc
fff3592f3eacd2c9f
f982e0b4c1d76bf62
ff09ce6c857d9df94
14344059ffb7a6e3a
221c738680309610f
0a300a780091e89dd
f6635fb1c05112d8e
f0542ad3baa5bb748
06e2215d7f10d6911
133aa51e4300fb58d
f9bed07240fb95a16
fbe16de30280c28eb
fe312728c2239b791
0ccd0dfbc0925a260
081620c47cbf630e3
059ac672c07c1f141
01d063b383599c343
04676063022d9c818
044bf0e1be525d639
fcfc2e3e3dd09f8bd
09dc71fe7e957a1fa
0c5c48ee7f35b5d03
00157b22805996ce3
ff8dbffc3e35a7c92
054063617d744361f
fd93a4ba3df117a15
f553f74c4041bf5fd
068239d9bef94ddc2
049042a03da0edc4f
042362147cc3c054a
fc2cf4177fcdb9c62
07e21fce7fc6dd004
0d5f21c8fcce11438
fe76eccabe7bfa7ef
fc915b3280309643e
09c00b3201a05a104
fd18c0e3fd021508d
02f27b61fec1fea0c
0a783db801d8f3277
f68a1dae41c85cc2d
fec847b100e2a6c94
030bbbed3fc2eabc5
ff072f8803fa30fd0
f5d1b2a7038e28359
f852e4e2c06d9cb45
0df52c0f845e4e4bb
0a5f9bf544412579c
fef5aa0cbce12ac0c
03c735fffe46ba2d7
06d0f0db81def6410
0ba13a3740ffb0f27
fb2c245100ac865a9
f47e53464278aa52c
f986e2e53fb65ef4d
f6499d82bf2d3db5c
062805dcffb928b0b
0d3a351081d16c2b9
02cbc0ceff9b844d7
0c34d83abef205589
10c62ad4c0ac55d92
f8a139a3fcbc9cca1
ffb6ec8c446099b57
ff128027854e417d0
01274f98be6fb8dfb
052b7742c01aa0efb
f4e0661842d097311
f21516b8feac47fa9
ffde4ba17e71164d4
0ccdafe13caae3356
0e6dd4050058ffc29
1b515d1982d21f62a
07facc3dc2ac30755
f6f191e540cd166bf
053385937f88afbe5
052227b1c0216e84f
eede69b37de32bca9
026aebfe7f23c477f
020756bb000187424
fe16ba17c22308ac4
02abda2f43339f226
099f1f6fc11e58b36
fe6690627ec173bfb
f7113cbeff71c8480
f8ca80904106c8c0a
fa132044007b05afa
e8f93735818de0617
f5a43e0ec2ce01fb1
fda808378028e3d91
fdb22a00ff5ca9555
0c13c13dff2c5fbdd
16e861e2814a35843
06eeb8c842843233b
00498881bbf51eb2a
0436bc0dba89e248e
f6596ab27e691b20b
ec70ed4fc22db640e
fdda04420278bf3c1
0111b5ab3f8adc075
f9804facc26f370a3
fcec427981e2071a9
00c8cccf7fa5fa70c
f8f0f93f047e857d7
ed4fc9a5427c08129
f591c847c0ff90d84
ff104bcb016fda811
0ae345a4bef1f0a6a
13c988ebfe7d1be2e
050def957f8173739
f74eb01d3e9a9ce88
f83c23c441710aa2c
fc629eaf3c9a2d52d
f15c1e73bf6df3806
eabcffc00257696b8
f2109669806b785ce
fd19e775c020a0873
f49ae77b3feec76fb
ff918fb7801b43075
040b6513c16d2b1e3
088356bdc441f7889
0ff7e70b418ef54da
049badf68354e3db7
0b08633c81c414b83
fc47337c8086dfed2
f68e1a0c8112a7ec3
f7164fc9fc8b86ab2
07039f28bc45e20ae
010d7873c21572746
0180463d7ff05c81a
037d4ac94161f2f09
fcf44303421a85d56
fa9cdca7c1c7c4099
ffe915a7be6014a5c
fb10c3e50124e5f01
f3a5d2cbc203fb815
f875e7e8002da39fd
f3841a79bebdb0cda
00e8bd577dbae2594
064ca270bf77652c0
f480488d7bfbd3c9f
f9cefae63ebb28f42
1238044400b25f847
01857bd9435394dc8
f31c4821413025404
ff82cd5c3fd150a35
0e5a2f60029d217e5
071bb5a440d12aa4a
000c79b8c2a859343
efd5e85f052218cde
e6675dc7c19ab15e1
f1e26c663db3c6413
f85aeb87be877c032
f1736694c0097f3f3
001c73c33fb0183ac
0452bd213b77ce2e3
00ec1eacbbfdcc836
05887e3b801df8087
fe2f0bc6fedf24ba8
05fdd7a83df005816
091c163d819575c65
0e79b7fd40a20b326
0742fcee80e351683
06f7691640f2f7a01
0a7377b6bf053fe08
14f2f00800455a0f3
1ab9f46581753afc8
0e080cf6803679dc2
004e671b3ee509615
f90037257be6d45ed
fa743bc43ecb65b08
00e689eac16289787
f6d9208380b0c34ed
f5fb598dfe0da951c
f295ea587f6836a5d
f9db425680c38b71f
f8054ffd02de939a7
0c9551f1c2885c6f4
0d6604c8fca5fc605
02b57ff17dd78eb01
f1ee33958197d0a92
f9101893c2a389c2b
0f0f592e7bb88ff36
f7d94c383970e19b0
fa5396183d4466870
06490bf13f80983d5
01d4a63d3cfc2b660
f40c11bcc12754441
f9e5ca6b80a9fbbf8
0614830c7c4cdb93d
0c9bcfd7bd57227a8
0d07eb22fcd739eb1
0020f086bc9c8d416
fbde7c70fefa14ffd
098e25903ee551d2b
ff465f3dbbf9a3abf
f1ceda0dbec12dc11
ef56e7c7c2018c894
01919bdefe7903e46
07f5833a7ce09964d
fdd1c3588082adaed
085c9eb9819f28842
05c50a49c4cac5a03
f3c60edac3519dc67
ee56ac5784557e2e6
fef8cc3980e462ffc
06c0a5cbc0899021c
f9b5aa6ec34b10ff5
04010a5f40003ea3a
fc6ff683bde7f00bd
f6f58b467ac9ef55f
02c3d0a97de61a1ac
faed48fe7cb2af5b6
f9209aa1bdc7c6875
07e8cacb7c71e0fa9
0b7904677af37ea9a
0c6a8f0a7ff9984ce
018d278b826802811
f3c0e2bf818368b54
f42712ad8075121a4
f698804e81ae4bf17
fdbae04b8302a40c6
f6672f3243d2687d8
0114e60e00a518a45
07705a063f8baab8c
fc45b9127cc642c8d
0d4654b2bc0756ec0
09170d038327306fa
f71fc94dbf7ab7e3d
0a9049f84086a8f0d
f8667035be97e8a06
022062703eef0febd
104ff85c800453c9e
e7452f993b9cbec6e
e7a9af4040879cf56
ff30fea500c3924c6
064cae7c41d37fb3c
fe22d36d825c13df0
fa8a67ca7f3eb43ee
0612d9fbfdc5eeaed
0021333a008cd2782
ff9bc53c3b5fe384f
0c187acd801840c93
fcebdb44410ba441b
ed277b3dfe2eae311
fcd228373e8ca7079
085af1b64007ae81a
1baaa965ba6c7f34f
11ebc532bd6175259
ebc195dd8459ea4d8
de86a3d4c1229e331
f8c3d740ff4e982e9
fa395e7efca883ad6
f82468a27f5a0bf17
014688f3c4eaaeafc
0aa7527c02cbc9698
f7949069bf924b84f
f75abb0981196f22f
ffb16290832cdec8f
f2420317c00676212
0700df647ff7721fd
fbfa25c73e83be65b
029d8f85030b0c866
ffe09e2fc8378ed50
fe5c94b480daa7898
011f6b257f25ec5cc
f283a74779ac1094a
f7fb03a47cbd38801
fa6a9dafc4618cf2c
eebd692bc192af979
f454f8a2faedeaaaf
f6020b4239e5180a0
f76bf39f3d8ed33fd
01c73b880112540ba
04017ea27dc1b908a
06f5601d02ab7177d
061aa6b7024458a90
fb10e0b300cd8cd36
f333ccbec1bc758e7
00441eed3f6446a6b
049f3113c2e1480f6
f3cb5ca881a1719ee
fd5ab69bbe5ca9389
105937127f907e70b
0300ac604026b67ba
fac6c4368085e11d2
f657f83ac6690b80c
fda63c72c3b055033
0e7d579ffc015bfdc
098c8300fc859b074
11a3f9d7bd185742d
075cf1277d45002b8
eb2243cffd2bda9a0
fa4631a47d6d88f08
fe07cfd581385c8c4
f3d57ca9010006b88
0480ae0cff975c04b
ff50f1b2bfa3a20a0
04c63be581899dff0
0b140e8afef81543b
0e4faee4bfc46caf2
fde6182a3f1e6cf12
ef523d43c06132ab9
f9a9852ffbf43061c
f5e896c4bb0b74f89
f39551ffc0d1bf085
fdd2547f7f697bae0
f9d579f23e991ebba
f83fc6b281de74a9e
02bc43e701317035a
0d7c59a981581f181
14fa9afaff626329f
04ae6a32fdeca2927
f3ddab7901ac6b1f6
073c056842741e224
0342e20680bdbfb5f
083b4be1c0292c5a0
0695c9fdbf1ea44cf
f8d70a5d7d321b34e
fde90f91800afa9af
0f7dbc1100f67b067
ff7bda0e013ff2da8
07851eea420b83449
07e2138fc40264151
001d91ff8334f3015
f87e4f7a7f420692f
fa3b8730bf43609f0
ff41c755fd3cd8b06
fe5dc852bd6f2fb21
f3f802fac449a06af
07b19b1746400325e
04c5d87444d911324
f345e306ffb553338
f68293db40e0212be
02eecc0602d1bd889
0b81266702e029037
0cae77f24104bf2c9
ff6daa693e0a6efb9
f7186e37bfebd6534
f5108b2ac0284a7a3
fef123103e9b8fde3
0a8b7e1b3eefc90e7
0d97dfbb00cb0ff6c
0e1d2f13c14be5ada
f972608281a0bd33f
f783d2bcc21224d23
055405c3bda508dfb
0ad1ef36bdb1155b9
f964308f00ac5ac02
fabed8d8805be5e61
0305bd093e8599aed
0529447cffcf3f866
fe2800d2c34651ef9
fee7069d009a14d2c
fdc10df93e4f50d67
06e169d7fe0e1d1e4
09f9bb9aff373da84
f3578b977df58c9a3
fc44093ec1bda216e
0a60f68842bcde2f4
0d7110677fd1c16e1
0988bb1c8134e7e6e
0c1d57e801e89257f
14c70afe3dc5b6ddf
0bea1c013c929ebe7
ff49125780f385969
f5e2799b837055b02
0c106632824111cb9
065c332cc03f32a97
fcd5ddd3bf931aa78
f14759d4c118e6bfb
f7148b2fbfeb1f745
fa7e839ebdf76a404
f5fc6b837b8de069e
fdb1bd55c00043d60
faee00c642bfe0885
ee4193653f8904c46
f7a7645600fdfe3ac
fbd21576c138a28d8
ff9ea22f02ae1bfa3
015447dfffb2952c0
0b87143dbcdcbfe3c
f1a726dfbfbbf5f8d
ff75b9a24280aeee5
0ad0c752beb0b4423
fa4acaa4c1109b507
0099da27c3d3fecdb
0281a49484a0c58e4
10b57ad87dff0af58
0ef2b163bd7f76c01
fcb33eb9c04e47481
01afd980c201bba12
0508bdf581ba4e013
00f77a9700c7329ab
077998103e6597c4b
f8e43caafbf8e7b01
fb690e27be2cfbbf6
ff61415401a85b39c
077c57897f15b4044
fa060bccbbc89c5b2
023a2ec580e159b0f
0d88b33d80a792723
0033a50b01d68283d
fa901f98063fe30fa
0b3c0495c07a6c560
09f3f3f1818db55bc
060da36305feada84
05424e84bebc20024
010c0bcb7da2fc80f
017ca6247f4ac8128
fd78c93702a704db7
fbbd1bee415b1d91a
0940ebc6018af4b05
fe4b15268124d7f9c
fcc955a1bd34a43d4
f9ff45747f52c2276
f640542dfd8961eed
027f11d2422cb5a41
0640e9df43de50655
fdf1c770be3420ec7
f6dcd8ad3d5b9bdb2
03e7bbae7defb0b4d
fed2481cbda709782
fc416d2fbe4463004
085398b2bef378e3c
0b900e1d821d94c4a
fe4a2b76bf61f6c69
f1434c233ab08f892
e97ae0ccbcdb92d22
f1ed87d6be75a37a6
f12368214031c522b
fa7e00b93e32dbe6c
09a18f12bc8823fc7
f7154a5a401ebdad5
edc5c71b3ec9a914f
f85392fc3c12857a3
ff08b617c0e1a9965
0ec4b3db40c3b9194
0a78ba4cc00933d11
07489e4e00d519ae6
fc3092ecbf55a9053
f88d3bd2be24dad65
f8fc639cc2092f666
fb5e753180a6e01c9
0e4c00f50002ca217
091e560b8069bcd10
f63dc30aff38e2ffd
f26abf66008a9adfc
fcd6611b4241b61a5
03ca6ea700bae1664
0853e960fe7403f0b
07defc4800594cd23
f85d82660140393fd
f3ba1b5c40ea230e7
00a937aac19ec7633
056b622bbcc8a2706
0482ae3ffe1248d20
fe69ab194264f31c8
070130f27d19a80f2
f595f69fbf476c437
f635c6f33eb5c6244
072ed114bcf814d34
fb193df33e02e4ed5
fbdc9ae57fe7fc44b
135c57103f1bd84a1
0c56ed988009e4003
fd79e2d005255666b
f42c72ce435c9a805
0b94e7f503487ec35
05616b30028ec7670
faa3cc6c7f5e859eb
0033b164407fb58a7
faa1ece883a927174
fc1ae7a840f4b1818
fab56e2c005157971
fa7e36ebc1ded9721
0ae2bd1b3d3b53364
0ff5cc7efeeea6aea
f7f03c9b7c8b59b9f
fd0176febe04b899e
03a5d2eefebd177f7
09dad90eff00b4729
03c5250d41b68190c
00240ed7c387d2a19
06b4cb580389f794a
feaab733c01d95823
032d4cb37e8d636f0
0a310638fd95d2759
0bc55234fe38195a2
0c77d2c482ee4fa71
114a5ce1c2dbb2ad7
12f8662802d2528ac
03cf713bc04777e69
fc7e2713829380dc4
f4df3d45fe53bea60
0a63ced8bf60b5817
04867b04c03089544
f90f12a53b6bbf129
fb345175fc2cc2860
fc9e98b2c1c7927af
061ba894834e66bc9
0f6cb92ac46d16466
05c91cfec2988f2ed
ff48a912fe5f6452c
fbc507ff7e89fd9f6
fa916d51033cecfcd
10ea883341ac355f8
0c0b4bfebb36828d3
fb824af4bc2594042
fc9a9ca239338ce81
025cc7c1bf420684a
ffabaad103c2108d4
f8e9809c03a6d6aac
0c2c19f4046cf66fe
0fafe49501258b8da
f0d266f7fd5aca4ff
eb586831c1e9c48b7
f13d3965823f39843
ebe8f4143efc7dc5b
f3a03fbb00cd90ce5
06204081806da2356
0d7704063cb34532a
1517cd163e3e91bf0
f3d8919681aaad02d
eaad30f90047675ec
02b03b697e3069254
0b8c1d9ec1d367303
0223f6e341db0cf76
f849aab6c19305e44
f8bfb41940443d591
efe9dca83bccda630
ff642b013c503e171
013becd641dc78f16
f89d1d9581a72201b
fbb12f7f3f2b29015
fbca3cb981b1b18d3
014df0af80f48af0b
046be9e9c10ecf845
053420b87e3efa495
0c4ca8b93eccfb99d
113f5577bdf2bb711
021a23e5fc0a990e0
07a876a6fa2434f85
010a4e70bc339beeb
0034b6d77e4e8bdaf
f32897bbbd3b5c8d0
0563745701dfb8ff9
0841b50f82534c212
05dc8cee7fa7f88cd
0b9fae92c13215f48
08adb8e4fea9ca683
01c8fd3b7d3b0f922
ffd9f2163feaaa841
074b0452c0d13fe9a
03cf8c6dffbaf177c
f12b990000b160700
fcdb9338c5470401a
f9f42bbb038684458
e756fc897e1c557bf
ecee9dbebfb234eb8
f459dd7b027e498e0
f632d237010f01878
f278ed437d2b15017
f77d4d9600f8174d2
04db86cf809398361
f86e955dfda7fb974
023419283e3b9f1eb
0f367e9782af01369
0d1e1376441bb5afd
faa151b83ffc9eef6
f51134ed7db07b90c
045c5158fdddcbe61
08cbe230c205cbdb2
008034ccfc637eebe
f4eff9db3a5bf249b
1193296fbf5b54ed4
fa79a22704d16bd5d
ffbb942382e87c0a8
0dc7dd25fced2437f
fc08f27c3fb03e78c
05aadf1f02499a806
0a1120fefe1d9db18
004afe5f3ba546cad
fb0ee2697ce780e0a
0c60861ebe16c9699
026b8e3e7da2b8d6d
ee8f6fdf805388134
ef06d901ff54b9376
ef79886e7d3d8bf2e
f014d5c67e670506e
f68ce09b43576fa83
f41db5608093fc919
ffe55dbcbdda01917
fbb7cb013e02ac885
fbdf0c3cfc52be07f
fa5d24a0fd0b20197
f2cfe1d5ff41d9afe
fab6f057421f0b734
06c03dc703d13aa94
0e2a733e80183859e
0bd2982500f7ff592
fa337602c28970a84
f3378f35be6810678
f881caca7e0671dc4
f547883b7e43fc51d
fd9857aac17bfe9c0
fdc5a1c28234eca73
ff4298af82ffdd465
f5ec17077f9eeb95a
f0ea46a0fab334914
f1d6b1b37b7979a2e
ff72e4337e9d89a81
07324e2f80a472cfb
093afcd03ef09383e
08b32d4b02725f718
f9bebeb982af6d0d1
fc588657fde1422e1
03a389c1fefcdb40e
f80be8417df1c3e44
ff6429607ca08626a
f74097e0bf9631499
ff856bdf020b2854a
08a08c0bc4be720ea
076ea9da43f0a76d9
0869e4f701be08959
0f2537e33c85240e8
0139bb127db3e4ade
fbdae5e8c31658992
faa1957800bbeb9f4
00359cd2c10a31ec0
fa95c5e480919a825
01113600fed6645b8
0bc8cdfd41e4b272a
070559668256567fe
0366fc133e302ca56
f05f953eff47177d1
f47eef6081e38d2fb
06eb234f40a498b64
ffc0e2d380ac77fd6
ff59683f0267f3150
058d8dcc81daab929
018ef2013e97fee75
0c34e7d80157ce4bb
072a14f3c5f0c7f66
0730584046b78e33a
0193b773831a96e92
facbcd587c6f7907f
0f77c957c0690e8ec
054ce2edc2c5906df
07d2a93ebfed34a28
097c3487034905da7
010718bfc26ed774a
fe529fad7d2da8875
f1469ee240f393f7d
f28b579c40147326c
ffb22668bdab0bdd2
faca7cbbbf278da3b
ef4ee3f97b7c3320a
f1d11be4bae8c1c66
fcf77e6cc174556e8
03d214f4c0ea14258
fc9ab109bf79232a7
fde092b43c65f08a4
044a7e4e7e1b2d625
0493103301269bd5e
0fe2e1ed01f7d3a59
ffaabbfc03ff8d02d
fa07457f3e8eff15d
07da9bac7ecf7b86a
fce9e96001f4feeff
0a311a9a001bfd68c
070bc28b82566c035
0940bc5bc1a90e124
fecb7ac1fed904030
012554267cafd5418
05ee8726bfc70d346
f2c9a0f102734caee
0dd18fec7e452381a
0dd84be5406fab014
057534e4bf6afa1ea
006c43753e861ed2c
060e67e703563d1fc
0467ced1ff10ff9ff
02a42c1ffd621df55
10e2ec3f43d952dbd
108fc3e940444952d
04a3ecac3f5354330
0d1636e5ff7638546
08b48c2342bce1920
00e3d130839f601a1
f737a38a433d7bcc5
f12a3f2684b25f0b0
f9314879c11d2a15c
fc9bba71ff43424ae
f7147c00bc59b466e
015f77837f166f7a5
0b6636b9bf39d8e51
03a8653a444ace82a
06f36be0c16b92b89
fe0b12713c71a9e7e
fd00eed93fceeb356
f3e344630091d1fe4
df00d4457f8d014d8
f6c9ff7f017775ff4
01b1ae1a880e889de
08938c7004ab012b3
01e740040002e088b
f233e7f10161c0b03
f74d7dfaffeac5687
07943d753df2a873d
09163d98413158eb9
001f45a53e5c53720
06b418e7005f16af9
0ce2bc860364c8220
092a161a3e6c1fd6a
0310770b3bb5c7b76
056598c640d74b6ab
0ab1a09746e514221
026e19c500d4d52e9
f0e5811b7c798f4d9
e858e3f83f2e59e4f
f276b7ad7cfb84cdd
04cde68cbf230ad07
08e456ef8200d67c3
05c6e118c058bb2f3
ff0e998d7e56c8869
f1c86f337ebff5477
f719dd8e0033d6013
f6d1c08c40701ac6b
ff2b19fbbd3443683
05ffd8e8fd09a065b
fb9ea612fdffc5fa3
011d14f1bdf43bd0d
fe7f66f63f31a842d
f870da313f554329d
f9a877b2ffc35b735
f80cc18740406bc91
f2632c3d01f2519df
f70e0e9f3c9d8939f
04ccb15440dfad61b
0086860b82fa5f04e
f87f3835ff5167a08
faa7d1d9fdcc6f1b1
0d2e3fb3bc536f759
0d76159cff985abaf
fb52605744ea9ec57
ffb69d0243fbf29f4
05316900c425b2217
0370ccc8c6a4b1276
0182deab80b2f02d7
013ac818fb82a2e7b
02af9b837eafc5bcd
024fea02417575b53
fb483852c21876b65
f91fa4c882d8632be
078e3587ff8934bee
fc40effbbd1184457
fd5ec5c43c80b2cd1
037cfdbffd35915d2
eb16420b420944ec7
ef231b543f3fd8d8f
16b4abd1be16dfe73
09970d7238fa7cd69
e4e1e0ccbd74b9095
f8d9336544df934a4
eba6937c02360ae7c
ecdb07bb419305540
04eb171b40d2647a1
fde83036823c9149a
fc15a704ff8041b3c
fbffcd8082ae7a249
ff99d5973e1f9e1da
0071b526385c8bf75
069f3bda4223998a6
f61f800a8156f2db6
f7667bb600babdab3
f5487670c2d5d66fe
f83247377f09cf745
fd4fc5fdfd995fc4e
fdd5290c4247cd5f9
f411dca803d3742e0
f66396bc7cfea4121
fdf094383ecd47d28
0b2bedec00851146e
fc82cf2501107e88e
fa8f605abc60af30d
f79216a100b3900a5
f7694ed0c3fa78f78
f5396dd9bfaa4deb7
fa0068ae7db79829c
ffea9feeff9eb67dd
f4c2cd087f0cdc1a4
0c98df527e23120f8
18488f67443ffc6cf
f6358dc9c68309fd5
fa02e26cbf9fc66bd
fa0048d682016b982
f60a879040d7f7059
0b61913ebdd97b889
13fa9f82809eab6b3
fc9741694059ed0a9
fa210dc6ff1785cfa
0200ff53ff847f2cf
f54a053303a586859
ff73e9088192272f3
002f4fa3c06f78a2d
fa4920993de8b6123
0266d239fa56dd014
f8fa8e923d9115004
f3af0ed53fa1556a9
f76c163202528dec7
f06401a1029ee957f
eff538440022464a7
04e0afb3c09904ab6
fc6ab268823f10140
f558641b3cb6ce14b
ff8df9337c7ce8422
09870c1bfefc1b164
faf73b1a40c329c8e
f019178c84f7d7bad
ff94c5ff037cd0834
0641e46480a104fca
f46e11a2bd72b3be5
fded87147dad11fa6
fcac2b0b0076b471f
e451c7897d8d351af
fb45ce843dc4dc065
0781ee3cff5503e93
ee22b9b5fdf1a18a8
fd9dccdac1fb30423
fca52889009c80d63
f742cc5efede626e3
fcf5367b007c2c905
fd37e5c4fb709f89b
0e31b9c77bfd0ba04
0aef9ded41114f7f4
f80344b0fe4cab864
011ddd1b7e7a6dff0
f8918030c1eafe274
fe02d50e0300fd677
073d8eb07f0ca864b
04b3cf5280ba5689a
051d541b80701449d
0425808ebdf3c8607
0ea0b20e3b79244c9
07ec10893b7ea4b49
fa6ef7e6413e6c3d9
03bdb917c048cb1c5
074872d4c28452b88
fd131b81c095ce429
f392b0127d1ab578a
074afa1500458a277
139729b9be5c24c1d
03aed898fcee51836
0a6f1268001e0fad4
f54b02bd404bb7e67
015fff9a82d0f10a5
0a19adc63f5d9b28c
fc936c5280b8d1ae0
00ebe3c283e5a6b5c
fd9feee840f286d70
f9ba068b0138609de
0892e533034fe2a85
0661050cffa252d7f
f260203540438626e
f4fec91efda143aa8
024f4c03fde7586ad
1120cb2d3e7b193ac
01b94909fe06a02fb
e948e697c06d1b8cb
eb40081042f3366fa
f84cec558148ea286
089be028fdfc75ca5
09fceeb580cc75126
058995a07f697bef6
f77817d07cf649be6
edc25b8d00fcd0dd0
ff013798bf55144d2
0168f02c00d23d8af
0c58242501237bcb8
0f5a74157ffb72b93
f5a9d76340c03ecb8
f83e77be3d10e2eb8
04562e61008f3f763
03401786c1d74c814
08d840ca8292d4508
06f00cc6fe711c5de
f9aa11177e4cedd42
00396e637ff330ecc
093b8d25be360eb8e
1023a25c411a676a1
0383a79d00742ae8d
fb420da8001b6f07f
0ecd3103c2c1d8bf5
09cab080853ac78de
f1c33c96027fa8fa9
e711c1c7c0a863a79
f940549a7fa9f0b14
fbe169c8be2efc7c2
fc21b769400dfbf65
039e7a88be24aee57
fdd11cfc7e2b415d6
02d3de11fe18044eb
042971ad7f59ecd4e
ff56b3e9000d2d359
05c736f7bfc51c346
1528b13bffd1f9469
093ad06340322102a
f371273480dcb6341
f9610b32820f01495
fda2caedfe94ef628
faee5419bd1f24bfb
f569e31d7e2f1f7b3
f5fbeeabc10edcfc4
f36eeeb93d87f7680
0c178cee3d8f3a4fe
09717cef811a51b6d
f4d6b7ac404892fa0
f677d5ccc11efd7d0
ff1c072c7f85812eb
f52b633a803d0f3eb
ea81af99fe8175827
f30489c5bfb53b2ff
0c4143c1fd0151d77
08c0311afed51116f
fe92eb56421172f02
f6b13ce5fc6768655
eb920002fd6f51b67
f631d2c280582a564
f9947c1abdac70540
fcaf206fbc0ae84cc
f6f1d244ff064ba02
00f850ec82b7db396
0988e1d341461daa8
000d00d1ba4c83213
fff1f919fd697a584
08e710e5045b1a239
06c998a97ffcaf164
f6df027e003ed3c07
0743cf45c09760e24
0388b6bfbcfd4219e
f116115881aa84f00
f5ecf084417afabf2
f1b7047b3c7ef8f9b
fba3e3d6422e5128e
09facaef8409c68eb
03919fd1c2e6fd1d1
0efef30fc17152a7c
07e0260480175595f
f74865c0c2c2ebb82
012e531b0366d01ac
0aa87a18ff99fb688
fd33525fc1334633c
f931c288402673953
09bfe2697e5b16907
fd31ec5001321f629
fe540759bced1a451
12507cdaba146e616
fbfac8dfff6ef3caa
efd84b31c28d2d986
f9c65e7940d8d9f97
027375a97b29d009b
06e6aa7c7efa9919b
0b7b79c183b3ebc5b
fac365123e57bb097
ef531543000ead728
00fee32384f35f331
fe25874705f4fdb5b
f6cf72e70611bc232
0307b09140053c826
ffd0b5c1800b80241
0134615d7dee71a2e
052f7e527e9c7bce5
06530adb3d241445b
f366de1e017b07b7c
f28b3d75017b61e4b
f875bf8e81f52d7ab
f5309306fd73a76b6
00f31af97e4c049b3
032bd8b6c24a7be36
03ee3bba3d8107a77
1069089e7e217b875
013defc442989d16b
f101ccd1c16a7f615
0181fba17ffbbea4b
fd9b2deebe8fccea9
fcccb9d640dd05389
0324d9a001288efac
0019d89b3f0d0d9cd
f5cf027a7fc2b5fc1
080a5ff301ce4250f
11fc3e7a818b1ef86
ff40534d423b5b56b
09e1ed660359a43cb
fcf5ee6882956fd78
e69b8daf3e9ccc71f
055247067e7cb59ff
0bd1934afffb7bc8b
faf18bb3fff29035d
044b751442d5b2cd0
f8a667cb02222466f
fc38b84c40dc75959
0eccde23ffe7c9505
03163c747df35b3c6
f97f27fcfb79a3252
fbb3eca18293e1355
0569d09383b078c60
0ae90d0902d8c5ac2
f4fe024fbf8387573
f846b206803a7bd5c
09d22165842f1a418
f868afd63f653abb4
f3e5d3bb7dabc22c0
fa5feb7f3cd7725c1
f995d0483cef87140
0200cc5dbcd354b0e
088a93c0bfd2ad45c
ff66c9933f0a398f9
fd0b5e5ebd1108048
f81d679bfd8edf0a2
08c215b4fec658ad2
0584fbb7ffd6c801f
05b38e08c1de84c8e
fa5cc2a004d2e5b1c
0a6567e33fff0b107
0550611d7e34f8898
f75be95b3b1a28417
ff4d2b543c403db45
01930c6041cb8b9fd
febc33d700e3d6fd2
f2f1e5af3db9f38ac
ffc58803411eef380
03449bfb3f2b8e347
f8093291bd0d1dd62
00a0b9277ffe2bac2
ffd2ffae7f706d8fe
f36cfb68402103d8a
f2168e6d7ba783195
fef79f217faceb346
ffd45d310216af72e
facc2b4202c534d2d
0091922e04b7ba67e
f9ec4f9d00ec5a524
ff401f2b3f1fb6005
01bee8d73f643e055
04057d133ea4c8bfa
08b8b65dfa86ad449
01ade27bbdfa798a2
fc05f6cb85b05582b
f5e7e9de80e80dbc0
017db4b9be04a3406
11447e3a8060a09df
06189ae08082846d0
03aa71727f47276e6
f7985f7a42e6ee051
ffefe7aac45608272
0ea2075180dc1ffed
054efd1941144dcac
fbb9031603644688b
f52d18fc03619758a
08d27f9f04fbaf762
14e1f48c4011ed1d0
01344b867d436c854
025b1f97bfd805933
fa06c21f04553bac0
f27276354247a8245
f1b586f73d5d7090f
fbc957ef7e6e104be
0268fa263efe92058
0ac2b52bc19c0bddc
f8b941f44235c52df
ed70b1137ea103d05
f1f6099a3fdd3d538
ed1a3d4dc4bb40a22
fc8dda10451c30f04
08e0571901ff710ca
faaee3d5427d6ea8c
f4797f65037ddca63
fd22a02b81485bb07
f9777c2b4172e4b48
0335a85e836a3cdfb
fc03e189412c50aae
febbf58b3b94b07ad
027492c57eaf62219
026c55e1001e99ca1
f2c5d8e33e5bb169f
ef4a3a39c4445e524
02f81be3c21ae7154
067ad9188019c0e6d
f762e8f7425c2c15b
fcc2fe9402881ce11
fa56e173810278154
0860a6757f2d96cbf
082d5005001774f15
fcd42bfafe47a48fa
02d6f605bdd61eb83
02ac790300a23e77b
0a39d077817c289e5
0409801340d63d3b4
f9e13c7c0266b62eb
fc001fcaffc4b50ea
f7800958bf9f43738
015926bf3fd276351
f50c4e59bf37c5129
ea33254d3d4f986ab
01e0dd803b12771e2
108fc713c0a935482
017a665703105c187
ecd717e0ff3b76cbe
fe3cb6e0bcbbc0a97
13bd69484339064ab
01d0ebddc18ec16b8
f19e4d07c04f6015d
fad105873fd51b343
0148d17501259966e
fe2bfa6941ad5a3a9
f5f6e74d8205f2609
03a269fd847f9ce45
fc77d0c840d8cb4fc
039cdf96c104548b4
ff5b5275c0e1d350a
f40d7d9f80bbca64e
01fdc34d7c9ca6f5e
ff8fa576bc3ef2966
fe3f7564fe74e8aff
0342b4440031e2de5
f97b1f73bfa7cbeb0
f2b3a3afbf2c91253
052fb3013eaa55f46
1348e3e27e06cb61f
0eea19907cc13c4e9
03fe1e0c015d8e12c
fd8a3671833b0ebca
0a06272d80f0f630c
0664eef07afd37ea3
f86fe429fb6214c1e
038d5e30424c8bbdb
12907d978331b8072
0358428d8224a131b
ea318ef9bceb355aa
f2124ababc4be2328
ef07a6e63e36c87c8
f0140753c00d1ab18
0138ea1cc0b14955c
fbd062dfbbf996280
fe21c691fe1da6362
fe234a587eca2b72f
0adf2191fe7b4962d
082481d480819d299
fd6529e97ec7236e7
0d0436057eacbc9d8
03138299fd02f164b
fbcf1b5780697d533
0104c53d036901c33
fbbacb3e7c690b4be
10687671fd0d3af06
0402ebf5812024e64
f91f8f790017307eb
011085f07ff8782a1
fe6a316dbb54475bf
f7d077bcfc406ff2f
08ac7d1b817ddf836
00162b394166c23b8
fc1a3eeb4651bb47a
fef83e5245722b796
fc39aefdfd291c28e
00a5ddb17eb3203df
00b50c9fc28d93fc9
f98571d44250a96e3
effce8cac55091407
eeb785088560e5079
121b646183a47517b
190502213dc0768dc
03cc846bc1d1fd636
083174f504ccf8f72
06a5c345fce9c95b9
f9ce7185fec9e80c5
061cdac700a9111c7
0777809d7dcdea0f9
05d239093dee78f39
02c9258600c5d2cff
022d9229819e4c92e
f4f65bbc7cef2d88a
ff59896fbb2cd2516
0a20fe2bfe8bbb356
fe9605ee005e3ab36
f55ca4977e81f7f2e
fc24b75c7ad0f40c2
058f729bfeb9678e2
fd00e7a5c47faa827
fcf03f4c808b13720
ff298d6680e398fc4
ffdf97497e4d75bee
02f191d2ffec5e6af
04b1d31e80ceff10d
03c16e51fd43c2fd0
018a97dc3e63bc1d7
f653dadcfe767783c
04a0481abe9dffe8b
08732c4bfddbc35e7
0481ab787b50669e8
0e0eb38dfff21e91e
136f4ae582fbcdecc
10833174417bffb06
f3d573a57f3ab19d6
f390ccc6810d98478
040a7d4b0504192f0
f245c7d7c18a42e6b
011be855bcb9492b6
0d2f29bc3cb0a7858
f63a7f863f915bcff
fb86596c7f39fb978
07ee509cbeed91779
f5d41d6fc0db50217
0c4995237f831ea83
04dcf8e97ff4d82ec
07b1d1f2c07f5922b
06f26f703bcc800c8
f2065a15021f154c6
f419833543da964a0
f161f0a9ff1bef22a
f82be690c00c21297
01685776c285e3256
056c282eff2ed7a47
0638ccebc2240cec2
00c89eeac463150fe
f3c1f43fc3d69c65e
077a28cbfde7832ce
0f023add4260b262a
fed5bb0302b9d812a
07c26d0d000fa538d
0bce6dbf3f93c430b
047d1346bf649e280
faf3039880378fe56
fa8f1e22f9e0a894a
fe250452fa5951567
0217d4b6bda115463
f99494a6bd58febca
f702e91ec0bf38cde
074d0416036eacb07
024e1cebc1ba13e1c
0c611afd01e207f97
f7ef3e7b3cb7481c8
f8b81607bb86d31a6
02f367ca40ce44317
fff431ea829e3c86a
02579a3cc034d5670
096ccad4be49d0fee
0968fd804036cc322
021474ca42a1009f2
fb307659416e4b376
f7fed6e70099345be
fae7fa82be7bd34a3
fd9da2b48030e19c2
033b6d1e818539388
04e8ef29bf265a1ea
05445c9201b41d0a5
00198ed001a11586f
0038a383ffd436906
f67b7aa8033e2156f
f98ae65282acb3bec
0b602e40c2a646d77
f861ed12fde667ac6
e1e13ca1fbc47fbb1
f527d49e44133e5e3
004f0ab103b827c0f
0e2a3c73fcc00d304
0af814c6c1b9b5531
f93fb971434659fe6
fd3ee2c63ec66fc41
ff8a1bec7e50d66e4
fc2888bb7eabd4c1a
eb2656dcbddf3e2df
0448b69440bee3363
0188824d7e4b5d138
f15a595a7bbd7fd35
fb9e55c3be348d07d
fc8aeefd3d701fa09
fe72c0da3f57ffa80
f8d74b1d3dc9f0032
046a8c33ff7dd603d
f0153018fef49a473
ffeaea2a826f66b9d
0b4e475d434422e5c
0767bccd41ef9c94a
089acac33f826a3b5
0736c9ce3e491d604
048703327df6357e8
fb61952c7cd4f0479
062a686f40c3f0ffb
077dae46c44fb9fa2
06582d2ec0e952cf5
fdfab473be833b79b
ecaec319fe5f80078
f38b61383e047024e
fdcf62e3c1d18fa7e
fe19790c00dca60f9
08723fe9baf18c767
fcf6efd3ff174aac6
f5ff841fff51b712c
fb646eee4122a425f
12a0269e44c0fb77a
076df7087ebe30a35
0072d9ea8050b2ef3
ffd9b5e5c11b35f1f
f95d7773c04b3fdd6
02f4540b404dc3e8b
02d8dff7becc22adf
05ecba1840219128c
00c4f417ffba35f3d
014bbe413fe2b7775
095199fe00a13441c
f4e1024a3c85ffa84
ef6cd983fa0135c12
fb62ce0cfb134a1ea
fe4cf6b6bf1b85791
09d90921c3638cea2
027002c57d8baa4de
05343742c02c572c0
0d6c241dc098dea28
0dac60733f509aaee
fcedacf54295623ab
ffaa8f80024f72ebb
095ff5fe7e00b807f
09f5e1a87e5fe3f04
020ea598c1dadda58
f212d1dfff912db49
ee742afffe9954968
f44689730323e0f2a
023585d1c19974bf1
02a0d2ddc435fad6f
06466e8905a7ca9dd
089674c300aa6467f
f550775cbf043da32
fcacd1824333fed5d
00d87c5ac36a9e5e1
ecac596cbe6efd2e7
f2b587013e69c4748
fdb7dda3c21a839ae
fa2b5675837b736b6
ff6b9c0003f876d4e
f9d8a992c1736cddd
f0a5ca87c066ace1e
fda617b640d3b5386
03cd081481929fad0
f58c05fcc2a2aefd2
00a9903e7d669c14b
fd69c430bcdfbade1
f13f7652005566b85
0092514c82ed85742
f22ce66d070b014a0
f6ae29ec81fb92ace
0b02ccef7e5b5e9e9
0bbc43847dbcd5e99
f962b3e7bf6ee8cfe
0187326dc0c86241a
0cfa30a7800d9c373
f5459371ff412cfee
05287cdafe60a4ffc
f832f6d9bea900c2a
f4dfb5903cc47ca01
fb0f12e1bc9448134
fedbd47b7c305e0b6
fa65226dfd9eb6c94
eba62f000228e115a
f3ecb221840a03416
f0349324bdaacb8c0
ecc32163bfa81bfb8
00f2076fc3248f16d
0774ba6a842733299
0e933b0eff2bc7c65
15e306fc7df9d2a2e
044b55240379111bc
f9140e117f7468c31
0551258dbf9848e74
f8b14e55416d0b795
fe0e198b7fd3677a3
0d0991cffe3f19eb3
0a017234015adbfce
fe780ba8428650fa1
04d043e7417ce5a8f
fd9063dd832c5ba36
f88d941403a0dd60d
f15cd2ba40cde7c0c
e99e738f42283cb1a
02be173f450401ee5
0b4a30a701f0f712e
0a1a76758458c25bb
08bcbab2bfd785c5f
f0dbdb99bd0cd5643
f23308d1c35b0a8ce
0cf149cc43ce5c2a5
07178d48bf7bb8187
f0aa6a5f3ca379268
f4a202d77c3269439
09193ca501e74fb96
fe483c8483391e3d0
f867f199024482ffd
102ed4f0c21d11a99
0952f616424ccd751
f11ffb7e8036a70f6
f8a8f43eff666f8de
f8efddb7829d160b9
0471b1da021c1551b
05694ca7ffe16787e
fcd7c8bf418a9d8c9
05c8f2013ee3128ef
098d1d4dfc7059e84
f66e8f53c2845bedf
f97aee5cbf50c47d0
04b69ec57f3b69b8d
066e1b0d01759add9
02e84747bfc2aec31
078e566041e5bfbea
fb8f5f8900e4d9ae9
f8cdbfe34370688bc
02fd04994407cf2b1
05abffc7447050d06
fc6f9d3d42789d5f5
f0917ea5c02a0157d
00d66410bfa713610
0b43bffec23c1af11
ff83c34d3f65b2533
ea6eafd7c0141d518
ffca3ff97d3a19063
0246fc817cc997733
feff4e31c25c450b7
f359d21bc011e61e5
f42cb5c07f77dfdef
fc6a19413e90deccb
fad602bec06684129
03a292a540673e820
09059f448078b30c1
f8937a970168b12bd
01ed50a1fecb48417
05e314eebf5496c28
00413d4e401ccd5b1
0af68d3405cbfef4a
0157eb05c0bd5b79e
1502162bfa63025b6
0c04ee09be1a8bc49
f6d1b9f8fdbc4f639
fd6d4cb7be9d2b9d7
0508db93fed296bcf
fb8f06f17be3736ae
02e4f2e03df395e23
09f38edf002e517f1
0a3da4b483cbbb3b4
0b4c8cd13fc2548d8
f8e66975bb56fbe33
fcff32d43d5bb3ea6
03f36ebd03318e99c
fe5872f4409925a00
0cbfc2183de7d4610
05c4f77b7c8910cff
fa641b9e7f5ffecb1
fff91e6dc081f3ff1
1bab6e7b3cacadc27
11567249be8c8f51f
076b557f8154fd578
0774b47fc2dc6aa7b
ff997f564271aa922
0580dcbac1cec85f9
0b101c9f014e6b77d
f90d3a0901e4abd11
ea045d423f897c27b
e65d1d9ffe4d131bb
f901acd8c1556423d
12d3995802cbea3e8
0e0b7faf02f905c68
ee90da424069a5bb0
f78fabeb81939f332
0a08b031c537460ef
032ae861c21eaa206
f1f27d797c9b2e1d2
f0f6ff303fa8b6f22
fc66a107428a31b0f
fe44c8dd02f105ec8
f067b82e836adecef
06509dbf84055a562
0206e59003f2d8aea
088e356ebf28fd5a6
07e604fd00bc3b379
f92634e5c01e20184
f459b1f8bf8cc24f2
f185f7c73f38dd53b
f2e79f083fb84a4f0
f4df3ba300f243dac
fd6f4fdbfe3a3970a
061f0654fbd84d01f
fbbedc9a3e53bd30b
070e9ee0c1f3b3051
001acd29c05dd59d7
f885c738c1dfe7d68
fcf669e645a899da0
fedd0afbc2890597d
f53e7c76ff8b8d534
f0142547427b77085
fc01dbd4be8500e52
fd0044043d753c860
f0a689563e67be6fd
e5f65f16c1dc4df7a
f55b2f10806968045
0382eb8efadd26d51
f9dce3b2fe3a8a47a
0bf7ebb2c1811b99d
0f5fcc3841956a070
060afd96403dee431
f99d9575c028476d0
facc1de08310459ea
fe4597f883b167b28
029a4db07f5f73582
fcdee1df3f3bcffb6
f8b613bd79da1e30e
08404aff3cc7b07b2
01d917bf434531ecb
f18e720382f737805
f27d79a4fe82181c6
eb8d9aec3f67b1da6
f6e23d527e09e5b6a
fab2b64c7f0196e5d
0ab74e36bf5deb1cb
059465607fd55cc88
fac2dac500e3e26a0
0645430304a175ed4
f631f91bc2df3d772
f63d37994423bf08e
fffabba3bdf44b236
1604056cfa2440b11
13f5f5fec118e25d8
f8069d78ffa045ab2
f3366707beb5e9695
fbdd656dbf864194a
05f9251fc0e685435
f95ab98c819f015fd
ecd70e0f83094c92f
f50a23fe44238f418
fec1f66cc243951dd
0b146c493ff4e66c5
07ee015c82cb35460
f8d1d348c287a54bb
f3821d0f40ce3a1c4
024ecbb73e91581c1
0e3f153e3ab93c200
0611ecb23f879a294
fa2e37ddc2d7503b8
03be831fc23412bb6
f946fdce052ffc1db
ff3e216c425c84b24
04fc13ee3f8000509
fc5ad717007f989af
ef4330d43fc60fa82
f87e72a90018e859f
fb646ef1bfe264440
f56b24754096fbaea
0007563041213399b
fef3091a3f96ea70e
f62f1cb180f06ffd8
fd496e4d029702fc6
0c6a3b9b7d4f8506f
01349293c0690327f
fe67a9313eafc73aa
0ed28f897d0ed98c1
0aa3e24ec0d463a8e
ff37f39b8290fedeb
03f0d42e00cedb04e
034216a4c00995dc3
f6041ef841c64ca04
fb188c34c305b4836
0f4d9a88427411290
08ab9b8f810a335be
005cd0f3013259418
f79f2ef47cbfa2866
0524fbb34199a2414
fc9eafbf3fce0ad7c
012d0501bd415e36d
fc8d008103731874c
0ead000bc37a1313e
07d03c8fbe1d56da0
050ee13d7b45745e6
153e464bc1183ae05
074241e1c21b8a1ec
05f8e2b680d317a39
0868ac50c00dace31
0811a9a87e79cdf87
0d26c8767fe6b61ec
fb97eccd3ea83d4cc
029a237bc117a5be4
0d9d8c4a42b6db26f
ff28c9c8808819e30
fe187f72be2fa295a
fd272c9bfdd81aefc
f42b2800bd3eec32d
f69f3c9ebff4e2ddb
f5120a1a0214667e4
f564a5f6c6b02d00c
08283b64c30187372
f293db763db6ae702
f1333191bde3397a7
009d5927bfe26a5b2
f6e4e8ae025072473
011048fd7f22ba8a4
043069f3bd41fa23f
002f2acd7d468f031
fde284503deeaef55
066d90aaba7cb8c86
0b0c983e3f536c937
09968a6d034890196
15014249bee7b9659
0e84c8b97f8d5bac3
082861b67e8b4df6b
07a1976341d561c89
0a3a6c54c13115774
0b44dfccc03bce92a
fda3074b3f8201128
f09eb790fdcb54bf1
fcc920610001d7599
05a11bb03ffaed738
03611efdc0ac55312
05a9846e031cc22ed
fce10388805b92129
fd1e38157d7c604a8
ffb73b0e417fb08d7
f8da25077dfad64ae
fca219b57d3c23595
fe698aba800b96b03
f58dd79cffe5d3258
fc455132bdcb17cb2
0870de2d3f7bf58df
0a304c120245ed5a4
0424c2f201126a639
060b4f100185a2c0f
fecca934c33ff0e65
00da5014c0e9104eb
19ff2bd640c54a356
13f92ad441ee8731d
065d1ed50321ace1b
f5f0b3af02174aaee
f546ec05415f05b81
ff6daed200db5e3b9
04a4d7473e60dfe92
f3f5c689bb05065b1
f9f530a7410150b5e
09ef39b5c16113aaa
fcc02659faf9e26f7
fa50d016fde9a274a
fab6b23efec2aa164
0d6e6a7d3be694502
042b7584ffea81ddd
043f1b4a4443921ff
0eb6a59bc3c2d7153
0af600193f1f2c062
0efca5e8ffac7485c
0a45ce15fd03f1be1
08e928c5ff9059663
00cf094ac0e209e63
f6dfc9b93e0d7c4f8
fb427594c0d259425
fe5f9383bef51db94
12a87eabfee79607d
1018b09000e2b9286
06e7211a81355d21f
f6c43abebefcf4782
f617e1e1023887572
036d8278c201c0964
0b28998141b9aa5e4
fee86f3ebec648337
eca36d4cfcc4a1d20
037fcd457e325a897
fe6027ae417d0e421
ece319e1bff2d5ef8
fded222cfdd75b9a3
0a917a7e831e5cc84
0921486bc4306eb33
f585b09cfed1ba619
f86d19703fb395276
feb382bdffc6e2115
f85f7039be045343a
0c0590e300f23d40e
029b9598ff564a839
0d69312dfe694d70f
172a3cd27cc661155
0395b902fdde1c826
fa70825ec24105d88
08118659823cf6af6
082661d6fe1a502d9
fb54e06ffcb4c2773
f4aa7c393d38ccf1d
0514bc1cc27f728ef
003a9d28be57dd568
ee33b17afd6841693
eddab3863e8e5c4e0
fb6c3ce53f3011b82
00f59bfe3cfbab107
05b36f5ac115add88
f7af6673024635915
fa6eda0f7ff45c30e
060c624b023b56272
fc223acc447429290
f2dabde17dc51d719
01490b677e25c1aa6
fe58e18c7f3ad30cc
06f2b316ffb0d1532
176878097e9aacff9
fd65a57840dc1e9a4
f7d039ddc292766a6
fe47d508c499e5380
f81da779c51f4a2ba
0778d12d41466b0ad
013bbce081c09f43f
f59c9da7fe19d5ffd
fba1615f3cf260b25
0abe2467821ecbfa8
08809d1901b16e760
fef71604fddd49ae7
ffd1cc163e5c55b9c
068975cabea5eeec5
fc42c93fbefb918fa
0ed8b635c47adc710
010d5f6c04dc049e9
f40df75f3d6a81699
f9f6190f7c45c1916
024e164a01509657a
0a25b942038fce7c2
fd0d6cd040c059136
fedcf9de3ea4681fe
fdafea053fb2d04b0
03c6cbc43e6b84b39
fe850b29fe6777e0e
10b486d43d5f4caab
18daf4cb7c86d0e15
fe48ddf17e4a5168d
e9b20f7d02ad3825c
fbd361603ebf98c61
0aa2be5940b021218
ff1cea62c294619c2
f2507527fe35896e4
fe85c9533f1b0cbc3
0988e5d87e028c2f7
03fd6b2dbd888e488
f9ada5adfc1cec62f
02995cd73b97ce738
f04f693dc0781d6c5
fa075d5f40092ab01
00604fdebccbc3ea3
0dfeaf1e7c660d7da
01ab652a3ccc042e3
ed28d887ff1bf69dd
01c0ea213e4c9e832
fca84111bf65eb126
ff93dd6245654305a
013e386c3f7738cea
fbc5b56300ad25efe
f6a8100a3f5710e4d
fde0954dfbe336252
0fe5c4d03f3ae6041
1287812a4579b8d56
0bb8d23f0804009d6
01b9b0db003bfd8bc
056059babc676dc7f
0f853fc43fb814c46
0a1a925f81f775cf3
0a3789223ee4c24fa
0a2509a93fd7b0e69
04c2ff3ec4c6aab6e
fde8300ac646822c4
fb42cb4fc5b5aa3b2
edd5c1a082be1c146
fc3c7904fe1ae4175
0c720ea93ec9f2450
fd9d9379808a45cb0
fabb22763e8a8a79a
f4aea2193f35c1b48
fff6976b8152b53aa
07545a7ac133429f6
fc3c05174312e2889
085070db4259e4f9d
fbb53030c272b765a
f261b87f7b23bd76d
01acc39cf94b68ef4
fbcd179f7e336fcb6
f9713bcf3f334cccf
f8e08a1345311fb8b
0acf28248155d1765
15f3f7833dd22dfba
fc285f9dfdfd9fc9f
f35ad07441eb0c549
f86dd06441ccb028c
fa8a3491c047c5c04
f7273232022a03880
f7adb0a2410c5c1de
f9e8e357c161b79c4
f7266e52c27abc526
ec6472f73fe2fbc40
0376c8bdfe9d6eaed
00626eafc0304421d
f5b5279c3dbe6eefd
f7b7dc087fa08a0a4
fb238c06be98f514f
f621518182b1f5ac7
007a7688430955a3b
03a3324c4366b11a2
fcf5d283c31eeeca6
f78519b2ff648c071
03b0e07940a198dde
1435ca8e80dba29b1
ffedb347fab5631f9
edfeb1a33bb5083b8
f7cce3dd43c6340e2
ffd9b6ef3d38c8f7f
fc7f57aebc55dfe09
031db90180d2a4627
1148e7127dd5c5f92
02d2e38dc015d556a
f5d546ccff239a822
f17b4aaac30a395a0
ee9335ba42cd5f693
023c7a4142e4bf044
0b5b3246048d83fec
08dcb3813fe112888
002a68b07d1b2203e
eac771007d05dea65
f67c243abed3c463c
07a2ec30fee11ab56
01266a1d3ef0d4413
09e6e777c2df636d6
14ec946005e492f5f
119015cc40bde0f86
0bad4b9b80e2a3abe
02fb46b7067ccca5d
0ca04d713fcad6273
016c531c01b45b6e5
fd4e45923f6b42db6
0a9ed542c184d5ea1
07cdedec82036a79c
f9b9d8863ed3f90ab
f82560320383f6f5e
f953e98d8421fd184
02ba3f4dfe55a7528
ff603b9bc02d22784
09b1e8987ff30b1d8
0f89c3ac7a6e16e16
04a40aa44053d0e7e
fdc6be3682863589a
fd2c47f3ff4cee9e5
f7f2838400576fecd
efda498c4035b45f9
efbc264e00c9d8898
fbb0995fc0366f7a6
fa6604e902472e12d
002f4b25c12fa4725
0032ef35fbe994e57
fc857446bbb04fb95
fef2de517e8a0ee48
fb37ac2380fea66c4
039f3acec1a613728
0ac791fc40278af0e
fe8058b6c0bdd85f9
f64548b2c00043665
f9cca85a016b39a7e
092aaa1246249a505
0794837b02e8b652d
0133de88bdbea67b8
100dcb963f25a2a40
0e79367e829db2cfd
07f683cb81307320f
0ad9a7f7400bf6f76
0d7af802448e61aab
0317fd63c33eba754
088e168a820dcda7e
0afe2809be531c456
f9ca3c737ee7c7401
fff34ce7c3224d0b5
0851066a0402ea7c0
fde1a510400bb3bb8
f5783e5c015a65cd4
f7f0b91542d3c7508
f2e546e2ff7cb04e9
f9981f21bf49c12f3
0c30142eff9b9520b
0be87a9bc0412d30a
080adfde00b3d21be
04f62a7a037487289
02d31d8e7e72a41d8
f805cc70ffb0f52d0
01cb1ad6005569fa0
0d78b3d3bc4c955cc
038497213bde9af89
063fe9443b8f1f444
002af57b3f0844dee
fe1457f341e2bf756
fabdecb9be57b702f
f00f5ca0be88220d0
ff3ac1827e2a41557
0263e3254184e50c9
00606a224218fb125
05e6270841c6376f6
07aca2c53e8a0be22
0d5c6bb9bf6e16642
0c23741e017d507e0
0f959443fe127a795
121c7a8b457fa22f3
08179a1b81249f22e
00a7f487c34f307a3
08b646d5860555760
023266b28094b4487
fc259427ff93795a1
01154811433e3c99b
fd3697eb4462c19d5
f84e8e63bf35f294c
f879805d7f4a49ca6
fcc31853bd35db0a2
fada90ea3c946bfa9
fd55c1d3c0675de11
ff6d040d00ed4144d
f7aa098abe2ac1923
f9b2f1453f16321af
050beece82da92422
f70cb7c8c34e6c541
ed0dc7043f2eae7ba
f25d93cc7cbc346a2
fe20470b8085fa82f
04eb60618393cb1eb
01a624c7fed0bf83b
049620c57ffe1fb66
0aa2407c3f7c509b2
0af1803dfb3fede69
fa28b89c7d1668ea7
f9e8bab97f76bcd12
f4ba4f3b8174b0177
016896febfce57ab2
06e53525bd7c25a70
fafc4e29ff7b48794
f220df5f00d10e07e
eec25ea4019057f21
06630129800d03053
06fee88d7f683297e
0c4fb4cdfd4959241
fcff9dfa7add94ed5
f1233f6abeda0fd5a
fa0b136b3fa3ba132
fb179f083d9cf6cea
021fbb0cbd0fd10b9
03fbd26ec16ea70e0
10a88d7e0070ae6bc
01cf5d1981b1fd5a2
ff74f0d740fc33bad
fabc839b0077e0b71
04fe125a7e2a173fe
0a2633ce003b7c570
076015750049695d2
ff144c3cbcb15e213
09109d4fbe0ada768
fb9bb702fed2c58ad
048b377bc25fff701
161ef13c43290b9d2
02eb04e141d6a7348
00782a8c832c281e7
056c57dac3c56853e
09c01d5f803dc7247
fce09000bd2d9088b
f59459143bb369c89
f76cfdb07de074221
f2b6a5a9003be9074
f4830e6f7f708f97b
f7689c9740999cf7b
fb705769426094f6c
09c9e91441bdabc7a
07ee470d01c21a5c0
0591150dbee339b9f
07d5c6f5fc455565b
03158c36bd8ab55be
06968b20431746e18
f6a9cf01017d1312f
fe0bda6db8b286bd5
0a08d19f7cec041ac
07fb5e6a01c93b24c
0e0868adc03b9ecdc
0251eca4c047db96e
fa954a3d3f0364b50
04336fbbfd7aa5ea2
f4c48f2c80cbf1572
ff27608dfda22aaec
0fef8ee3c091ae529
ffd17ed182cdbcc3a
fe91d68fbe83936fc
fee367e0bdd8e2888
00ffc7394364c645a
f95e7011840f2445d
fddac072c33443f71
0552cc5ec0f4da042
f9c28fa4fcbafe5c0
fecd39f5ffffd375f
07ddaf66ffd36ae69
12c920f48033a9c4c
12dbd0a141aeb0008
1b5da5ed79d18d16f
110bc508bc0841627
0193df8542da64e96
e8550126015201892
e9fcde67c0db6cbd8
0335c4ee40565aa9f
067b1f847ff1aac12
fbd137ef4364f73d7
05f24dce052d6552e
075a95bd81582625f
fcc9450cbd7e40af2
fcba67f60088d35ea
fc23deb54307c8af7
0719846ec4a76ac96
0509fdbb3fd8da6ff
f180b52c802dbabec
fa04fbe6bec28bf68
0157dcc17dbc90c4e
f4b74e777f0a8a9b8
0314481f0089785f2
f7f5f53ffe2fd3716
fd13ebf2bf0cc230f
088dbfa4ff033043b
01cf3af43c7fd085f
056574d480e874a02
035d3742c0f5128dd
f929a30a3ea994764
ea3bfb6cfd8393887
fdd878473d155566a
04be966b7f9ddb64a
02b24fd0c49d49521
f418e3353ed1316fe
f0dbc2713db89bf52
fd1cab7ec32c6efe3
02c8acec7f3cea2f2
072891397b8d9bb8d
fecbfb913ef22739a
f63d7406bf740a047
fc4d6590c05bb6859
f2128e6b01f0a086b
f3b460af80ef9eeba
08de24fc81b23b05c
16c2500ec33b611bd
00d56e8f822dd5b3a
f687416dfd885c70c
078201f13955a0589
12b7e9d28001ce727
11f4f643c3aa61909
0764d988c0a5a869e
fc52a4a2c35503c4f
fef72be780a089430
fedff3d0bf2c46007
02cf28c43dfc7fe2a
0dbed8babbb48140b
f34a91ab0152a9836
fc03e23801c38fd68
fcf3de51bfa49f7b1
f503bb793e98e76e7
07530c1bc22d695b9
fe44522a054b10cf3
fbdf2948fff90ed59
0327bddb41c84cb9e
0ac48771427e6d465
07aa563cfd0ab3159
e8bb014eff4dc577f
f3b7dd053f833367e
0d6b21d3fa22cb746
fa67f7d8bd4a9a244
f3fbee05fedb0e570
02937399beab1ae07
082a60b63cef33aec
01e43f893e09f2470
0a9ddc6081130fb1a
0218a20100dcda6e2
fe033f80c076a07ac
06b9c05080729d8df
fd31d643c1bc0ffe3
033988f881b942af9
fd077b677dadf945d
eeb7379bfb8c420b0
f1fbf2227cfd47263
085c3334beda5ecbf
07e92bea3fe7cc803
01ab5c30fd7586c31
f80afeba80362f8eb
038ae104bf2688e90
081832fe3c38af2ef
03b8ad63c09b49028
fd478134007b2acd4
fc211093fe818470c
fd751d9e817d93c13
0a6fdcdbc1352a51a
faa6884f82eb494ca
ecf03de541f7475db
04e0e7a701671f665
16653a2bc369fb56e
1458d5ac021ad8ba2
027084e77f7b4c715
0a8c78f1bef29564c
0abe15af0217f5173
fe35488c822699012
066388d7fed706fa7
0d00c43a80be72b4e
024798a0c29d0c991
ede8b61d815228b72
f233b19a01c6a35de
f23f591abe82b7f04
f718e5a5be3dcd6a2
fdffe2ebfd6c3f24d
07c8afe37961cdd98
fd6d5e133b51f427d
f27701583e54e3847
049ca2a440181c433
0b067ff042f978d09
fdedf1bd0083738e0
101294c07ff114f8f
0f0e31664174e4652
f992bf2b816af98ee
f9d7eb8300f9dae1e
03b300b6fd7be7fb5
0f947378fd525e0d5
05d76f22bfad79706
f5aa4fa83d980c351
f90b2121fa1bef106
0ac0c3783e78acf00
03f942847f59474e9
f35dfeec810c8a0d0
f9f6121b41e372b08
06a9c24000fb20724
f57f533141d589cad
04fe7a92019f1f811
0aa3c32afb51550fa
fabf3bac3f13d5bae
0b4e8434c1ce8d530
09e9bf29bdc001577
01094375435502a02
03e8d3a64250d7d13
043031477e95dc3b5
02d76edebd6a320bd
0b273487426f72c10
05a4b0ea41a78ead4
10347c373c6b07c0e
08d7130e3f1e4ae3d
f124f90303582e3db
f6c2067ec10305a67
0dde0a12009761a55
0b3dd1763dfcd8946
03230308bf56a1609
ef40d137c17362616
f5bcaeaa7e5fb8323
ff23d53640ff6bb40
008a6cbb7cc3949b9
12277efc3d66f5635
0ba8a27681661ea47
fe2dc683fec5d2d64
06fe137681294f9b9
090dc49f029cc45cc
0717097f81088cbad
fc38d6db82fcc03f5
fa7da257027b86024
f2a5fcfa7ebbbbd25
f1313308fc318eca0
09eb2209ffdceabd4
0ed49012420d604fc
0b71955f80c1843f7
0c2af87d80f1c1dbe
04749a7e41dac532c
faef73583fec249df
f6127b2dbebb55585
fd5f73e64129de6ff
04f40825850e540e8
fb96419543b5e4bd0
fe0d5e81c41dcfade
016426a50060aeaec
f2c39b43fef9ee35e
fbd8dd343e13cc0d7
02be642cbbaf63e87
fdcbd1fc3f862787d
fefb4ec53f1de8955
0abcdb834025b5cb1
f6fe605e44ffbde3f
0781127d80b147933
00d30302fc6ae1b3e
0062f1443d77b1fa0
0bad1b453f4646f15
00d9db0b0307f4da3
f9d9d08cc2cf6f69a
09af35b9ffa90db05
129778b9fb3919fcc
fe4caeaf3c71d01aa
00fbca1b80da77523
044ca2ba7d75c5b30
f8f71a9200c9e3d61
06e5ff54c228f7f8f
fce9c3857eb73312b
0a6623edfac25c0a3
1447adf9be07b65c6
ffa1f6e280278be14
fac87e163c153d79d
f6e96937c18973545
eee914b00257af286
f2749331bc5855dbd
fb5aa71abb232ad3e
0d147a297f1b6ba02
f7736cdb009454805
f2fd2285c42e4a522
fdef853a7fca29cf0
058320bbbc6d37737
fc4815b540daa9b7f
fe612dc84463739d0
074f192c00e50c9e1
023009137e5c4a959
ffb1f88d3f3d33887
fd20124182ebabde5
015dcd6a4388dcdf9
fd6fb41bffdcb0094
fe4c74eac13021fc2
fad4892501c001671
fd8951f2418d6a305
01e172c3bf5933a94
04f86f80fcc05a295
00da7a5b3cb8af6f3
f3ce152c3f470b296
032774b68375b527b
03931c2184017564f
fa91be7642baca54f
f2c57dcc7f1a689ea
e7de77ddff342d48f
f7ffe3b344801a2a6
016c9bf3407231ba3
f9dbfe79bd7901128
fed02e8ac07fb8cd2
0d0abcf4bffba59cc
f8b076193e40e8419
ee3722f9bfcce1188
efe9852bbd42ca99d
01856b203d14bd00b
0c976326c0800d0d3
05d04c2a3f986a650
f45a41d67c421fbb2
f7e7f3343dab80f24
f452ff8ebef8fd993
f947791981806ed78
042fa450fddaa7b51
03965624fd6207404
0267987b00d92d8a7
fbe85e4382c38b3c4
f9687d953e6328aa6
fc21c4813d78d5ad4
038577208027cdc0b
0914bd017ea1da06d
0d7bb3a5ba4886ae6
04f383457dba563d5
fc41aa38041919c46
0893b6e803c203238
038a434c40cb75d33
0514f7bd02e7761e4
fd735aebc099e963a
f88307ecc0a85a7a3
1158f9fc7e93b005c
fe3c67d2fe4740aab
f701718bc1e8b28d4
fe2e4667c0196cf91
f13cfc9cbb97c5120
fdd5d5737bc0f3200
01053a6bfff348754
f04918ddbff28483e
f64b64bdbe285885f
0139617cc2b62fd4c
098c6c778207db4e9
0351c46740d8462c6
f09c99f17fa5d0444
05ad4637027adaad4
0ccc7a7bff035e2cc
03cd6609bfce7f732
f35d6832405489c63
fdad75397a922f844
0719d3553dd4c6d39
09da8ca6ffe5c46f8
12021494fe49c7b12
02f47c503c7f271e8
019c8f2e7d78f3693
016195bcfe297969b
ff0b5c92ff2b8bbb4
f483d2ba8140a1a03
fad176c4801949d31
fc194367be9abf15d
f28ebd1b822851abc
0ab496a9c05f95387
03bf30347f7715679
ff4689ec41e2e4130
0ca66515c05547d54
1d108a5481e200d4b
0a876ee6c6970fb1b
f71c81ba41cae2d39
000a40b3c2c0e2b77
0946ed80452df844d
04e3f9194329d49b8
f4314eee3e6da5083
fe1b8362fe1ef3ec6
fd27838c40adde403
facb69a0c262de248
08da840a3fde1f22b
0cc985f780c013dd1
032ce7db42ebb7f4b
01ec32cf42bd8d9cd
009be6d24534ca16e
fefa65b983db7776f
ff368b2d81155c727
0b98a672beb98ed5f
133da0c2bcd85271e
0b3dfc6f818b59347
fd533aea3f7d6658c
0798868c7fa8efd34
0978461840abe3034
f7d61f923e1b7ce51
fe7e9a913b7ed1a46
0aac7b0a017aa2a28
032b8a0c848c31523
016419ef3e89abef0
08f704837b98adb7a
021b4cb33d7ef8bc6
f8f9a6eec05badb46
f9fa42408153d6afb
fd87f970c087290f2
0a831e9d7f8830917
0007def3000df191d
01c4c32783209c27c
04dafae4810747543
00e42a6ec0bacf3dd
0d3b180ec32c21004
0c77264e81a9bfa35
05f096ca7fdcaeeb0
f47bb6837ef5c83bb
028713bf8123d2d4a
feba735e7f3eb9cc7
f862fc9080f1d9a44
f9aa95bc8054ed3cf
fabb4ddbbe616bd48
f726a0487f0b3e985
090702e00008f49c8
09d85a5c3e7121e12
f3e13fd5bf8346878
ef9236a342b15c5ff
fe19d172c23957946
f3c430f5810a843da
e889b78ec0c3b85cb
07e741d784bfd1761
fd6eac7701981ee2c
06ba182103577f43c
1012726affdfa6f58
04fee2f27f3764e7c
06832874bee061cb5
07077bb300abd70c6
f2c57ddb81d7c1a83
ea9495ab8279d7640
038f74e901a4a5491
078ac0fbbf6e70564
f54c0c9d80afd9fb9
fbcef33d0026772df
00891ed3c455ffd6c
0614a46683a0c3097
192330863e108620d
02289ec502c301b70
00846b5a851f2aed8
02078eff804f04cf6
f9b417883ea10d8a7
07ec22014209cea58
0e88c88c02ef65764
f7d3e6647f41e8bf5
f1c2d8d6400c84b46
00a09db2c026bc2c5
01f95e914022fb4a9
fffe8927bccfe1385
f019cbe8fe49f314c
fa5231667f5590a0b
0da886ffc2d1cec38
0c0a84f3be3bd0b05
ffe005803fcd0faf9
07d26866459d55cb9
0d9f1f3e02de32c10
0660b795c0b046c97
ff7945a4008134120
063ce32180fd2dd4b
007980ca80d3d3823
fba1e939429c4d5ba
0140d10340d7681aa
fac93e947ce1be820
ef71f55dbececd0ef
0cc732a341e08604e
06961b5d81f81425b
fff03c293f7392f02
11b61d90bdfde525f
09b94911fc209ae12
046de13e799e4be2e
0fdb3d10c0284729f
001434d3feb6fbbcc
003b6698bcf219f1a
06ddba2102396138f
fa81d3b6bf1bbc6ae
04526c6fbe11bafbc
03239e1f02d663c3f
0265681b41a553592
04b54ece3f12d0c7e
037ab0ea422ee1ed0
fce7cbd881f28532d
feb505ad420cde75e
f55c9276ffd072a7e
f3752c383cfe6dc76
0793921dbf8176ea4
fda6e824fb55418be
f260c1e93a4e2ba0c
ee24ac73fd817db99
f37a1bc0c01f92077
01730942c2340e7ae
0912abb483b2f5ffb
0bdf6337bf1b817f3
01db911ffc7e6b5fc
f6b2d9193d65ce938
eaf783a9c1a3be1aa
ff3e3605c363aba13
0d3764d0420b8e301
fe92df0cbf703ddab
f9599b0d7b7bb8c6f
0225d0c2be98e1d01
059cbdd2c04c2ffb7
038285e4bea39a7a8
074ce19601e9d0052
fe16ce783f0ba632e
fb40314a7f82a7a40
0b5ef37a8064f4727
0ad155d0bee487eab
f15d61acff7908a83
edb611e8bd7d8297e
01660282ff05516ba
0997aa5dffc4248aa
feea7f2280fedc6de
ee721ee784b7e7709
f77f2368c305e34f7
f84794f4406081125
03a704b77ed3e039d
ff69065ebd0edc265
fefc842e421d9cef0
08ca2bf8ffc353da1
fd73115ebf5dcbadf
f921b97d4215675cd
fc9589b341b0dff90
0b910862015ea193c
0085f4ca3ff0327d6
fabd14e040fb8f90c
f6dfc9ca408257826
fdef785a3d59f1d12
07769955c375c43e5
093679f98372b5dd9
0718b240423378460
01e659393e860b92f
fc8f2db5bb87fd28c
021a160680ac83c81
0539a8cf7e0cd0b89
fc3d4340feadd368c
f726fdf3ff430e48e
ff8ab83c3e9bab893
0052998c416a82111
0184fc0c81cfb7bd5
05c8e6dc02629c06e
017ec38ffe928a753
014f1d9b3f9633538
00cf68ce3d4b585f0
031fd13539ca448bc
f9a72ad680b93efa2
0ea129af847ecc1af
14d3c6ed407c2e9a3
fedf357902ecf606c
0086ac097f1edeb94
096f907cbed8f8aac
013ae00cc2e41d32c
fa1b624dbeb2b53d2
ed292e0dfd0498d38
03819eb97ee44db7e
1ad2c8a57f3034160
0c77ef758148ec458
f97af1c4808ce5571
06bbb76603b88e3e5
0a52b4ddbd347d1b0
0a73111ef946b0354
00ba98f73ea81e170
fc6815b3ffb449731
faece6683df9486da
fb50119abf077721f
fd357523c04ca57cd
f490a3ef7e19144e5
f35ea4f5fdfc9a6af
f6423383ffc881b38
00d855a7c104e9ae8
0251045e00a87a991
fd85e2fac1604c857
0a204ecf42d7ca3f1
06ccdba84319f4782
e9a9c2d93f6ed7856
06cad7d0c1be89a40
00f9f704435fde098
e8e0807e4297e9c94
eb5e18d63e46b9587
fc6d889ac0fc8c1d5
011bce364432d58e0
007f04ce806f126c3
fcd08dd8bc7557b69
febbe53abd98bd343
086ed11380d0e9ff3
115f81f27e7219458
fc196e493f769d6b0
f14637fb044c46bd7
e45496678208574db
f33d63bffe0224592
ffec669a7f6e72c6d
fd2cea20bd1544f44
076e167fc034e0452
07570df77f555208c
fb66e7357d98db3d5
087f12c800bd65f7b
09fb5b79822a8b479
f6b73ac7bd6381025
f23166a8feac390e4
fe3f2cedc1e9ba04d
063b2ec681d288acd
fed630e0434751571
e813ee62404b96538
f14b09807ceba4a36
072f84563f8df7f8e
0cfd5a5e7edf2641e
052bec40bd4b6e0c7
000ddd0cbc6687b61
03e5c5867efc6ae1f
f0b43b0200cd79c56
fece40f57e2b4c23e
fb70522dc0b6a2032
f8ae4af67c4fad29c
ffacecddbc629343b
f4747fb440fab6df3
fa7590964079a5d03
071a52857eb763363
0b06a065fe71cac42
02a2efe57c3b91a41
02d2aff4bab55a962
06b29bbbbd7faad9e
04370cd03ff623e0a
12835d87014b488cc
0b4bca22fe701259d
03da46aa7d381579a
0b86f6d1c4d21a520
06cf387183d965e0a
04eb6341bec364209
00c744600258c9570
f87aa23883b1c4acd
fee432a701883586b
0078b8fec147ec261
f980c06bc0844d369
fc27583b418ed4e31
052df1b83dcaab9cd
07c771d6006d0c017
055a0d0745eef74b1
0df750be026c539aa
15762fa0c08fd0177
0febbea37b184c367
0af38a92bc794c0b1
fce0081f814b8ab9a
08c59a513eba610b1
00a386d8fc1fb771c
ffb7422b7ec0ead76
01fa259efe52432a3
f228c31e00eeea1c7
eaf457db419866518
ff8093f7c21a69984
0de4865ec26c17568
0ebf2f58c4927541c
ff9a7c5dc1968c196
0386cda27cc18bd9c
f413f98dfe305e068
f5026bb7011fa120e
07094d8fbf2c5845d
05465dbb7ecd7f31b
f4ebd1823ece232b2
fa4c997fbf7eb3366
011750d3bca82f3e1
ffe367177def4db27
fa93e4d2c45e1c00c
fd7c90f2c29e094b6
f4e9da0081c04c70a
f3ccfe61c1859f91a
074a2052c2914c7f5
0931424c417da1c1e
f813f2ac038410bc1
f57325563faed9f19
fffad15fff8be45f2
092acdaa4012f63d3
fe1f1204c032bf2a0
f2da0043820ca4222
f7d5818ffe4c8270d
f8d7e618fb04041a4
00dddc28397bbdb71
002169ec7fe421534
f732e492023081b41
f260e56b3c85f9c9e
f8b950eb00336f479
d0c0bde48b4c7ad73
bc94a28a50d816c70
c05af4798fedf7dc2
c00cd5afcffb273e5
bffe9b59900053db1
bfff80000fffffffc
bfff80000fffffffc
bfff80000fffffffc
bfff80000fffffffc
bfff80000fffffffc
bfff80000fffffffc
bfff80000fffffffc
bfff80000fffffffc
bfff80000fffffffc
bfff80000fffffffc
bfff80000fffffffc
bfff80000fffffffc
bfff80000fffffffc
bfff80000fffffffc
bfff80000fffffffc
bfff80000fffffffc
bfff80000fffffffc
bfff80000fffffffc
bfff80000fffffffc
bfff80000fffffffc
bfff80000fffffffc
bfff80000fffffffc
bfff80000fffffffc
bfff80000fffffffc
bfff80000fffffffc
bfff80000fffffffc
bfff80000fffffffc
bfff80000fffffffc
bfff80000fffffffc
bfff80000fffffffc
bfff80000fffffffc
bfff80000fffffffc
bfff80000fffffffc
bfff80000fffffffc
bfff80000fffffffc
bfff80000fffffffc
bfff80000fffffffc
bfff80000fffffffc
bfff80000fffffffc
bfff80000fffffffc
bfff80000fffffffc
bfff80000fffffffc
bfff80000fffffffc
bfff80000fffffffc
bfff80000fffffffc
bfff80000fffffffc
bfff80000fffffffc
bfff80000fffffffc
bfff80000fffffffc
bfff80000fffffffc
bfff80000fffffffc
bfff80000fffffffc
bfff80000fffffffc
bfff80000fffffffc
bfff80000fffffffc
bfff80000fffffffc
bfff80000fffffffc
bfff80000fffffffc
bfff80000fffffffc
bfff80000fffffffc
bfff80000fffffffc
bfff80000fffffffc
bfff80000fffffffc
bfff80000fffffffc
bfff80000fffffffc
bfff80000fffffffc
bfff80000fffffffc
bfff80000fffffffc
bfff80000fffffffc
bfff80000fffffffc
bfff80000fffffffc
bfff80000fffffffc
bfff80000fffffffc
bfff80000fffffffc
bfff80000fffffffc
bfff80000fffffffc
bfff80000fffffffc
bfff80000fffffffc
bfff80000fffffffc
bfff80000fffffffc
bfff80000fffffffc
bfff80000fffffffc
bfff80000fffffffc
bfff80000fffffffc
bfff80000fffffffc
bfff80000fffffffc
bfff80000fffffffc
bfff80000fffffffc
bfff80000fffffffc
bfff80000fffffffc
bfff80000fffffffc
bfff80000fffffffc
bfff80000fffffffc
bfff80000fffffffc
bfff80000fffffffc
bfff80000fffffffc
bfff80000fffffffc
bfff80000fffffffc
bfff80000fffffffc
bfff80000fffffffc
bfff80000fffffffc
bfff80000fffffffc
bfff80000fffffffc
bfff80000fffffffc
bfff80000fffffffc
bfff80000fffffffc
bfff80000fffffffc
bfff80000fffffffc
bfff80000fffffffc
bfff80000fffffffc
bfff80000fffffffc
bfff80000fffffffc
bfff80000fffffffc
bfff80000fffffffc
bfff80000fffffffc
bfff80000fffffffc
bfff80000fffffffc
bfff80000fffffffc
bfff80000fffffffc
bfff80000fffffffc
bfff80000fffffffc
bfff80000fffffffc
bfff80000fffffffc
bfff80000fffffffc
bfff80000fffffffc
bfff80000fffffffc
bfff80000fffffffc
bfff80000fffffffc
bfff80000fffffffc
bfff80000fffffffc
bfff80000fffffffc
bfff80000fffffffc
bfff80000fffffffc
bfff80000fffffffc
bfff80000fffffffc
bfff80000fffffffc
bfff80000fffffffc
bfff80000fffffffc
bfff80000fffffffc
bfff80000fffffffc
bfff80000fffffffc
bfff80000fffffffc
bfff80000fffffffc
bfff80000fffffffc
bfff80000fffffffc
bfff80000fffffffc
bfff80000fffffffc
bfff80000fffffffc
bfff80000fffffffc
bfff80000fffffffc
bfff80000fffffffc
bfff80000fffffffc
bfff80000fffffffc
bfff80000fffffffc
bfff80000fffffffc
bfff80000fffffffc
bfff80000fffffffc
bfff80000fffffffc
bfff80000fffffffc
bfff80000fffffffc
bfff80000fffffffc
bfff80000fffffffc
bfff80000fffffffc
bfff80000fffffffc
bfff80000fffffffc
bfff80000fffffffc
bfff80000fffffffc
bfff80000fffffffc
bfff80000fffffffc
bfff80000fffffffc
bfff80000fffffffc
bfff80000fffffffc
bfff80000fffffffc
bfff80000fffffffc
bfff80000fffffffc
bfff80000fffffffc
bfff80000fffffffc
bfff80000fffffffc
bfff80000fffffffc
bfff80000fffffffc
bfff80000fffffffc
bfff80000fffffffc
bfff80000fffffffc
bfff80000fffffffc
bfff80000fffffffc
bfff80000fffffffc
bfff80000fffffffc
bfff80000fffffffc
bfff80000fffffffc
bfff80000fffffffc
bfff80000fffffffc
bfff80000fffffffc
bfff80000fffffffc
bfff80000fffffffc
bfff80000fffffffc
bfff80000fffffffc
bfff80000fffffffc
bfff80000fffffffc
bfff80000fffffffc
bfff80000fffffffc
bfff80000fffffffc
bfff80000fffffffc
bfff80000fffffffc
bfff80000fffffffc
bfff80000fffffffc
bfff80000fffffffc
bfff80000fffffffc
bfff80000fffffffc
bfff80000fffffffc
bfff80000fffffffc
bfff80000fffffffc
bfff80000fffffffc
bfff80000fffffffc
bfff80000fffffffc
bfff80000fffffffc
bfff80000fffffffc
bfff80000fffffffc
bfff80000fffffffc
bfff80000fffffffc
bfff80000fffffffc
bfff80000fffffffc
bfff80000fffffffc
bfff80000fffffffc
bfff80000fffffffc
bfff80000fffffffc
bfff80000fffffffc
bfff80000fffffffc
bfff80000fffffffc
bfff80000fffffffc
bfff80000fffffffc
bfff80000fffffffc
bfff80000fffffffc
bfff80000fffffffc
bfff80000fffffffc
bfff80000fffffffc
bfff80000fffffffc
bfff80000fffffffc
bfff80000fffffffc
bfff80000fffffffc
bfff80000fffffffc
bfff80000fffffffc
bfff80000fffffffc
bfff80000fffffffc
bfff80000fffffffc
bfff80000fffffffc
bfff80000fffffffc
bfff80000fffffffc
bfff80000fffffffc
bfff80000fffffffc
bfff80000fffffffc
bfff80000fffffffc
bfff80000fffffffc
bfff80000fffffffc
bfff80000fffffffc
bfff80000fffffffc
bfff80000fffffffc
bfff80000fffffffc
bfff80000fffffffc
bfff80000fffffffc
bfff80000fffffffc
bfff80000fffffffc
bfff80000fffffffc
bfff80000fffffffc
bfff80000fffffffc
bfff80000fffffffc
bfff80000fffffffc
bfff80000fffffffc
bfff80000fffffffc
bfff80000fffffffc
bfff80000fffffffc
bfff80000fffffffc
bfff80000fffffffc
bfff80000fffffffc
bfff80000fffffffc
bfff80000fffffffc
bfff80000fffffffc
bfff80000fffffffc
bfff80000fffffffc
bfff80000fffffffc
bfff80000fffffffc
bfff80000fffffffc
bfff80000fffffffc
bfff80000fffffffc
bfff80000fffffffc
bfff80000fffffffc
bfff80000fffffffc
bfff80000fffffffc
bfff80000fffffffc
bfff80000fffffffc
bfff80000fffffffc
bfff80000fffffffc
bfff80000fffffffc
bfff80000fffffffc
bfff80000fffffffc
bfff80000fffffffc
bfff80000fffffffc
bfff80000fffffffc
bfff80000fffffffc
bfff80000fffffffc
bfff80000fffffffc
bfff80000fffffffc
bfff80000fffffffc
bfff80000fffffffc
bfff80000fffffffc
bfff80000fffffffc
bfff80000fffffffc
bfff80000fffffffc
bfff80000fffffffc
bfff80000fffffffc
bfff80000fffffffc
bfff80000fffffffc
bfff80000fffffffc
bfff80000fffffffc
bfff80000fffffffc
bfff80000fffffffc
bfff80000fffffffc
bfff80000fffffffc
bfff80000fffffffc
bfff80000fffffffc
bfff80000fffffffc
bfff80000fffffffc
bfff80000fffffffc
bfff80000fffffffc
bfff80000fffffffc
bfff80000fffffffc
bfff80000fffffffc
bfff80000fffffffc
bfff80000fffffffc
bfff80000fffffffc
bfff80000fffffffc
bfff80000fffffffc
bfff80000fffffffc
bfff80000fffffffc
bfff80000fffffffc
bfff80000fffffffc
bfff80000fffffffc
bfff80000fffffffc
bfff80000fffffffc
bfff80000fffffffc
bfff80000fffffffc
bfff80000fffffffc
bfff80000fffffffc
bfff80000fffffffc
bfff80000fffffffc
bfff80000fffffffc
bfff80000fffffffc
bfff80000fffffffc
bfff80000fffffffc
bfff80000fffffffc
bfff80000fffffffc
bfff80000fffffffc
bfff80000fffffffc
bfff80000fffffffc
bfff80000fffffffc
bfff80000fffffffc
bfff80000fffffffc
bfff80000fffffffc
bfff80000fffffffc
bfff80000fffffffc
bfff80000fffffffc
bfff80000fffffffc
bfff80000fffffffc
bfff80000fffffffc
bfff80000fffffffc
bfff80000fffffffc
bfff80000fffffffc
bfff80000fffffffc
bfff80000fffffffc
bfff80000fffffffc
bfff80000fffffffc
bfff80000fffffffc
bfff80000fffffffc
bfff80000fffffffc
bfff80000fffffffc
bfff80000fffffffc
bfff80000fffffffc
bfff80000fffffffc
bfff80000fffffffc
bfff80000fffffffc
bfff80000fffffffc
bfff80000fffffffc
bfff80000fffffffc
bfff80000fffffffc
bfff80000fffffffc
bfff80000fffffffc
bfff80000fffffffc
bfff80000fffffffc
bfff80000fffffffc
bfff80000fffffffc
bfff80000fffffffc
bfff80000fffffffc
bfff80000fffffffc
bfff80000fffffffc
bfff80000fffffffc
bfff80000fffffffc
bfff80000fffffffc
bfff80000fffffffc
bfff80000fffffffc
bfff80000fffffffc
bfff80000fffffffc
bfff80000fffffffc
bfff80000fffffffc
bfff80000fffffffc
bfff80000fffffffc
bfff80000fffffffc
bfff80000fffffffc
bfff80000fffffffc
bfff80000fffffffc
bfff80000fffffffc
bfff80000fffffffc
bfff80000fffffffc
bfff80000fffffffc
bfff80000fffffffc
bfff80000fffffffc
bfff80000fffffffc
bfff80000fffffffc
bfff80000fffffffc
bfff80000fffffffc
bfff80000fffffffc
bfff80000fffffffc
bfff80000fffffffc
bfff80000fffffffc
bfff80000fffffffc
bfff80000fffffffc
bfff80000fffffffc
bfff80000fffffffc
bfff80000fffffffc
bfff80000fffffffc
bfff80000fffffffc
bfff80000fffffffc
bfff80000fffffffc
bfff80000fffffffc
bfff80000fffffffc
bfff80000fffffffc
bfff80000fffffffc
bfff80000fffffffc
bfff80000fffffffc
bfff80000fffffffc
bfff80000fffffffc
bfff80000fffffffc
bfff80000fffffffc
bfff80000fffffffc
bfff80000fffffffc
bfff80000fffffffc
bfff80000fffffffc
bfff80000fffffffc
bfff80000fffffffc
bfff80000fffffffc
bfff80000fffffffc
bfff80000fffffffc
bfff80000fffffffc
bfff80000fffffffc
bfff80000fffffffc
bfff80000fffffffc
bfff80000fffffffc
bfff80000fffffffc
bfff80000fffffffc
bfff80000fffffffc
bfff80000fffffffc
bfff80000fffffffc
bfff80000fffffffc
bfff80000fffffffc
bfff80000fffffffc
bfff80000fffffffc
bfff80000fffffffc
bfff80000fffffffc
bfff80000fffffffc
bfff80000fffffffc
bfff80000fffffffc
bfff80000fffffffc
bfff80000fffffffc
bfff80000fffffffc
bfff80000fffffffc
bfff80000fffffffc
bfff80000fffffffc
bfff80000fffffffc
bfff80000fffffffc
bfff80000fffffffc
bfff80000fffffffc
bfff80000fffffffc
bfff80000fffffffc
bfff80000fffffffc
bfff80000fffffffc
bfff80000fffffffc
bfff80000fffffffc
bfff80000fffffffc
bfff80000fffffffc
bfff80000fffffffc
bfff80000fffffffc
bfff80000fffffffc
bfff80000fffffffc
bfff80000fffffffc
bfff80000fffffffc
bfff80000fffffffc
bfff80000fffffffc
bfff80000fffffffc
bfff80000fffffffc
bfff80000fffffffc
bfff80000fffffffc
bfff80000fffffffc
bfff80000fffffffc
bfff80000fffffffc
bfff80000fffffffc
bfff80000fffffffc
bfff80000fffffffc
bfff80000fffffffc
bfff80000fffffffc
bfff80000fffffffc
bfff80000fffffffc
bfff80000fffffffc
bfff80000fffffffc
bfff80000fffffffc
bfff80000fffffffc
bfff80000fffffffc
bfff80000fffffffc
bfff80000fffffffc
bfff80000fffffffc
bfff80000fffffffc
bfff80000fffffffc
bfff80000fffffffc
bfff80000fffffffc
bfff80000fffffffc
bfff80000fffffffc
bfff80000fffffffc
bfff80000fffffffc
bfff80000fffffffc
bfff80000fffffffc
bfff80000fffffffc
bfff80000fffffffc
bfff80000fffffffc
bfff80000fffffffc
bfff80000fffffffc
bfff80000fffffffc
bfff80000fffffffc
bfff80000fffffffc
bfff80000fffffffc
bfff80000fffffffc
bfff80000fffffffc
bfff80000fffffffc
bfff80000fffffffc
bfff80000fffffffc
bfff80000fffffffc
bfff80000fffffffc
bfff80000fffffffc
bfff80000fffffffc
bfff80000fffffffc
bfff80000fffffffc
bfff80000fffffffc
bfff80000fffffffc
bfff80000fffffffc
bfff80000fffffffc
bfff80000fffffffc
bfff80000fffffffc
bfff80000fffffffc
bfff80000fffffffc
bfff80000fffffffc
bfff80000fffffffc
bfff80000fffffffc
bfff80000fffffffc
bfff80000fffffffc
bfff80000fffffffc
bfff80000fffffffc
bfff80000fffffffc
bfff80000fffffffc
bfff80000fffffffc
bfff80000fffffffc
bfff80000fffffffc
bfff80000fffffffc
bfff80000fffffffc
bfff80000fffffffc
bfff80000fffffffc
bfff80000fffffffc
bfff80000fffffffc
bfff80000fffffffc
bfff80000fffffffc
bfff80000fffffffc
bfff80000fffffffc
bfff80000fffffffc
bfff80000fffffffc
bfff80000fffffffc
bfff80000fffffffc
bfff80000fffffffc
bfff80000fffffffc
bfff80000fffffffc
bfff80000fffffffc
bfff80000fffffffc
bfff80000fffffffc
bfff80000fffffffc
bfff80000fffffffc
bfff80000fffffffc
bfff80000fffffffc
bfff80000fffffffc
bfff80000fffffffc
bfff80000fffffffc
bfff80000fffffffc
bfff80000fffffffc
bfff80000fffffffc
bfff80000fffffffc
bfff80000fffffffc
bfff80000fffffffc
bfff80000fffffffc
bfff80000fffffffc
bfff80000fffffffc
bfff80000fffffffc
bfff80000fffffffc
bfff80000fffffffc
bfff80000fffffffc
bfff80000fffffffc
bfff80000fffffffc
bfff80000fffffffc
bfff80000fffffffc
bfff80000fffffffc
bfff80000fffffffc
bfff80000fffffffc
bfff80000fffffffc
bfff80000fffffffc
bfff80000fffffffc
bfff80000fffffffc
bfff80000fffffffc
bfff80000fffffffc
bfff80000fffffffc
bfff80000fffffffc
bfff80000fffffffc
bfff80000fffffffc
bfff80000fffffffc
bfff80000fffffffc
bfff80000fffffffc
bfff80000fffffffc
bfff80000fffffffc
bfff80000fffffffc
bfff80000fffffffc
bfff80000fffffffc
bfff80000fffffffc
bfff80000fffffffc
bfff80000fffffffc
bfff80000fffffffc
bfff80000fffffffc
bfff80000fffffffc
bfff80000fffffffc
bfff80000fffffffc
bfff80000fffffffc
bfff80000fffffffc
bfff80000fffffffc
bfff80000fffffffc
bfff80000fffffffc
bfff80000fffffffc
bfff80000fffffffc
bfff80000fffffffc
bfff80000fffffffc
bfff80000fffffffc
bfff80000fffffffc
bfff80000fffffffc
bfff80000fffffffc
bfff80000fffffffc
bfff80000fffffffc
bfff80000fffffffc
bfff80000fffffffc
bfff80000fffffffc
bfff80000fffffffc
bfff80000fffffffc
bfff80000fffffffc
bfff80000fffffffc
bfff80000fffffffc
bfff80000fffffffc
bfff80000fffffffc
bfff80000fffffffc
bfff80000fffffffc
bfff80000fffffffc
bfff80000fffffffc
bfff80000fffffffc
bfff80000fffffffc
bfff80000fffffffc
bfff80000fffffffc
bfff80000fffffffc
bfff80000fffffffc
bfff80000fffffffc
bfff80000fffffffc
bfff80000fffffffc
bfff80000fffffffc
bfff80000fffffffc
bfff80000fffffffc
bfff80000fffffffc
bfff80000fffffffc
bfff80000fffffffc
bfff80000fffffffc
bfff80000fffffffc
bfff80000fffffffc
bfff80000fffffffc
bfff80000fffffffc
bfff80000fffffffc
bfff80000fffffffc
bfff80000fffffffc
bfff80000fffffffc
bfff80000fffffffc
bfff80000fffffffc
bfff80000fffffffc
bfff80000fffffffc
bfff80000fffffffc
bfff80000fffffffc
bfff80000fffffffc
bfff80000fffffffc
bfff80000fffffffc
bfff80000fffffffc
bfff80000fffffffc
bfff80000fffffffc
bfff80000fffffffc
bfff80000fffffffc
bfff80000fffffffc
bfff80000fffffffc
bfff80000fffffffc
bfff80000fffffffc
bfff80000fffffffc
bfff80000fffffffc
bfff80000fffffffc
bfff80000fffffffc
bfff80000fffffffc
bfff80000fffffffc
bfff80000fffffffc
bfff80000fffffffc
bfff80000fffffffc
bfff80000fffffffc
bfff80000fffffffc
bfff80000fffffffc
bfff80000fffffffc
bfff80000fffffffc
bfff80000fffffffc
bfff80000fffffffc
bfff80000fffffffc
bfff80000fffffffc
bfff80000fffffffc
bfff80000fffffffc
bfff80000fffffffc
bfff80000fffffffc
bfff80000fffffffc
bfff80000fffffffc
bfff80000fffffffc
bfff80000fffffffc
bfff80000fffffffc
bfff80000fffffffc
bfff80000fffffffc
bfff80000fffffffc
bfff80000fffffffc
bfff80000fffffffc
bfff80000fffffffc
bfff80000fffffffc
bfff80000fffffffc
bfff80000fffffffc
bfff80000fffffffc
bfff80000fffffffc
bfff80000fffffffc
bfff80000fffffffc
bfff80000fffffffc
bfff80000fffffffc
bfff80000fffffffc
bfff80000fffffffc
bfff80000fffffffc
bfff80000fffffffc
bfff80000fffffffc
bfff80000fffffffc
bfff80000fffffffc
bfff80000fffffffc
bfff80000fffffffc
bfff80000fffffffc
bfff80000fffffffc
bfff80000fffffffc
bfff80000fffffffc
bfff80000fffffffc
bfff80000fffffffc
bfff80000fffffffc
bfff80000fffffffc
bfff80000fffffffc
bfff80000fffffffc
bfff80000fffffffc
bfff80000fffffffc
bfff80000fffffffc
bfff80000fffffffc
bfff80000fffffffc
bfff80000fffffffc
bfff80000fffffffc
bfff80000fffffffc
bfff80000fffffffc
bfff80000fffffffc
bfff80000fffffffc
bfff80000fffffffc
bfff80000fffffffc
bfff80000fffffffc
bfff80000fffffffc
bfff80000fffffffc
bfff80000fffffffc
bfff80000fffffffc
bfff80000fffffffc
bfff80000fffffffc
bfff80000fffffffc
bfff80000fffffffc
bfff80000fffffffc
bfff80000fffffffc
bfff80000fffffffc
bfff80000fffffffc
bfff80000fffffffc
bfff80000fffffffc
bfff80000fffffffc
bfff80000fffffffc
bfff80000fffffffc
bfff80000fffffffc
bfff80000fffffffc
bfff80000fffffffc
bfff80000fffffffc
bfff80000fffffffc
bfff80000fffffffc
bfff80000fffffffc
bfff80000fffffffc
bfff80000fffffffc
bfff80000fffffffc
bfff80000fffffffc
bfff80000fffffffc
bfff80000fffffffc
bfff80000fffffffc
bfff80000fffffffc
bfff80000fffffffc
bfff80000fffffffc
bfff80000fffffffc
bfff80000fffffffc
bfff80000fffffffc
bfff80000fffffffc
bfff80000fffffffc
bfff80000fffffffc
bfff80000fffffffc
bfff80000fffffffc
bfff80000fffffffc
bfff80000fffffffc
bfff80000fffffffc
bfff80000fffffffc
bfff80000fffffffc
bfff80000fffffffc
bfff80000fffffffc
bfff80000fffffffc
bfff80000fffffffc
bfff80000fffffffc
bfff80000fffffffc
bfff80000fffffffc
bfff80000fffffffc
bfff80000fffffffc
bfff80000fffffffc
bfff80000fffffffc
bfff80000fffffffc
bfff80000fffffffc
bfff80000fffffffc
bfff80000fffffffc
bfff80000fffffffc
bfff80000fffffffc
bfff80000fffffffc
bfff80000fffffffc
bfff80000fffffffc
bfff80000fffffffc
bfff80000fffffffc
bfff80000fffffffc
bfff80000fffffffc
bfff80000fffffffc
bfff80000fffffffc
bfff80000fffffffc
bfff80000fffffffc
bfff80000fffffffc
bfff80000fffffffc
bfff80000fffffffc
bfff80000fffffffc
bfff80000fffffffc
bfff80000fffffffc
bfff80000fffffffc
bfff80000fffffffc
bfff80000fffffffc
bfff80000fffffffc
bfff80000fffffffc
bfff80000fffffffc
bfff80000fffffffc
bfff80000fffffffc
bfff80000fffffffc
bfff80000fffffffc
bfff80000fffffffc
bfff80000fffffffc
bfff80000fffffffc
bfff80000fffffffc
bfff80000fffffffc
bfff80000fffffffc
bfff80000fffffffc
bfff80000fffffffc
bfff80000fffffffc
bfff80000fffffffc
bfff80000fffffffc
bfff80000fffffffc
bfff80000fffffffc
bfff80000fffffffc
bfff80000fffffffc
bfff80000fffffffc
bfff80000fffffffc
bfff80000fffffffc
bfff80000fffffffc
bfff80000fffffffc
bfff80000fffffffc
bfff80000fffffffc
bfff80000fffffffc
bfff80000fffffffc
bfff80000fffffffc
bfff80000fffffffc
bfff80000fffffffc
bfff80000fffffffc
bfff80000fffffffc
bfff80000fffffffc
bfff80000fffffffc
bfff80000fffffffc
bfff80000fffffffc
bfff80000fffffffc
bfff80000fffffffc
bfff80000fffffffc
bfff80000fffffffc
bfff80000fffffffc
bfff80000fffffffc
bfff80000fffffffc
bfff80000fffffffc
bfff80000fffffffc
bfff80000fffffffc
bfff80000fffffffc
bfff80000fffffffc
bfff80000fffffffc
bfff80000fffffffc
bfff80000fffffffc
bfff80000fffffffc
bfff80000fffffffc
bfff80000fffffffc
bfff80000fffffffc
bfff80000fffffffc
bfff80000fffffffc
bfff80000fffffffc
bfff80000fffffffc
bfff80000fffffffc
bfff80000fffffffc
bfff80000fffffffc
bfff80000fffffffc
bfff80000fffffffc
bfff80000fffffffc
bfff80000fffffffc
bfff80000fffffffc
bfff80000fffffffc
bfff80000fffffffc
bfff80000fffffffc
bfff80000fffffffc
bfff80000fffffffc
bfff80000fffffffc
bfff80000fffffffc
bfff80000fffffffc
bfff80000fffffffc
bfff80000fffffffc
bfff80000fffffffc
bfff80000fffffffc
bfff80000fffffffc
bfff80000fffffffc
bfff80000fffffffc
bfff80000fffffffc
bfff80000fffffffc
bfff80000fffffffc
bfff80000fffffffc
bfff80000fffffffc
bfff80000fffffffc
bfff80000fffffffc
bfff80000fffffffc
bfff80000fffffffc
bfff80000fffffffc
bfff80000fffffffc
bfff80000fffffffc
bfff80000fffffffc
bfff80000fffffffc
bfff80000fffffffc
bfff80000fffffffc
bfff80000fffffffc
bfff80000fffffffc
bfff80000fffffffc
bfff80000fffffffc
bfff80000fffffffc
bfff80000fffffffc
bfff80000fffffffc
bfff80000fffffffc
bfff80000fffffffc
bfff80000fffffffc
bfff80000fffffffc
bfff80000fffffffc
bfff80000fffffffc
bfff80000fffffffc
bfff80000fffffffc
bfff80000fffffffc
bfff80000fffffffc
bfff80000fffffffc
bfff80000fffffffc
bfff80000fffffffc
bfff80000fffffffc
bfff80000fffffffc
bfff80000fffffffc
bfff80000fffffffc
bfff80000fffffffc
bfff80000fffffffc
bfff80000fffffffc
bfff80000fffffffc
bfff80000fffffffc
bfff80000fffffffc
bfff80000fffffffc
bfff80000fffffffc
bfff80000fffffffc
bfff80000fffffffc
bfff80000fffffffc
bfff80000fffffffc
bfff80000fffffffc
bfff80000fffffffc
bfff80000fffffffc
bfff80000fffffffc
bfff80000fffffffc
bfff80000fffffffc
bfff80000fffffffc
bfff80000fffffffc
bfff80000fffffffc
bfff80000fffffffc
bfff80000fffffffc
bfff80000fffffffc
bfff80000fffffffc
bfff80000fffffffc
bfff80000fffffffc
bfff80000fffffffc
bfff80000fffffffc
bfff80000fffffffc
bfff80000fffffffc
bfff80000fffffffc
bfff80000fffffffc
bfff80000fffffffc
bfff80000fffffffc
bfff80000fffffffc
bfff80000fffffffc
bfff80000fffffffc
bfff80000fffffffc
bfff80000fffffffc
bfff80000fffffffc
bfff80000fffffffc
bfff80000fffffffc
bfff80000fffffffc
bfff80000fffffffc
bfff80000fffffffc
bfff80000fffffffc
bfff80000fffffffc
bfff80000fffffffc
bfff80000fffffffc
bfff80000fffffffc
bfff80000fffffffc
bfff80000fffffffc
bfff80000fffffffc
bfff80000fffffffc
bfff80000fffffffc
bfff80000fffffffc
bfff80000fffffffc
bfff80000fffffffc
bfff80000fffffffc
bfff80000fffffffc
bfff80000fffffffc
bfff80000fffffffc
bfff80000fffffffc
bfff80000fffffffc
bfff80000fffffffc
bfff80000fffffffc
bfff80000fffffffc
bfff80000fffffffc
bfff80000fffffffc
bfff80000fffffffc
bfff80000fffffffc
bfff80000fffffffc
bfff80000fffffffc
bfff80000fffffffc
bfff80000fffffffc
bfff80000fffffffc
bfff80000fffffffc
bfff80000fffffffc
bfff80000fffffffc
bfff80000fffffffc
bfff80000fffffffc
bfff80000fffffffc
bfff80000fffffffc
bfff80000fffffffc
bfff80000fffffffc
bfff80000fffffffc
bfff80000fffffffc
bfff80000fffffffc
bfff80000fffffffc
bfff80000fffffffc
bfff80000fffffffc
bfff80000fffffffc
bfff80000fffffffc
bfff80000fffffffc
bfff80000fffffffc
bfff80000fffffffc
bfff80000fffffffc
bfff80000fffffffc
bfff80000fffffffc
bfff80000fffffffc
bfff80000fffffffc
bfff80000fffffffc
bfff80000fffffffc
bfff80000fffffffc
bfff80000fffffffc
bfff80000fffffffc
bfff80000fffffffc
bfff80000fffffffc
bfff80000fffffffc
bfff80000fffffffc
bfff80000fffffffc
bfff80000fffffffc
bfff80000fffffffc
bfff80000fffffffc
bfff80000fffffffc
bfff80000fffffffc
bfff80000fffffffc
bfff80000fffffffc
bfff80000fffffffc
bfff80000fffffffc
bfff80000fffffffc
bfff80000fffffffc
bfff80000fffffffc
bfff80000fffffffc
bfff80000fffffffc
bfff80000fffffffc
bfff80000fffffffc
bfff80000fffffffc
bfff80000fffffffc
bfff80000fffffffc
bfff80000fffffffc
bfff80000fffffffc
bfff80000fffffffc
bfff80000fffffffc
bfff80000fffffffc
bfff80000fffffffc
bfff80000fffffffc
bfff80000fffffffc
bfff80000fffffffc
bfff80000fffffffc
bfff80000fffffffc
bfff80000fffffffc
bfff80000fffffffc
bfff80000fffffffc
bfff80000fffffffc
bfff80000fffffffc
bfff80000fffffffc
bfff80000fffffffc
bfff80000fffffffc
bfff80000fffffffc
bfff80000fffffffc
bfff80000fffffffc
bfff80000fffffffc
bfff80000fffffffc
bfff80000fffffffc
bfff80000fffffffc
bfff80000fffffffc
bfff80000fffffffc
bfff80000fffffffc
bfff80000fffffffc
bfff80000fffffffc
bfff80000fffffffc
bfff80000fffffffc
bfff80000fffffffc
bfff80000fffffffc
bfff80000fffffffc
bfff80000fffffffc
bfff80000fffffffc
bfff80000fffffffc
bfff80000fffffffc
bfff80000fffffffc
bfff80000fffffffc
bfff80000fffffffc
bfff80000fffffffc
bfff80000fffffffc
bfff80000fffffffc
bfff80000fffffffc
bfff80000fffffffc
bfff80000fffffffc
bfff80000fffffffc
bfff80000fffffffc
bfff80000fffffffc
bfff80000fffffffc
bfff80000fffffffc
bfff80000fffffffc
bfff80000fffffffc
bfff80000fffffffc
bfff80000fffffffc
bfff80000fffffffc
bfff80000fffffffc
bfff80000fffffffc
bfff80000fffffffc
bfff80000fffffffc
bfff80000fffffffc
bfff80000fffffffc
bfff80000fffffffc
bfff80000fffffffc
bfff80000fffffffc
bfff80000fffffffc
bfff80000fffffffc
bfff80000fffffffc
bfff80000fffffffc
bfff80000fffffffc
bfff80000fffffffc
bfff80000fffffffc
bfff80000fffffffc
bfff80000fffffffc
bfff80000fffffffc
bfff80000fffffffc
bfff80000fffffffc
bfff80000fffffffc
bfff80000fffffffc
bfff80000fffffffc
bfff80000fffffffc
bfff80000fffffffc
bfff80000fffffffc
bfff80000fffffffc
bfff80000fffffffc
bfff80000fffffffc
bfff80000fffffffc
bfff80000fffffffc
bfff80000fffffffc
bfff80000fffffffc
bfff80000fffffffc
bfff80000fffffffc
bfff80000fffffffc
bfff80000fffffffc
bfff80000fffffffc
bfff80000fffffffc
bfff80000fffffffc
bfff80000fffffffc
bfff80000fffffffc
bfff80000fffffffc
bfff80000fffffffc
bfff80000fffffffc
bfff80000fffffffc
bfff80000fffffffc
bfff80000fffffffc
bfff80000fffffffc
bfff80000fffffffc
bfff80000fffffffc
bfff80000fffffffc
bfff80000fffffffc
bfff80000fffffffc
bfff80000fffffffc
bfff80000fffffffc
bfff80000fffffffc
bfff80000fffffffc
bfff80000fffffffc
bfff80000fffffffc
bfff80000fffffffc
bfff80000fffffffc
bfff80000fffffffc
bfff80000fffffffc
bfff80000fffffffc
bfff80000fffffffc
bfff80000fffffffc
bfff80000fffffffc
bfff80000fffffffc
bfff80000fffffffc
bfff80000fffffffc
bfff80000fffffffc
bfff80000fffffffc
bfff80000fffffffc
bfff80000fffffffc
bfff80000fffffffc
bfff80000fffffffc
bfff80000fffffffc
bfff80000fffffffc
bfff80000fffffffc
bfff80000fffffffc
bfff80000fffffffc
bfff80000fffffffc
bfff80000fffffffc
bfff80000fffffffc
bfff80000fffffffc
bfff80000fffffffc
bfff80000fffffffc
bfff80000fffffffc
bfff80000fffffffc
bfff80000fffffffc
bfff80000fffffffc
bfff80000fffffffc
bfff80000fffffffc
bfff80000fffffffc
bfff80000fffffffc
bfff80000fffffffc
bfff80000fffffffc
bfff80000fffffffc
bfff80000fffffffc
bfff80000fffffffc
bfff80000fffffffc
bfff80000fffffffc
bfff80000fffffffc
bfff80000fffffffc
bfff80000fffffffc
bfff80000fffffffc
bfff80000fffffffc
bfff80000fffffffc
bfff80000fffffffc
bfff80000fffffffc
bfff80000fffffffc
bfff80000fffffffc
bfff80000fffffffc
bfff80000fffffffc
bfff80000fffffffc
bfff80000fffffffc
bfff80000fffffffc
bfff80000fffffffc
bfff80000fffffffc
bfff80000fffffffc
bfff80000fffffffc
bfff80000fffffffc
bfff80000fffffffc
bfff80000fffffffc
bfff80000fffffffc
bfff80000fffffffc
bfff80000fffffffc
bfff80000fffffffc
bfff80000fffffffc
bfff80000fffffffc
bfff80000fffffffc
bfff80000fffffffc
bfff80000fffffffc
bfff80000fffffffc
bfff80000fffffffc
bfff80000fffffffc
bfff80000fffffffc
bfff80000fffffffc
bfff80000fffffffc
bfff80000fffffffc
bfff80000fffffffc
bfff80000fffffffc
bfff80000fffffffc
bfff80000fffffffc
bfff80000fffffffc
bfff80000fffffffc
bfff80000fffffffc
bfff80000fffffffc
bfff80000fffffffc
bfff80000fffffffc
bfff80000fffffffc
bfff80000fffffffc
bfff80000fffffffc
bfff80000fffffffc
bfff80000fffffffc
bfff80000fffffffc
bfff80000fffffffc
bfff80000fffffffc
bfff80000fffffffc
bfff80000fffffffc
bfff80000fffffffc
bfff80000fffffffc
bfff80000fffffffc
bfff80000fffffffc
bfff80000fffffffc
bfff80000fffffffc
bfff80000fffffffc
bfff80000fffffffc
bfff80000fffffffc
bfff80000fffffffc
bfff80000fffffffc
bfff80000fffffffc
bfff80000fffffffc
bfff80000fffffffc
bfff80000fffffffc
bfff80000fffffffc
bfff80000fffffffc
bfff80000fffffffc
bfff80000fffffffc
bfff80000fffffffc
bfff80000fffffffc
bfff80000fffffffc
bfff80000fffffffc
bfff80000fffffffc
bfff80000fffffffc
bfff80000fffffffc
bfff80000fffffffc
bfff80000fffffffc
bfff80000fffffffc
bfff80000fffffffc
bfff80000fffffffc
bfff80000fffffffc
bfff80000fffffffc
bfff80000fffffffc
bfff80000fffffffc
bfff80000fffffffc
bfff80000fffffffc
bfff80000fffffffc
bfff80000fffffffc
bfff80000fffffffc
bfff80000fffffffc
bfff80000fffffffc
bfff80000fffffffc
bfff80000fffffffc
bfff80000fffffffc
bfff80000fffffffc
bfff80000fffffffc
bfff80000fffffffc
bfff80000fffffffc
bfff80000fffffffc
bfff80000fffffffc
bfff80000fffffffc
bfff80000fffffffc
bfff80000fffffffc
bfff80000fffffffc
bfff80000fffffffc
bfff80000fffffffc
bfff80000fffffffc
bfff80000fffffffc
bfff80000fffffffc
bfff80000fffffffc
bfff80000fffffffc
bfff80000fffffffc
bfff80000fffffffc
bfff80000fffffffc
bfff80000fffffffc
bfff80000fffffffc
bfff80000fffffffc
bfff80000fffffffc
bfff80000fffffffc
bfff80000fffffffc
bfff80000fffffffc
bfff80000fffffffc
bfff80000fffffffc
bfff80000fffffffc
bfff80000fffffffc
bfff80000fffffffc
bfff80000fffffffc
bfff80000fffffffc
bfff80000fffffffc
bfff80000fffffffc
bfff80000fffffffc
bfff80000fffffffc
bfff80000fffffffc
bfff80000fffffffc
bfff80000fffffffc
bfff80000fffffffc
bfff80000fffffffc
bfff80000fffffffc
bfff80000fffffffc
bfff80000fffffffc
bfff80000fffffffc
bfff80000fffffffc
bfff80000fffffffc
bfff80000fffffffc
bfff80000fffffffc
bfff80000fffffffc
bfff80000fffffffc
bfff80000fffffffc
bfff80000fffffffc
bfff80000fffffffc
bfff80000fffffffc
bfff80000fffffffc
bfff80000fffffffc
bfff80000fffffffc
bfff80000fffffffc
bfff80000fffffffc
bfff80000fffffffc
bfff80000fffffffc
bfff80000fffffffc
bfff80000fffffffc
bfff80000fffffffc
bfff80000fffffffc
bfff80000fffffffc
bfff80000fffffffc
bfff80000fffffffc
bfff80000fffffffc
bfff80000fffffffc
bfff80000fffffffc
bfff80000fffffffc
bfff80000fffffffc
bfff80000fffffffc
bfff80000fffffffc
bfff80000fffffffc
bfff80000fffffffc
bfff80000fffffffc
bfff80000fffffffc
bfff80000fffffffc
bfff80000fffffffc
bfff80000fffffffc
bfff80000fffffffc
bfff80000fffffffc
bfff80000fffffffc
bfff80000fffffffc
bfff80000fffffffc
bfff80000fffffffc
bfff80000fffffffc
bfff80000fffffffc
bfff80000fffffffc
bfff80000fffffffc
bfff80000fffffffc
bfff80000fffffffc
bfff80000fffffffc
bfff80000fffffffc
bfff80000fffffffc
bfff80000fffffffc
bfff80000fffffffc
bfff80000fffffffc
bfff80000fffffffc
bfff80000fffffffc
bfff80000fffffffc
bfff80000fffffffc
bfff80000fffffffc
bfff80000fffffffc
bfff80000fffffffc
bfff80000fffffffc
bfff80000fffffffc
bfff80000fffffffc
bfff80000fffffffc
bfff80000fffffffc
bfff80000fffffffc
bfff80000fffffffc
bfff80000fffffffc
bfff80000fffffffc
bfff80000fffffffc
bfff80000fffffffc
bfff80000fffffffc
bfff80000fffffffc
bfff80000fffffffc
bfff80000fffffffc
bfff80000fffffffc
bfff80000fffffffc
bfff80000fffffffc
bfff80000fffffffc
bfff80000fffffffc
bfff80000fffffffc
bfff80000fffffffc
bfff80000fffffffc
bfff80000fffffffc
bfff80000fffffffc
bfff80000fffffffc
bfff80000fffffffc
bfff80000fffffffc
bfff80000fffffffc
bfff80000fffffffc
bfff80000fffffffc
bfff80000fffffffc
bfff80000fffffffc
bfff80000fffffffc
bfff80000fffffffc
bfff80000fffffffc
bfff80000fffffffc
bfff80000fffffffc
bfff80000fffffffc
bfff80000fffffffc
bfff80000fffffffc
bfff80000fffffffc
bfff80000fffffffc
bfff80000fffffffc
bfff80000fffffffc
bfff80000fffffffc
bfff80000fffffffc
bfff80000fffffffc
bfff80000fffffffc
bfff80000fffffffc
bfff80000fffffffc
bfff80000fffffffc
bfff80000fffffffc
bfff80000fffffffc
bfff80000fffffffc
bfff80000fffffffc
bfff80000fffffffc
bfff80000fffffffc
bfff80000fffffffc
bfff80000fffffffc
bfff80000fffffffc
bfff80000fffffffc
bfff80000fffffffc
bfff80000fffffffc
bfff80000fffffffc
bfff80000fffffffc
bfff80000fffffffc
bfff80000fffffffc
bfff80000fffffffc
bfff80000fffffffc
bfff80000fffffffc
bfff80000fffffffc
bfff80000fffffffc
bfff80000fffffffc
bfff80000fffffffc
bfff80000fffffffc
bfff80000fffffffc
bfff80000fffffffc
bfff80000fffffffc
bfff80000fffffffc
bfff80000fffffffc
bfff80000fffffffc
bfff80000fffffffc
bfff80000fffffffc
bfff80000fffffffc
bfff80000fffffffc
bfff80000fffffffc
bfff80000fffffffc
bfff80000fffffffc
bfff80000fffffffc
bfff80000fffffffc
bfff80000fffffffc
bfff80000fffffffc
bfff80000fffffffc
bfff80000fffffffc
bfff80000fffffffc
bfff80000fffffffc
bfff80000fffffffc
bfff80000fffffffc
bfff80000fffffffc
bfff80000fffffffc
bfff80000fffffffc
bfff80000fffffffc
bfff80000fffffffc
bfff80000fffffffc
bfff80000fffffffc
bfff80000fffffffc
bfff80000fffffffc
bfff80000fffffffc
bfff80000fffffffc
bfff80000fffffffc
bfff80000fffffffc
bfff80000fffffffc
bfff80000fffffffc
bfff80000fffffffc
bfff80000fffffffc
bfff80000fffffffc
bfff80000fffffffc
bfff80000fffffffc
bfff80000fffffffc
bfff80000fffffffc
bfff80000fffffffc
bfff80000fffffffc
bfff80000fffffffc
bfff80000fffffffc
bfff80000fffffffc
bfff80000fffffffc
bfff80000fffffffc
bfff80000fffffffc
bfff80000fffffffc
bfff80000fffffffc
bfff80000fffffffc
bfff80000fffffffc
bfff80000fffffffc
bfff80000fffffffc
bfff80000fffffffc
bfff80000fffffffc
bfff80000fffffffc
bfff80000fffffffc
bfff80000fffffffc
bfff80000fffffffc
bfff80000fffffffc
bfff80000fffffffc
bfff80000fffffffc
bfff80000fffffffc
bfff80000fffffffc
bfff80000fffffffc
bfff80000fffffffc
bfff80000fffffffc
bfff80000fffffffc
bfff80000fffffffc
bfff80000fffffffc
bfff80000fffffffc
bfff80000fffffffc
bfff80000fffffffc
bfff80000fffffffc
bfff80000fffffffc
bfff80000fffffffc
bfff80000fffffffc
bfff80000fffffffc
bfff80000fffffffc
bfff80000fffffffc
bfff80000fffffffc
bfff80000fffffffc
bfff80000fffffffc
bfff80000fffffffc
bfff80000fffffffc
bfff80000fffffffc
bfff80000fffffffc
bfff80000fffffffc
bfff80000fffffffc
bfff80000fffffffc
bfff80000fffffffc
bfff80000fffffffc
bfff80000fffffffc
bfff80000fffffffc
bfff80000fffffffc
bfff80000fffffffc
bfff80000fffffffc
bfff80000fffffffc
bfff80000fffffffc
bfff80000fffffffc
bfff80000fffffffc
bfff80000fffffffc
bfff80000fffffffc
bfff80000fffffffc
bfff80000fffffffc
bfff80000fffffffc
bfff80000fffffffc
bfff80000fffffffc
bfff80000fffffffc
bfff80000fffffffc
bfff80000fffffffc
bfff80000fffffffc
bfff80000fffffffc
bfff80000fffffffc
bfff80000fffffffc
bfff80000fffffffc
bfff80000fffffffc
bfff80000fffffffc
bfff80000fffffffc
bfff80000fffffffc
bfff80000fffffffc
bfff80000fffffffc
bfff80000fffffffc
bfff80000fffffffc
bfff80000fffffffc
bfff80000fffffffc
bfff80000fffffffc
bfff80000fffffffc
bfff80000fffffffc
bfff80000fffffffc
bfff80000fffffffc
bfff80000fffffffc
bfff80000fffffffc
bfff80000fffffffc
bfff80000fffffffc
bfff80000fffffffc
bfff80000fffffffc
bfff80000fffffffc
bfff80000fffffffc
bfff80000fffffffc
bfff80000fffffffc
bfff80000fffffffc
bfff80000fffffffc
bfff80000fffffffc
bfff80000fffffffc
bfff80000fffffffc
bfff80000fffffffc
bfff80000fffffffc
bfff80000fffffffc
bfff80000fffffffc
bfff80000fffffffc
bfff80000fffffffc
bfff80000fffffffc
bfff80000fffffffc
bfff80000fffffffc
bfff80000fffffffc
bfff80000fffffffc
bfff80000fffffffc
bfff80000fffffffc
bfff80000fffffffc
bfff80000fffffffc
bfff80000fffffffc
bfff80000fffffffc
bfff80000fffffffc
bfff80000fffffffc
bfff80000fffffffc
bfff80000fffffffc
bfff80000fffffffc
bfff80000fffffffc
bfff80000fffffffc
bfff80000fffffffc
bfff80000fffffffc
bfff80000fffffffc
bfff80000fffffffc
bfff80000fffffffc
bfff80000fffffffc
bfff80000fffffffc
bfff80000fffffffc
bfff80000fffffffc
bfff80000fffffffc
bfff80000fffffffc
bfff80000fffffffc
bfff80000fffffffc
bfff80000fffffffc
bfff80000fffffffc
bfff80000fffffffc
bfff80000fffffffc
bfff80000fffffffc
bfff80000fffffffc
bfff80000fffffffc
bfff80000fffffffc
bfff80000fffffffc
bfff80000fffffffc
bfff80000fffffffc
bfff80000fffffffc
bfff80000fffffffc
bfff80000fffffffc
bfff80000fffffffc
bfff80000fffffffc
bfff80000fffffffc
bfff80000fffffffc
bfff80000fffffffc
bfff80000fffffffc
bfff80000fffffffc
bfff80000fffffffc
bfff80000fffffffc
bfff80000fffffffc
bfff80000fffffffc
bfff80000fffffffc
bfff80000fffffffc
bfff80000fffffffc
bfff80000fffffffc
bfff80000fffffffc
bfff80000fffffffc
bfff80000fffffffc
bfff80000fffffffc
bfff80000fffffffc
bfff80000fffffffc
bfff80000fffffffc
bfff80000fffffffc
bfff80000fffffffc
bfff80000fffffffc
bfff80000fffffffc
bfff80000fffffffc
bfff80000fffffffc
bfff80000fffffffc
bfff80000fffffffc
bfff80000fffffffc
bfff80000fffffffc
bfff80000fffffffc
bfff80000fffffffc
bfff80000fffffffc
bfff80000fffffffc
bfff80000fffffffc
bfff80000fffffffc
bfff80000fffffffc
bfff80000fffffffc
bfff80000fffffffc
bfff80000fffffffc
bfff80000fffffffc
bfff80000fffffffc
bfff80000fffffffc
bfff80000fffffffc
bfff80000fffffffc
bfff80000fffffffc
bfff80000fffffffc
bfff80000fffffffc
bfff80000fffffffc
bfff80000fffffffc
bfff80000fffffffc
bfff80000fffffffc
bfff80000fffffffc
bfff80000fffffffc
bfff80000fffffffc
bfff80000fffffffc
bfff80000fffffffc
bfff80000fffffffc
bfff80000fffffffc
bfff80000fffffffc
bfff80000fffffffc
bfff80000fffffffc
bfff80000fffffffc
bfff80000fffffffc
bfff80000fffffffc
bfff80000fffffffc
bfff80000fffffffc
bfff80000fffffffc
bfff80000fffffffc
bfff80000fffffffc
bfff80000fffffffc
bfff80000fffffffc
bfff80000fffffffc
bfff80000fffffffc
bfff80000fffffffc
bfff80000fffffffc
bfff80000fffffffc
bfff80000fffffffc
bfff80000fffffffc
bfff80000fffffffc
bfff80000fffffffc
bfff80000fffffffc
bfff80000fffffffc
bfff80000fffffffc
bfff80000fffffffc
bfff80000fffffffc
bfff80000fffffffc
bfff80000fffffffc
bfff80000fffffffc
bfff80000fffffffc
bfff80000fffffffc
bfff80000fffffffc
bfff80000fffffffc
bfff80000fffffffc
bfff80000fffffffc
bfff80000fffffffc
bfff80000fffffffc
bfff80000fffffffc
bfff80000fffffffc
bfff80000fffffffc
bfff80000fffffffc
bfff80000fffffffc
bfff80000fffffffc
bfff80000fffffffc
bfff80000fffffffc
bfff80000fffffffc
bfff80000fffffffc
bfff80000fffffffc
bfff80000fffffffc
bfff80000fffffffc
bfff80000fffffffc
bfff80000fffffffc
bfff80000fffffffc
bfff80000fffffffc
bfff80000fffffffc
bfff80000fffffffc
bfff80000fffffffc
bfff80000fffffffc
bfff80000fffffffc
bfff80000fffffffc
bfff80000fffffffc
bfff80000fffffffc
bfff80000fffffffc
bfff80000fffffffc
bfff80000fffffffc
bfff80000fffffffc
bfff80000fffffffc
bfff80000fffffffc
bfff80000fffffffc
bfff80000fffffffc
bfff80000fffffffc
bfff80000fffffffc
bfff80000fffffffc
bfff80000fffffffc
bfff80000fffffffc
bfff80000fffffffc
bfff80000fffffffc
bfff80000fffffffc
bfff80000fffffffc
bfff80000fffffffc
bfff80000fffffffc
bfff80000fffffffc
bfff80000fffffffc
bfff80000fffffffc
bfff80000fffffffc
bfff80000fffffffc
bfff80000fffffffc
bfff80000fffffffc
bfff80000fffffffc
bfff80000fffffffc
bfff80000fffffffc
bfff80000fffffffc
bfff80000fffffffc
bfff80000fffffffc
bfff80000fffffffc
bfff80000fffffffc
bfff80000fffffffc
bfff80000fffffffc
bfff80000fffffffc
bfff80000fffffffc
bfff80000fffffffc
bfff80000fffffffc
bfff80000fffffffc
bfff80000fffffffc
bfff80000fffffffc
bfff80000fffffffc
bfff80000fffffffc
bfff80000fffffffc
bfff80000fffffffc
bfff80000fffffffc
bfff80000fffffffc
bfff80000fffffffc
bfff80000fffffffc
bfff80000fffffffc
bfff80000fffffffc
bfff80000fffffffc
bfff80000fffffffc
bfff80000fffffffc
bfff80000fffffffc
bfff80000fffffffc
bfff80000fffffffc
bfff80000fffffffc
bfff80000fffffffc
bfff80000fffffffc
bfff80000fffffffc
bfff80000fffffffc
bfff80000fffffffc
bfff80000fffffffc
bfff80000fffffffc
bfff80000fffffffc
bfff80000fffffffc
bfff80000fffffffc
bfff80000fffffffc
bfff80000fffffffc
bfff80000fffffffc
bfff80000fffffffc
bfff80000fffffffc
bfff80000fffffffc
bfff80000fffffffc
bfff80000fffffffc
bfff80000fffffffc
bfff80000fffffffc
bfff80000fffffffc
bfff80000fffffffc
bfff80000fffffffc
bfff80000fffffffc
bfff80000fffffffc
bfff80000fffffffc
bfff80000fffffffc
bfff80000fffffffc
bfff80000fffffffc
bfff80000fffffffc
bfff80000fffffffc
bfff80000fffffffc
bfff80000fffffffc
bfff80000fffffffc
bfff80000fffffffc
bfff80000fffffffc
bfff80000fffffffc
bfff80000fffffffc
bfff80000fffffffc
bfff80000fffffffc
bfff80000fffffffc
bfff80000fffffffc
bfff80000fffffffc
bfff80000fffffffc
bfff80000fffffffc
bfff80000fffffffc
bfff80000fffffffc
bfff80000fffffffc
bfff80000fffffffc
bfff80000fffffffc
bfff80000fffffffc
bfff80000fffffffc
bfff80000fffffffc
bfff80000fffffffc
bfff80000fffffffc
bfff80000fffffffc
bfff80000fffffffc
bfff80000fffffffc
bfff80000fffffffc
bfff80000fffffffc
bfff80000fffffffc
bfff80000fffffffc
bfff80000fffffffc
bfff80000fffffffc
bfff80000fffffffc
bfff80000fffffffc
bfff80000fffffffc
bfff80000fffffffc
bfff80000fffffffc
bfff80000fffffffc
bfff80000fffffffc
bfff80000fffffffc
bfff80000fffffffc
bfff80000fffffffc
bfff80000fffffffc
bfff80000fffffffc
bfff80000fffffffc
bfff80000fffffffc
bfff80000fffffffc
bfff80000fffffffc
bfff80000fffffffc
bfff80000fffffffc
bfff80000fffffffc
bfff80000fffffffc
bfff80000fffffffc
bfff80000fffffffc
bfff80000fffffffc
bfff80000fffffffc
bfff80000fffffffc
bfff80000fffffffc
bfff80000fffffffc
bfff80000fffffffc
bfff80000fffffffc
bfff80000fffffffc
bfff80000fffffffc
bfff80000fffffffc
bfff80000fffffffc
bfff80000fffffffc
bfff80000fffffffc
bfff80000fffffffc
bfff80000fffffffc
bfff80000fffffffc
bfff80000fffffffc
bfff80000fffffffc
bfff80000fffffffc
bfff80000fffffffc
bfff80000fffffffc
bfff80000fffffffc
bfff80000fffffffc
bfff80000fffffffc
bfff80000fffffffc
bfff80000fffffffc
bfff80000fffffffc
bfff80000fffffffc
bfff80000fffffffc
bfff80000fffffffc
bfff80000fffffffc
bfff80000fffffffc
bfff80000fffffffc
bfff80000fffffffc
bfff80000fffffffc
bfff80000fffffffc
bfff80000fffffffc
bfff80000fffffffc
bfff80000fffffffc
bfff80000fffffffc
bfff80000fffffffc
bfff80000fffffffc
bfff80000fffffffc
bfff80000fffffffc
bfff80000fffffffc
bfff80000fffffffc
bfff80000fffffffc
bfff80000fffffffc
bfff80000fffffffc
bfff80000fffffffc
bfff80000fffffffc
bfff80000fffffffc
bfff80000fffffffc
bfff80000fffffffc
bfff80000fffffffc
bfff80000fffffffc
bfff80000fffffffc
bfff80000fffffffc
bfff80000fffffffc
bfff80000fffffffc
bfff80000fffffffc
bfff80000fffffffc
bfff80000fffffffc
bfff80000fffffffc
bfff80000fffffffc
bfff80000fffffffc
bfff80000fffffffc
bfff80000fffffffc
bfff80000fffffffc
bfff80000fffffffc
bfff80000fffffffc
bfff80000fffffffc
bfff80000fffffffc
bfff80000fffffffc
bfff80000fffffffc
bfff80000fffffffc
bfff80000fffffffc
bfff80000fffffffc
bfff80000fffffffc
bfff80000fffffffc
bfff80000fffffffc
bfff80000fffffffc
bfff80000fffffffc
bfff80000fffffffc
bfff80000fffffffc
bfff80000fffffffc
bfff80000fffffffc
bfff80000fffffffc
bfff80000fffffffc
bfff80000fffffffc
bfff80000fffffffc
bfff80000fffffffc
bfff80000fffffffc
bfff80000fffffffc
bfff80000fffffffc
bfff80000fffffffc
bfff80000fffffffc
bfff80000fffffffc
bfff80000fffffffc
bfff80000fffffffc
bfff80000fffffffc
bfff80000fffffffc
bfff80000fffffffc
bfff80000fffffffc
bfff80000fffffffc
bfff80000fffffffc
bfff80000fffffffc
bfff80000fffffffc
bfff80000fffffffc
bfff80000fffffffc
bfff80000fffffffc
bfff80000fffffffc
bfff80000fffffffc
bfff80000fffffffc
bfff80000fffffffc
bfff80000fffffffc
bfff80000fffffffc
bfff80000fffffffc
bfff80000fffffffc
bfff80000fffffffc
bfff80000fffffffc
bfff80000fffffffc
bfff80000fffffffc
bfff80000fffffffc
bfff80000fffffffc
bfff80000fffffffc
bfff80000fffffffc
bfff80000fffffffc
bfff80000fffffffc
bfff80000fffffffc
bfff80000fffffffc
bfff80000fffffffc
bfff80000fffffffc
bfff80000fffffffc
bfff80000fffffffc
bfff80000fffffffc
bfff80000fffffffc
bfff80000fffffffc
bfff80000fffffffc
bfff80000fffffffc
bfff80000fffffffc
bfff80000fffffffc
bfff80000fffffffc
bfff80000fffffffc
bfff80000fffffffc
bfff80000fffffffc
bfff80000fffffffc
bfff80000fffffffc
bfff80000fffffffc
bfff80000fffffffc
bfff80000fffffffc
bfff80000fffffffc
bfff80000fffffffc
bfff80000fffffffc
bfff80000fffffffc
bfff80000fffffffc
bfff80000fffffffc
bfff80000fffffffc
bfff80000fffffffc
bfff80000fffffffc
bfff80000fffffffc
bfff80000fffffffc
bfff80000fffffffc
bfff80000fffffffc
bfff80000fffffffc
bfff80000fffffffc
bfff80000fffffffc
bfff80000fffffffc
bfff80000fffffffc
bfff80000fffffffc
bfff80000fffffffc
bfff80000fffffffc
bfff80000fffffffc
bfff80000fffffffc
bfff80000fffffffc
bfff80000fffffffc
bfff80000fffffffc
bfff80000fffffffc
bfff80000fffffffc
bfff80000fffffffc
bfff80000fffffffc
bfff80000fffffffc
bfff80000fffffffc
bfff80000fffffffc
bfff80000fffffffc
bfff80000fffffffc
bfff80000fffffffc
bfff80000fffffffc
bfff80000fffffffc
bfff80000fffffffc
bfff80000fffffffc
bfff80000fffffffc
bfff80000fffffffc
bfff80000fffffffc
bfff80000fffffffc
bfff80000fffffffc
bfff80000fffffffc
bfff80000fffffffc
bfff80000fffffffc
bfff80000fffffffc
bfff80000fffffffc
bfff80000fffffffc
bfff80000fffffffc
bfff80000fffffffc
bfff80000fffffffc
bfff80000fffffffc
bfff80000fffffffc
bfff80000fffffffc
bfff80000fffffffc
bfff80000fffffffc
bfff80000fffffffc
bfff80000fffffffc
bfff80000fffffffc
bfff80000fffffffc
bfff80000fffffffc
bfff80000fffffffc
bfff80000fffffffc
bfff80000fffffffc
bfff80000fffffffc
bfff80000fffffffc
bfff80000fffffffc
bfff80000fffffffc
bfff80000fffffffc
bfff80000fffffffc
bfff80000fffffffc
bfff80000fffffffc
bfff80000fffffffc
bfff80000fffffffc
bfff80000fffffffc
bfff80000fffffffc
bfff80000fffffffc
bfff80000fffffffc
bfff80000fffffffc
bfff80000fffffffc
bfff80000fffffffc
bfff80000fffffffc
bfff80000fffffffc
bfff80000fffffffc
bfff80000fffffffc
bfff80000fffffffc
bfff80000fffffffc
bfff80000fffffffc
bfff80000fffffffc
bfff80000fffffffc
bfff80000fffffffc
bfff80000fffffffc
bfff80000fffffffc
bfff80000fffffffc
bfff80000fffffffc
bfff80000fffffffc
bfff80000fffffffc
bfff80000fffffffc
bfff80000fffffffc
bfff80000fffffffc
bfff80000fffffffc
bfff80000fffffffc
bfff80000fffffffc
bfff80000fffffffc
bfff80000fffffffc
bfff80000fffffffc
bfff80000fffffffc
bfff80000fffffffc
bfff80000fffffffc
bfff80000fffffffc
bfff80000fffffffc
bfff80000fffffffc
bfff80000fffffffc
bfff80000fffffffc
bfff80000fffffffc
bfff80000fffffffc
bfff80000fffffffc
bfff80000fffffffc
bfff80000fffffffc
bfff80000fffffffc
bfff80000fffffffc
bfff80000fffffffc
bfff80000fffffffc
bfff80000fffffffc
bfff80000fffffffc
bfff80000fffffffc
bfff80000fffffffc
bfff80000fffffffc
bfff80000fffffffc
bfff80000fffffffc
bfff80000fffffffc
bfff80000fffffffc
bfff80000fffffffc
bfff80000fffffffc
bfff80000fffffffc
bfff80000fffffffc
bfff80000fffffffc
bfff80000fffffffc
bfff80000fffffffc
bfff80000fffffffc
bfff80000fffffffc
bfff80000fffffffc
bfff80000fffffffc
bfff80000fffffffc
bfff80000fffffffc
bfff80000fffffffc
bfff80000fffffffc
bfff80000fffffffc
bfff80000fffffffc
bfff80000fffffffc
bfff80000fffffffc
bfff80000fffffffc
bfff80000fffffffc
bfff80000fffffffc
bfff80000fffffffc
bfff80000fffffffc
bfff80000fffffffc
bfff80000fffffffc
bfff80000fffffffc
bfff80000fffffffc
bfff80000fffffffc
bfff80000fffffffc
bfff80000fffffffc
bfff80000fffffffc
bfff80000fffffffc
bfff80000fffffffc
bfff80000fffffffc
bfff80000fffffffc
bfff80000fffffffc
bfff80000fffffffc
bfff80000fffffffc
bfff80000fffffffc
bfff80000fffffffc
bfff80000fffffffc
bfff80000fffffffc
bfff80000fffffffc
bfff80000fffffffc
bfff80000fffffffc
bfff80000fffffffc
bfff80000fffffffc
bfff80000fffffffc
bfff80000fffffffc
bfff80000fffffffc
bfff80000fffffffc
bfff80000fffffffc
bfff80000fffffffc
bfff80000fffffffc
bfff80000fffffffc
bfff80000fffffffc
bfff80000fffffffc
bfff80000fffffffc
bfff80000fffffffc
bfff80000fffffffc
bfff80000fffffffc
bfff80000fffffffc
bfff80000fffffffc
bfff80000fffffffc
bfff80000fffffffc
bfff80000fffffffc
bfff80000fffffffc
bfff80000fffffffc
bfff80000fffffffc
bfff80000fffffffc
bfff80000fffffffc
bfff80000fffffffc
bfff80000fffffffc
bfff80000fffffffc
bfff80000fffffffc
bfff80000fffffffc
bfff80000fffffffc
bfff80000fffffffc
bfff80000fffffffc
bfff80000fffffffc
bfff80000fffffffc
bfff80000fffffffc
bfff80000fffffffc
bfff80000fffffffc
bfff80000fffffffc
bfff80000fffffffc
bfff80000fffffffc
bfff80000fffffffc
bfff80000fffffffc
bfff80000fffffffc
bfff80000fffffffc
bfff80000fffffffc
bfff80000fffffffc
bfff80000fffffffc
bfff80000fffffffc
bfff80000fffffffc
bfff80000fffffffc
bfff80000fffffffc
bfff80000fffffffc
bfff80000fffffffc
bfff80000fffffffc
bfff80000fffffffc
bfff80000fffffffc
bfff80000fffffffc
bfff80000fffffffc
bfff80000fffffffc
bfff80000fffffffc
bfff80000fffffffc
bfff80000fffffffc
bfff80000fffffffc
bfff80000fffffffc
bfff80000fffffffc
bfff80000fffffffc
bfff80000fffffffc
bfff80000fffffffc
bfff80000fffffffc
bfff80000fffffffc
bfff80000fffffffc
bfff80000fffffffc
bfff80000fffffffc
bfff80000fffffffc
bfff80000fffffffc
bfff80000fffffffc
bfff80000fffffffc
bfff80000fffffffc
bfff80000fffffffc
bfff80000fffffffc
bfff80000fffffffc
bfff80000fffffffc
bfff80000fffffffc
bfff80000fffffffc
bfff80000fffffffc
bfff80000fffffffc
bfff80000fffffffc
bfff80000fffffffc
bfff80000fffffffc
bfff80000fffffffc
bfff80000fffffffc
bfff80000fffffffc
bfff80000fffffffc
bfff80000fffffffc
bfff80000fffffffc
bfff80000fffffffc
bfff80000fffffffc
bfff80000fffffffc
bfff80000fffffffc
bfff80000fffffffc
bfff80000fffffffc
bfff80000fffffffc
bfff80000fffffffc
bfff80000fffffffc
bfff80000fffffffc
bfff80000fffffffc
bfff80000fffffffc
bfff80000fffffffc
bfff80000fffffffc
bfff80000fffffffc
bfff80000fffffffc
bfff80000fffffffc
bfff80000fffffffc
bfff80000fffffffc
bfff80000fffffffc
bfff80000fffffffc
bfff80000fffffffc
bfff80000fffffffc
bfff80000fffffffc
bfff80000fffffffc
bfff80000fffffffc
bfff80000fffffffc
bfff80000fffffffc
bfff80000fffffffc
bfff80000fffffffc
bfff80000fffffffc
bfff80000fffffffc
bfff80000fffffffc
bfff80000fffffffc
bfff80000fffffffc
bfff80000fffffffc
bfff80000fffffffc
bfff80000fffffffc
bfff80000fffffffc
bfff80000fffffffc
bfff80000fffffffc
bfff80000fffffffc
bfff80000fffffffc
bfff80000fffffffc
bfff80000fffffffc
bfff80000fffffffc
bfff80000fffffffc
bfff80000fffffffc
bfff80000fffffffc
bfff80000fffffffc
bfff80000fffffffc
bfff80000fffffffc
bfff80000fffffffc
bfff80000fffffffc
bfff80000fffffffc
bfff80000fffffffc
bfff80000fffffffc
bfff80000fffffffc
bfff80000fffffffc
bfff80000fffffffc
bfff80000fffffffc
bfff80000fffffffc
bfff80000fffffffc
bfff80000fffffffc
bfff80000fffffffc
bfff80000fffffffc
bfff80000fffffffc
bfff80000fffffffc
bfff80000fffffffc
bfff80000fffffffc
bfff80000fffffffc
bfff80000fffffffc
bfff80000fffffffc
bfff80000fffffffc
bfff80000fffffffc
bfff80000fffffffc
bfff80000fffffffc
bfff80000fffffffc
bfff80000fffffffc
bfff80000fffffffc
bfff80000fffffffc
bfff80000fffffffc
bfff80000fffffffc
bfff80000fffffffc
bfff80000fffffffc
bfff80000fffffffc
bfff80000fffffffc
bfff80000fffffffc
bfff80000fffffffc
bfff80000fffffffc
bfff80000fffffffc
bfff80000fffffffc
bfff80000fffffffc
bfff80000fffffffc
bfff80000fffffffc
bfff80000fffffffc
bfff80000fffffffc
bfff80000fffffffc
bfff80000fffffffc
bfff80000fffffffc
bfff80000fffffffc
bfff80000fffffffc
bfff80000fffffffc
bfff80000fffffffc
bfff80000fffffffc
bfff80000fffffffc
bfff80000fffffffc
bfff80000fffffffc
bfff80000fffffffc
bfff80000fffffffc
bfff80000fffffffc
bfff80000fffffffc
bfff80000fffffffc
bfff80000fffffffc
bfff80000fffffffc
bfff80000fffffffc
bfff80000fffffffc
bfff80000fffffffc
bfff80000fffffffc
bfff80000fffffffc
bfff80000fffffffc
bfff80000fffffffc
bfff80000fffffffc
bfff80000fffffffc
bfff80000fffffffc
bfff80000fffffffc
bfff80000fffffffc
bfff80000fffffffc
bfff80000fffffffc
bfff80000fffffffc
bfff80000fffffffc
bfff80000fffffffc
bfff80000fffffffc
bfff80000fffffffc
bfff80000fffffffc
bfff80000fffffffc
bfff80000fffffffc
bfff80000fffffffc
bfff80000fffffffc
bfff80000fffffffc
bfff80000fffffffc
bfff80000fffffffc
bfff80000fffffffc
bfff80000fffffffc
bfff80000fffffffc
bfff80000fffffffc
bfff80000fffffffc
bfff80000fffffffc
bfff80000fffffffc
bfff80000fffffffc
bfff80000fffffffc
bfff80000fffffffc
bfff80000fffffffc
bfff80000fffffffc
bfff80000fffffffc
bfff80000fffffffc
bfff80000fffffffc
bfff80000fffffffc
bfff80000fffffffc
bfff80000fffffffc
bfff80000fffffffc
bfff80000fffffffc
bfff80000fffffffc
bfff80000fffffffc
bfff80000fffffffc
bfff80000fffffffc
bfff80000fffffffc
bfff80000fffffffc
bfff80000fffffffc
bfff80000fffffffc
bfff80000fffffffc
bfff80000fffffffc
bfff80000fffffffc
bfff80000fffffffc
bfff80000fffffffc
bfff80000fffffffc
bfff80000fffffffc
bfff80000fffffffc
bfff80000fffffffc
bfff80000fffffffc
bfff80000fffffffc
bfff80000fffffffc
bfff80000fffffffc
bfff80000fffffffc
bfff80000fffffffc
bfff80000fffffffc
bfff80000fffffffc
bfff80000fffffffc
bfff80000fffffffc
bfff80000fffffffc
bfff80000fffffffc
bfff80000fffffffc
bfff80000fffffffc
bfff80000fffffffc
bfff80000fffffffc
bfff80000fffffffc
bfff80000fffffffc
bfff80000fffffffc
bfff80000fffffffc
bfff80000fffffffc
bfff80000fffffffc
bfff80000fffffffc
bfff80000fffffffc
bfff80000fffffffc
bfff80000fffffffc
bfff80000fffffffc
bfff80000fffffffc
bfff80000fffffffc
bfff80000fffffffc
bfff80000fffffffc
bfff80000fffffffc
bfff80000fffffffc
bfff80000fffffffc
bfff80000fffffffc
bfff80000fffffffc
bfff80000fffffffc
bfff80000fffffffc
bfff80000fffffffc
bfff80000fffffffc
bfff80000fffffffc
bfff80000fffffffc
bfff80000fffffffc
bfff80000fffffffc
bfff80000fffffffc
bfff80000fffffffc
bfff80000fffffffc
bfff80000fffffffc
bfff80000fffffffc
bfff80000fffffffc
bfff80000fffffffc
bfff80000fffffffc
bfff80000fffffffc
bfff80000fffffffc
bfff80000fffffffc
bfff80000fffffffc
bfff80000fffffffc
bfff80000fffffffc
bfff80000fffffffc
bfff80000fffffffc
bfff80000fffffffc
bfff80000fffffffc
bfff80000fffffffc
bfff80000fffffffc
bfff80000fffffffc
bfff80000fffffffc
bfff80000fffffffc
bfff80000fffffffc
bfff80000fffffffc
bfff80000fffffffc
bfff80000fffffffc
bfff80000fffffffc
bfff80000fffffffc
bfff80000fffffffc
bfff80000fffffffc
bfff80000fffffffc
bfff80000fffffffc
bfff80000fffffffc
bfff80000fffffffc
bfff80000fffffffc
bfff80000fffffffc
bfff80000fffffffc
bfff80000fffffffc
bfff80000fffffffc
bfff80000fffffffc
bfff80000fffffffc
bfff80000fffffffc
bfff80000fffffffc
bfff80000fffffffc
bfff80000fffffffc
bfff80000fffffffc
bfff80000fffffffc
bfff80000fffffffc
bfff80000fffffffc
bfff80000fffffffc
bfff80000fffffffc
bfff80000fffffffc
bfff80000fffffffc
bfff80000fffffffc
bfff80000fffffffc
bfff80000fffffffc
bfff80000fffffffc
bfff80000fffffffc
bfff80000fffffffc
bfff80000fffffffc
bfff80000fffffffc
bfff80000fffffffc
bfff80000fffffffc
bfff80000fffffffc
bfff80000fffffffc
bfff80000fffffffc
bfff80000fffffffc
bfff80000fffffffc
bfff80000fffffffc
bfff80000fffffffc
bfff80000fffffffc
bfff80000fffffffc
bfff80000fffffffc
bfff80000fffffffc
bfff80000fffffffc
bfff80000fffffffc
bfff80000fffffffc
bfff80000fffffffc
bfff80000fffffffc
bfff80000fffffffc
bfff80000fffffffc
bfff80000fffffffc
bfff80000fffffffc
bfff80000fffffffc
bfff80000fffffffc
bfff80000fffffffc
bfff80000fffffffc
bfff80000fffffffc
bfff80000fffffffc
bfff80000fffffffc
bfff80000fffffffc
bfff80000fffffffc
bfff80000fffffffc
bfff80000fffffffc
bfff80000fffffffc
bfff80000fffffffc
bfff80000fffffffc
bfff80000fffffffc
bfff80000fffffffc
bfff80000fffffffc
bfff80000fffffffc
bfff80000fffffffc
bfff80000fffffffc
bfff80000fffffffc
bfff80000fffffffc
bfff80000fffffffc
bfff80000fffffffc
bfff80000fffffffc
bfff80000fffffffc
bfff80000fffffffc
bfff80000fffffffc
bfff80000fffffffc
bfff80000fffffffc
bfff80000fffffffc
bfff80000fffffffc
bfff80000fffffffc
bfff80000fffffffc
bfff80000fffffffc
bfff80000fffffffc
bfff80000fffffffc
bfff80000fffffffc
bfff80000fffffffc
bfff80000fffffffc
bfff80000fffffffc
bfff80000fffffffc
bfff80000fffffffc
bfff80000fffffffc
bfff80000fffffffc
bfff80000fffffffc
bfff80000fffffffc
bfff80000fffffffc
bfff80000fffffffc
bfff80000fffffffc
bfff80000fffffffc
bfff80000fffffffc
bfff80000fffffffc
bfff80000fffffffc
bfff80000fffffffc
bfff80000fffffffc
bfff80000fffffffc
bfff80000fffffffc
bfff80000fffffffc
bfff80000fffffffc
bfff80000fffffffc
bfff80000fffffffc
bfff80000fffffffc
bfff80000fffffffc
bfff80000fffffffc
bfff80000fffffffc
bfff80000fffffffc
bfff80000fffffffc
bfff80000fffffffc
bfff80000fffffffc
bfff80000fffffffc
bfff80000fffffffc
bfff80000fffffffc
bfff80000fffffffc
bfff80000fffffffc
bfff80000fffffffc
bfff80000fffffffc
bfff80000fffffffc
bfff80000fffffffc
bfff80000fffffffc
bfff80000fffffffc
bfff80000fffffffc
bfff80000fffffffc
bfff80000fffffffc
bfff80000fffffffc
bfff80000fffffffc
bfff80000fffffffc
bfff80000fffffffc
bfff80000fffffffc
bfff80000fffffffc
bfff80000fffffffc
bfff80000fffffffc
bfff80000fffffffc
bfff80000fffffffc
bfff80000fffffffc
bfff80000fffffffc
bfff80000fffffffc
bfff80000fffffffc
bfff80000fffffffc
bfff80000fffffffc
bfff80000fffffffc
bfff80000fffffffc
bfff80000fffffffc
bfff80000fffffffc
bfff80000fffffffc
bfff80000fffffffc
bfff80000fffffffc
bfff80000fffffffc
bfff80000fffffffc
bfff80000fffffffc
bfff80000fffffffc
bfff80000fffffffc
bfff80000fffffffc
bfff80000fffffffc
bfff80000fffffffc
bfff80000fffffffc
bfff80000fffffffc
bfff80000fffffffc
bfff80000fffffffc
bfff80000fffffffc
bfff80000fffffffc
bfff80000fffffffc
bfff80000fffffffc
bfff80000fffffffc
bfff80000fffffffc
bfff80000fffffffc
bfff80000fffffffc
bfff80000fffffffc
bfff80000fffffffc
bfff80000fffffffc
bfff80000fffffffc
bfff80000fffffffc
bfff80000fffffffc
bfff80000fffffffc
bfff80000fffffffc
bfff80000fffffffc
bfff80000fffffffc
bfff80000fffffffc
bfff80000fffffffc
bfff80000fffffffc
bfff80000fffffffc
bfff80000fffffffc
bfff80000fffffffc
bfff80000fffffffc
bfff80000fffffffc
bfff80000fffffffc
bfff80000fffffffc
bfff80000fffffffc
bfff80000fffffffc
bfff80000fffffffc
bfff80000fffffffc
bfff80000fffffffc
bfff80000fffffffc
bfff80000fffffffc
bfff80000fffffffc
bfff80000fffffffc
bfff80000fffffffc
bfff80000fffffffc
bfff80000fffffffc
bfff80000fffffffc
bfff80000fffffffc
bfff80000fffffffc
bfff80000fffffffc
bfff80000fffffffc
bfff80000fffffffc
bfff80000fffffffc
bfff80000fffffffc
bfff80000fffffffc
bfff80000fffffffc
bfff80000fffffffc
bfff80000fffffffc
bfff80000fffffffc
bfff80000fffffffc
bfff80000fffffffc
bfff80000fffffffc
bfff80000fffffffc
bfff80000fffffffc
bfff80000fffffffc
bfff80000fffffffc
bfff80000fffffffc
bfff80000fffffffc
bfff80000fffffffc
bfff80000fffffffc
bfff80000fffffffc
bfff80000fffffffc
bfff80000fffffffc
bfff80000fffffffc
bfff80000fffffffc
bfff80000fffffffc
bfff80000fffffffc
bfff80000fffffffc
bfff80000fffffffc
bfff80000fffffffc
bfff80000fffffffc
bfff80000fffffffc
bfff80000fffffffc
bfff80000fffffffc
bfff80000fffffffc
bfff80000fffffffc
bfff80000fffffffc
bfff80000fffffffc
bfff80000fffffffc
bfff80000fffffffc
bff6000990025ffd6
c0d3bf2bcfcaf034d
bcd2c32cd0cb2f349
c2d9bd25cf4970b65
18f5e70979c2663d7
475f789fae2801d7e
3f5380abb02affd4e
3fdcc0227008aff73
40023ffcefff50009
3fffffff2fffe0000
3fffffff2fffe0000
3fffffff2fffe0000
3fffffff2fffe0000
3fffffff2fffe0000
3fffffff2fffe0000
3fffffff2fffe0000
3fffffff2fffe0000
3fffffff2fffe0000
3fffffff2fffe0000
3fffffff2fffe0000
3fffffff2fffe0000
3fffffff2fffe0000
3fffffff2fffe0000
3fffffff2fffe0000
3fffffff2fffe0000
3fffffff2fffe0000
3fffffff2fffe0000
3fffffff2fffe0000
3fffffff2fffe0000
3fffffff2fffe0000
3fffffff2fffe0000
3fffffff2fffe0000
3fffffff2fffe0000
3fffffff2fffe0000
3fffffff2fffe0000
3fffffff2fffe0000
3fffffff2fffe0000
3fffffff2fffe0000
3fffffff2fffe0000
3fffffff2fffe0000
3fffffff2fffe0000
3fffffff2fffe0000
3fffffff2fffe0000
3fffffff2fffe0000
3fffffff2fffe0000
3fffffff2fffe0000
3fffffff2fffe0000
3fffffff2fffe0000
3fffffff2fffe0000
3fffffff2fffe0000
3fffffff2fffe0000
3fffffff2fffe0000
3fffffff2fffe0000
3fffffff2fffe0000
3fffffff2fffe0000
3fffffff2fffe0000
3fffffff2fffe0000
3fffffff2fffe0000
3fffffff2fffe0000
3fffffff2fffe0000
3fffffff2fffe0000
3fffffff2fffe0000
3fffffff2fffe0000
3fffffff2fffe0000
3fffffff2fffe0000
3fffffff2fffe0000
3fffffff2fffe0000
3fffffff2fffe0000
3fffffff2fffe0000
3fffffff2fffe0000
3fffffff2fffe0000
3fffffff2fffe0000
3fffffff2fffe0000
3fffffff2fffe0000
3fffffff2fffe0000
3fffffff2fffe0000
3fffffff2fffe0000
3fffffff2fffe0000
3fffffff2fffe0000
3fffffff2fffe0000
3fffffff2fffe0000
3fffffff2fffe0000
3fffffff2fffe0000
3fffffff2fffe0000
3fffffff2fffe0000
3fffffff2fffe0000
3fffffff2fffe0000
3fffffff2fffe0000
3fffffff2fffe0000
3fffffff2fffe0000
3fffffff2fffe0000
3fffffff2fffe0000
3fffffff2fffe0000
3fffffff2fffe0000
3fffffff2fffe0000
3fffffff2fffe0000
3fffffff2fffe0000
3fffffff2fffe0000
3fffffff2fffe0000
3fffffff2fffe0000
3fffffff2fffe0000
3fffffff2fffe0000
3fffffff2fffe0000
3fffffff2fffe0000
3fffffff2fffe0000
3fffffff2fffe0000
3fffffff2fffe0000
3fffffff2fffe0000
3fffffff2fffe0000
3fffffff2fffe0000
3fffffff2fffe0000
3fffffff2fffe0000
3fffffff2fffe0000
3fffffff2fffe0000
3fffffff2fffe0000
3fffffff2fffe0000
3fffffff2fffe0000
3fffffff2fffe0000
3fffffff2fffe0000
3fffffff2fffe0000
3fffffff2fffe0000
3fffffff2fffe0000
3fffffff2fffe0000
3fffffff2fffe0000
3fffffff2fffe0000
3fffffff2fffe0000
3fffffff2fffe0000
3fffffff2fffe0000
3fffffff2fffe0000
3fffffff2fffe0000
3fffffff2fffe0000
3fffffff2fffe0000
3fffffff2fffe0000
3fffffff2fffe0000
3fffffff2fffe0000
3fffffff2fffe0000
3fffffff2fffe0000
3fffffff2fffe0000
3fffffff2fffe0000
3fffffff2fffe0000
3fffffff2fffe0000
3fffffff2fffe0000
3fffffff2fffe0000
3fffffff2fffe0000
3fffffff2fffe0000
3fffffff2fffe0000
3fffffff2fffe0000
3fffffff2fffe0000
3fffffff2fffe0000
3fffffff2fffe0000
3fffffff2fffe0000
3fffffff2fffe0000
3fffffff2fffe0000
3fffffff2fffe0000
3fffffff2fffe0000
3fffffff2fffe0000
3fffffff2fffe0000
3fffffff2fffe0000
3fffffff2fffe0000
3fffffff2fffe0000
3fffffff2fffe0000
3fffffff2fffe0000
3fffffff2fffe0000
3fffffff2fffe0000
3fffffff2fffe0000
3fffffff2fffe0000
3fffffff2fffe0000
3fffffff2fffe0000
3fffffff2fffe0000
3fffffff2fffe0000
3fffffff2fffe0000
3fffffff2fffe0000
3fffffff2fffe0000
3fffffff2fffe0000
3fffffff2fffe0000
3fffffff2fffe0000
3fffffff2fffe0000
3fffffff2fffe0000
3fffffff2fffe0000
3fffffff2fffe0000
3fffffff2fffe0000
3fffffff2fffe0000
3fffffff2fffe0000
3fffffff2fffe0000
3fffffff2fffe0000
3fffffff2fffe0000
3fffffff2fffe0000
3fffffff2fffe0000
3fffffff2fffe0000
3fffffff2fffe0000
3fffffff2fffe0000
3fffffff2fffe0000
3fffffff2fffe0000
3fffffff2fffe0000
3fffffff2fffe0000
3fffffff2fffe0000
3fffffff2fffe0000
3fffffff2fffe0000
3fffffff2fffe0000
3fffffff2fffe0000
3fffffff2fffe0000
3fffffff2fffe0000
3fffffff2fffe0000
3fffffff2fffe0000
3fffffff2fffe0000
3fffffff2fffe0000
3fffffff2fffe0000
3fffffff2fffe0000
3fffffff2fffe0000
3fffffff2fffe0000
3fffffff2fffe0000
3fffffff2fffe0000
3fffffff2fffe0000
3fffffff2fffe0000
3fffffff2fffe0000
3fffffff2fffe0000
3fffffff2fffe0000
3fffffff2fffe0000
3fffffff2fffe0000
3fffffff2fffe0000
3fffffff2fffe0000
3fffffff2fffe0000
3fffffff2fffe0000
3fffffff2fffe0000
3fffffff2fffe0000
3fffffff2fffe0000
3fffffff2fffe0000
3fffffff2fffe0000
3fffffff2fffe0000
3fffffff2fffe0000
3fffffff2fffe0000
3fffffff2fffe0000
3fffffff2fffe0000
3fffffff2fffe0000
3fffffff2fffe0000
3fffffff2fffe0000
3fffffff2fffe0000
3fffffff2fffe0000
3fffffff2fffe0000
3fffffff2fffe0000
3fffffff2fffe0000
3fffffff2fffe0000
3fffffff2fffe0000
3fffffff2fffe0000
3fffffff2fffe0000
3fffffff2fffe0000
3fffffff2fffe0000
3fffffff2fffe0000
3fffffff2fffe0000
3fffffff2fffe0000
3fffffff2fffe0000
3fffffff2fffe0000
3fffffff2fffe0000
3fffffff2fffe0000
3fffffff2fffe0000
3fffffff2fffe0000
3fffffff2fffe0000
3fffffff2fffe0000
3fffffff2fffe0000
3fffffff2fffe0000
3fffffff2fffe0000
3fffffff2fffe0000
3fffffff2fffe0000
3fffffff2fffe0000
3fffffff2fffe0000
3fffffff2fffe0000
3fffffff2fffe0000
3fffffff2fffe0000
3fffffff2fffe0000
3fffffff2fffe0000
3fffffff2fffe0000
3fffffff2fffe0000
3fffffff2fffe0000
3fffffff2fffe0000
3fffffff2fffe0000
3fffffff2fffe0000
3fffffff2fffe0000
3fffffff2fffe0000
3fffffff2fffe0000
3fffffff2fffe0000
3fffffff2fffe0000
3fffffff2fffe0000
3fffffff2fffe0000
3fffffff2fffe0000
3fffffff2fffe0000
3fffffff2fffe0000
3fffffff2fffe0000
3fffffff2fffe0000
3fffffff2fffe0000
3fffffff2fffe0000
3fffffff2fffe0000
3fffffff2fffe0000
3fffffff2fffe0000
3fffffff2fffe0000
3fffffff2fffe0000
3fffffff2fffe0000
3fffffff2fffe0000
3fffffff2fffe0000
3fffffff2fffe0000
3fffffff2fffe0000
3fffffff2fffe0000
3fffffff2fffe0000
3fffffff2fffe0000
3fffffff2fffe0000
3fffffff2fffe0000
3fffffff2fffe0000
3fffffff2fffe0000
3fffffff2fffe0000
3fffffff2fffe0000
3fffffff2fffe0000
3fffffff2fffe0000
3fffffff2fffe0000
3fffffff2fffe0000
3fffffff2fffe0000
3fffffff2fffe0000
3fffffff2fffe0000
3fffffff2fffe0000
3fffffff2fffe0000
3fffffff2fffe0000
3fffffff2fffe0000
3fffffff2fffe0000
3fffffff2fffe0000
3fffffff2fffe0000
3fffffff2fffe0000
3fffffff2fffe0000
3fffffff2fffe0000
3fffffff2fffe0000
3fffffff2fffe0000
3fffffff2fffe0000
3fffffff2fffe0000
3fffffff2fffe0000
3fffffff2fffe0000
3fffffff2fffe0000
3fffffff2fffe0000
3fffffff2fffe0000
3fffffff2fffe0000
3fffffff2fffe0000
3fffffff2fffe0000
3fffffff2fffe0000
3fffffff2fffe0000
3fffffff2fffe0000
3fffffff2fffe0000
3fffffff2fffe0000
3fffffff2fffe0000
3fffffff2fffe0000
3fffffff2fffe0000
3fffffff2fffe0000
3fffffff2fffe0000
3fffffff2fffe0000
3fffffff2fffe0000
3fffffff2fffe0000
3fffffff2fffe0000
3fffffff2fffe0000
3fffffff2fffe0000
3fffffff2fffe0000
3fffffff2fffe0000
3fffffff2fffe0000
3fffffff2fffe0000
3fffffff2fffe0000
3fffffff2fffe0000
3fffffff2fffe0000
3fffffff2fffe0000
3fffffff2fffe0000
3fffffff2fffe0000
3fffffff2fffe0000
3fffffff2fffe0000
3fffffff2fffe0000
3fffffff2fffe0000
3fffffff2fffe0000
3fffffff2fffe0000
3fffffff2fffe0000
3fffffff2fffe0000
3fffffff2fffe0000
3fffffff2fffe0000
3fffffff2fffe0000
3fffffff2fffe0000
3fffffff2fffe0000
3fffffff2fffe0000
3fffffff2fffe0000
3fffffff2fffe0000
3fffffff2fffe0000
3fffffff2fffe0000
3fffffff2fffe0000
3fffffff2fffe0000
3fffffff2fffe0000
3fffffff2fffe0000
3fffffff2fffe0000
3fffffff2fffe0000
3fffffff2fffe0000
3fffffff2fffe0000
3fffffff2fffe0000
3fffffff2fffe0000
3fffffff2fffe0000
3fffffff2fffe0000
3fffffff2fffe0000
3fffffff2fffe0000
3fffffff2fffe0000
3fffffff2fffe0000
3fffffff2fffe0000
3fffffff2fffe0000
3fffffff2fffe0000
3fffffff2fffe0000
3fffffff2fffe0000
3fffffff2fffe0000
3fffffff2fffe0000
3fffffff2fffe0000
3fffffff2fffe0000
3fffffff2fffe0000
3fffffff2fffe0000
3fffffff2fffe0000
3fffffff2fffe0000
3fffffff2fffe0000
3fffffff2fffe0000
3fffffff2fffe0000
3fffffff2fffe0000
3fffffff2fffe0000
3fffffff2fffe0000
3fffffff2fffe0000
3fffffff2fffe0000
3fffffff2fffe0000
3fffffff2fffe0000
3fffffff2fffe0000
3fffffff2fffe0000
3fffffff2fffe0000
3fffffff2fffe0000
3fffffff2fffe0000
3fffffff2fffe0000
3fffffff2fffe0000
3fffffff2fffe0000
3fffffff2fffe0000
3fffffff2fffe0000
3fffffff2fffe0000
3fffffff2fffe0000
3fffffff2fffe0000
3fffffff2fffe0000
3fffffff2fffe0000
3fffffff2fffe0000
3fffffff2fffe0000
3fffffff2fffe0000
3fffffff2fffe0000
3fffffff2fffe0000
3fffffff2fffe0000
3fffffff2fffe0000
3fffffff2fffe0000
3fffffff2fffe0000
3fffffff2fffe0000
3fffffff2fffe0000
3fffffff2fffe0000
3fffffff2fffe0000
3fffffff2fffe0000
3fffffff2fffe0000
3fffffff2fffe0000
3fffffff2fffe0000
3fffffff2fffe0000
3fffffff2fffe0000
3fffffff2fffe0000
3fffffff2fffe0000
3fffffff2fffe0000
3fffffff2fffe0000
3fffffff2fffe0000
3fffffff2fffe0000
3fffffff2fffe0000
3fffffff2fffe0000
3fffffff2fffe0000
3fffffff2fffe0000
3fffffff2fffe0000
3fffffff2fffe0000
3fffffff2fffe0000
3fffffff2fffe0000
3fffffff2fffe0000
3fffffff2fffe0000
3fffffff2fffe0000
3fffffff2fffe0000
3fffffff2fffe0000
3fffffff2fffe0000
3fffffff2fffe0000
3fffffff2fffe0000
3fffffff2fffe0000
3fffffff2fffe0000
3fffffff2fffe0000
3fffffff2fffe0000
3fffffff2fffe0000
3fffffff2fffe0000
3fffffff2fffe0000
3fffffff2fffe0000
3fffffff2fffe0000
3fffffff2fffe0000
3fffffff2fffe0000
3fffffff2fffe0000
3fffffff2fffe0000
3fffffff2fffe0000
3fffffff2fffe0000
3fffffff2fffe0000
3fffffff2fffe0000
3fffffff2fffe0000
3fffffff2fffe0000
3fffffff2fffe0000
3fffffff2fffe0000
3fffffff2fffe0000
3fffffff2fffe0000
3fffffff2fffe0000
3fffffff2fffe0000
3fffffff2fffe0000
3fffffff2fffe0000
3fffffff2fffe0000
3fffffff2fffe0000
3fffffff2fffe0000
3fffffff2fffe0000
3fffffff2fffe0000
3fffffff2fffe0000
3fffffff2fffe0000
3fffffff2fffe0000
3fffffff2fffe0000
3fffffff2fffe0000
3fffffff2fffe0000
3fffffff2fffe0000
3fffffff2fffe0000
3fffffff2fffe0000
3fffffff2fffe0000
3fffffff2fffe0000
3fffffff2fffe0000
3fffffff2fffe0000
3fffffff2fffe0000
3fffffff2fffe0000
3fffffff2fffe0000
3fffffff2fffe0000
3fffffff2fffe0000
3fffffff2fffe0000
3fffffff2fffe0000
3fffffff2fffe0000
3fffffff2fffe0000
3fffffff2fffe0000
3fffffff2fffe0000
3fffffff2fffe0000
3fffffff2fffe0000
3fffffff2fffe0000
3fffffff2fffe0000
3fffffff2fffe0000
3fffffff2fffe0000
3fffffff2fffe0000
3fffffff2fffe0000
3fffffff2fffe0000
3fffffff2fffe0000
3fffffff2fffe0000
3fffffff2fffe0000
3fffffff2fffe0000
3fffffff2fffe0000
3fffffff2fffe0000
3fffffff2fffe0000
3fffffff2fffe0000
3fffffff2fffe0000
3fffffff2fffe0000
3fffffff2fffe0000
3fffffff2fffe0000
3fffffff2fffe0000
3fffffff2fffe0000
3fffffff2fffe0000
3fffffff2fffe0000
3fffffff2fffe0000
3fffffff2fffe0000
3fffffff2fffe0000
3fffffff2fffe0000
3fffffff2fffe0000
3fffffff2fffe0000
3fffffff2fffe0000
3fffffff2fffe0000
3fffffff2fffe0000
3fffffff2fffe0000
3fffffff2fffe0000
3fffffff2fffe0000
3fffffff2fffe0000
3fffffff2fffe0000
3fffffff2fffe0000
3fffffff2fffe0000
3fffffff2fffe0000
3fffffff2fffe0000
3fffffff2fffe0000
3fffffff2fffe0000
3fffffff2fffe0000
3fffffff2fffe0000
3fffffff2fffe0000
3fffffff2fffe0000
3fffffff2fffe0000
3fffffff2fffe0000
3fffffff2fffe0000
3fffffff2fffe0000
3fffffff2fffe0000
3fffffff2fffe0000
3fffffff2fffe0000
3fffffff2fffe0000
3fffffff2fffe0000
3fffffff2fffe0000
3fffffff2fffe0000
3fffffff2fffe0000
3fffffff2fffe0000
3fffffff2fffe0000
3fffffff2fffe0000
3fffffff2fffe0000
3fffffff2fffe0000
3fffffff2fffe0000
3fffffff2fffe0000
3fffffff2fffe0000
3fffffff2fffe0000
3fffffff2fffe0000
3fffffff2fffe0000
3fffffff2fffe0000
3fffffff2fffe0000
3fffffff2fffe0000
3fffffff2fffe0000
3fffffff2fffe0000
3fffffff2fffe0000
3fffffff2fffe0000
3fffffff2fffe0000
3fffffff2fffe0000
3fffffff2fffe0000
3fffffff2fffe0000
3fffffff2fffe0000
3fffffff2fffe0000
3fffffff2fffe0000
3fffffff2fffe0000
3fffffff2fffe0000
3fffffff2fffe0000
3fffffff2fffe0000
3fffffff2fffe0000
3fffffff2fffe0000
3fffffff2fffe0000
3fffffff2fffe0000
3fffffff2fffe0000
3fffffff2fffe0000
3fffffff2fffe0000
3fffffff2fffe0000
3fffffff2fffe0000
3fffffff2fffe0000
3fffffff2fffe0000
3fffffff2fffe0000
3fffffff2fffe0000
3fffffff2fffe0000
3fffffff2fffe0000
3fffffff2fffe0000
3fffffff2fffe0000
3fffffff2fffe0000
3fffffff2fffe0000
3fffffff2fffe0000
3fffffff2fffe0000
3fffffff2fffe0000
3fffffff2fffe0000
3fffffff2fffe0000
3fffffff2fffe0000
3fffffff2fffe0000
3fffffff2fffe0000
3fffffff2fffe0000
3fffffff2fffe0000
3fffffff2fffe0000
3fffffff2fffe0000
3fffffff2fffe0000
3fffffff2fffe0000
3fffffff2fffe0000
3fffffff2fffe0000
3fffffff2fffe0000
3fffffff2fffe0000
3fffffff2fffe0000
3fffffff2fffe0000
3fffffff2fffe0000
3fffffff2fffe0000
3fffffff2fffe0000
3fffffff2fffe0000
3fffffff2fffe0000
3fffffff2fffe0000
3fffffff2fffe0000
3fffffff2fffe0000
3fffffff2fffe0000
3fffffff2fffe0000
3fffffff2fffe0000
3fffffff2fffe0000
3fffffff2fffe0000
3fffffff2fffe0000
3fffffff2fffe0000
3fffffff2fffe0000
3fffffff2fffe0000
3fffffff2fffe0000
3fffffff2fffe0000
3fffffff2fffe0000
3fffffff2fffe0000
3fffffff2fffe0000
3fffffff2fffe0000
3fffffff2fffe0000
3fffffff2fffe0000
3fffffff2fffe0000
3fffffff2fffe0000
3fffffff2fffe0000
3fffffff2fffe0000
3fffffff2fffe0000
3fffffff2fffe0000
3fffffff2fffe0000
3fffffff2fffe0000
3fffffff2fffe0000
3fffffff2fffe0000
3fffffff2fffe0000
3fffffff2fffe0000
3fffffff2fffe0000
3fffffff2fffe0000
3fffffff2fffe0000
3fffffff2fffe0000
3fffffff2fffe0000
3fffffff2fffe0000
3fffffff2fffe0000
3fffffff2fffe0000
3fffffff2fffe0000
3fffffff2fffe0000
3fffffff2fffe0000
3fffffff2fffe0000
3fffffff2fffe0000
3fffffff2fffe0000
3fffffff2fffe0000
3fffffff2fffe0000
3fffffff2fffe0000
3fffffff2fffe0000
3fffffff2fffe0000
3fffffff2fffe0000
3fffffff2fffe0000
3fffffff2fffe0000
3fffffff2fffe0000
3fffffff2fffe0000
3fffffff2fffe0000
3fffffff2fffe0000
3fffffff2fffe0000
3fffffff2fffe0000
3fffffff2fffe0000
3fffffff2fffe0000
3fffffff2fffe0000
3fffffff2fffe0000
3fffffff2fffe0000
3fffffff2fffe0000
3fffffff2fffe0000
3fffffff2fffe0000
3fffffff2fffe0000
3fffffff2fffe0000
3fffffff2fffe0000
3fffffff2fffe0000
3fffffff2fffe0000
3fffffff2fffe0000
3fffffff2fffe0000
3fffffff2fffe0000
3fffffff2fffe0000
3fffffff2fffe0000
3fffffff2fffe0000
3fffffff2fffe0000
3fffffff2fffe0000
3fffffff2fffe0000
3fffffff2fffe0000
3fffffff2fffe0000
3fffffff2fffe0000
3fffffff2fffe0000
3fffffff2fffe0000
3fffffff2fffe0000
3fffffff2fffe0000
3fffffff2fffe0000
3fffffff2fffe0000
3fffffff2fffe0000
3fffffff2fffe0000
3fffffff2fffe0000
3fffffff2fffe0000
3fffffff2fffe0000
3fffffff2fffe0000
3fffffff2fffe0000
3fffffff2fffe0000
3fffffff2fffe0000
3fffffff2fffe0000
3fffffff2fffe0000
3fffffff2fffe0000
3fffffff2fffe0000
3fffffff2fffe0000
3fffffff2fffe0000
3fffffff2fffe0000
3fffffff2fffe0000
3fffffff2fffe0000
3fffffff2fffe0000
3fffffff2fffe0000
3fffffff2fffe0000
3fffffff2fffe0000
3fffffff2fffe0000
3fffffff2fffe0000
3fffffff2fffe0000
3fffffff2fffe0000
3fffffff2fffe0000
3fffffff2fffe0000
3fffffff2fffe0000
3fffffff2fffe0000
3fffffff2fffe0000
3fffffff2fffe0000
3fffffff2fffe0000
3fffffff2fffe0000
3fffffff2fffe0000
3fffffff2fffe0000
3fffffff2fffe0000
3fffffff2fffe0000
3fffffff2fffe0000
3fffffff2fffe0000
3fffffff2fffe0000
3fffffff2fffe0000
3fffffff2fffe0000
3fffffff2fffe0000
3fffffff2fffe0000
3fffffff2fffe0000
3fffffff2fffe0000
3fffffff2fffe0000
3fffffff2fffe0000
3fffffff2fffe0000
3fffffff2fffe0000
3fffffff2fffe0000
3fffffff2fffe0000
3fffffff2fffe0000
3fffffff2fffe0000
3fffffff2fffe0000
3fffffff2fffe0000
3fffffff2fffe0000
3fffffff2fffe0000
3fffffff2fffe0000
3fffffff2fffe0000
3fffffff2fffe0000
3fffffff2fffe0000
3fffffff2fffe0000
3fffffff2fffe0000
3fffffff2fffe0000
3fffffff2fffe0000
3fffffff2fffe0000
3fffffff2fffe0000
3fffffff2fffe0000
3fffffff2fffe0000
3fffffff2fffe0000
3fffffff2fffe0000
3fffffff2fffe0000
3fffffff2fffe0000
3fffffff2fffe0000
3fffffff2fffe0000
3fffffff2fffe0000
3fffffff2fffe0000
3fffffff2fffe0000
3fffffff2fffe0000
3fffffff2fffe0000
3fffffff2fffe0000
3fffffff2fffe0000
3fffffff2fffe0000
3fffffff2fffe0000
3fffffff2fffe0000
3fffffff2fffe0000
3fffffff2fffe0000
3fffffff2fffe0000
3fffffff2fffe0000
3fffffff2fffe0000
3fffffff2fffe0000
3fffffff2fffe0000
3fffffff2fffe0000
3fffffff2fffe0000
3fffffff2fffe0000
3fffffff2fffe0000
3fffffff2fffe0000
3fffffff2fffe0000
3fffffff2fffe0000
3fffffff2fffe0000
3fffffff2fffe0000
3fffffff2fffe0000
3fffffff2fffe0000
3fffffff2fffe0000
3fffffff2fffe0000
3fffffff2fffe0000
3fffffff2fffe0000
3fffffff2fffe0000
3fffffff2fffe0000
3fffffff2fffe0000
3fffffff2fffe0000
3fffffff2fffe0000
3fffffff2fffe0000
3fffffff2fffe0000
3fffffff2fffe0000
3fffffff2fffe0000
3fffffff2fffe0000
3fffffff2fffe0000
3fffffff2fffe0000
3fffffff2fffe0000
3fffffff2fffe0000
3fffffff2fffe0000
3fffffff2fffe0000
3fffffff2fffe0000
3fffffff2fffe0000
3fffffff2fffe0000
3fffffff2fffe0000
3fffffff2fffe0000
3fffffff2fffe0000
3fffffff2fffe0000
3fffffff2fffe0000
3fffffff2fffe0000
3fffffff2fffe0000
3fffffff2fffe0000
3fffffff2fffe0000
3fffffff2fffe0000
3fffffff2fffe0000
3fffffff2fffe0000
3fffffff2fffe0000
3fffffff2fffe0000
3fffffff2fffe0000
3fffffff2fffe0000
3fffffff2fffe0000
3fffffff2fffe0000
3fffffff2fffe0000
3fffffff2fffe0000
3fffffff2fffe0000
3fffffff2fffe0000
3fffffff2fffe0000
3fffffff2fffe0000
3fffffff2fffe0000
3fffffff2fffe0000
3fffffff2fffe0000
3fffffff2fffe0000
3fffffff2fffe0000
3fffffff2fffe0000
3fffffff2fffe0000
3fffffff2fffe0000
3fffffff2fffe0000
3fffffff2fffe0000
3fffffff2fffe0000
3fffffff2fffe0000
3fffffff2fffe0000
3fffffff2fffe0000
3fffffff2fffe0000
3fffffff2fffe0000
3fffffff2fffe0000
3fffffff2fffe0000
3fffffff2fffe0000
3fffffff2fffe0000
3fffffff2fffe0000
3fffffff2fffe0000
3fffffff2fffe0000
3fffffff2fffe0000
3fffffff2fffe0000
3fffffff2fffe0000
3fffffff2fffe0000
3fffffff2fffe0000
3fffffff2fffe0000
3fffffff2fffe0000
3fffffff2fffe0000
3fffffff2fffe0000
3fffffff2fffe0000
3fffffff2fffe0000
3fffffff2fffe0000
3fffffff2fffe0000
3fffffff2fffe0000
3fffffff2fffe0000
3fffffff2fffe0000
3fffffff2fffe0000
3fffffff2fffe0000
3fffffff2fffe0000
3fffffff2fffe0000
3fffffff2fffe0000
3fffffff2fffe0000
3fffffff2fffe0000
3fffffff2fffe0000
3fffffff2fffe0000
3fffffff2fffe0000
3fffffff2fffe0000
3fffffff2fffe0000
3fffffff2fffe0000
3fffffff2fffe0000
3fffffff2fffe0000
3fffffff2fffe0000
3fffffff2fffe0000
3fffffff2fffe0000
3fffffff2fffe0000
3fffffff2fffe0000
3fffffff2fffe0000
3fffffff2fffe0000
3fffffff2fffe0000
3fffffff2fffe0000
3fffffff2fffe0000
3fffffff2fffe0000
3fffffff2fffe0000
3fffffff2fffe0000
3fffffff2fffe0000
3fffffff2fffe0000
3fffffff2fffe0000
3fffffff2fffe0000
3fffffff2fffe0000
3fffffff2fffe0000
3fffffff2fffe0000
3fffffff2fffe0000
3fffffff2fffe0000
3fffffff2fffe0000
3fffffff2fffe0000
3fffffff2fffe0000
3fffffff2fffe0000
3fffffff2fffe0000
3fffffff2fffe0000
3fffffff2fffe0000
3fffffff2fffe0000
3fffffff2fffe0000
3fffffff2fffe0000
3fffffff2fffe0000
3fffffff2fffe0000
3fffffff2fffe0000
3fffffff2fffe0000
3fffffff2fffe0000
3fffffff2fffe0000
3fffffff2fffe0000
3fffffff2fffe0000
3fffffff2fffe0000
3fffffff2fffe0000
3fffffff2fffe0000
3fffffff2fffe0000
3fffffff2fffe0000
3fffffff2fffe0000
3fffffff2fffe0000
3fffffff2fffe0000
3fffffff2fffe0000
3fffffff2fffe0000
3fffffff2fffe0000
3fffffff2fffe0000
3fffffff2fffe0000
3fffffff2fffe0000
3fffffff2fffe0000
3fffffff2fffe0000
3fffffff2fffe0000
3fffffff2fffe0000
3fffffff2fffe0000
3fffffff2fffe0000
3fffffff2fffe0000
3fffffff2fffe0000
3fffffff2fffe0000
3fffffff2fffe0000
3fffffff2fffe0000
3fffffff2fffe0000
3fffffff2fffe0000
3fffffff2fffe0000
3fffffff2fffe0000
3fffffff2fffe0000
3fffffff2fffe0000
3fffffff2fffe0000
3fffffff2fffe0000
3fffffff2fffe0000
3fffffff2fffe0000
3fffffff2fffe0000
3fffffff2fffe0000
3fffffff2fffe0000
3fffffff2fffe0000
3fffffff2fffe0000
3fffffff2fffe0000
3fffffff2fffe0000
3fffffff2fffe0000
3fffffff2fffe0000
3fffffff2fffe0000
3fffffff2fffe0000
3fffffff2fffe0000
3fffffff2fffe0000
3fffffff2fffe0000
3fffffff2fffe0000
3fffffff2fffe0000
3fffffff2fffe0000
3fffffff2fffe0000
3fffffff2fffe0000
3fffffff2fffe0000
3fffffff2fffe0000
3fffffff2fffe0000
3fffffff2fffe0000
3fffffff2fffe0000
3fffffff2fffe0000
3fffffff2fffe0000
3fffffff2fffe0000
3fffffff2fffe0000
3fffffff2fffe0000
3fffffff2fffe0000
3fffffff2fffe0000
3fffffff2fffe0000
3fffffff2fffe0000
3fffffff2fffe0000
3fffffff2fffe0000
3fffffff2fffe0000
3fffffff2fffe0000
3fffffff2fffe0000
3fffffff2fffe0000
3fffffff2fffe0000
3fffffff2fffe0000
3fffffff2fffe0000
3fffffff2fffe0000
3fffffff2fffe0000
3fffffff2fffe0000
3fffffff2fffe0000
3fffffff2fffe0000
3fffffff2fffe0000
3fffffff2fffe0000
3fffffff2fffe0000
3fffffff2fffe0000
3fffffff2fffe0000
3fffffff2fffe0000
3fffffff2fffe0000
3fffffff2fffe0000
3fffffff2fffe0000
3fffffff2fffe0000
3fffffff2fffe0000
3fffffff2fffe0000
3fffffff2fffe0000
3fffffff2fffe0000
3fffffff2fffe0000
3fffffff2fffe0000
3fffffff2fffe0000
3fffffff2fffe0000
3fffffff2fffe0000
3fffffff2fffe0000
3fffffff2fffe0000
3fffffff2fffe0000
3fffffff2fffe0000
3fffffff2fffe0000
3fffffff2fffe0000
3fffffff2fffe0000
3fffffff2fffe0000
3fffffff2fffe0000
3fffffff2fffe0000
3fffffff2fffe0000
3fffffff2fffe0000
3fffffff2fffe0000
3fffffff2fffe0000
3fffffff2fffe0000
3fffffff2fffe0000
3fffffff2fffe0000
3fffffff2fffe0000
3fffffff2fffe0000
3fffffff2fffe0000
3fffffff2fffe0000
3fffffff2fffe0000
3fffffff2fffe0000
3fffffff2fffe0000
3fffffff2fffe0000
3fffffff2fffe0000
3fffffff2fffe0000
3fffffff2fffe0000
3fffffff2fffe0000
3fffffff2fffe0000
3fffffff2fffe0000
3fffffff2fffe0000
3fffffff2fffe0000
3fffffff2fffe0000
3fffffff2fffe0000
3fffffff2fffe0000
3fffffff2fffe0000
3fffffff2fffe0000
3fffffff2fffe0000
3fffffff2fffe0000
3fffffff2fffe0000
3fffffff2fffe0000
3fffffff2fffe0000
3fffffff2fffe0000
3fffffff2fffe0000
3fffffff2fffe0000
3fffffff2fffe0000
3fffffff2fffe0000
3fffffff2fffe0000
3fffffff2fffe0000
3fffffff2fffe0000
3fffffff2fffe0000
3fffffff2fffe0000
3fffffff2fffe0000
3fffffff2fffe0000
3fffffff2fffe0000
3fffffff2fffe0000
3fffffff2fffe0000
3fffffff2fffe0000
3fffffff2fffe0000
3fffffff2fffe0000
3fffffff2fffe0000
3fffffff2fffe0000
3fffffff2fffe0000
3fffffff2fffe0000
3fffffff2fffe0000
3fffffff2fffe0000
3fffffff2fffe0000
3fffffff2fffe0000
3fffffff2fffe0000
3fffffff2fffe0000
3fffffff2fffe0000
3fffffff2fffe0000
3fffffff2fffe0000
3fffffff2fffe0000
3fffffff2fffe0000
3fffffff2fffe0000
3fffffff2fffe0000
3fffffff2fffe0000
3fffffff2fffe0000
3fffffff2fffe0000
3fffffff2fffe0000
3fffffff2fffe0000
3fffffff2fffe0000
3fffffff2fffe0000
3fffffff2fffe0000
3fffffff2fffe0000
3fffffff2fffe0000
3fffffff2fffe0000
3fffffff2fffe0000
3fffffff2fffe0000
3fffffff2fffe0000
3fffffff2fffe0000
3fffffff2fffe0000
3fffffff2fffe0000
3fffffff2fffe0000
3fffffff2fffe0000
3fffffff2fffe0000
3fffffff2fffe0000
3fffffff2fffe0000
3fffffff2fffe0000
3fffffff2fffe0000
3fffffff2fffe0000
3fffffff2fffe0000
3fffffff2fffe0000
3fffffff2fffe0000
3fffffff2fffe0000
3fffffff2fffe0000
3fffffff2fffe0000
3fffffff2fffe0000
3fffffff2fffe0000
3fffffff2fffe0000
3fffffff2fffe0000
3fffffff2fffe0000
3fffffff2fffe0000
3fffffff2fffe0000
3fffffff2fffe0000
3fffffff2fffe0000
3fffffff2fffe0000
3fffffff2fffe0000
3fffffff2fffe0000
3fffffff2fffe0000
3fffffff2fffe0000
3fffffff2fffe0000
3fffffff2fffe0000
3fffffff2fffe0000
3fffffff2fffe0000
3fffffff2fffe0000
3fffffff2fffe0000
3fffffff2fffe0000
3fffffff2fffe0000
3fffffff2fffe0000
3fffffff2fffe0000
3fffffff2fffe0000
3fffffff2fffe0000
3fffffff2fffe0000
3fffffff2fffe0000
3fffffff2fffe0000
3fffffff2fffe0000
3fffffff2fffe0000
3fffffff2fffe0000
3fffffff2fffe0000
3fffffff2fffe0000
3fffffff2fffe0000
3fffffff2fffe0000
3fffffff2fffe0000
3fffffff2fffe0000
3fffffff2fffe0000
3fffffff2fffe0000
3fffffff2fffe0000
3fffffff2fffe0000
3fffffff2fffe0000
3fffffff2fffe0000
3fffffff2fffe0000
3fffffff2fffe0000
3fffffff2fffe0000
3fffffff2fffe0000
3fffffff2fffe0000
3fffffff2fffe0000
3fffffff2fffe0000
3fffffff2fffe0000
3fffffff2fffe0000
3fffffff2fffe0000
3fffffff2fffe0000
3fffffff2fffe0000
3fffffff2fffe0000
3fffffff2fffe0000
3fffffff2fffe0000
3fffffff2fffe0000
3fffffff2fffe0000
3fffffff2fffe0000
3fffffff2fffe0000
3fffffff2fffe0000
3fffffff2fffe0000
3fffffff2fffe0000
3fffffff2fffe0000
3fffffff2fffe0000
3fffffff2fffe0000
3fffffff2fffe0000
3fffffff2fffe0000
3fffffff2fffe0000
3fffffff2fffe0000
3fffffff2fffe0000
3fffffff2fffe0000
3fffffff2fffe0000
3fffffff2fffe0000
3fffffff2fffe0000
3fffffff2fffe0000
3fffffff2fffe0000
3fffffff2fffe0000
3fffffff2fffe0000
3fffffff2fffe0000
3fffffff2fffe0000
3fffffff2fffe0000
3fffffff2fffe0000
3fffffff2fffe0000
3fffffff2fffe0000
3fffffff2fffe0000
3fffffff2fffe0000
3fffffff2fffe0000
3fffffff2fffe0000
3fffffff2fffe0000
3fffffff2fffe0000
3fffffff2fffe0000
3fffffff2fffe0000
3fffffff2fffe0000
3fffffff2fffe0000
3fffffff2fffe0000
3fffffff2fffe0000
3fffffff2fffe0000
3fffffff2fffe0000
3fffffff2fffe0000
3fffffff2fffe0000
3fffffff2fffe0000
3fffffff2fffe0000
3fffffff2fffe0000
3fffffff2fffe0000
3fffffff2fffe0000
3fffffff2fffe0000
3fffffff2fffe0000
3fffffff2fffe0000
3fffffff2fffe0000
3fffffff2fffe0000
3fffffff2fffe0000
3fffffff2fffe0000
3fffffff2fffe0000
3fffffff2fffe0000
3fffffff2fffe0000
3fffffff2fffe0000
3fffffff2fffe0000
3fffffff2fffe0000
3fffffff2fffe0000
3fffffff2fffe0000
3fffffff2fffe0000
3fffffff2fffe0000
3fffffff2fffe0000
3fffffff2fffe0000
3fffffff2fffe0000
3fffffff2fffe0000
3fffffff2fffe0000
3fffffff2fffe0000
3fffffff2fffe0000
3fffffff2fffe0000
3fffffff2fffe0000
3fffffff2fffe0000
3fffffff2fffe0000
3fffffff2fffe0000
3fffffff2fffe0000
3fffffff2fffe0000
3fffffff2fffe0000
3fffffff2fffe0000
3fffffff2fffe0000
3fffffff2fffe0000
3fffffff2fffe0000
3fffffff2fffe0000
3fffffff2fffe0000
3fffffff2fffe0000
3fffffff2fffe0000
3fffffff2fffe0000
3fffffff2fffe0000
3fffffff2fffe0000
3fffffff2fffe0000
3fffffff2fffe0000
3fffffff2fffe0000
3fffffff2fffe0000
3fffffff2fffe0000
3fffffff2fffe0000
3fffffff2fffe0000
3fffffff2fffe0000
3fffffff2fffe0000
3fffffff2fffe0000
3fffffff2fffe0000
3fffffff2fffe0000
3fffffff2fffe0000
3fffffff2fffe0000
3fffffff2fffe0000
3fffffff2fffe0000
3fffffff2fffe0000
3fffffff2fffe0000
3fffffff2fffe0000
3fffffff2fffe0000
3fffffff2fffe0000
3fffffff2fffe0000
3fffffff2fffe0000
3fffffff2fffe0000
3fffffff2fffe0000
3fffffff2fffe0000
3fffffff2fffe0000
3fffffff2fffe0000
3fffffff2fffe0000
3fffffff2fffe0000
3fffffff2fffe0000
3fffffff2fffe0000
3fffffff2fffe0000
3fffffff2fffe0000
3fffffff2fffe0000
3fffffff2fffe0000
3fffffff2fffe0000
3fffffff2fffe0000
3fffffff2fffe0000
3fffffff2fffe0000
3fffffff2fffe0000
3fffffff2fffe0000
3fffffff2fffe0000
3fffffff2fffe0000
3fffffff2fffe0000
3fffffff2fffe0000
3fffffff2fffe0000
3fffffff2fffe0000
3fffffff2fffe0000
3fffffff2fffe0000
3fffffff2fffe0000
3fffffff2fffe0000
3fffffff2fffe0000
3fffffff2fffe0000
3fffffff2fffe0000
3fffffff2fffe0000
3fffffff2fffe0000
3fffffff2fffe0000
3fffffff2fffe0000
3fffffff2fffe0000
3fffffff2fffe0000
3fffffff2fffe0000
3fffffff2fffe0000
3fffffff2fffe0000
3fffffff2fffe0000
3fffffff2fffe0000
3fffffff2fffe0000
3fffffff2fffe0000
3fffffff2fffe0000
3fffffff2fffe0000
3fffffff2fffe0000
3fffffff2fffe0000
3fffffff2fffe0000
3fffffff2fffe0000
3fffffff2fffe0000
3fffffff2fffe0000
3fffffff2fffe0000
3fffffff2fffe0000
3fffffff2fffe0000
3fffffff2fffe0000
3fffffff2fffe0000
3fffffff2fffe0000
3fffffff2fffe0000
3fffffff2fffe0000
3fffffff2fffe0000
3fffffff2fffe0000
3fffffff2fffe0000
3fffffff2fffe0000
3fffffff2fffe0000
3fffffff2fffe0000
3fffffff2fffe0000
3fffffff2fffe0000
3fffffff2fffe0000
3fffffff2fffe0000
3fffffff2fffe0000
3fffffff2fffe0000
3fffffff2fffe0000
3fffffff2fffe0000
3fffffff2fffe0000
3fffffff2fffe0000
3fffffff2fffe0000
3fffffff2fffe0000
3fffffff2fffe0000
3fffffff2fffe0000
3fffffff2fffe0000
3fffffff2fffe0000
3fffffff2fffe0000
3fffffff2fffe0000
3fffffff2fffe0000
3fffffff2fffe0000
3fffffff2fffe0000
3fffffff2fffe0000
3fffffff2fffe0000
3fffffff2fffe0000
3fffffff2fffe0000
3fffffff2fffe0000
3fffffff2fffe0000
3fffffff2fffe0000
3fffffff2fffe0000
3fffffff2fffe0000
3fffffff2fffe0000
3fffffff2fffe0000
3fffffff2fffe0000
3fffffff2fffe0000
3fffffff2fffe0000
3fffffff2fffe0000
3fffffff2fffe0000
3fffffff2fffe0000
3fffffff2fffe0000
3fffffff2fffe0000
3fffffff2fffe0000
3fffffff2fffe0000
3fffffff2fffe0000
3fffffff2fffe0000
3fffffff2fffe0000
3fffffff2fffe0000
3fffffff2fffe0000
3fffffff2fffe0000
3fffffff2fffe0000
3fffffff2fffe0000
3fffffff2fffe0000
3fffffff2fffe0000
3fffffff2fffe0000
3fffffff2fffe0000
3fffffff2fffe0000
3fffffff2fffe0000
3fffffff2fffe0000
3fffffff2fffe0000
3fffffff2fffe0000
3fffffff2fffe0000
3fffffff2fffe0000
3fffffff2fffe0000
3fffffff2fffe0000
3fffffff2fffe0000
3fffffff2fffe0000
3fffffff2fffe0000
3fffffff2fffe0000
3fffffff2fffe0000
3fffffff2fffe0000
3fffffff2fffe0000
3fffffff2fffe0000
3fffffff2fffe0000
3fffffff2fffe0000
3fffffff2fffe0000
3fffffff2fffe0000
3fffffff2fffe0000
3fffffff2fffe0000
3fffffff2fffe0000
3fffffff2fffe0000
3fffffff2fffe0000
3fffffff2fffe0000
3fffffff2fffe0000
3fffffff2fffe0000
3fffffff2fffe0000
3fffffff2fffe0000
3fffffff2fffe0000
3fffffff2fffe0000
3fffffff2fffe0000
3fffffff2fffe0000
3fffffff2fffe0000
3fffffff2fffe0000
3fffffff2fffe0000
3fffffff2fffe0000
3fffffff2fffe0000
3fffffff2fffe0000
3fffffff2fffe0000
3fffffff2fffe0000
3fffffff2fffe0000
3fffffff2fffe0000
3fffffff2fffe0000
3fffffff2fffe0000
3fffffff2fffe0000
3fffffff2fffe0000
3fffffff2fffe0000
3fffffff2fffe0000
3fffffff2fffe0000
3fffffff2fffe0000
3fffffff2fffe0000
3fffffff2fffe0000
3fffffff2fffe0000
3fffffff2fffe0000
3fffffff2fffe0000
3fffffff2fffe0000
3fffffff2fffe0000
3fffffff2fffe0000
3fffffff2fffe0000
3fffffff2fffe0000
3fffffff2fffe0000
3fffffff2fffe0000
3fffffff2fffe0000
3fffffff2fffe0000
3fffffff2fffe0000
3fffffff2fffe0000
3fffffff2fffe0000
3fffffff2fffe0000
3fffffff2fffe0000
3fffffff2fffe0000
3fffffff2fffe0000
3fffffff2fffe0000
3fffffff2fffe0000
3fffffff2fffe0000
3fffffff2fffe0000
3fffffff2fffe0000
3fffffff2fffe0000
3fffffff2fffe0000
3fffffff2fffe0000
3fffffff2fffe0000
3fffffff2fffe0000
3fffffff2fffe0000
3fffffff2fffe0000
3fffffff2fffe0000
3fffffff2fffe0000
3fffffff2fffe0000
3fffffff2fffe0000
3fffffff2fffe0000
3fffffff2fffe0000
3fffffff2fffe0000
3fffffff2fffe0000
3fffffff2fffe0000
3fffffff2fffe0000
3fffffff2fffe0000
3fffffff2fffe0000
3fffffff2fffe0000
3fffffff2fffe0000
3fffffff2fffe0000
3fffffff2fffe0000
3fffffff2fffe0000
3fffffff2fffe0000
3fffffff2fffe0000
3fffffff2fffe0000
3fffffff2fffe0000
3fffffff2fffe0000
3fffffff2fffe0000
3fffffff2fffe0000
3fffffff2fffe0000
3fffffff2fffe0000
3fffffff2fffe0000
3fffffff2fffe0000
3fffffff2fffe0000
3fffffff2fffe0000
3fffffff2fffe0000
3fffffff2fffe0000
3fffffff2fffe0000
3fffffff2fffe0000
3fffffff2fffe0000
3fffffff2fffe0000
3fffffff2fffe0000
3fffffff2fffe0000
3fffffff2fffe0000
3fffffff2fffe0000
3fffffff2fffe0000
3fffffff2fffe0000
3fffffff2fffe0000
3fffffff2fffe0000
3fffffff2fffe0000
3fffffff2fffe0000
3fffffff2fffe0000
3fffffff2fffe0000
3fffffff2fffe0000
3fffffff2fffe0000
3fffffff2fffe0000
3fffffff2fffe0000
3fffffff2fffe0000
3fffffff2fffe0000
3fffffff2fffe0000
3fffffff2fffe0000
3fffffff2fffe0000
3fffffff2fffe0000
3fffffff2fffe0000
3fffffff2fffe0000
3fffffff2fffe0000
3fffffff2fffe0000
3fffffff2fffe0000
3fffffff2fffe0000
3fffffff2fffe0000
3fffffff2fffe0000
3fffffff2fffe0000
3fffffff2fffe0000
3fffffff2fffe0000
3fffffff2fffe0000
3fffffff2fffe0000
3fffffff2fffe0000
3fffffff2fffe0000
3fffffff2fffe0000
3fffffff2fffe0000
3fffffff2fffe0000
3fffffff2fffe0000
3fffffff2fffe0000
3fffffff2fffe0000
3fffffff2fffe0000
3fffffff2fffe0000
3fffffff2fffe0000
3fffffff2fffe0000
3fffffff2fffe0000
3fffffff2fffe0000
3fffffff2fffe0000
3fffffff2fffe0000
3fffffff2fffe0000
3fffffff2fffe0000
3fffffff2fffe0000
3fffffff2fffe0000
3fffffff2fffe0000
3fffffff2fffe0000
3fffffff2fffe0000
3fffffff2fffe0000
3fffffff2fffe0000
3fffffff2fffe0000
3fffffff2fffe0000
3fffffff2fffe0000
3fffffff2fffe0000
3fffffff2fffe0000
3fffffff2fffe0000
3fffffff2fffe0000
3fffffff2fffe0000
3fffffff2fffe0000
3fffffff2fffe0000
3fffffff2fffe0000
3fffffff2fffe0000
3fffffff2fffe0000
3fffffff2fffe0000
3fffffff2fffe0000
3fffffff2fffe0000
3fffffff2fffe0000
3fffffff2fffe0000
3fffffff2fffe0000
3fffffff2fffe0000
3fffffff2fffe0000
3fffffff2fffe0000
3fffffff2fffe0000
3fffffff2fffe0000
3fffffff2fffe0000
3fffffff2fffe0000
3fffffff2fffe0000
3fffffff2fffe0000
3fffffff2fffe0000
3fffffff2fffe0000
3fffffff2fffe0000
3fffffff2fffe0000
3fffffff2fffe0000
3fffffff2fffe0000
3fffffff2fffe0000
3fffffff2fffe0000
3fffffff2fffe0000
3fffffff2fffe0000
3fffffff2fffe0000
3fffffff2fffe0000
3fffffff2fffe0000
3fffffff2fffe0000
3fffffff2fffe0000
3fffffff2fffe0000
3fffffff2fffe0000
3fffffff2fffe0000
3fffffff2fffe0000
3fffffff2fffe0000
3fffffff2fffe0000
3fffffff2fffe0000
3fffffff2fffe0000
3fffffff2fffe0000
3fffffff2fffe0000
3fffffff2fffe0000
3fffffff2fffe0000
3fffffff2fffe0000
3fffffff2fffe0000
3fffffff2fffe0000
3fffffff2fffe0000
3fffffff2fffe0000
3fffffff2fffe0000
3fffffff2fffe0000
3fffffff2fffe0000
3fffffff2fffe0000
3fffffff2fffe0000
3fffffff2fffe0000
3fffffff2fffe0000
3fffffff2fffe0000
3fffffff2fffe0000
3fffffff2fffe0000
3fffffff2fffe0000
3fffffff2fffe0000
3fffffff2fffe0000
3fffffff2fffe0000
3fffffff2fffe0000
3fffffff2fffe0000
3fffffff2fffe0000
3fffffff2fffe0000
3fffffff2fffe0000
3fffffff2fffe0000
3fffffff2fffe0000
3fffffff2fffe0000
3fffffff2fffe0000
3fffffff2fffe0000
3fffffff2fffe0000
3fffffff2fffe0000
3fffffff2fffe0000
3fffffff2fffe0000
3fffffff2fffe0000
3fffffff2fffe0000
3fffffff2fffe0000
3fffffff2fffe0000
3fffffff2fffe0000
3fffffff2fffe0000
3fffffff2fffe0000
3fffffff2fffe0000
3fffffff2fffe0000
3fffffff2fffe0000
3fffffff2fffe0000
3fffffff2fffe0000
3fffffff2fffe0000
3fffffff2fffe0000
3fffffff2fffe0000
3fffffff2fffe0000
3fffffff2fffe0000
3fffffff2fffe0000
3fffffff2fffe0000
3fffffff2fffe0000
3fffffff2fffe0000
3fffffff2fffe0000
3fffffff2fffe0000
3fffffff2fffe0000
3fffffff2fffe0000
3fffffff2fffe0000
3fffffff2fffe0000
3fffffff2fffe0000
3fffffff2fffe0000
3fffffff2fffe0000
3fffffff2fffe0000
3fffffff2fffe0000
3fffffff2fffe0000
3fffffff2fffe0000
3fffffff2fffe0000
3fffffff2fffe0000
3fffffff2fffe0000
3fffffff2fffe0000
3fffffff2fffe0000
3fffffff2fffe0000
3fffffff2fffe0000
3fffffff2fffe0000
3fffffff2fffe0000
3fffffff2fffe0000
3fffffff2fffe0000
3fffffff2fffe0000
3fffffff2fffe0000
3fffffff2fffe0000
3fffffff2fffe0000
3fffffff2fffe0000
3fffffff2fffe0000
3fffffff2fffe0000
3fffffff2fffe0000
3fffffff2fffe0000
3fffffff2fffe0000
3fffffff2fffe0000
3fffffff2fffe0000
3fffffff2fffe0000
3fffffff2fffe0000
3fffffff2fffe0000
3fffffff2fffe0000
3fffffff2fffe0000
3fffffff2fffe0000
3fffffff2fffe0000
3fffffff2fffe0000
3fffffff2fffe0000
3fffffff2fffe0000
3fffffff2fffe0000
3fffffff2fffe0000
3fffffff2fffe0000
3fffffff2fffe0000
3fffffff2fffe0000
3fffffff2fffe0000
3fffffff2fffe0000
3fffffff2fffe0000
3fffffff2fffe0000
3fffffff2fffe0000
3fffffff2fffe0000
3fffffff2fffe0000
3fffffff2fffe0000
3fffffff2fffe0000
3fffffff2fffe0000
3fffffff2fffe0000
3fffffff2fffe0000
3fffffff2fffe0000
3fffffff2fffe0000
3fffffff2fffe0000
3fffffff2fffe0000
3fffffff2fffe0000
3fffffff2fffe0000
3fffffff2fffe0000
3fffffff2fffe0000
3fffffff2fffe0000
3fffffff2fffe0000
3fffffff2fffe0000
3fffffff2fffe0000
3fffffff2fffe0000
3fffffff2fffe0000
3fffffff2fffe0000
3fffffff2fffe0000
3fffffff2fffe0000
3fffffff2fffe0000
3fffffff2fffe0000
3fffffff2fffe0000
3fffffff2fffe0000
3fffffff2fffe0000
3fffffff2fffe0000
3fffffff2fffe0000
3fffffff2fffe0000
3fffffff2fffe0000
3fffffff2fffe0000
3fffffff2fffe0000
3fffffff2fffe0000
3fffffff2fffe0000
3fffffff2fffe0000
3fffffff2fffe0000
3fffffff2fffe0000
3fffffff2fffe0000
3fffffff2fffe0000
3fffffff2fffe0000
3fffffff2fffe0000
3fffffff2fffe0000
3fffffff2fffe0000
3fffffff2fffe0000
3fffffff2fffe0000
3fffffff2fffe0000
3fffffff2fffe0000
3fffffff2fffe0000
3fffffff2fffe0000
3fffffff2fffe0000
3fffffff2fffe0000
3fffffff2fffe0000
3fffffff2fffe0000
3fffffff2fffe0000
3fffffff2fffe0000
3fffffff2fffe0000
3fffffff2fffe0000
3fffffff2fffe0000
3fffffff2fffe0000
3fffffff2fffe0000
3fffffff2fffe0000
3fffffff2fffe0000
3fffffff2fffe0000
3fffffff2fffe0000
3fffffff2fffe0000
3fffffff2fffe0000
3fffffff2fffe0000
3fffffff2fffe0000
3fffffff2fffe0000
3fffffff2fffe0000
3fffffff2fffe0000
3fffffff2fffe0000
3fffffff2fffe0000
3fffffff2fffe0000
3fffffff2fffe0000
3fffffff2fffe0000
3fffffff2fffe0000
3fffffff2fffe0000
3fffffff2fffe0000
3fffffff2fffe0000
3fffffff2fffe0000
3fffffff2fffe0000
3fffffff2fffe0000
3fffffff2fffe0000
3fffffff2fffe0000
3fffffff2fffe0000
3fffffff2fffe0000
3fffffff2fffe0000
3fffffff2fffe0000
3fffffff2fffe0000
3fffffff2fffe0000
3fffffff2fffe0000
3fffffff2fffe0000
3fffffff2fffe0000
3fffffff2fffe0000
3fffffff2fffe0000
3fffffff2fffe0000
3fffffff2fffe0000
3fffffff2fffe0000
3fffffff2fffe0000
3fffffff2fffe0000
3fffffff2fffe0000
3fffffff2fffe0000
3fffffff2fffe0000
3fffffff2fffe0000
3fffffff2fffe0000
3fffffff2fffe0000
3fffffff2fffe0000
3fffffff2fffe0000
3fffffff2fffe0000
3fffffff2fffe0000
3fffffff2fffe0000
3fffffff2fffe0000
3fffffff2fffe0000
3fffffff2fffe0000
3fffffff2fffe0000
3fffffff2fffe0000
3fffffff2fffe0000
3fffffff2fffe0000
3fffffff2fffe0000
3fffffff2fffe0000
3fffffff2fffe0000
3fffffff2fffe0000
3fffffff2fffe0000
3fffffff2fffe0000
3fffffff2fffe0000
3fffffff2fffe0000
3fffffff2fffe0000
3fffffff2fffe0000
3fffffff2fffe0000
3fffffff2fffe0000
3fffffff2fffe0000
3fffffff2fffe0000
3fffffff2fffe0000
3fffffff2fffe0000
3fffffff2fffe0000
3fffffff2fffe0000
3fffffff2fffe0000
3fffffff2fffe0000
3fffffff2fffe0000
3fffffff2fffe0000
3fffffff2fffe0000
3fffffff2fffe0000
3fffffff2fffe0000
3fffffff2fffe0000
3fffffff2fffe0000
3fffffff2fffe0000
3fffffff2fffe0000
3fffffff2fffe0000
3fffffff2fffe0000
3fffffff2fffe0000
3fffffff2fffe0000
3fffffff2fffe0000
3fffffff2fffe0000
3fffffff2fffe0000
3fffffff2fffe0000
3fffffff2fffe0000
3fffffff2fffe0000
3fffffff2fffe0000
3fffffff2fffe0000
3fffffff2fffe0000
3fffffff2fffe0000
3fffffff2fffe0000
3fffffff2fffe0000
3fffffff2fffe0000
3fffffff2fffe0000
3fffffff2fffe0000
3fffffff2fffe0000
3fffffff2fffe0000
3fffffff2fffe0000
3fffffff2fffe0000
3fffffff2fffe0000
3fffffff2fffe0000
3fffffff2fffe0000
3fffffff2fffe0000
3fffffff2fffe0000
3fffffff2fffe0000
3fffffff2fffe0000
3fffffff2fffe0000
3fffffff2fffe0000
3fffffff2fffe0000
3fffffff2fffe0000
3fffffff2fffe0000
3fffffff2fffe0000
3fffffff2fffe0000
3fffffff2fffe0000
3fffffff2fffe0000
3fffffff2fffe0000
3fffffff2fffe0000
3fffffff2fffe0000
3fffffff2fffe0000
3fffffff2fffe0000
3fffffff2fffe0000
3fffffff2fffe0000
3fffffff2fffe0000
3fffffff2fffe0000
3fffffff2fffe0000
3fffffff2fffe0000
3fffffff2fffe0000
3fffffff2fffe0000
3fffffff2fffe0000
3fffffff2fffe0000
3fffffff2fffe0000
3fffffff2fffe0000
3fffffff2fffe0000
3fffffff2fffe0000
3fffffff2fffe0000
3fffffff2fffe0000
3fffffff2fffe0000
3fffffff2fffe0000
3fffffff2fffe0000
3fffffff2fffe0000
3fffffff2fffe0000
3fffffff2fffe0000
3fffffff2fffe0000
3fffffff2fffe0000
3fffffff2fffe0000
3fffffff2fffe0000
3fffffff2fffe0000
3fffffff2fffe0000
3fffffff2fffe0000
3fffffff2fffe0000
3fffffff2fffe0000
3fffffff2fffe0000
3fffffff2fffe0000
3fffffff2fffe0000
3fffffff2fffe0000
3fffffff2fffe0000
3fffffff2fffe0000
3fffffff2fffe0000
3fffffff2fffe0000
3fffffff2fffe0000
3fffffff2fffe0000
3fffffff2fffe0000
3fffffff2fffe0000
3fffffff2fffe0000
3fffffff2fffe0000
3fffffff2fffe0000
3fffffff2fffe0000
3fffffff2fffe0000
3fffffff2fffe0000
3fffffff2fffe0000
3fffffff2fffe0000
3fffffff2fffe0000
3fffffff2fffe0000
3fffffff2fffe0000
3fffffff2fffe0000
3fffffff2fffe0000
3fffffff2fffe0000
3fffffff2fffe0000
3fffffff2fffe0000
3fffffff2fffe0000
3fffffff2fffe0000
3fffffff2fffe0000
3fffffff2fffe0000
3fffffff2fffe0000
3fffffff2fffe0000
3fffffff2fffe0000
3fffffff2fffe0000
3fffffff2fffe0000
3fffffff2fffe0000
3fffffff2fffe0000
3fffffff2fffe0000
3fffffff2fffe0000
3fffffff2fffe0000
3fffffff2fffe0000
3fffffff2fffe0000
3fffffff2fffe0000
3fffffff2fffe0000
3fffffff2fffe0000
3fffffff2fffe0000
3fffffff2fffe0000
3fffffff2fffe0000
3fffffff2fffe0000
3fffffff2fffe0000
3fffffff2fffe0000
3fffffff2fffe0000
3fffffff2fffe0000
3fffffff2fffe0000
3fffffff2fffe0000
3fffffff2fffe0000
3fffffff2fffe0000
3fffffff2fffe0000
3fffffff2fffe0000
3fffffff2fffe0000
3fffffff2fffe0000
3fffffff2fffe0000
3fffffff2fffe0000
3fffffff2fffe0000
3fffffff2fffe0000
3fffffff2fffe0000
3fffffff2fffe0000
3fffffff2fffe0000
3fffffff2fffe0000
3fffffff2fffe0000
3fffffff2fffe0000
3fffffff2fffe0000
3fffffff2fffe0000
3fffffff2fffe0000
3fffffff2fffe0000
3fffffff2fffe0000
3fffffff2fffe0000
3fffffff2fffe0000
3fffffff2fffe0000
3fffffff2fffe0000
3fffffff2fffe0000
3fffffff2fffe0000
3fffffff2fffe0000
3fffffff2fffe0000
3fffffff2fffe0000
3fffffff2fffe0000
3fffffff2fffe0000
3fffffff2fffe0000
3fffffff2fffe0000
3fffffff2fffe0000
3fffffff2fffe0000
3fffffff2fffe0000
3fffffff2fffe0000
3fffffff2fffe0000
3fffffff2fffe0000
3fffffff2fffe0000
3fffffff2fffe0000
3fffffff2fffe0000
3fffffff2fffe0000
3fffffff2fffe0000
3fffffff2fffe0000
3fffffff2fffe0000
3fffffff2fffe0000
3fffffff2fffe0000
3fffffff2fffe0000
3fffffff2fffe0000
3fffffff2fffe0000
3fffffff2fffe0000
3fffffff2fffe0000
3fffffff2fffe0000
3fffffff2fffe0000
3fffffff2fffe0000
3fffffff2fffe0000
3fffffff2fffe0000
3fffffff2fffe0000
3fffffff2fffe0000
3fffffff2fffe0000
3fffffff2fffe0000
3fffffff2fffe0000
3fffffff2fffe0000
3fffffff2fffe0000
3fffffff2fffe0000
3fffffff2fffe0000
3fffffff2fffe0000
3fffffff2fffe0000
3fffffff2fffe0000
3fffffff2fffe0000
3fffffff2fffe0000
3fffffff2fffe0000
3fffffff2fffe0000
3fffffff2fffe0000
3fffffff2fffe0000
3fffffff2fffe0000
3fffffff2fffe0000
3fffffff2fffe0000
3fffffff2fffe0000
3fffffff2fffe0000
3fffffff2fffe0000
3fffffff2fffe0000
3fffffff2fffe0000
3fffffff2fffe0000
3fffffff2fffe0000
3fffffff2fffe0000
3fffffff2fffe0000
3fffffff2fffe0000
3fffffff2fffe0000
3fffffff2fffe0000
3fffffff2fffe0000
3fffffff2fffe0000
3fffffff2fffe0000
3fffffff2fffe0000
3fffffff2fffe0000
3fffffff2fffe0000
3fffffff2fffe0000
3fffffff2fffe0000
3fffffff2fffe0000
3fffffff2fffe0000
3fffffff2fffe0000
3fffffff2fffe0000
3fffffff2fffe0000
3fffffff2fffe0000
3fffffff2fffe0000
3fffffff2fffe0000
3fffffff2fffe0000
3fffffff2fffe0000
3fffffff2fffe0000
3fffffff2fffe0000
3fffffff2fffe0000
3fffffff2fffe0000
3fffffff2fffe0000
3fffffff2fffe0000
3fffffff2fffe0000
3fffffff2fffe0000
3fffffff2fffe0000
3fffffff2fffe0000
3fffffff2fffe0000
3fffffff2fffe0000
3fffffff2fffe0000
3fffffff2fffe0000
3fffffff2fffe0000
3fffffff2fffe0000
3fffffff2fffe0000
3fffffff2fffe0000
3fffffff2fffe0000
3fffffff2fffe0000
3fffffff2fffe0000
3fffffff2fffe0000
3fffffff2fffe0000
3fffffff2fffe0000
3fffffff2fffe0000
3fffffff2fffe0000
3fffffff2fffe0000
3fffffff2fffe0000
3fffffff2fffe0000
3fffffff2fffe0000
3fffffff2fffe0000
3fffffff2fffe0000
3fffffff2fffe0000
3fffffff2fffe0000
3fffffff2fffe0000
3fffffff2fffe0000
3fffffff2fffe0000
3fffffff2fffe0000
3fffffff2fffe0000
3fffffff2fffe0000
3fffffff2fffe0000
3fffffff2fffe0000
3fffffff2fffe0000
3fffffff2fffe0000
3fffffff2fffe0000
3fffffff2fffe0000
3fffffff2fffe0000
3fffffff2fffe0000
3fffffff2fffe0000
3fffffff2fffe0000
3fffffff2fffe0000
3fffffff2fffe0000
3fffffff2fffe0000
3fffffff2fffe0000
3fffffff2fffe0000
3fffffff2fffe0000
3fffffff2fffe0000
3fffffff2fffe0000
3fffffff2fffe0000
3fffffff2fffe0000
3fffffff2fffe0000
3fffffff2fffe0000
3fffffff2fffe0000
3fffffff2fffe0000
3fffffff2fffe0000
3fffffff2fffe0000
3fffffff2fffe0000
3fffffff2fffe0000
3fffffff2fffe0000
3fffffff2fffe0000
3fffffff2fffe0000
3fffffff2fffe0000
3fffffff2fffe0000
3fffffff2fffe0000
3fffffff2fffe0000
3fffffff2fffe0000
3fffffff2fffe0000
3fffffff2fffe0000
3fffffff2fffe0000
3fffffff2fffe0000
3fffffff2fffe0000
3fffffff2fffe0000
3fffffff2fffe0000
3fffffff2fffe0000
3fffffff2fffe0000
3fffffff2fffe0000
3fffffff2fffe0000
3fffffff2fffe0000
3fffffff2fffe0000
3fffffff2fffe0000
3fffffff2fffe0000
3fffffff2fffe0000
3fffffff2fffe0000
3fffffff2fffe0000
3fffffff2fffe0000
3fffffff2fffe0000
3fffffff2fffe0000
3fffffff2fffe0000
3fffffff2fffe0000
3fffffff2fffe0000
3fffffff2fffe0000
3fffffff2fffe0000
3fffffff2fffe0000
3fffffff2fffe0000
3fffffff2fffe0000
3fffffff2fffe0000
3fffffff2fffe0000
3fffffff2fffe0000
3fffffff2fffe0000
3fffffff2fffe0000
3fffffff2fffe0000
3fffffff2fffe0000
3fffffff2fffe0000
3fffffff2fffe0000
3fffffff2fffe0000
3fffffff2fffe0000
3fffffff2fffe0000
3fffffff2fffe0000
3fffffff2fffe0000
3fffffff2fffe0000
3fffffff2fffe0000
3fffffff2fffe0000
3fffffff2fffe0000
3fffffff2fffe0000
3fffffff2fffe0000
3fffffff2fffe0000
3fffffff2fffe0000
3fffffff2fffe0000
3fffffff2fffe0000
3fffffff2fffe0000
3fffffff2fffe0000
3fffffff2fffe0000
3fffffff2fffe0000
3fffffff2fffe0000
3fffffff2fffe0000
3fffffff2fffe0000
3fffffff2fffe0000
3fffffff2fffe0000
3fffffff2fffe0000
3fffffff2fffe0000
3fffffff2fffe0000
3fffffff2fffe0000
3fffffff2fffe0000
3fffffff2fffe0000
3fffffff2fffe0000
3fffffff2fffe0000
3fffffff2fffe0000
3fffffff2fffe0000
3fffffff2fffe0000
3fffffff2fffe0000
3fffffff2fffe0000
3fffffff2fffe0000
3fffffff2fffe0000
3fffffff2fffe0000
3fffffff2fffe0000
3fffffff2fffe0000
3fffffff2fffe0000
3fffffff2fffe0000
3fffffff2fffe0000
3fffffff2fffe0000
3fffffff2fffe0000
3fffffff2fffe0000
3fffffff2fffe0000
3fffffff2fffe0000
3fffffff2fffe0000
3fffffff2fffe0000
3fffffff2fffe0000
3fffffff2fffe0000
3fffffff2fffe0000
3fffffff2fffe0000
3fffffff2fffe0000
3fffffff2fffe0000
3fffffff2fffe0000
3fffffff2fffe0000
3fffffff2fffe0000
3fffffff2fffe0000
3fffffff2fffe0000
3fffffff2fffe0000
3fffffff2fffe0000
3fffffff2fffe0000
3fffffff2fffe0000
3fffffff2fffe0000
3fffffff2fffe0000
3fffffff2fffe0000
3fffffff2fffe0000
3fffffff2fffe0000
3fffffff2fffe0000
3fffffff2fffe0000
3fffffff2fffe0000
3fffffff2fffe0000
3fffffff2fffe0000
3fffffff2fffe0000
3fffffff2fffe0000
3fffffff2fffe0000
3fffffff2fffe0000
3fffffff2fffe0000
3fffffff2fffe0000
3fffffff2fffe0000
3fffffff2fffe0000
3fffffff2fffe0000
3fffffff2fffe0000
3fffffff2fffe0000
3fffffff2fffe0000
3fffffff2fffe0000
3fffffff2fffe0000
3fffffff2fffe0000
3fffffff2fffe0000
3fffffff2fffe0000
3fffffff2fffe0000
3fffffff2fffe0000
3fffffff2fffe0000
3fffffff2fffe0000
3fffffff2fffe0000
3fffffff2fffe0000
3fffffff2fffe0000
3fffffff2fffe0000
3fffffff2fffe0000
3fffffff2fffe0000
3fffffff2fffe0000
3fffffff2fffe0000
3fffffff2fffe0000
3fffffff2fffe0000
3fffffff2fffe0000
3fffffff2fffe0000
3fffffff2fffe0000
3fffffff2fffe0000
3fffffff2fffe0000
3fffffff2fffe0000
3fffffff2fffe0000
3fffffff2fffe0000
3fffffff2fffe0000
3fffffff2fffe0000
3fffffff2fffe0000
3fffffff2fffe0000
3fffffff2fffe0000
3fffffff2fffe0000
3fffffff2fffe0000
3fffffff2fffe0000
3fffffff2fffe0000
3fffffff2fffe0000
3fffffff2fffe0000
3fffffff2fffe0000
3fffffff2fffe0000
3fffffff2fffe0000
3fffffff2fffe0000
3fffffff2fffe0000
3fffffff2fffe0000
3fffffff2fffe0000
3fffffff2fffe0000
3fffffff2fffe0000
3fffffff2fffe0000
3fffffff2fffe0000
3fffffff2fffe0000
3fffffff2fffe0000
3fffffff2fffe0000
3fffffff2fffe0000
3fffffff2fffe0000
3fffffff2fffe0000
3fffffff2fffe0000
3fffffff2fffe0000
3fffffff2fffe0000
3fffffff2fffe0000
3fffffff2fffe0000
3fffffff2fffe0000
3fffffff2fffe0000
3fffffff2fffe0000
3fffffff2fffe0000
3fffffff2fffe0000
3fffffff2fffe0000
3fffffff2fffe0000
3fffffff2fffe0000
3fffffff2fffe0000
3fffffff2fffe0000
3fffffff2fffe0000
3fffffff2fffe0000
3fffffff2fffe0000
3fffffff2fffe0000
3fffffff2fffe0000
3fffffff2fffe0000
3fffffff2fffe0000
3fffffff2fffe0000
3fffffff2fffe0000
3fffffff2fffe0000
3fffffff2fffe0000
3fffffff2fffe0000
3fffffff2fffe0000
3fffffff2fffe0000
3fffffff2fffe0000
3fffffff2fffe0000
3fffffff2fffe0000
3fffffff2fffe0000
3fffffff2fffe0000
3fffffff2fffe0000
3fffffff2fffe0000
3fffffff2fffe0000
3fffffff2fffe0000
3fffffff2fffe0000
3fffffff2fffe0000
3fffffff2fffe0000
3fffffff2fffe0000
3fffffff2fffe0000
3fffffff2fffe0000
3fffffff2fffe0000
3fffffff2fffe0000
3fffffff2fffe0000
3fffffff2fffe0000
3fffffff2fffe0000
3fffffff2fffe0000
3fffffff2fffe0000
3fffffff2fffe0000
3fffffff2fffe0000
3fffffff2fffe0000
3fffffff2fffe0000
3fffffff2fffe0000
3fffffff2fffe0000
3fffffff2fffe0000
3fffffff2fffe0000
3fffffff2fffe0000
3fffffff2fffe0000
3fffffff2fffe0000
3fffffff2fffe0000
3fffffff2fffe0000
3fffffff2fffe0000
3fffffff2fffe0000
3fffffff2fffe0000
3fffffff2fffe0000
3fffffff2fffe0000
3fffffff2fffe0000
3fffffff2fffe0000
3fffffff2fffe0000
3fffffff2fffe0000
3fffffff2fffe0000
3fffffff2fffe0000
3fffffff2fffe0000
3fffffff2fffe0000
3fffffff2fffe0000
3fffffff2fffe0000
3fffffff2fffe0000
3fffffff2fffe0000
3fffffff2fffe0000
3fffffff2fffe0000
3fffffff2fffe0000
3fffffff2fffe0000
3fffffff2fffe0000
3fffffff2fffe0000
3fffffff2fffe0000
3fffffff2fffe0000
3fffffff2fffe0000
3fffffff2fffe0000
3fffffff2fffe0000
3fffffff2fffe0000
3fffffff2fffe0000
3fffffff2fffe0000
3fffffff2fffe0000
3fffffff2fffe0000
3fffffff2fffe0000
3fffffff2fffe0000
3fffffff2fffe0000
3fffffff2fffe0000
3fffffff2fffe0000
3fffffff2fffe0000
3fffffff2fffe0000
3fffffff2fffe0000
3fffffff2fffe0000
3fffffff2fffe0000
3fffffff2fffe0000
3fffffff2fffe0000
3fffffff2fffe0000
3fffffff2fffe0000
3fffffff2fffe0000
3fffffff2fffe0000
3fffffff2fffe0000
3fffffff2fffe0000
3fffffff2fffe0000
3fffffff2fffe0000
3fffffff2fffe0000
3fffffff2fffe0000
3fffffff2fffe0000
3fffffff2fffe0000
3fffffff2fffe0000
3fffffff2fffe0000
3fffffff2fffe0000
3fffffff2fffe0000
3fffffff2fffe0000
3fffffff2fffe0000
3fffffff2fffe0000
3fffffff2fffe0000
3fffffff2fffe0000
3fffffff2fffe0000
3fffffff2fffe0000
3fffffff2fffe0000
3fffffff2fffe0000
3fffffff2fffe0000
3fffffff2fffe0000
3fffffff2fffe0000
3fffffff2fffe0000
3fffffff2fffe0000
3fffffff2fffe0000
3fffffff2fffe0000
3fffffff2fffe0000
3fffffff2fffe0000
3fffffff2fffe0000
3fffffff2fffe0000
3fffffff2fffe0000
3fffffff2fffe0000
3fffffff2fffe0000
3fffffff2fffe0000
3fffffff2fffe0000
3fffffff2fffe0000
3fffffff2fffe0000
3fffffff2fffe0000
3fffffff2fffe0000
3fffffff2fffe0000
3fffffff2fffe0000
3fffffff2fffe0000
3fffffff2fffe0000
3fffffff2fffe0000
3fffffff2fffe0000
3fffffff2fffe0000
3fffffff2fffe0000
3fffffff2fffe0000
3fffffff2fffe0000
3fffffff2fffe0000
3fffffff2fffe0000
3fffffff2fffe0000
3fffffff2fffe0000
3fffffff2fffe0000
3fffffff2fffe0000
3fffffff2fffe0000
3fffffff2fffe0000
3fffffff2fffe0000
3fffffff2fffe0000
3fffffff2fffe0000
3fffffff2fffe0000
3fffffff2fffe0000
3fffffff2fffe0000
3fffffff2fffe0000
3fffffff2fffe0000
3fffffff2fffe0000
3fffffff2fffe0000
3fffffff2fffe0000
3fffffff2fffe0000
3fffffff2fffe0000
3fffffff2fffe0000
3fffffff2fffe0000
3fffffff2fffe0000
3fffffff2fffe0000
3fffffff2fffe0000
3fffffff2fffe0000
3fffffff2fffe0000
3fffffff2fffe0000
3fffffff2fffe0000
3fffffff2fffe0000
3fffffff2fffe0000
3fffffff2fffe0000
3fffffff2fffe0000
3fffffff2fffe0000
3fffffff2fffe0000
3fffffff2fffe0000
3fffffff2fffe0000
3fffffff2fffe0000
3fffffff2fffe0000
3fffffff2fffe0000
3fffffff2fffe0000
3fffffff2fffe0000
3fffffff2fffe0000
3fffffff2fffe0000
3fffffff2fffe0000
3fffffff2fffe0000
3fffffff2fffe0000
3fffffff2fffe0000
3fffffff2fffe0000
3fffffff2fffe0000
3fffffff2fffe0000
3fffffff2fffe0000
3fffffff2fffe0000
3fffffff2fffe0000
3fffffff2fffe0000
3fffffff2fffe0000
3fffffff2fffe0000
3fffffff2fffe0000
3fffffff2fffe0000
3fffffff2fffe0000
3fffffff2fffe0000
3fffffff2fffe0000
3fffffff2fffe0000
3fffffff2fffe0000
3fffffff2fffe0000
3fffffff2fffe0000
3fffffff2fffe0000
3fffffff2fffe0000
3fffffff2fffe0000
3fffffff2fffe0000
3fffffff2fffe0000
3fffffff2fffe0000
3fffffff2fffe0000
3fffffff2fffe0000
3fffffff2fffe0000
3fffffff2fffe0000
3fffffff2fffe0000
3fffffff2fffe0000
3fffffff2fffe0000
3fffffff2fffe0000
3fffffff2fffe0000
3fffffff2fffe0000
3fffffff2fffe0000
3fffffff2fffe0000
3fffffff2fffe0000
3fffffff2fffe0000
3fffffff2fffe0000
3fffffff2fffe0000
3fffffff2fffe0000
3fffffff2fffe0000
3fffffff2fffe0000
3fffffff2fffe0000
3fffffff2fffe0000
3fffffff2fffe0000
3fffffff2fffe0000
3fffffff2fffe0000
3fffffff2fffe0000
3fffffff2fffe0000
3fffffff2fffe0000
3fffffff2fffe0000
3fffffff2fffe0000
3fffffff2fffe0000
3fffffff2fffe0000
3fffffff2fffe0000
3fffffff2fffe0000
3fffffff2fffe0000
3fffffff2fffe0000
3fffffff2fffe0000
3fffffff2fffe0000
3fffffff2fffe0000
3fffffff2fffe0000
3fffffff2fffe0000
3fffffff2fffe0000
3fffffff2fffe0000
3fffffff2fffe0000
3fffffff2fffe0000
3fffffff2fffe0000
3fffffff2fffe0000
3fffffff2fffe0000
3fffffff2fffe0000
3fffffff2fffe0000
3fffffff2fffe0000
3fffffff2fffe0000
3fffffff2fffe0000
3fffffff2fffe0000
3fffffff2fffe0000
3fffffff2fffe0000
3fffffff2fffe0000
3fffffff2fffe0000
3fffffff2fffe0000
3fffffff2fffe0000
3fffffff2fffe0000
3fffffff2fffe0000
3fffffff2fffe0000
3fffffff2fffe0000
3fffffff2fffe0000
3fffffff2fffe0000
3fffffff2fffe0000
3fffffff2fffe0000
3fffffff2fffe0000
3fffffff2fffe0000
3fffffff2fffe0000
3fffffff2fffe0000
3fffffff2fffe0000
3fffffff2fffe0000
3fffffff2fffe0000
3fffffff2fffe0000
3fffffff2fffe0000
3fffffff2fffe0000
3fffffff2fffe0000
3fffffff2fffe0000
3fffffff2fffe0000
3fffffff2fffe0000
3fffffff2fffe0000
3fffffff2fffe0000
3fffffff2fffe0000
3fffffff2fffe0000
3fffffff2fffe0000
3fffffff2fffe0000
3fffffff2fffe0000
3fffffff2fffe0000
3fffffff2fffe0000
3fffffff2fffe0000
3fffffff2fffe0000
3fffffff2fffe0000
3fffffff2fffe0000
3fffffff2fffe0000
3fffffff2fffe0000
3fffffff2fffe0000
3fffffff2fffe0000
3fffffff2fffe0000
3fffffff2fffe0000
3fffffff2fffe0000
3fffffff2fffe0000
3fffffff2fffe0000
3fffffff2fffe0000
3fffffff2fffe0000
3fffffff2fffe0000
3fffffff2fffe0000
3fffffff2fffe0000
3fffffff2fffe0000
3fffffff2fffe0000
3fffffff2fffe0000
3fffffff2fffe0000
3fffffff2fffe0000
3fffffff2fffe0000
3fffffff2fffe0000
3fffffff2fffe0000
3fffffff2fffe0000
3fffffff2fffe0000
3fffffff2fffe0000
3fffffff2fffe0000
3fffffff2fffe0000
3fffffff2fffe0000
3fffffff2fffe0000
3fffffff2fffe0000
3fffffff2fffe0000
3fffffff2fffe0000
3fffffff2fffe0000
3fffffff2fffe0000
3fffffff2fffe0000
3fffffff2fffe0000
3fffffff2fffe0000
3fffffff2fffe0000
3fffffff2fffe0000
3fffffff2fffe0000
3fffffff2fffe0000
3fffffff2fffe0000
3fffffff2fffe0000
3fffffff2fffe0000
3fffffff2fffe0000
3fffffff2fffe0000
3fffffff2fffe0000
3fffffff2fffe0000
3fffffff2fffe0000
3fffffff2fffe0000
3fffffff2fffe0000
3fffffff2fffe0000
3fffffff2fffe0000
3fffffff2fffe0000
3fffffff2fffe0000
3fffffff2fffe0000
3fffffff2fffe0000
3fffffff2fffe0000
3fffffff2fffe0000
3fffffff2fffe0000
3fffffff2fffe0000
3fffffff2fffe0000
3fffffff2fffe0000
3fffffff2fffe0000
3fffffff2fffe0000
3fffffff2fffe0000
3fffffff2fffe0000
3fffffff2fffe0000
3fffffff2fffe0000
3fffffff2fffe0000
3fffffff2fffe0000
3fffffff2fffe0000
3fffffff2fffe0000
3fffffff2fffe0000
3fffffff2fffe0000
3fffffff2fffe0000
3fffffff2fffe0000
3fffffff2fffe0000
3fffffff2fffe0000
3fffffff2fffe0000
3fffffff2fffe0000
3fffffff2fffe0000
3fffffff2fffe0000
3fffffff2fffe0000
3fffffff2fffe0000
3fffffff2fffe0000
3fffffff2fffe0000
3fffffff2fffe0000
3fffffff2fffe0000
3fffffff2fffe0000
3fffffff2fffe0000
3fffffff2fffe0000
3fffffff2fffe0000
3fffffff2fffe0000
3fffffff2fffe0000
3fffffff2fffe0000
3fffffff2fffe0000
3fffffff2fffe0000
3fffffff2fffe0000
3fffffff2fffe0000
3fffffff2fffe0000
3fffffff2fffe0000
3fffffff2fffe0000
3fffffff2fffe0000
3fffffff2fffe0000
3fffffff2fffe0000
3fffffff2fffe0000
3fffffff2fffe0000
3fffffff2fffe0000
3fffffff2fffe0000
3fffffff2fffe0000
3fffffff2fffe0000
3fffffff2fffe0000
3fffffff2fffe0000
3fffffff2fffe0000
3fffffff2fffe0000
3fffffff2fffe0000
3fffffff2fffe0000
3fffffff2fffe0000
3fffffff2fffe0000
3fffffff2fffe0000
3fffffff2fffe0000
3fffffff2fffe0000
3fffffff2fffe0000
3fffffff2fffe0000
3fffffff2fffe0000
3fffffff2fffe0000
3fffffff2fffe0000
3fffffff2fffe0000
3fffffff2fffe0000
3fffffff2fffe0000
3fffffff2fffe0000
3fffffff2fffe0000
3fffffff2fffe0000
3fffffff2fffe0000
3fffffff2fffe0000
3fffffff2fffe0000
3fffffff2fffe0000
3fffffff2fffe0000
3fffffff2fffe0000
3fffffff2fffe0000
3fffffff2fffe0000
3fffffff2fffe0000
3fffffff2fffe0000
3fffffff2fffe0000
3fffffff2fffe0000
3fffffff2fffe0000
3fffffff2fffe0000
3fffffff2fffe0000
3fffffff2fffe0000
3fffffff2fffe0000
3fffffff2fffe0000
3fffffff2fffe0000
3fffffff2fffe0000
3fffffff2fffe0000
3fffffff2fffe0000
3fffffff2fffe0000
3fffffff2fffe0000
3fffffff2fffe0000
3fffffff2fffe0000
3fffffff2fffe0000
4004bff5affeb0000
3f95e0d3701a68000
41965cd26f9a48000
3e92e2d9705b28000
1384f8f5fb1eb8000
fc50475f80ebf0000
00563f53bfea70000
00119fdcfffb98000
fffee002400048000
00000000000000000
00000000000000000
00000000000000000
00000000000000000
00000000000000000
00000000000000000
00000000000000000
00000000000000000
00000000000000000
00000000000000000
00000000000000000
00000000000000000
00000000000000000
00000000000000000
00000000000000000
00000000000000000
00000000000000000
00000000000000000
00000000000000000
00000000000000000
00000000000000000
00000000000000000
00000000000000000
00000000000000000
00000000000000000
00000000000000000
00000000000000000
00000000000000000
00000000000000000
00000000000000000
00000000000000000
00000000000000000
00000000000000000
00000000000000000
00000000000000000
00000000000000000
00000000000000000
00000000000000000
00000000000000000
00000000000000000
00000000000000000
00000000000000000
00000000000000000
00000000000000000
00000000000000000
00000000000000000
00000000000000000
00000000000000000
00000000000000000
00000000000000000
00000000000000000
00000000000000000
00000000000000000
00000000000000000
00000000000000000
00000000000000000
00000000000000000
00000000000000000
00000000000000000
00000000000000000
00000000000000000
00000000000000000
00000000000000000
00000000000000000
00000000000000000
00000000000000000
00000000000000000
00000000000000000
00000000000000000
00000000000000000
00000000000000000
00000000000000000
00000000000000000
00000000000000000
00000000000000000
00000000000000000
00000000000000000
00000000000000000
00000000000000000
00000000000000000
00000000000000000
00000000000000000
00000000000000000
00000000000000000
00000000000000000
00000000000000000
00000000000000000
00000000000000000
00000000000000000
00000000000000000
00000000000000000
00000000000000000
00000000000000000
00000000000000000
00000000000000000
00000000000000000
00000000000000000
00000000000000000
00000000000000000
00000000000000000
00000000000000000
00000000000000000
00000000000000000
00000000000000000
00000000000000000
00000000000000000
00000000000000000
00000000000000000
00000000000000000
00000000000000000
00000000000000000
00000000000000000
00000000000000000
00000000000000000
00000000000000000
00000000000000000
00000000000000000
00000000000000000
00000000000000000
00000000000000000
00000000000000000
00000000000000000
00000000000000000
00000000000000000
00000000000000000
00000000000000000
00000000000000000
00000000000000000
00000000000000000
00000000000000000
00000000000000000
00000000000000000
00000000000000000
00000000000000000
00000000000000000
00000000000000000
00000000000000000
00000000000000000
00000000000000000
00000000000000000
00000000000000000
00000000000000000
00000000000000000
00000000000000000
00000000000000000
00000000000000000
00000000000000000
00000000000000000
00000000000000000
00000000000000000
00000000000000000
00000000000000000
00000000000000000
00000000000000000
00000000000000000
00000000000000000
00000000000000000
00000000000000000
00000000000000000
00000000000000000
00000000000000000
00000000000000000
00000000000000000
00000000000000000
00000000000000000
00000000000000000
00000000000000000
00000000000000000
00000000000000000
00000000000000000
00000000000000000
00000000000000000
00000000000000000
00000000000000000
00000000000000000
00000000000000000
00000000000000000
00000000000000000
00000000000000000
00000000000000000
00000000000000000
00000000000000000
00000000000000000
00000000000000000
00000000000000000
00000000000000000
00000000000000000
00000000000000000
00000000000000000
00000000000000000
00000000000000000
00000000000000000
00000000000000000
00000000000000000
00000000000000000
00000000000000000
00000000000000000
00000000000000000
00000000000000000
00000000000000000
00000000000000000
00000000000000000
00000000000000000
00000000000000000
00000000000000000
00000000000000000
00000000000000000
00000000000000000
00000000000000000
00000000000000000
00000000000000000
00000000000000000
00000000000000000
00000000000000000
00000000000000000
00000000000000000
00000000000000000
00000000000000000
00000000000000000
00000000000000000
00000000000000000
00000000000000000
00000000000000000
00000000000000000
00000000000000000
00000000000000000
00000000000000000
00000000000000000
00000000000000000
00000000000000000
00000000000000000
00000000000000000
00000000000000000
00000000000000000
00000000000000000
00000000000000000
00000000000000000
00000000000000000
00000000000000000
00000000000000000
00000000000000000
00000000000000000
00000000000000000
00000000000000000
00000000000000000
00000000000000000
00000000000000000
00000000000000000
00000000000000000
00000000000000000
00000000000000000
00000000000000000
00000000000000000
00000000000000000
00000000000000000
00000000000000000
00000000000000000
00000000000000000
00000000000000000
00000000000000000
00000000000000000
00000000000000000
00000000000000000
00000000000000000
00000000000000000
00000000000000000
00000000000000000
00000000000000000
00000000000000000
00000000000000000
00000000000000000
00000000000000000
00000000000000000
00000000000000000
00000000000000000
00000000000000000
00000000000000000
00000000000000000
00000000000000000
00000000000000000
00000000000000000
00000000000000000
00000000000000000
00000000000000000
00000000000000000
00000000000000000
00000000000000000
00000000000000000
00000000000000000
00000000000000000
00000000000000000
00000000000000000
00000000000000000
00000000000000000
00000000000000000
00000000000000000
00000000000000000
00000000000000000
00000000000000000
00000000000000000
00000000000000000
00000000000000000
00000000000000000
00000000000000000
00000000000000000
00000000000000000
00000000000000000
00000000000000000
00000000000000000
00000000000000000
00000000000000000
00000000000000000
00000000000000000
00000000000000000
00000000000000000
00000000000000000
00000000000000000
00000000000000000
00000000000000000
00000000000000000
00000000000000000
00000000000000000
00000000000000000
00000000000000000
00000000000000000
00000000000000000
00000000000000000
00000000000000000
00000000000000000
00000000000000000
00000000000000000
00000000000000000
00000000000000000
00000000000000000
00000000000000000
00000000000000000
00000000000000000
00000000000000000
00000000000000000
00000000000000000
00000000000000000
00000000000000000
00000000000000000
00000000000000000
00000000000000000
00000000000000000
00000000000000000
00000000000000000
00000000000000000
00000000000000000
00000000000000000
00000000000000000
00000000000000000
00000000000000000
00000000000000000
00000000000000000
00000000000000000
00000000000000000
00000000000000000
00000000000000000
00000000000000000
00000000000000000
00000000000000000
00000000000000000
00000000000000000
00000000000000000
00000000000000000
00000000000000000
00000000000000000
00000000000000000
00000000000000000
00000000000000000
00000000000000000
00000000000000000
00000000000000000
00000000000000000
00000000000000000
00000000000000000
00000000000000000
00000000000000000
00000000000000000
00000000000000000
00000000000000000
00000000000000000
00000000000000000
00000000000000000
00000000000000000
00000000000000000
00000000000000000
00000000000000000
00000000000000000
00000000000000000
00000000000000000
00000000000000000
00000000000000000
00000000000000000
00000000000000000
00000000000000000
00000000000000000
00000000000000000
00000000000000000
00000000000000000
00000000000000000
00000000000000000
00000000000000000
00000000000000000
00000000000000000
00000000000000000
00000000000000000
00000000000000000
00000000000000000
00000000000000000
00000000000000000
00000000000000000
00000000000000000
00000000000000000
00000000000000000
00000000000000000
00000000000000000
00000000000000000
00000000000000000
00000000000000000
00000000000000000
00000000000000000
00000000000000000
00000000000000000
00000000000000000
00000000000000000
00000000000000000
00000000000000000
00000000000000000
00000000000000000
00000000000000000
00000000000000000
00000000000000000
00000000000000000
00000000000000000
00000000000000000
00000000000000000
00000000000000000
00000000000000000
00000000000000000
00000000000000000
00000000000000000
00000000000000000
00000000000000000
00000000000000000
00000000000000000
00000000000000000
00000000000000000
00000000000000000
00000000000000000
00000000000000000
00000000000000000
00000000000000000
00000000000000000
00000000000000000
00000000000000000
00000000000000000
00000000000000000
00000000000000000
00000000000000000
00000000000000000
00000000000000000
00000000000000000
00000000000000000
00000000000000000
00000000000000000
00000000000000000
00000000000000000
00000000000000000
00000000000000000
00000000000000000
00000000000000000
00000000000000000
00000000000000000
00000000000000000
00000000000000000
00000000000000000
00000000000000000
00000000000000000
00000000000000000
00000000000000000
00000000000000000
00000000000000000
00000000000000000
00000000000000000
00000000000000000
00000000000000000
00000000000000000
00000000000000000
00000000000000000
00000000000000000
00000000000000000
00000000000000000
00000000000000000
00000000000000000
00000000000000000
00000000000000000
00000000000000000
00000000000000000
00000000000000000
00000000000000000
00000000000000000
00000000000000000
00000000000000000
00000000000000000
00000000000000000
00000000000000000
00000000000000000
00000000000000000
00000000000000000
00000000000000000
00000000000000000
00000000000000000
00000000000000000
00000000000000000
00000000000000000
00000000000000000
00000000000000000
00000000000000000
00000000000000000
00000000000000000
00000000000000000
00000000000000000
00000000000000000
00000000000000000
00000000000000000
00000000000000000
00000000000000000
00000000000000000
00000000000000000
00000000000000000
00000000000000000
00000000000000000
00000000000000000
00000000000000000
00000000000000000
00000000000000000
00000000000000000
00000000000000000
00000000000000000
00000000000000000
00000000000000000
00000000000000000
00000000000000000
00000000000000000
00000000000000000
00000000000000000
00000000000000000
00000000000000000
00000000000000000
00000000000000000
00000000000000000
00000000000000000
00000000000000000
00000000000000000
00000000000000000
00000000000000000
00000000000000000
00000000000000000
00000000000000000
00000000000000000
00000000000000000
00000000000000000
00000000000000000
00000000000000000
00000000000000000
00000000000000000
00000000000000000
00000000000000000
00000000000000000
00000000000000000
00000000000000000
00000000000000000
00000000000000000
00000000000000000
00000000000000000
00000000000000000
00000000000000000
00000000000000000
00000000000000000
00000000000000000
00000000000000000
00000000000000000
00000000000000000
00000000000000000
00000000000000000
00000000000000000
00000000000000000
00000000000000000
00000000000000000
00000000000000000
00000000000000000
00000000000000000
00000000000000000
00000000000000000
00000000000000000
00000000000000000
00000000000000000
00000000000000000
00000000000000000
00000000000000000
00000000000000000
00000000000000000
00000000000000000
00000000000000000
00000000000000000
00000000000000000
00000000000000000
00000000000000000
00000000000000000
00000000000000000
00000000000000000
00000000000000000
00000000000000000
00000000000000000
00000000000000000
00000000000000000
00000000000000000
00000000000000000
00000000000000000
00000000000000000
00000000000000000
00000000000000000
00000000000000000
00000000000000000
00000000000000000
00000000000000000
00000000000000000
00000000000000000
00000000000000000
00000000000000000
00000000000000000
00000000000000000
00000000000000000
00000000000000000
00000000000000000
00000000000000000
00000000000000000
00000000000000000
00000000000000000
00000000000000000
00000000000000000
00000000000000000
00000000000000000
00000000000000000
00000000000000000
00000000000000000
00000000000000000
00000000000000000
00000000000000000
00000000000000000
00000000000000000
00000000000000000
00000000000000000
00000000000000000
00000000000000000
00000000000000000
00000000000000000
00000000000000000
00000000000000000
00000000000000000
00000000000000000
00000000000000000
00000000000000000
00000000000000000
00000000000000000
00000000000000000
00000000000000000
00000000000000000
00000000000000000
00000000000000000
00000000000000000
00000000000000000
00000000000000000
00000000000000000
00000000000000000
00000000000000000
00000000000000000
00000000000000000
00000000000000000
00000000000000000
00000000000000000
00000000000000000
00000000000000000
00000000000000000
00000000000000000
00000000000000000
00000000000000000
00000000000000000
00000000000000000
00000000000000000
00000000000000000
00000000000000000
00000000000000000
00000000000000000
00000000000000000
00000000000000000
00000000000000000
00000000000000000
00000000000000000
00000000000000000
00000000000000000
00000000000000000
00000000000000000
00000000000000000
00000000000000000
00000000000000000
00000000000000000
00000000000000000
00000000000000000
00000000000000000
00000000000000000
00000000000000000
00000000000000000
00000000000000000
00000000000000000
00000000000000000
00000000000000000
00000000000000000
00000000000000000
00000000000000000
00000000000000000
00000000000000000
00000000000000000
00000000000000000
00000000000000000
00000000000000000
00000000000000000
00000000000000000
00000000000000000
00000000000000000
00000000000000000
00000000000000000
00000000000000000
00000000000000000
00000000000000000
00000000000000000
00000000000000000
00000000000000000
00000000000000000
00000000000000000
00000000000000000
00000000000000000
00000000000000000
00000000000000000
00000000000000000
00000000000000000
00000000000000000
00000000000000000
00000000000000000
00000000000000000
00000000000000000
00000000000000000
00000000000000000
00000000000000000
00000000000000000
00000000000000000
00000000000000000
00000000000000000
00000000000000000
00000000000000000
00000000000000000
00000000000000000
00000000000000000
00000000000000000
00000000000000000
00000000000000000
00000000000000000
00000000000000000
00000000000000000
00000000000000000
00000000000000000
00000000000000000
00000000000000000
00000000000000000
00000000000000000
00000000000000000
00000000000000000
00000000000000000
00000000000000000
00000000000000000
00000000000000000
00000000000000000
00000000000000000
00000000000000000
00000000000000000
00000000000000000
00000000000000000
00000000000000000
00000000000000000
00000000000000000
00000000000000000
00000000000000000
00000000000000000
00000000000000000
00000000000000000
00000000000000000
00000000000000000
00000000000000000
00000000000000000
00000000000000000
00000000000000000
00000000000000000
00000000000000000
00000000000000000
00000000000000000
00000000000000000
00000000000000000
00000000000000000
00000000000000000
00000000000000000
00000000000000000
00000000000000000
00000000000000000
00000000000000000
00000000000000000
00000000000000000
00000000000000000
00000000000000000
00000000000000000
00000000000000000
00000000000000000
00000000000000000
00000000000000000
00000000000000000
00000000000000000
00000000000000000
00000000000000000
00000000000000000
00000000000000000
00000000000000000
00000000000000000
00000000000000000
00000000000000000
00000000000000000
00000000000000000
00000000000000000
00000000000000000
00000000000000000
00000000000000000
00000000000000000
00000000000000000
00000000000000000
00000000000000000
00000000000000000
00000000000000000
00000000000000000
00000000000000000
00000000000000000
00000000000000000
00000000000000000
00000000000000000
00000000000000000
00000000000000000
00000000000000000
00000000000000000
00000000000000000
00000000000000000
00000000000000000
00000000000000000
00000000000000000
00000000000000000
00000000000000000
00000000000000000
00000000000000000
00000000000000000
00000000000000000
00000000000000000
00000000000000000
00000000000000000
00000000000000000
00000000000000000
00000000000000000
00000000000000000
00000000000000000
00000000000000000
00000000000000000
00000000000000000
00000000000000000
00000000000000000
00000000000000000
00000000000000000
00000000000000000
00000000000000000
00000000000000000
00000000000000000
00000000000000000
00000000000000000
00000000000000000
00000000000000000
00000000000000000
00000000000000000
00000000000000000
00000000000000000
00000000000000000
00000000000000000
00000000000000000
00000000000000000
00000000000000000
00000000000000000
00000000000000000
00000000000000000
00000000000000000
00000000000000000
00000000000000000
00000000000000000
00000000000000000
00000000000000000
00000000000000000
00000000000000000
00000000000000000
00000000000000000
00000000000000000
00000000000000000
00000000000000000
00000000000000000
00000000000000000
00000000000000000
00000000000000000
00000000000000000
00000000000000000
00000000000000000
00000000000000000
00000000000000000
00000000000000000
00000000000000000
00000000000000000
00000000000000000
00000000000000000
00000000000000000
00000000000000000
00000000000000000
00000000000000000
00000000000000000
00000000000000000
00000000000000000
00000000000000000
00000000000000000
00000000000000000
00000000000000000
00000000000000000
00000000000000000
00000000000000000
00000000000000000
00000000000000000
00000000000000000
00000000000000000
00000000000000000
00000000000000000
00000000000000000
00000000000000000
00000000000000000
00000000000000000
00000000000000000
00000000000000000
00000000000000000
00000000000000000
00000000000000000
00000000000000000
00000000000000000
00000000000000000
00000000000000000
00000000000000000
00000000000000000
00000000000000000
00000000000000000
00000000000000000
00000000000000000
00000000000000000
00000000000000000
00000000000000000
00000000000000000
00000000000000000
00000000000000000
00000000000000000
00000000000000000
00000000000000000
00000000000000000
00000000000000000
00000000000000000
00000000000000000
00000000000000000
00000000000000000
00000000000000000
00000000000000000
00000000000000000
00000000000000000
00000000000000000
00000000000000000
00000000000000000
00000000000000000
00000000000000000
00000000000000000
00000000000000000
00000000000000000
00000000000000000
00000000000000000
00000000000000000
00000000000000000
00000000000000000
00000000000000000
00000000000000000
00000000000000000
00000000000000000
00000000000000000
00000000000000000
00000000000000000
00000000000000000
00000000000000000
00000000000000000
00000000000000000
00000000000000000
00000000000000000
00000000000000000
00000000000000000
00000000000000000
00000000000000000
00000000000000000
00000000000000000
00000000000000000
00000000000000000
00000000000000000
00000000000000000
00000000000000000
00000000000000000
00000000000000000
00000000000000000
00000000000000000
00000000000000000
00000000000000000
00000000000000000
00000000000000000
00000000000000000
00000000000000000
00000000000000000
00000000000000000
00000000000000000
00000000000000000
00000000000000000
00000000000000000
00000000000000000
00000000000000000
00000000000000000
00000000000000000
00000000000000000
00000000000000000
00000000000000000
00000000000000000
00000000000000000
00000000000000000
00000000000000000
00000000000000000
00000000000000000
00000000000000000
00000000000000000
00000000000000000
00000000000000000
00000000000000000
00000000000000000
00000000000000000
00000000000000000
00000000000000000
00000000000000000
00000000000000000
00000000000000000
00000000000000000
00000000000000000
00000000000000000
00000000000000000
00000000000000000
00000000000000000
00000000000000000
00000000000000000
00000000000000000
00000000000000000
00000000000000000
00000000000000000
00000000000000000
00000000000000000
00000000000000000
00000000000000000
00000000000000000
00000000000000000
00000000000000000
00000000000000000
00000000000000000
00000000000000000
00000000000000000
00000000000000000
00000000000000000
00000000000000000
00000000000000000
00000000000000000
00000000000000000
00000000000000000
00000000000000000
00000000000000000
00000000000000000
00000000000000000
00000000000000000
00000000000000000
00000000000000000
00000000000000000
00000000000000000
00000000000000000
00000000000000000
00000000000000000
00000000000000000
00000000000000000
00000000000000000
00000000000000000
00000000000000000
00000000000000000
00000000000000000
00000000000000000
00000000000000000
00000000000000000
00000000000000000
00000000000000000
00000000000000000
00000000000000000
00000000000000000
00000000000000000
00000000000000000
00000000000000000
00000000000000000
00000000000000000
00000000000000000
00000000000000000
00000000000000000
00000000000000000
00000000000000000
00000000000000000
00000000000000000
00000000000000000
00000000000000000
00000000000000000
00000000000000000
00000000000000000
00000000000000000
00000000000000000
00000000000000000
00000000000000000
00000000000000000
00000000000000000
00000000000000000
00000000000000000
00000000000000000
00000000000000000
00000000000000000
00000000000000000
00000000000000000
00000000000000000
00000000000000000
00000000000000000
00000000000000000
00000000000000000
00000000000000000
00000000000000000
00000000000000000
00000000000000000
00000000000000000
00000000000000000
00000000000000000
00000000000000000
00000000000000000
00000000000000000
00000000000000000
00000000000000000
00000000000000000
00000000000000000
00000000000000000
00000000000000000
00000000000000000
00000000000000000
00000000000000000
00000000000000000
00000000000000000
00000000000000000
00000000000000000
00000000000000000
00000000000000000
00000000000000000
00000000000000000
00000000000000000
00000000000000000
00000000000000000
00000000000000000
00000000000000000
00000000000000000
00000000000000000
00000000000000000
00000000000000000
00000000000000000
00000000000000000
00000000000000000
00000000000000000
00000000000000000
00000000000000000
00000000000000000
00000000000000000
00000000000000000
00000000000000000
00000000000000000
00000000000000000
00000000000000000
00000000000000000
00000000000000000
00000000000000000
00000000000000000
00000000000000000
00000000000000000
00000000000000000
00000000000000000
00000000000000000
00000000000000000
00000000000000000
00000000000000000
00000000000000000
00000000000000000
00000000000000000
00000000000000000
00000000000000000
00000000000000000
00000000000000000
00000000000000000
00000000000000000
00000000000000000
00000000000000000
00000000000000000
00000000000000000
00000000000000000
00000000000000000
00000000000000000
00000000000000000
00000000000000000
00000000000000000
00000000000000000
00000000000000000
00000000000000000
00000000000000000
00000000000000000
00000000000000000
00000000000000000
00000000000000000
00000000000000000
00000000000000000
00000000000000000
00000000000000000
00000000000000000
00000000000000000
00000000000000000
00000000000000000
00000000000000000
00000000000000000
00000000000000000
00000000000000000
00000000000000000
00000000000000000
00000000000000000
00000000000000000
00000000000000000
00000000000000000
00000000000000000
00000000000000000
00000000000000000
00000000000000000
00000000000000000
00000000000000000
00000000000000000
00000000000000000
00000000000000000
00000000000000000
00000000000000000
00000000000000000
00000000000000000
00000000000000000
00000000000000000
00000000000000000
00000000000000000
00000000000000000
00000000000000000
00000000000000000
00000000000000000
00000000000000000
00000000000000000
00000000000000000
00000000000000000
00000000000000000
00000000000000000
00000000000000000
00000000000000000
00000000000000000
00000000000000000
00000000000000000
00000000000000000
00000000000000000
00000000000000000
00000000000000000
00000000000000000
00000000000000000
00000000000000000
00000000000000000
00000000000000000
00000000000000000
00000000000000000
00000000000000000
00000000000000000
00000000000000000
00000000000000000
00000000000000000
00000000000000000
00000000000000000
00000000000000000
00000000000000000
00000000000000000
00000000000000000
00000000000000000
00000000000000000
00000000000000000
00000000000000000
00000000000000000
00000000000000000
00000000000000000
00000000000000000
00000000000000000
00000000000000000
00000000000000000
00000000000000000
00000000000000000
00000000000000000
00000000000000000
00000000000000000
00000000000000000
00000000000000000
00000000000000000
00000000000000000
00000000000000000
00000000000000000
00000000000000000
00000000000000000
00000000000000000
00000000000000000
00000000000000000
00000000000000000
00000000000000000
00000000000000000
00000000000000000
00000000000000000
00000000000000000
00000000000000000
00000000000000000
00000000000000000
00000000000000000
00000000000000000
00000000000000000
00000000000000000
00000000000000000
00000000000000000
00000000000000000
00000000000000000
00000000000000000
00000000000000000
00000000000000000
00000000000000000
00000000000000000
00000000000000000
00000000000000000
00000000000000000
00000000000000000
00000000000000000
00000000000000000
00000000000000000
00000000000000000
00000000000000000
00000000000000000
00000000000000000
00000000000000000
00000000000000000
00000000000000000
00000000000000000
00000000000000000
00000000000000000
00000000000000000
00000000000000000
00000000000000000
00000000000000000
00000000000000000
00000000000000000
00000000000000000
00000000000000000
00000000000000000
00000000000000000
00000000000000000
00000000000000000
00000000000000000
00000000000000000
00000000000000000
00000000000000000
00000000000000000
00000000000000000
00000000000000000
00000000000000000
00000000000000000
00000000000000000
00000000000000000
00000000000000000
00000000000000000
00000000000000000
00000000000000000
00000000000000000
00000000000000000
00000000000000000
00000000000000000
00000000000000000
00000000000000000
00000000000000000
00000000000000000
00000000000000000
00000000000000000
00000000000000000
00000000000000000
00000000000000000
00000000000000000
00000000000000000
00000000000000000
00000000000000000
00000000000000000
00000000000000000
00000000000000000
00000000000000000
00000000000000000
00000000000000000
00000000000000000
00000000000000000
00000000000000000
00000000000000000
00000000000000000
00000000000000000
00000000000000000
00000000000000000
00000000000000000
00000000000000000
00000000000000000
00000000000000000
00000000000000000
00000000000000000
00000000000000000
00000000000000000
00000000000000000
00000000000000000
00000000000000000
00000000000000000
00000000000000000
00000000000000000
00000000000000000
00000000000000000
00000000000000000
00000000000000000
00000000000000000
00000000000000000
00000000000000000
00000000000000000
00000000000000000
00000000000000000
00000000000000000
00000000000000000
00000000000000000
00000000000000000
00000000000000000
00000000000000000
00000000000000000
00000000000000000
00000000000000000
00000000000000000
00000000000000000
00000000000000000
00000000000000000
00000000000000000
00000000000000000
00000000000000000
00000000000000000
00000000000000000
00000000000000000
00000000000000000
00000000000000000
00000000000000000
00000000000000000
00000000000000000
00000000000000000
00000000000000000
00000000000000000
00000000000000000
00000000000000000
00000000000000000
00000000000000000
00000000000000000
00000000000000000
00000000000000000
00000000000000000
00000000000000000
00000000000000000
00000000000000000
00000000000000000
00000000000000000
00000000000000000
00000000000000000
00000000000000000
00000000000000000
00000000000000000
00000000000000000
00000000000000000
00000000000000000
00000000000000000
00000000000000000
00000000000000000
00000000000000000
00000000000000000
00000000000000000
00000000000000000
00000000000000000
00000000000000000
00000000000000000
00000000000000000
00000000000000000
00000000000000000
00000000000000000
00000000000000000
00000000000000000
00000000000000000
00000000000000000
00000000000000000
00000000000000000
00000000000000000
00000000000000000
00000000000000000
00000000000000000
00000000000000000
00000000000000000
00000000000000000
00000000000000000
00000000000000000
00000000000000000
00000000000000000
00000000000000000
00000000000000000
00000000000000000
00000000000000000
00000000000000000
00000000000000000
00000000000000000
00000000000000000
00000000000000000
00000000000000000
00000000000000000
00000000000000000
00000000000000000
00000000000000000
00000000000000000
00000000000000000
00000000000000000
00000000000000000
00000000000000000
00000000000000000
00000000000000000
00000000000000000
00000000000000000
00000000000000000
00000000000000000
00000000000000000
00000000000000000
00000000000000000
00000000000000000
00000000000000000
00000000000000000
00000000000000000
00000000000000000
00000000000000000
00000000000000000
00000000000000000
00000000000000000
00000000000000000
00000000000000000
00000000000000000
00000000000000000
00000000000000000
00000000000000000
00000000000000000
00000000000000000
00000000000000000
00000000000000000
00000000000000000
00000000000000000
00000000000000000
00000000000000000
00000000000000000
00000000000000000
00000000000000000
00000000000000000
00000000000000000
00000000000000000
00000000000000000
00000000000000000
00000000000000000
00000000000000000
00000000000000000
00000000000000000
00000000000000000
00000000000000000
00000000000000000
00000000000000000
00000000000000000
00000000000000000
00000000000000000
00000000000000000
00000000000000000
00000000000000000
00000000000000000
00000000000000000
00000000000000000
00000000000000000
00000000000000000
00000000000000000
00000000000000000
00000000000000000
00000000000000000
00000000000000000
00000000000000000
00000000000000000
00000000000000000
00000000000000000
00000000000000000
00000000000000000
00000000000000000
00000000000000000
00000000000000000
00000000000000000
00000000000000000
00000000000000000
00000000000000000
00000000000000000
00000000000000000
00000000000000000
00000000000000000
00000000000000000
00000000000000000
00000000000000000
00000000000000000
00000000000000000
00000000000000000
00000000000000000
00000000000000000
00000000000000000
00000000000000000
00000000000000000
00000000000000000
00000000000000000
00000000000000000
00000000000000000
00000000000000000
00000000000000000
00000000000000000
00000000000000000
00000000000000000
00000000000000000
00000000000000000
00000000000000000
00000000000000000
00000000000000000
00000000000000000
00000000000000000
00000000000000000
00000000000000000
00000000000000000
00000000000000000
00000000000000000
00000000000000000
00000000000000000
00000000000000000
00000000000000000
00000000000000000
00000000000000000
00000000000000000
00000000000000000
00000000000000000
00000000000000000
00000000000000000
00000000000000000
00000000000000000
00000000000000000
00000000000000000
00000000000000000
00000000000000000
00000000000000000
00000000000000000
00000000000000000
00000000000000000
00000000000000000
00000000000000000
00000000000000000
00000000000000000
00000000000000000
00000000000000000
00000000000000000
00000000000000000
00000000000000000
00000000000000000
00000000000000000
00000000000000000
00000000000000000
00000000000000000
00000000000000000
00000000000000000
00000000000000000
00000000000000000
00000000000000000
00000000000000000
00000000000000000
00000000000000000
00000000000000000
00000000000000000
00000000000000000
00000000000000000
00000000000000000
00000000000000000
00000000000000000
00000000000000000
00000000000000000
00000000000000000
00000000000000000
00000000000000000
00000000000000000
00000000000000000
00000000000000000
00000000000000000
00000000000000000
00000000000000000
00000000000000000
00000000000000000
00000000000000000
00000000000000000
00000000000000000
00000000000000000
00000000000000000
00000000000000000
00000000000000000
00000000000000000
00000000000000000
00000000000000000
00000000000000000
00000000000000000
00000000000000000
00000000000000000
00000000000000000
00000000000000000
00000000000000000
00000000000000000
00000000000000000
00000000000000000
00000000000000000
00000000000000000
00000000000000000
00000000000000000
00000000000000000
00000000000000000
00000000000000000
00000000000000000
00000000000000000
00000000000000000
00000000000000000
00000000000000000
00000000000000000
00000000000000000
00000000000000000
00000000000000000
00000000000000000
00000000000000000
00000000000000000
00000000000000000
00000000000000000
00000000000000000
00000000000000000
00000000000000000
00000000000000000
00000000000000000
00000000000000000
00000000000000000
00000000000000000
00000000000000000
00000000000000000
00000000000000000
00000000000000000
00000000000000000
00000000000000000
00000000000000000
00000000000000000
00000000000000000
00000000000000000
00000000000000000
00000000000000000
00000000000000000
00000000000000000
00000000000000000
00000000000000000
00000000000000000
00000000000000000
00000000000000000
00000000000000000
00000000000000000
00000000000000000
00000000000000000
00000000000000000
00000000000000000
00000000000000000
00000000000000000
00000000000000000
00000000000000000
00000000000000000
00000000000000000
00000000000000000
00000000000000000
00000000000000000
00000000000000000
00000000000000000
00000000000000000
00000000000000000
00000000000000000
00000000000000000
00000000000000000
00000000000000000
00000000000000000
00000000000000000
00000000000000000
00000000000000000
00000000000000000
00000000000000000
00000000000000000
00000000000000000
00000000000000000
00000000000000000
00000000000000000
00000000000000000
00000000000000000
00000000000000000
00000000000000000
00000000000000000
00000000000000000
00000000000000000
00000000000000000
00000000000000000
00000000000000000
00000000000000000
00000000000000000
00000000000000000
00000000000000000
00000000000000000
00000000000000000
00000000000000000
00000000000000000
00000000000000000
00000000000000000
00000000000000000
00000000000000000
00000000000000000
00000000000000000
00000000000000000
00000000000000000
00000000000000000
00000000000000000
00000000000000000
00000000000000000
00000000000000000
00000000000000000
00000000000000000
00000000000000000
00000000000000000
00000000000000000
00000000000000000
00000000000000000
00000000000000000
00000000000000000
00000000000000000
00000000000000000
00000000000000000
00000000000000000
00000000000000000
00000000000000000
00000000000000000
00000000000000000
00000000000000000
00000000000000000
00000000000000000
00000000000000000
00000000000000000
00000000000000000
00000000000000000
00000000000000000
00000000000000000
00000000000000000
00000000000000000
00000000000000000
00000000000000000
00000000000000000
00000000000000000
00000000000000000
00000000000000000
00000000000000000
00000000000000000
00000000000000000
00000000000000000
00000000000000000
00000000000000000
00000000000000000
00000000000000000
00000000000000000
00000000000000000
00000000000000000
00000000000000000
00000000000000000
00000000000000000
00000000000000000
00000000000000000
00000000000000000
00000000000000000
00000000000000000
00000000000000000
00000000000000000
00000000000000000
00000000000000000
00000000000000000
00000000000000000
00000000000000000
00000000000000000
00000000000000000
00000000000000000
00000000000000000
00000000000000000
00000000000000000
00000000000000000
00000000000000000
00000000000000000
00000000000000000
00000000000000000
00000000000000000
00000000000000000
00000000000000000
00000000000000000
00000000000000000
00000000000000000
00000000000000000
00000000000000000
00000000000000000
00000000000000000
00000000000000000
00000000000000000
00000000000000000
00000000000000000
00000000000000000
00000000000000000
00000000000000000
00000000000000000
00000000000000000
00000000000000000
00000000000000000
00000000000000000
00000000000000000
00000000000000000
00000000000000000
00000000000000000
00000000000000000
00000000000000000
00000000000000000
00000000000000000
00000000000000000
00000000000000000
00000000000000000
00000000000000000
00000000000000000
00000000000000000
00000000000000000
00000000000000000
00000000000000000
00000000000000000
00000000000000000
00000000000000000
00000000000000000
00000000000000000
00000000000000000
00000000000000000
00000000000000000
00000000000000000
00000000000000000
00000000000000000
00000000000000000
00000000000000000
00000000000000000
00000000000000000
00000000000000000
00000000000000000
00000000000000000
00000000000000000
00000000000000000
00000000000000000
00000000000000000
00000000000000000
00000000000000000
00000000000000000
00000000000000000
00000000000000000
00000000000000000
00000000000000000
00000000000000000
00000000000000000
00000000000000000
00000000000000000
00000000000000000
00000000000000000
00000000000000000
00000000000000000
00000000000000000
00000000000000000
00000000000000000
00000000000000000
00000000000000000
00000000000000000
00000000000000000
00000000000000000
00000000000000000
00000000000000000
00000000000000000
00000000000000000
00000000000000000
00000000000000000
00000000000000000
00000000000000000
00000000000000000
00000000000000000
00000000000000000
00000000000000000
00000000000000000
00000000000000000
00000000000000000
00000000000000000
00000000000000000
00000000000000000
00000000000000000
00000000000000000
00000000000000000
00000000000000000
00000000000000000
00000000000000000
00000000000000000
00000000000000000
00000000000000000
00000000000000000
00000000000000000
00000000000000000
00000000000000000
00000000000000000
00000000000000000
00000000000000000
00000000000000000
00000000000000000
00000000000000000
00000000000000000
00000000000000000
00000000000000000
00000000000000000
00000000000000000
00000000000000000
00000000000000000
00000000000000000
00000000000000000
00000000000000000
00000000000000000
00000000000000000
00000000000000000
00000000000000000
00000000000000000
00000000000000000
00000000000000000
00000000000000000
00000000000000000
00000000000000000
00000000000000000
00000000000000000
00000000000000000
00000000000000000
00000000000000000
00000000000000000
00000000000000000
00000000000000000
00000000000000000
00000000000000000
00000000000000000
00000000000000000
00000000000000000
00000000000000000
00000000000000000
00000000000000000
00000000000000000
00000000000000000
00000000000000000
00000000000000000
00000000000000000
00000000000000000
00000000000000000
00000000000000000
00000000000000000
00000000000000000
00000000000000000
00000000000000000
00000000000000000
00000000000000000
00000000000000000
00000000000000000
00000000000000000
00000000000000000
00000000000000000
00000000000000000
00000000000000000
00000000000000000
00000000000000000
00000000000000000
00000000000000000
00000000000000000
00000000000000000
00000000000000000
00000000000000000
00000000000000000
00000000000000000
00000000000000000
00000000000000000
00000000000000000
00000000000000000
00000000000000000
00000000000000000
00000000000000000
00000000000000000
00000000000000000
00000000000000000
00000000000000000
00000000000000000
00000000000000000
00000000000000000
00000000000000000
00000000000000000
00000000000000000
00000000000000000
00000000000000000
00000000000000000
00000000000000000
00000000000000000
00000000000000000
00000000000000000
00000000000000000
00000000000000000
00000000000000000
00000000000000000
00000000000000000
00000000000000000
00000000000000000
00000000000000000
00000000000000000
00000000000000000
00000000000000000
00000000000000000
00000000000000000
00000000000000000
00000000000000000
00000000000000000
00000000000000000
00000000000000000
00000000000000000
00000000000000000
00000000000000000
00000000000000000
00000000000000000
00000000000000000
00000000000000000
00000000000000000
00000000000000000
00000000000000000
00000000000000000
00000000000000000
00000000000000000
00000000000000000
00000000000000000
00000000000000000
00000000000000000
00000000000000000
00000000000000000
00000000000000000
00000000000000000
00000000000000000
00000000000000000
00000000000000000
00000000000000000
00000000000000000
00000000000000000
00000000000000000
00000000000000000
00000000000000000
00000000000000000
00000000000000000
00000000000000000
00000000000000000
00000000000000000
00000000000000000
00000000000000000
00000000000000000
00000000000000000
00000000000000000
00000000000000000
00000000000000000
00000000000000000
00000000000000000
00000000000000000
00000000000000000
00000000000000000
00000000000000000
00000000000000000
00000000000000000
00000000000000000
00000000000000000
00000000000000000
00000000000000000
00000000000000000
00000000000000000
00000000000000000
00000000000000000
00000000000000000
00000000000000000
00000000000000000
00000000000000000
00000000000000000
00000000000000000
00000000000000000
00000000000000000
00000000000000000
00000000000000000
00000000000000000
00000000000000000
00000000000000000
00000000000000000
00000000000000000
00000000000000000
00000000000000000
00000000000000000
00000000000000000
00000000000000000
00000000000000000
00000000000000000
00000000000000000
00000000000000000
00000000000000000
00000000000000000
00000000000000000
00000000000000000
00000000000000000
00000000000000000
00000000000000000
00000000000000000
00000000000000000
00000000000000000
00000000000000000
00000000000000000
00000000000000000
00000000000000000
00000000000000000
00000000000000000
00000000000000000
00000000000000000
00000000000000000
00000000000000000
00000000000000000
00000000000000000
00000000000000000
00000000000000000
00000000000000000
00000000000000000
00000000000000000
00000000000000000
00000000000000000
00000000000000000
00000000000000000
00000000000000000
00000000000000000
00000000000000000
00000000000000000
00000000000000000
00000000000000000
00000000000000000
00000000000000000
00000000000000000
00000000000000000
00000000000000000
00000000000000000
00000000000000000
00000000000000000
00000000000000000
00000000000000000
00000000000000000
00000000000000000
00000000000000000
00000000000000000
00000000000000000
00000000000000000
00000000000000000
00000000000000000
00000000000000000
00000000000000000
00000000000000000
00000000000000000
00000000000000000
00000000000000000
00000000000000000
00000000000000000
00000000000000000
00000000000000000
00000000000000000
00000000000000000
00000000000000000
00000000000000000
00000000000000000
00000000000000000
00000000000000000
00000000000000000
00000000000000000
00000000000000000
00000000000000000
00000000000000000
00000000000000000
00000000000000000
00000000000000000
00000000000000000
00000000000000000
00000000000000000
00000000000000000
00000000000000000
00000000000000000
00000000000000000
00000000000000000
00000000000000000
00000000000000000
00000000000000000
00000000000000000
00000000000000000
00000000000000000
00000000000000000
00000000000000000
00000000000000000
00000000000000000
00000000000000000
00000000000000000
00000000000000000
00000000000000000
00000000000000000
00000000000000000
00000000000000000
00000000000000000
00000000000000000
00000000000000000
00000000000000000
00000000000000000
00000000000000000
00000000000000000
00000000000000000
00000000000000000
00000000000000000
00000000000000000
00000000000000000
00000000000000000
00000000000000000
00000000000000000
00000000000000000
00000000000000000
00000000000000000
00000000000000000
00000000000000000
00000000000000000
00000000000000000
00000000000000000
00000000000000000
00000000000000000
00000000000000000
00000000000000000
00000000000000000
00000000000000000
00000000000000000
00000000000000000
00000000000000000
00000000000000000
00000000000000000
00000000000000000
00000000000000000
00000000000000000
00000000000000000
00000000000000000
00000000000000000
00000000000000000
00000000000000000
00000000000000000
00000000000000000
00000000000000000
00000000000000000
00000000000000000
00000000000000000
00000000000000000
00000000000000000
00000000000000000
00000000000000000
00000000000000000
00000000000000000
00000000000000000
00000000000000000
00000000000000000
00000000000000000
00000000000000000
00000000000000000
00000000000000000
00000000000000000
00000000000000000
00000000000000000
00000000000000000
00000000000000000
00000000000000000
00000000000000000
00000000000000000
00000000000000000
00000000000000000
00000000000000000
00000000000000000
00000000000000000
00000000000000000
00000000000000000
00000000000000000
00000000000000000
00000000000000000
00000000000000000
00000000000000000
00000000000000000
00000000000000000
00000000000000000
00000000000000000
00000000000000000
00000000000000000
00000000000000000
00000000000000000
00000000000000000
00000000000000000
00000000000000000
00000000000000000
00000000000000000
00000000000000000
00000000000000000
00000000000000000
00000000000000000
00000000000000000
00000000000000000
00000000000000000
00000000000000000
00000000000000000
00000000000000000
00000000000000000
00000000000000000
00000000000000000
00000000000000000
00000000000000000
00000000000000000
00000000000000000
00000000000000000
00000000000000000
00000000000000000
00000000000000000
00000000000000000
00000000000000000
00000000000000000
00000000000000000
00000000000000000
00000000000000000
00000000000000000
00000000000000000
00000000000000000
00000000000000000
00000000000000000
00000000000000000
00000000000000000
00000000000000000
00000000000000000
00000000000000000
00000000000000000
00000000000000000
00000000000000000
00000000000000000
00000000000000000
00000000000000000
00000000000000000
00000000000000000
00000000000000000
00000000000000000
00000000000000000
00000000000000000
00000000000000000
00000000000000000
00000000000000000
00000000000000000
00000000000000000
00000000000000000
00000000000000000
00000000000000000
00000000000000000
00000000000000000
00000000000000000
00000000000000000
00000000000000000
00000000000000000
00000000000000000
00000000000000000
00000000000000000
00000000000000000
00000000000000000
00000000000000000
00000000000000000
00000000000000000
00000000000000000
00000000000000000
00000000000000000
00000000000000000
00000000000000000
00000000000000000
00000000000000000
00000000000000000
00000000000000000
00000000000000000
00000000000000000
00000000000000000
00000000000000000
00000000000000000
00000000000000000
00000000000000000
00000000000000000
00000000000000000
00000000000000000
00000000000000000
00000000000000000
00000000000000000
00000000000000000
00000000000000000
00000000000000000
00000000000000000
00000000000000000
00000000000000000
00000000000000000
00000000000000000
00000000000000000
00000000000000000
00000000000000000
00000000000000000
00000000000000000
00000000000000000
00000000000000000
00000000000000000
00000000000000000
00000000000000000
00000000000000000
00000000000000000
00000000000000000
00000000000000000
00000000000000000
00000000000000000
00000000000000000
00000000000000000
00000000000000000
00000000000000000
00000000000000000
00000000000000000
00000000000000000
00000000000000000
00000000000000000
00000000000000000
00000000000000000
00000000000000000
00000000000000000
00000000000000000
00000000000000000
00000000000000000
00000000000000000
00000000000000000
00000000000000000
00000000000000000
00000000000000000
00000000000000000
00000000000000000
00000000000000000
00000000000000000
00000000000000000
00000000000000000
00000000000000000
00000000000000000
00000000000000000
00000000000000000
00000000000000000
00000000000000000
00000000000000000
00000000000000000
00000000000000000
00000000000000000
00000000000000000
00000000000000000
00000000000000000
00000000000000000
00000000000000000
00000000000000000
00000000000000000
00000000000000000
00000000000000000
00000000000000000
00000000000000000
00000000000000000
00000000000000000
00000000000000000
00000000000000000
00000000000000000
00000000000000000
00000000000000000
00000000000000000
00000000000000000
00000000000000000
00000000000000000
00000000000000000
00000000000000000
00000000000000000
00000000000000000
00000000000000000
00000000000000000
00000000000000000
00000000000000000
00000000000000000
00000000000000000
00000000000000000
00000000000000000
00000000000000000
00000000000000000
00000000000000000
00000000000000000
00000000000000000
00000000000000000
00000000000000000
00000000000000000
00000000000000000
00000000000000000
00000000000000000
00000000000000000
00000000000000000
00000000000000000
00000000000000000
00000000000000000
00000000000000000
00000000000000000
00000000000000000
00000000000000000
00000000000000000
00000000000000000
00000000000000000
00000000000000000
00000000000000000
00000000000000000
00000000000000000
00000000000000000
00000000000000000
00000000000000000
00000000000000000
00000000000000000
00000000000000000
00000000000000000
00000000000000000
00000000000000000
00000000000000000
00000000000000000
00000000000000000
00000000000000000
00000000000000000
00000000000000000
00000000000000000
00000000000000000
00000000000000000
00000000000000000
00000000000000000
00000000000000000
00000000000000000
00000000000000000
00000000000000000
00000000000000000
00000000000000000
00000000000000000
00000000000000000
00000000000000000
00000000000000000
00000000000000000
00000000000000000
00000000000000000
00000000000000000
00000000000000000
00000000000000000
00000000000000000
00000000000000000
00000000000000000
00000000000000000
00000000000000000
00000000000000000
00000000000000000
00000000000000000
00000000000000000
00000000000000000
00000000000000000
00000000000000000
00000000000000000
00000000000000000
00000000000000000
00000000000000000
00000000000000000
00000000000000000
00000000000000000
00000000000000000
00000000000000000
00000000000000000
00000000000000000
00000000000000000
00000000000000000
00000000000000000
00000000000000000
00000000000000000
00000000000000000
00000000000000000
00000000000000000
00000000000000000
00000000000000000
00000000000000000
00000000000000000
00000000000000000
00000000000000000
00000000000000000
00000000000000000
00000000000000000
00000000000000000
00000000000000000
00000000000000000
00000000000000000
00000000000000000
00000000000000000
00000000000000000
00000000000000000
00000000000000000
00000000000000000
00000000000000000
00000000000000000
00000000000000000
00000000000000000
00000000000000000
00000000000000000
00000000000000000
00000000000000000
00000000000000000
00000000000000000
00000000000000000
00000000000000000
00000000000000000
00000000000000000
00000000000000000
00000000000000000
00000000000000000
00000000000000000
00000000000000000
00000000000000000
00000000000000000
00000000000000000
00000000000000000
00000000000000000
00000000000000000
00000000000000000
00000000000000000
00000000000000000
00000000000000000
00000000000000000
00000000000000000
00000000000000000
00000000000000000
00000000000000000
00000000000000000
00000000000000000
00000000000000000
00000000000000000
00000000000000000
00000000000000000
00000000000000000
00000000000000000
00000000000000000
00000000000000000
00000000000000000
00000000000000000
00000000000000000
00000000000000000
00000000000000000
00000000000000000
00000000000000000
00000000000000000
00000000000000000
00000000000000000
00000000000000000
00000000000000000
00000000000000000
00000000000000000
00000000000000000
00000000000000000
00000000000000000
00000000000000000
00000000000000000
00000000000000000
00000000000000000
00000000000000000
00000000000000000
00000000000000000
00000000000000000
00000000000000000
00000000000000000
00000000000000000
00000000000000000
00000000000000000
00000000000000000
00000000000000000
00000000000000000
00000000000000000
00000000000000000
00000000000000000
00000000000000000
00000000000000000
00000000000000000
00000000000000000
00000000000000000
00000000000000000
00000000000000000
00000000000000000
00000000000000000
00000000000000000
00000000000000000
00000000000000000
00000000000000000
00000000000000000
00000000000000000
00000000000000000
00000000000000000
00000000000000000
00000000000000000
00000000000000000
00000000000000000
00000000000000000
00000000000000000
00000000000000000
00000000000000000
00000000000000000
00000000000000000
00000000000000000
00000000000000000
00000000000000000
00000000000000000
00000000000000000
00000000000000000
00000000000000000
00000000000000000
00000000000000000
00000000000000000
00000000000000000
00000000000000000
00000000000000000
00000000000000000
00000000000000000
00000000000000000
00000000000000000
00000000000000000
00000000000000000
00000000000000000
00000000000000000
00000000000000000
00000000000000000
00000000000000000
00000000000000000
00000000000000000
00000000000000000
00000000000000000
00000000000000000
00000000000000000
00000000000000000
00000000000000000
00000000000000000
00000000000000000
00000000000000000
00000000000000000
00000000000000000
00000000000000000
00000000000000000
00000000000000000
00000000000000000
00000000000000000
00000000000000000
00000000000000000
00000000000000000
00000000000000000
00000000000000000
00000000000000000
00000000000000000
00000000000000000
00000000000000000
00000000000000000
00000000000000000
00000000000000000
00000000000000000
00000000000000000
00000000000000000
00000000000000000
00000000000000000
00000000000000000
00000000000000000
00000000000000000
00000000000000000
00000000000000000
00000000000000000
00000000000000000
00000000000000000
00000000000000000
00000000000000000
00000000000000000
00000000000000000
00000000000000000
00000000000000000
00000000000000000
00000000000000000
00000000000000000
00000000000000000
00000000000000000
00000000000000000
00000000000000000
00000000000000000
00000000000000000
00000000000000000
00000000000000000
00000000000000000
00000000000000000
00000000000000000
00000000000000000
00000000000000000
00000000000000000
00000000000000000
00000000000000000
00000000000000000
00000000000000000
00000000000000000
00000000000000000
00000000000000000
00000000000000000
00000000000000000
00000000000000000
00000000000000000
00000000000000000
00000000000000000
00000000000000000
00000000000000000
00000000000000000
00000000000000000
00000000000000000
00000000000000000
00000000000000000
00000000000000000
00000000000000000
00000000000000000
00000000000000000
00000000000000000
00000000000000000
00000000000000000
00000000000000000
00000000000000000
00000000000000000
00000000000000000
00000000000000000
00000000000000000
00000000000000000
00000000000000000
00000000000000000
00000000000000000
