Copyright 1986-2022 Xilinx, Inc. All Rights Reserved. Copyright 2022-2023 Advanced Micro Devices, Inc. All Rights Reserved.
--------------------------------------------------------------------------------------------------------------------------------------------------
| Tool Version      : Vivado v.2023.1 (win64) Build 3865809 Sun May  7 15:05:29 MDT 2023
| Date              : Wed Sep 23 03:22:16 2026
| Host              : DESKTOP-SU4R45B running 64-bit major release  (build 9200)
| Command           : report_timing_summary -file C:/JeonghyunPark/Workspace/Vivado_Output/sq3/timing_summary_postroute.rpt -warn_on_violation
| Design            : d_1_wrapper
| Device            : xczu49dr-ffvf1760
| Speed File        : -2  PRODUCTION 1.32 01-31-2021
| Design State      : Routed
| Temperature Grade : E
--------------------------------------------------------------------------------------------------------------------------------------------------

Timing Summary Report

------------------------------------------------------------------------------------------------
| Timer Settings
| --------------
------------------------------------------------------------------------------------------------

  Enable Multi Corner Analysis               :  Yes
  Enable Pessimism Removal                   :  Yes
  Pessimism Removal Resolution               :  Nearest Common Node
  Enable Input Delay Default Clock           :  No
  Enable Preset / Clear Arcs                 :  No
  Disable Flight Delays                      :  No
  Ignore I/O Paths                           :  No
  Timing Early Launch at Borrowing Latches   :  No
  Borrow Time for Max Delay Exceptions       :  Yes
  Merge Timing Exceptions                    :  Yes

  Corner  Analyze    Analyze    
  Name    Max Paths  Min Paths  
  ------  ---------  ---------  
  Slow    Yes        Yes        
  Fast    Yes        Yes        


------------------------------------------------------------------------------------------------
| Report Methodology
| ------------------
------------------------------------------------------------------------------------------------

Rule       Severity  Description                         Violations  
---------  --------  ----------------------------------  ----------  
LUTAR-1    Warning   LUT drives async reset alert        42          
TIMING-9   Warning   Unknown CDC Logic                   1           
TIMING-10  Warning   Missing property on synchronizer    1           
TIMING-18  Warning   Missing input or output delay       28          
TIMING-24  Warning   Overridden Max delay datapath only  10          

Note: This report is based on the most recent report_methodology run and may not be up-to-date. Run report_methodology on the current design for the latest report.



check_timing report

Table of Contents
-----------------
1. checking no_clock (0)
2. checking constant_clock (0)
3. checking pulse_width_clock (0)
4. checking unconstrained_internal_endpoints (0)
5. checking no_input_delay (4)
6. checking no_output_delay (24)
7. checking multiple_clock (0)
8. checking generated_clocks (0)
9. checking loops (0)
10. checking partial_input_delay (0)
11. checking partial_output_delay (0)
12. checking latch_loops (0)

1. checking no_clock (0)
------------------------
 There are 0 register/latch pins with no clock.


2. checking constant_clock (0)
------------------------------
 There are 0 register/latch pins with constant_clock.


3. checking pulse_width_clock (0)
---------------------------------
 There are 0 register/latch pins which need pulse_width check


4. checking unconstrained_internal_endpoints (0)
------------------------------------------------
 There are 0 pins that are not constrained for maximum delay.

 There are 0 pins that are not constrained for maximum delay due to constant clock.


5. checking no_input_delay (4)
------------------------------
 There are 4 input ports with no input delay specified. (HIGH)

 There are 0 input ports with no input delay but user has a false path constraint.


6. checking no_output_delay (24)
--------------------------------
 There are 24 ports with no output delay specified. (HIGH)

 There are 0 ports with no output delay but user has a false path constraint

 There are 0 ports with no output delay but with a timing clock defined on it or propagating through it


7. checking multiple_clock (0)
------------------------------
 There are 0 register/latch pins with multiple clocks.


8. checking generated_clocks (0)
--------------------------------
 There are 0 generated clocks that are not connected to a clock source.


9. checking loops (0)
---------------------
 There are 0 combinational loops in the design.


10. checking partial_input_delay (0)
------------------------------------
 There are 0 input ports with partial input delay specified.


11. checking partial_output_delay (0)
-------------------------------------
 There are 0 ports with partial output delay specified.


12. checking latch_loops (0)
----------------------------
 There are 0 combinational latch loops in the design through latch input



------------------------------------------------------------------------------------------------
| Design Timing Summary
| ---------------------
------------------------------------------------------------------------------------------------

    WNS(ns)      TNS(ns)  TNS Failing Endpoints  TNS Total Endpoints      WHS(ns)      THS(ns)  THS Failing Endpoints  THS Total Endpoints     WPWS(ns)     TPWS(ns)  TPWS Failing Endpoints  TPWS Total Endpoints  
    -------      -------  ---------------------  -------------------      -------      -------  ---------------------  -------------------     --------     --------  ----------------------  --------------------  
      0.033        0.000                      0               957361        0.010        0.000                      0               956827        0.000        0.000                       0                350732  


All user specified timing constraints are met.


------------------------------------------------------------------------------------------------
| Clock Summary
| -------------
------------------------------------------------------------------------------------------------

Clock                                                                                                Waveform(ns)           Period(ns)      Frequency(MHz)
-----                                                                                                ------------           ----------      --------------
RFADC0_CLK                                                                                           {0.000 5.000}          10.000          100.000         
RFADC1_CLK                                                                                           {0.000 5.000}          10.000          100.000         
RFADC2_CLK                                                                                           {0.000 1.666}          3.333           300.030         
RFADC3_CLK                                                                                           {0.000 5.000}          10.000          100.000         
RFDAC0_CLK                                                                                           {0.000 1.666}          3.333           300.030         
RFDAC1_CLK                                                                                           {0.000 1.666}          3.333           300.030         
RFDAC2_CLK                                                                                           {0.000 1.666}          3.333           300.030         
RFDAC3_CLK                                                                                           {0.000 5.000}          10.000          100.000         
clk_104_pl                                                                                           {0.000 1.666}          3.333           300.030         
clk_pl_0                                                                                             {0.000 5.000}          10.000          100.000         
clk_pl_1                                                                                             {0.000 250.000}        500.000         2.000           
dbg_hub/inst/BSCANID.u_xsdbm_id/SWITCH_N_EXT_BSCAN.bscan_inst/SERIES7_BSCAN.bscan_inst/INTERNAL_TCK  {0.000 25.000}         50.000          20.000          
default_sysclk_c0_300mhz_clk_p                                                                       {0.000 1.667}          3.334           299.940         
  mmcm_clkout0                                                                                       {0.000 1.500}          3.001           333.267         
    pll_clk[0]                                                                                       {0.000 0.188}          0.375           2666.133        
      pll_clk[0]_DIV                                                                                 {0.000 1.500}          3.001           333.267         
    pll_clk[1]                                                                                       {0.000 0.188}          0.375           2666.133        
      pll_clk[1]_DIV                                                                                 {0.000 1.500}          3.001           333.267         
  mmcm_clkout5                                                                                       {0.000 6.001}          12.002          83.317          
  mmcm_clkout6                                                                                       {0.000 3.001}          6.001           166.633         


------------------------------------------------------------------------------------------------
| Intra Clock Table
| -----------------
------------------------------------------------------------------------------------------------

Clock                                                                                                    WNS(ns)      TNS(ns)  TNS Failing Endpoints  TNS Total Endpoints      WHS(ns)      THS(ns)  THS Failing Endpoints  THS Total Endpoints     WPWS(ns)     TPWS(ns)  TPWS Failing Endpoints  TPWS Total Endpoints  
-----                                                                                                    -------      -------  ---------------------  -------------------      -------      -------  ---------------------  -------------------     --------     --------  ----------------------  --------------------  
clk_104_pl                                                                                                 0.114        0.000                      0               720052        0.010        0.000                      0               720052        1.016        0.000                       0                264293  
clk_pl_0                                                                                                   1.132        0.000                      0               162805        0.010        0.000                      0               162805        1.000        0.000                       0                 58211  
dbg_hub/inst/BSCANID.u_xsdbm_id/SWITCH_N_EXT_BSCAN.bscan_inst/SERIES7_BSCAN.bscan_inst/INTERNAL_TCK       13.125        0.000                      0                  992        0.025        0.000                      0                  992       24.468        0.000                       0                   479  
default_sysclk_c0_300mhz_clk_p                                                                             1.935        0.000                      0                   23        0.054        0.000                      0                   23        0.500        0.000                       0                    19  
  mmcm_clkout0                                                                                             0.033        0.000                      0                65121        0.010        0.000                      0                65121        0.000        0.000                       0                 25433  
    pll_clk[0]                                                                                                                                                                                                                                         0.000        0.000                       0                     9  
      pll_clk[0]_DIV                                                                                                                                                                                                                                   0.300        0.000                       0                    40  
    pll_clk[1]                                                                                                                                                                                                                                         0.000        0.000                       0                     8  
      pll_clk[1]_DIV                                                                                                                                                                                                                                   0.300        0.000                       0                    27  
  mmcm_clkout5                                                                                             8.203        0.000                      0                  827        0.021        0.000                      0                  827        5.469        0.000                       0                   570  
  mmcm_clkout6                                                                                             1.524        0.000                      0                 5376        0.018        0.000                      0                 5046        1.017        0.000                       0                  1643  


------------------------------------------------------------------------------------------------
| Inter Clock Table
| -----------------
------------------------------------------------------------------------------------------------

From Clock                                                                                           To Clock                                                                                                 WNS(ns)      TNS(ns)  TNS Failing Endpoints  TNS Total Endpoints      WHS(ns)      THS(ns)  THS Failing Endpoints  THS Total Endpoints  
----------                                                                                           --------                                                                                                 -------      -------  ---------------------  -------------------      -------      -------  ---------------------  -------------------  
mmcm_clkout5                                                                                         dbg_hub/inst/BSCANID.u_xsdbm_id/SWITCH_N_EXT_BSCAN.bscan_inst/SERIES7_BSCAN.bscan_inst/INTERNAL_TCK       11.606        0.000                      0                    8                                                                        
mmcm_clkout5                                                                                         mmcm_clkout0                                                                                               2.174        0.000                      0                   28                                                                        
mmcm_clkout6                                                                                         mmcm_clkout0                                                                                               1.245        0.000                      0                  115                                                                        
mmcm_clkout0                                                                                         pll_clk[0]_DIV                                                                                             0.742        0.000                      0                  352        0.487        0.000                      0                  352  
mmcm_clkout0                                                                                         pll_clk[1]_DIV                                                                                             0.638        0.000                      0                  236        0.578        0.000                      0                  236  
dbg_hub/inst/BSCANID.u_xsdbm_id/SWITCH_N_EXT_BSCAN.bscan_inst/SERIES7_BSCAN.bscan_inst/INTERNAL_TCK  mmcm_clkout5                                                                                              49.622        0.000                      0                    8                                                                        
mmcm_clkout0                                                                                         mmcm_clkout5                                                                                              11.005        0.000                      0                   10                                                                        
mmcm_clkout0                                                                                         mmcm_clkout6                                                                                               1.303        0.000                      0                   36        0.281        0.000                      0                    1  


------------------------------------------------------------------------------------------------
| Other Path Groups Table
| -----------------------
------------------------------------------------------------------------------------------------

Path Group                                                                                           From Clock                                                                                           To Clock                                                                                                 WNS(ns)      TNS(ns)  TNS Failing Endpoints  TNS Total Endpoints      WHS(ns)      THS(ns)  THS Failing Endpoints  THS Total Endpoints  
----------                                                                                           ----------                                                                                           --------                                                                                                 -------      -------  ---------------------  -------------------      -------      -------  ---------------------  -------------------  
**async_default**                                                                                    clk_104_pl                                                                                           clk_104_pl                                                                                                 1.599        0.000                      0                    4        0.722        0.000                      0                    4  
**async_default**                                                                                    clk_pl_0                                                                                             clk_pl_0                                                                                                   7.740        0.000                      0                 1163        0.131        0.000                      0                 1163  
**async_default**                                                                                    dbg_hub/inst/BSCANID.u_xsdbm_id/SWITCH_N_EXT_BSCAN.bscan_inst/SERIES7_BSCAN.bscan_inst/INTERNAL_TCK  dbg_hub/inst/BSCANID.u_xsdbm_id/SWITCH_N_EXT_BSCAN.bscan_inst/SERIES7_BSCAN.bscan_inst/INTERNAL_TCK       48.507        0.000                      0                  100        0.119        0.000                      0                  100  
**async_default**                                                                                    mmcm_clkout5                                                                                         mmcm_clkout5                                                                                              10.853        0.000                      0                  105        0.111        0.000                      0                  105  


------------------------------------------------------------------------------------------------
| Timing Details
| --------------
------------------------------------------------------------------------------------------------


---------------------------------------------------------------------------------------------------
From Clock:  clk_104_pl
  To Clock:  clk_104_pl

Setup :            0  Failing Endpoints,  Worst Slack        0.114ns,  Total Violation        0.000ns
Hold  :            0  Failing Endpoints,  Worst Slack        0.010ns,  Total Violation        0.000ns
PW    :            0  Failing Endpoints,  Worst Slack        1.016ns,  Total Violation        0.000ns
---------------------------------------------------------------------------------------------------


Max Delay Paths
--------------------------------------------------------------------------------------
Slack (MET) :             0.114ns  (required time - arrival time)
  Source:                 d_1_i/ddr4/axis_fir_decim_300to1_v2_0/inst/stage1_i/m_axis_tvalid_reg/C
                            (rising edge-triggered cell FDRE clocked by clk_104_pl  {rise@0.000ns fall@1.666ns period=3.333ns})
  Destination:            d_1_i/ddr4/axis_fir_decim_300to1_v2_0/inst/stage2_i/g_lane[0].history_reg[80][19]/CE
                            (rising edge-triggered cell FDRE clocked by clk_104_pl  {rise@0.000ns fall@1.666ns period=3.333ns})
  Path Group:             clk_104_pl
  Path Type:              Setup (Max at Slow Process Corner)
  Requirement:            3.333ns  (clk_104_pl rise@3.333ns - clk_104_pl rise@0.000ns)
  Data Path Delay:        2.911ns  (logic 0.080ns (2.748%)  route 2.831ns (97.252%))
  Logic Levels:           0  
  Clock Path Skew:        -0.212ns (DCD - SCD + CPR)
    Destination Clock Delay (DCD):    3.787ns = ( 7.120 - 3.333 ) 
    Source Clock Delay      (SCD):    4.536ns
    Clock Pessimism Removal (CPR):    0.538ns
  Clock Uncertainty:      0.035ns  ((TSJ^2 + TIJ^2)^1/2 + DJ) / 2 + PE
    Total System Jitter     (TSJ):    0.071ns
    Total Input Jitter      (TIJ):    0.000ns
    Discrete Jitter          (DJ):    0.000ns
    Phase Error              (PE):    0.000ns
  Clock Net Delay (Source):      3.087ns (routing 1.638ns, distribution 1.449ns)
  Clock Net Delay (Destination): 2.723ns (routing 1.490ns, distribution 1.233ns)

    Location             Delay type                Incr(ns)  Path(ns)    Netlist Resource(s)
  -------------------------------------------------------------------    -------------------
                         (clock clk_104_pl rise edge)
                                                      0.000     0.000 r  
    E10                                               0.000     0.000 r  CLK104_PL_CLK_P (IN)
                         net (fo=0)                   0.000     0.000    d_1_i/dac_clk_diff_buf/U0/USE_IBUFDS.GEN_IBUFDS[0].IBUFDS_I/I
    HDIOBDIFFINBUF_X0Y42 DIFFINBUF (Prop_DIFFINBUF_HDIOBDIFFINBUF_DIFF_IN_P_O)
                                                      1.172     1.172 r  d_1_i/dac_clk_diff_buf/U0/USE_IBUFDS.GEN_IBUFDS[0].IBUFDS_I/DIFFINBUF_INST/O
                         net (fo=1, routed)           0.045     1.217    d_1_i/dac_clk_diff_buf/U0/USE_IBUFDS.GEN_IBUFDS[0].IBUFDS_I/OUT
    E10                  IBUFCTRL (Prop_IBUFCTRL_HDIOB_M_I_O)
                                                      0.000     1.217 r  d_1_i/dac_clk_diff_buf/U0/USE_IBUFDS.GEN_IBUFDS[0].IBUFDS_I/IBUFCTRL_INST/O
                         net (fo=1, routed)           0.204     1.421    d_1_i/dac_clk_buf/U0/BUFG_I[0]
    BUFGCE_HDIO_X1Y7     BUFGCE (Prop_BUFCE_BUFGCE_HDIO_I_O)
                                                      0.028     1.449 r  d_1_i/dac_clk_buf/U0/USE_BUFG.GEN_BUFG[0].BUFG_U/O
    X2Y3 (CLOCK_ROOT)    net (fo=274630, routed)      3.087     4.536    d_1_i/ddr4/axis_fir_decim_300to1_v2_0/inst/stage1_i/aclk
    SLICE_X28Y197        FDRE                                         r  d_1_i/ddr4/axis_fir_decim_300to1_v2_0/inst/stage1_i/m_axis_tvalid_reg/C
  -------------------------------------------------------------------    -------------------
    SLICE_X28Y197        FDRE (Prop_AFF2_SLICEM_C_Q)
                                                      0.080     4.616 r  d_1_i/ddr4/axis_fir_decim_300to1_v2_0/inst/stage1_i/m_axis_tvalid_reg/Q
                         net (fo=16820, routed)       2.831     7.448    d_1_i/ddr4/axis_fir_decim_300to1_v2_0/inst/stage2_i/m_axis_tvalid
    SLICE_X42Y82         FDRE                                         r  d_1_i/ddr4/axis_fir_decim_300to1_v2_0/inst/stage2_i/g_lane[0].history_reg[80][19]/CE
  -------------------------------------------------------------------    -------------------

                         (clock clk_104_pl rise edge)
                                                      3.333     3.333 r  
    E10                                               0.000     3.333 r  CLK104_PL_CLK_P (IN)
                         net (fo=0)                   0.000     3.333    d_1_i/dac_clk_diff_buf/U0/USE_IBUFDS.GEN_IBUFDS[0].IBUFDS_I/I
    HDIOBDIFFINBUF_X0Y42 DIFFINBUF (Prop_DIFFINBUF_HDIOBDIFFINBUF_DIFF_IN_P_O)
                                                      0.837     4.170 r  d_1_i/dac_clk_diff_buf/U0/USE_IBUFDS.GEN_IBUFDS[0].IBUFDS_I/DIFFINBUF_INST/O
                         net (fo=1, routed)           0.034     4.204    d_1_i/dac_clk_diff_buf/U0/USE_IBUFDS.GEN_IBUFDS[0].IBUFDS_I/OUT
    E10                  IBUFCTRL (Prop_IBUFCTRL_HDIOB_M_I_O)
                                                      0.000     4.204 r  d_1_i/dac_clk_diff_buf/U0/USE_IBUFDS.GEN_IBUFDS[0].IBUFDS_I/IBUFCTRL_INST/O
                         net (fo=1, routed)           0.169     4.373    d_1_i/dac_clk_buf/U0/BUFG_I[0]
    BUFGCE_HDIO_X1Y7     BUFGCE (Prop_BUFCE_BUFGCE_HDIO_I_O)
                                                      0.024     4.397 r  d_1_i/dac_clk_buf/U0/USE_BUFG.GEN_BUFG[0].BUFG_U/O
    X2Y3 (CLOCK_ROOT)    net (fo=274630, routed)      2.723     7.120    d_1_i/ddr4/axis_fir_decim_300to1_v2_0/inst/stage2_i/aclk
    SLICE_X42Y82         FDRE                                         r  d_1_i/ddr4/axis_fir_decim_300to1_v2_0/inst/stage2_i/g_lane[0].history_reg[80][19]/C
                         clock pessimism              0.538     7.658    
                         clock uncertainty           -0.035     7.622    
    SLICE_X42Y82         FDRE (Setup_EFF2_SLICEM_C_CE)
                                                     -0.061     7.561    d_1_i/ddr4/axis_fir_decim_300to1_v2_0/inst/stage2_i/g_lane[0].history_reg[80][19]
  -------------------------------------------------------------------
                         required time                          7.561    
                         arrival time                          -7.448    
  -------------------------------------------------------------------
                         slack                                  0.114    





Min Delay Paths
--------------------------------------------------------------------------------------
Slack (MET) :             0.010ns  (arrival time - required time)
  Source:                 d_1_i/axis_dyn_readout_v1_1/inst/readout_top_i/down_conversion_fir_i/fir_i/U0/i_synth/g_single_rate.i_single_rate/g_parallel.g_paths[12].g_symmetric.g_data_sym_array.g_data_sym[22].g_data_sym_casc_dly.i_data_sym_casc_dly/gen_reg.d_reg_reg[0]/C
                            (rising edge-triggered cell FDRE clocked by clk_104_pl  {rise@0.000ns fall@1.666ns period=3.333ns})
  Destination:            d_1_i/axis_dyn_readout_v1_1/inst/readout_top_i/down_conversion_fir_i/fir_i/U0/i_synth/g_single_rate.i_single_rate/g_parallel.g_paths[12].g_symmetric.g_data_sym_array.g_data_sym[21].g_data_sym_casc_buff.i_data_sym_casc_buff/g_buff.i_buff/gen_dly.gen_shiftreg.gen_rtl_delay.delay_bus_reg[0][0]_srl1/D
                            (rising edge-triggered cell SRL16E clocked by clk_104_pl  {rise@0.000ns fall@1.666ns period=3.333ns})
  Path Group:             clk_104_pl
  Path Type:              Hold (Min at Slow Process Corner)
  Requirement:            0.000ns  (clk_104_pl rise@0.000ns - clk_104_pl rise@0.000ns)
  Data Path Delay:        0.289ns  (logic 0.058ns (20.064%)  route 0.231ns (79.936%))
  Logic Levels:           0  
  Clock Path Skew:        0.250ns (DCD - SCD - CPR)
    Destination Clock Delay (DCD):    4.801ns
    Source Clock Delay      (SCD):    4.013ns
    Clock Pessimism Removal (CPR):    0.538ns
  Clock Net Delay (Source):      2.950ns (routing 1.490ns, distribution 1.460ns)
  Clock Net Delay (Destination): 3.352ns (routing 1.638ns, distribution 1.714ns)

    Location             Delay type                Incr(ns)  Path(ns)    Netlist Resource(s)
  -------------------------------------------------------------------    -------------------
                         (clock clk_104_pl rise edge)
                                                      0.000     0.000 r  
    E10                                               0.000     0.000 r  CLK104_PL_CLK_P (IN)
                         net (fo=0)                   0.000     0.000    d_1_i/dac_clk_diff_buf/U0/USE_IBUFDS.GEN_IBUFDS[0].IBUFDS_I/I
    HDIOBDIFFINBUF_X0Y42 DIFFINBUF (Prop_DIFFINBUF_HDIOBDIFFINBUF_DIFF_IN_P_O)
                                                      0.837     0.837 r  d_1_i/dac_clk_diff_buf/U0/USE_IBUFDS.GEN_IBUFDS[0].IBUFDS_I/DIFFINBUF_INST/O
                         net (fo=1, routed)           0.034     0.871    d_1_i/dac_clk_diff_buf/U0/USE_IBUFDS.GEN_IBUFDS[0].IBUFDS_I/OUT
    E10                  IBUFCTRL (Prop_IBUFCTRL_HDIOB_M_I_O)
                                                      0.000     0.871 r  d_1_i/dac_clk_diff_buf/U0/USE_IBUFDS.GEN_IBUFDS[0].IBUFDS_I/IBUFCTRL_INST/O
                         net (fo=1, routed)           0.169     1.040    d_1_i/dac_clk_buf/U0/BUFG_I[0]
    BUFGCE_HDIO_X1Y7     BUFGCE (Prop_BUFCE_BUFGCE_HDIO_I_O)
                                                      0.024     1.064 r  d_1_i/dac_clk_buf/U0/USE_BUFG.GEN_BUFG[0].BUFG_U/O
    X2Y3 (CLOCK_ROOT)    net (fo=274630, routed)      2.950     4.013    d_1_i/axis_dyn_readout_v1_1/inst/readout_top_i/down_conversion_fir_i/fir_i/U0/i_synth/g_single_rate.i_single_rate/g_parallel.g_paths[12].g_symmetric.g_data_sym_array.g_data_sym[22].g_data_sym_casc_dly.i_data_sym_casc_dly/aclk
    SLICE_X96Y170        FDRE                                         r  d_1_i/axis_dyn_readout_v1_1/inst/readout_top_i/down_conversion_fir_i/fir_i/U0/i_synth/g_single_rate.i_single_rate/g_parallel.g_paths[12].g_symmetric.g_data_sym_array.g_data_sym[22].g_data_sym_casc_dly.i_data_sym_casc_dly/gen_reg.d_reg_reg[0]/C
  -------------------------------------------------------------------    -------------------
    SLICE_X96Y170        FDRE (Prop_AFF_SLICEM_C_Q)
                                                      0.058     4.071 r  d_1_i/axis_dyn_readout_v1_1/inst/readout_top_i/down_conversion_fir_i/fir_i/U0/i_synth/g_single_rate.i_single_rate/g_parallel.g_paths[12].g_symmetric.g_data_sym_array.g_data_sym[22].g_data_sym_casc_dly.i_data_sym_casc_dly/gen_reg.d_reg_reg[0]/Q
                         net (fo=2, routed)           0.231     4.302    d_1_i/axis_dyn_readout_v1_1/inst/readout_top_i/down_conversion_fir_i/fir_i/U0/i_synth/g_single_rate.i_single_rate/g_parallel.g_paths[12].g_symmetric.g_data_sym_array.g_data_sym[21].g_data_sym_casc_buff.i_data_sym_casc_buff/g_buff.i_buff/A[0]
    SLICE_X97Y187        SRL16E                                       r  d_1_i/axis_dyn_readout_v1_1/inst/readout_top_i/down_conversion_fir_i/fir_i/U0/i_synth/g_single_rate.i_single_rate/g_parallel.g_paths[12].g_symmetric.g_data_sym_array.g_data_sym[21].g_data_sym_casc_buff.i_data_sym_casc_buff/g_buff.i_buff/gen_dly.gen_shiftreg.gen_rtl_delay.delay_bus_reg[0][0]_srl1/D
  -------------------------------------------------------------------    -------------------

                         (clock clk_104_pl rise edge)
                                                      0.000     0.000 r  
    E10                                               0.000     0.000 r  CLK104_PL_CLK_P (IN)
                         net (fo=0)                   0.000     0.000    d_1_i/dac_clk_diff_buf/U0/USE_IBUFDS.GEN_IBUFDS[0].IBUFDS_I/I
    HDIOBDIFFINBUF_X0Y42 DIFFINBUF (Prop_DIFFINBUF_HDIOBDIFFINBUF_DIFF_IN_P_O)
                                                      1.172     1.172 r  d_1_i/dac_clk_diff_buf/U0/USE_IBUFDS.GEN_IBUFDS[0].IBUFDS_I/DIFFINBUF_INST/O
                         net (fo=1, routed)           0.045     1.217    d_1_i/dac_clk_diff_buf/U0/USE_IBUFDS.GEN_IBUFDS[0].IBUFDS_I/OUT
    E10                  IBUFCTRL (Prop_IBUFCTRL_HDIOB_M_I_O)
                                                      0.000     1.217 r  d_1_i/dac_clk_diff_buf/U0/USE_IBUFDS.GEN_IBUFDS[0].IBUFDS_I/IBUFCTRL_INST/O
                         net (fo=1, routed)           0.204     1.421    d_1_i/dac_clk_buf/U0/BUFG_I[0]
    BUFGCE_HDIO_X1Y7     BUFGCE (Prop_BUFCE_BUFGCE_HDIO_I_O)
                                                      0.028     1.449 r  d_1_i/dac_clk_buf/U0/USE_BUFG.GEN_BUFG[0].BUFG_U/O
    X2Y3 (CLOCK_ROOT)    net (fo=274630, routed)      3.352     4.801    d_1_i/axis_dyn_readout_v1_1/inst/readout_top_i/down_conversion_fir_i/fir_i/U0/i_synth/g_single_rate.i_single_rate/g_parallel.g_paths[12].g_symmetric.g_data_sym_array.g_data_sym[21].g_data_sym_casc_buff.i_data_sym_casc_buff/g_buff.i_buff/aclk
    SLICE_X97Y187        SRL16E                                       r  d_1_i/axis_dyn_readout_v1_1/inst/readout_top_i/down_conversion_fir_i/fir_i/U0/i_synth/g_single_rate.i_single_rate/g_parallel.g_paths[12].g_symmetric.g_data_sym_array.g_data_sym[21].g_data_sym_casc_buff.i_data_sym_casc_buff/g_buff.i_buff/gen_dly.gen_shiftreg.gen_rtl_delay.delay_bus_reg[0][0]_srl1/CLK
                         clock pessimism             -0.538     4.264    
    SLICE_X97Y187        SRL16E (Hold_A6LUT_SLICEM_CLK_D)
                                                      0.029     4.293    d_1_i/axis_dyn_readout_v1_1/inst/readout_top_i/down_conversion_fir_i/fir_i/U0/i_synth/g_single_rate.i_single_rate/g_parallel.g_paths[12].g_symmetric.g_data_sym_array.g_data_sym[21].g_data_sym_casc_buff.i_data_sym_casc_buff/g_buff.i_buff/gen_dly.gen_shiftreg.gen_rtl_delay.delay_bus_reg[0][0]_srl1
  -------------------------------------------------------------------
                         required time                         -4.293    
                         arrival time                           4.302    
  -------------------------------------------------------------------
                         slack                                  0.010    





Pulse Width Checks
--------------------------------------------------------------------------------------
Clock Name:         clk_104_pl
Waveform(ns):       { 0.000 1.666 }
Period(ns):         3.333
Sources:            { CLK104_PL_CLK_P }

Check Type        Corner  Lib Pin           Reference Pin  Required(ns)  Actual(ns)  Slack(ns)  Location    Pin
Min Period        n/a     RFADC/FABRIC_CLK  n/a            1.626         3.333       1.707      RFADC_X0Y2  d_1_i/usp_rf_data_converter_0/inst/d_1_usp_rf_data_converter_0_0_rf_wrapper_i/rx2_u_adc/FABRIC_CLK
Low Pulse Width   Slow    RFADC/FABRIC_CLK  n/a            0.650         1.666       1.016      RFADC_X0Y2  d_1_i/usp_rf_data_converter_0/inst/d_1_usp_rf_data_converter_0_0_rf_wrapper_i/rx2_u_adc/FABRIC_CLK
High Pulse Width  Slow    RFADC/FABRIC_CLK  n/a            0.650         1.666       1.016      RFADC_X0Y2  d_1_i/usp_rf_data_converter_0/inst/d_1_usp_rf_data_converter_0_0_rf_wrapper_i/rx2_u_adc/FABRIC_CLK



---------------------------------------------------------------------------------------------------
From Clock:  clk_pl_0
  To Clock:  clk_pl_0

Setup :            0  Failing Endpoints,  Worst Slack        1.132ns,  Total Violation        0.000ns
Hold  :            0  Failing Endpoints,  Worst Slack        0.010ns,  Total Violation        0.000ns
PW    :            0  Failing Endpoints,  Worst Slack        1.000ns,  Total Violation        0.000ns
---------------------------------------------------------------------------------------------------


Max Delay Paths
--------------------------------------------------------------------------------------
Slack (MET) :             1.132ns  (required time - arrival time)
  Source:                 d_1_i/zynq_ultra_ps_e_0/inst/PS8_i/MAXIGP0ACLK
                            (rising edge-triggered cell PS8 clocked by clk_pl_0  {rise@0.000ns fall@5.000ns period=10.000ns})
  Destination:            d_1_i/axis_tproc64x32_x8_0/inst/axi_slv_i/wdata_r_reg[22]/D
                            (rising edge-triggered cell FDRE clocked by clk_pl_0  {rise@0.000ns fall@5.000ns period=10.000ns})
  Path Group:             clk_pl_0
  Path Type:              Setup (Max at Slow Process Corner)
  Requirement:            10.000ns  (clk_pl_0 rise@10.000ns - clk_pl_0 rise@0.000ns)
  Data Path Delay:        8.727ns  (logic 0.683ns (7.826%)  route 8.044ns (92.174%))
  Logic Levels:           1  (LUT6=1)
  Clock Path Skew:        -0.036ns (DCD - SCD + CPR)
    Destination Clock Delay (DCD):    2.357ns = ( 12.357 - 10.000 ) 
    Source Clock Delay      (SCD):    2.512ns
    Clock Pessimism Removal (CPR):    0.119ns
  Clock Uncertainty:      0.130ns  ((TSJ^2 + DJ^2)^1/2) / 2 + PE
    Total System Jitter     (TSJ):    0.071ns
    Discrete Jitter          (DJ):    0.250ns
    Phase Error              (PE):    0.000ns
  Clock Net Delay (Source):      2.286ns (routing 0.777ns, distribution 1.509ns)
  Clock Net Delay (Destination): 2.175ns (routing 0.702ns, distribution 1.473ns)

    Location             Delay type                Incr(ns)  Path(ns)    Netlist Resource(s)
  -------------------------------------------------------------------    -------------------
                         (clock clk_pl_0 rise edge)
                                                      0.000     0.000 r  
    PS8_X0Y0             PS8                          0.000     0.000 r  d_1_i/zynq_ultra_ps_e_0/inst/PS8_i/PLCLK[0]
                         net (fo=1, routed)           0.198     0.198    d_1_i/zynq_ultra_ps_e_0/inst/pl_clk_unbuffered[0]
    BUFG_PS_X0Y71        BUFG_PS (Prop_BUFG_PS_I_O)
                                                      0.028     0.226 r  d_1_i/zynq_ultra_ps_e_0/inst/buffer_pl_clk_0.PL_CLK_0_BUFG/O
    X2Y3 (CLOCK_ROOT)    net (fo=58211, routed)       2.286     2.512    d_1_i/zynq_ultra_ps_e_0/inst/maxihpm0_fpd_aclk
    PS8_X0Y0             PS8                                          r  d_1_i/zynq_ultra_ps_e_0/inst/PS8_i/MAXIGP0ACLK
  -------------------------------------------------------------------    -------------------
    PS8_X0Y0             PS8 (Prop_PS8_MAXIGP0ACLK_MAXIGP0WDATA[54])
                                                      0.537     3.049 r  d_1_i/zynq_ultra_ps_e_0/inst/PS8_i/MAXIGP0WDATA[54]
                         net (fo=11, routed)          7.994    11.043    d_1_i/ps8_0_axi_periph/m31_couplers/auto_ds/inst/gen_downsizer.gen_simple_downsizer.axi_downsizer_inst/USE_WRITE.write_addr_inst/cmd_queue/inst/s_axi_wdata[54]
    SLICE_X12Y286        LUT6 (Prop_C6LUT_SLICEL_I0_O)
                                                      0.146    11.189 r  d_1_i/ps8_0_axi_periph/m31_couplers/auto_ds/inst/gen_downsizer.gen_simple_downsizer.axi_downsizer_inst/USE_WRITE.write_addr_inst/cmd_queue/inst/m_axi_wdata[22]_INST_0/O
                         net (fo=1, routed)           0.050    11.239    d_1_i/axis_tproc64x32_x8_0/inst/axi_slv_i/s_axi_wdata[22]
    SLICE_X12Y286        FDRE                                         r  d_1_i/axis_tproc64x32_x8_0/inst/axi_slv_i/wdata_r_reg[22]/D
  -------------------------------------------------------------------    -------------------

                         (clock clk_pl_0 rise edge)
                                                     10.000    10.000 r  
    PS8_X0Y0             PS8                          0.000    10.000 r  d_1_i/zynq_ultra_ps_e_0/inst/PS8_i/PLCLK[0]
                         net (fo=1, routed)           0.157    10.157    d_1_i/zynq_ultra_ps_e_0/inst/pl_clk_unbuffered[0]
    BUFG_PS_X0Y71        BUFG_PS (Prop_BUFG_PS_I_O)
                                                      0.025    10.182 r  d_1_i/zynq_ultra_ps_e_0/inst/buffer_pl_clk_0.PL_CLK_0_BUFG/O
    X2Y3 (CLOCK_ROOT)    net (fo=58211, routed)       2.175    12.357    d_1_i/axis_tproc64x32_x8_0/inst/axi_slv_i/s_axi_aclk
    SLICE_X12Y286        FDRE                                         r  d_1_i/axis_tproc64x32_x8_0/inst/axi_slv_i/wdata_r_reg[22]/C
                         clock pessimism              0.119    12.476    
                         clock uncertainty           -0.130    12.346    
    SLICE_X12Y286        FDRE (Setup_CFF_SLICEL_C_D)
                                                      0.025    12.371    d_1_i/axis_tproc64x32_x8_0/inst/axi_slv_i/wdata_r_reg[22]
  -------------------------------------------------------------------
                         required time                         12.371    
                         arrival time                         -11.239    
  -------------------------------------------------------------------
                         slack                                  1.132    





Min Delay Paths
--------------------------------------------------------------------------------------
Slack (MET) :             0.010ns  (arrival time - required time)
  Source:                 d_1_i/ps8_0_axi_periph/m27_couplers/auto_ds/inst/gen_downsizer.gen_simple_downsizer.axi_downsizer_inst/USE_READ.read_addr_inst/S_AXI_AID_Q_reg[15]/C
                            (rising edge-triggered cell FDRE clocked by clk_pl_0  {rise@0.000ns fall@5.000ns period=10.000ns})
  Destination:            d_1_i/ps8_0_axi_periph/m27_couplers/auto_ds/inst/gen_downsizer.gen_simple_downsizer.axi_downsizer_inst/USE_READ.read_addr_inst/queue_id_reg[15]/D
                            (rising edge-triggered cell FDRE clocked by clk_pl_0  {rise@0.000ns fall@5.000ns period=10.000ns})
  Path Group:             clk_pl_0
  Path Type:              Hold (Min at Slow Process Corner)
  Requirement:            0.000ns  (clk_pl_0 rise@0.000ns - clk_pl_0 rise@0.000ns)
  Data Path Delay:        0.171ns  (logic 0.058ns (34.000%)  route 0.113ns (66.000%))
  Logic Levels:           0  
  Clock Path Skew:        0.100ns (DCD - SCD - CPR)
    Destination Clock Delay (DCD):    2.400ns
    Source Clock Delay      (SCD):    2.100ns
    Clock Pessimism Removal (CPR):    0.200ns
  Clock Net Delay (Source):      1.918ns (routing 0.702ns, distribution 1.216ns)
  Clock Net Delay (Destination): 2.174ns (routing 0.777ns, distribution 1.397ns)

    Location             Delay type                Incr(ns)  Path(ns)    Netlist Resource(s)
  -------------------------------------------------------------------    -------------------
                         (clock clk_pl_0 rise edge)
                                                      0.000     0.000 r  
    PS8_X0Y0             PS8                          0.000     0.000 r  d_1_i/zynq_ultra_ps_e_0/inst/PS8_i/PLCLK[0]
                         net (fo=1, routed)           0.157     0.157    d_1_i/zynq_ultra_ps_e_0/inst/pl_clk_unbuffered[0]
    BUFG_PS_X0Y71        BUFG_PS (Prop_BUFG_PS_I_O)
                                                      0.025     0.182 r  d_1_i/zynq_ultra_ps_e_0/inst/buffer_pl_clk_0.PL_CLK_0_BUFG/O
    X2Y3 (CLOCK_ROOT)    net (fo=58211, routed)       1.918     2.100    d_1_i/ps8_0_axi_periph/m27_couplers/auto_ds/inst/gen_downsizer.gen_simple_downsizer.axi_downsizer_inst/USE_READ.read_addr_inst/CLK
    SLICE_X58Y270        FDRE                                         r  d_1_i/ps8_0_axi_periph/m27_couplers/auto_ds/inst/gen_downsizer.gen_simple_downsizer.axi_downsizer_inst/USE_READ.read_addr_inst/S_AXI_AID_Q_reg[15]/C
  -------------------------------------------------------------------    -------------------
    SLICE_X58Y270        FDRE (Prop_CFF_SLICEL_C_Q)
                                                      0.058     2.158 r  d_1_i/ps8_0_axi_periph/m27_couplers/auto_ds/inst/gen_downsizer.gen_simple_downsizer.axi_downsizer_inst/USE_READ.read_addr_inst/S_AXI_AID_Q_reg[15]/Q
                         net (fo=2, routed)           0.113     2.270    d_1_i/ps8_0_axi_periph/m27_couplers/auto_ds/inst/gen_downsizer.gen_simple_downsizer.axi_downsizer_inst/USE_READ.read_addr_inst/S_AXI_AID_Q_reg_n_0_[15]
    SLICE_X58Y269        FDRE                                         r  d_1_i/ps8_0_axi_periph/m27_couplers/auto_ds/inst/gen_downsizer.gen_simple_downsizer.axi_downsizer_inst/USE_READ.read_addr_inst/queue_id_reg[15]/D
  -------------------------------------------------------------------    -------------------

                         (clock clk_pl_0 rise edge)
                                                      0.000     0.000 r  
    PS8_X0Y0             PS8                          0.000     0.000 r  d_1_i/zynq_ultra_ps_e_0/inst/PS8_i/PLCLK[0]
                         net (fo=1, routed)           0.198     0.198    d_1_i/zynq_ultra_ps_e_0/inst/pl_clk_unbuffered[0]
    BUFG_PS_X0Y71        BUFG_PS (Prop_BUFG_PS_I_O)
                                                      0.028     0.226 r  d_1_i/zynq_ultra_ps_e_0/inst/buffer_pl_clk_0.PL_CLK_0_BUFG/O
    X2Y3 (CLOCK_ROOT)    net (fo=58211, routed)       2.174     2.400    d_1_i/ps8_0_axi_periph/m27_couplers/auto_ds/inst/gen_downsizer.gen_simple_downsizer.axi_downsizer_inst/USE_READ.read_addr_inst/CLK
    SLICE_X58Y269        FDRE                                         r  d_1_i/ps8_0_axi_periph/m27_couplers/auto_ds/inst/gen_downsizer.gen_simple_downsizer.axi_downsizer_inst/USE_READ.read_addr_inst/queue_id_reg[15]/C
                         clock pessimism             -0.200     2.200    
    SLICE_X58Y269        FDRE (Hold_HFF_SLICEL_C_D)
                                                      0.060     2.260    d_1_i/ps8_0_axi_periph/m27_couplers/auto_ds/inst/gen_downsizer.gen_simple_downsizer.axi_downsizer_inst/USE_READ.read_addr_inst/queue_id_reg[15]
  -------------------------------------------------------------------
                         required time                         -2.260    
                         arrival time                           2.270    
  -------------------------------------------------------------------
                         slack                                  0.010    





Pulse Width Checks
--------------------------------------------------------------------------------------
Clock Name:         clk_pl_0
Waveform(ns):       { 0.000 5.000 }
Period(ns):         10.000
Sources:            { d_1_i/zynq_ultra_ps_e_0/inst/PS8_i/PLCLK[0] }

Check Type        Corner  Lib Pin  Reference Pin  Required(ns)  Actual(ns)  Slack(ns)  Location          Pin
Min Period        n/a     FDRE/C   n/a            8.000         10.000      2.000      HDIOLOGIC_S_X0Y6  d_1_i/rfb_control/attn_spi/U0/NO_DUAL_QUAD_MODE.QSPI_NORMAL/QSPI_LEGACY_MD_GEN.QSPI_CORE_INTERFACE_I/LOGIC_FOR_MD_0_GEN.SPI_MODULE_I/RATIO_NOT_EQUAL_4_GENERATE.SCK_O_NQ_4_NO_STARTUP_USED.SCK_O_NE_4_FDRE_INST/C
Low Pulse Width   Slow    FDRE/C   n/a            4.000         5.000       1.000      HDIOLOGIC_S_X0Y6  d_1_i/rfb_control/attn_spi/U0/NO_DUAL_QUAD_MODE.QSPI_NORMAL/QSPI_LEGACY_MD_GEN.QSPI_CORE_INTERFACE_I/LOGIC_FOR_MD_0_GEN.SPI_MODULE_I/RATIO_NOT_EQUAL_4_GENERATE.SCK_O_NQ_4_NO_STARTUP_USED.SCK_O_NE_4_FDRE_INST/C
High Pulse Width  Slow    FDRE/C   n/a            4.000         5.000       1.000      HDIOLOGIC_S_X0Y6  d_1_i/rfb_control/attn_spi/U0/NO_DUAL_QUAD_MODE.QSPI_NORMAL/QSPI_LEGACY_MD_GEN.QSPI_CORE_INTERFACE_I/LOGIC_FOR_MD_0_GEN.SPI_MODULE_I/RATIO_NOT_EQUAL_4_GENERATE.SCK_O_NQ_4_NO_STARTUP_USED.SCK_O_NE_4_FDRE_INST/C



---------------------------------------------------------------------------------------------------
From Clock:  dbg_hub/inst/BSCANID.u_xsdbm_id/SWITCH_N_EXT_BSCAN.bscan_inst/SERIES7_BSCAN.bscan_inst/INTERNAL_TCK
  To Clock:  dbg_hub/inst/BSCANID.u_xsdbm_id/SWITCH_N_EXT_BSCAN.bscan_inst/SERIES7_BSCAN.bscan_inst/INTERNAL_TCK

Setup :            0  Failing Endpoints,  Worst Slack       13.125ns,  Total Violation        0.000ns
Hold  :            0  Failing Endpoints,  Worst Slack        0.025ns,  Total Violation        0.000ns
PW    :            0  Failing Endpoints,  Worst Slack       24.468ns,  Total Violation        0.000ns
---------------------------------------------------------------------------------------------------


Max Delay Paths
--------------------------------------------------------------------------------------
Slack (MET) :             13.125ns  (required time - arrival time)
  Source:                 dbg_hub/inst/BSCANID.u_xsdbm_id/SWITCH_N_EXT_BSCAN.bscan_switch/state_reg[0]/C
                            (rising edge-triggered cell FDRE clocked by dbg_hub/inst/BSCANID.u_xsdbm_id/SWITCH_N_EXT_BSCAN.bscan_inst/SERIES7_BSCAN.bscan_inst/INTERNAL_TCK  {rise@0.000ns fall@25.000ns period=50.000ns})
  Destination:            dbg_hub/inst/BSCANID.u_xsdbm_id/SWITCH_N_EXT_BSCAN.bscan_inst/SERIES7_BSCAN.bscan_inst/TDO
                            (falling edge-triggered cell BSCANE2 clocked by dbg_hub/inst/BSCANID.u_xsdbm_id/SWITCH_N_EXT_BSCAN.bscan_inst/SERIES7_BSCAN.bscan_inst/INTERNAL_TCK  {rise@0.000ns fall@25.000ns period=50.000ns})
  Path Group:             dbg_hub/inst/BSCANID.u_xsdbm_id/SWITCH_N_EXT_BSCAN.bscan_inst/SERIES7_BSCAN.bscan_inst/INTERNAL_TCK
  Path Type:              Setup (Max at Slow Process Corner)
  Requirement:            25.000ns  (dbg_hub/inst/BSCANID.u_xsdbm_id/SWITCH_N_EXT_BSCAN.bscan_inst/SERIES7_BSCAN.bscan_inst/INTERNAL_TCK fall@25.000ns - dbg_hub/inst/BSCANID.u_xsdbm_id/SWITCH_N_EXT_BSCAN.bscan_inst/SERIES7_BSCAN.bscan_inst/INTERNAL_TCK rise@0.000ns)
  Data Path Delay:        2.145ns  (logic 0.216ns (10.072%)  route 1.929ns (89.928%))
  Logic Levels:           3  (LUT3=1 LUT5=1 LUT6=1)
  Clock Path Skew:        -9.495ns (DCD - SCD + CPR)
    Destination Clock Delay (DCD):    0.000ns = ( 25.000 - 25.000 ) 
    Source Clock Delay      (SCD):    9.495ns
    Clock Pessimism Removal (CPR):    0.000ns
  Clock Uncertainty:      0.235ns  ((TSJ^2 + TIJ^2)^1/2 + DJ) / 2 + PE + DCD
    Total System Jitter     (TSJ):    0.071ns
    Total Input Jitter      (TIJ):    0.000ns
    Discrete Jitter          (DJ):    0.000ns
    Phase Error              (PE):    0.000ns
    Duty Cycle Distortion   (DCD):    0.200ns
  Clock Net Delay (Source):      2.480ns (routing 1.530ns, distribution 0.950ns)

    Location             Delay type                Incr(ns)  Path(ns)    Netlist Resource(s)
  -------------------------------------------------------------------    -------------------
                         (clock dbg_hub/inst/BSCANID.u_xsdbm_id/SWITCH_N_EXT_BSCAN.bscan_inst/SERIES7_BSCAN.bscan_inst/INTERNAL_TCK rise edge)
                                                      0.000     0.000 r  
    CONFIG_SITE_X0Y0     BSCANE2                      0.000     0.000 r  dbg_hub/inst/BSCANID.u_xsdbm_id/SWITCH_N_EXT_BSCAN.bscan_inst/SERIES7_BSCAN.bscan_inst/INTERNAL_TCK
    CONFIG_SITE_X0Y0     BSCANE2 (Prop_BSCAN1_CONFIG_SITE_INTERNAL_TCK_TCK)
                                                      4.300     4.300 r  dbg_hub/inst/BSCANID.u_xsdbm_id/SWITCH_N_EXT_BSCAN.bscan_inst/SERIES7_BSCAN.bscan_inst/TCK
                         net (fo=1, routed)           2.687     6.987    dbg_hub/inst/BSCANID.u_xsdbm_id/tck_bs
    BUFGCE_X0Y123        BUFGCE (Prop_BUFCE_BUFGCE_I_O)
                                                      0.028     7.015 r  dbg_hub/inst/BSCANID.u_xsdbm_id/SWITCH_N_EXT_BSCAN.u_bufg_icon_tck/O
    X4Y0 (CLOCK_ROOT)    net (fo=478, routed)         2.480     9.495    dbg_hub/inst/BSCANID.u_xsdbm_id/SWITCH_N_EXT_BSCAN.bscan_switch/s_bscan_tck
    SLICE_X106Y103       FDRE                                         r  dbg_hub/inst/BSCANID.u_xsdbm_id/SWITCH_N_EXT_BSCAN.bscan_switch/state_reg[0]/C
  -------------------------------------------------------------------    -------------------
    SLICE_X106Y103       FDRE (Prop_AFF_SLICEL_C_Q)
                                                      0.079     9.574 r  dbg_hub/inst/BSCANID.u_xsdbm_id/SWITCH_N_EXT_BSCAN.bscan_switch/state_reg[0]/Q
                         net (fo=50, routed)          0.343     9.917    dbg_hub/inst/BSCANID.u_xsdbm_id/SWITCH_N_EXT_BSCAN.bscan_switch/state[0]
    SLICE_X106Y95        LUT5 (Prop_H6LUT_SLICEL_I2_O)
                                                      0.051     9.968 r  dbg_hub/inst/BSCANID.u_xsdbm_id/SWITCH_N_EXT_BSCAN.bscan_switch/m_bscan_bscanid_en_INST_0/O
                         net (fo=35, routed)          0.224    10.192    dbg_hub/inst/BSCANID.u_xsdbm_id/bscanid_en_int
    SLICE_X106Y95        LUT3 (Prop_G6LUT_SLICEL_I1_O)
                                                      0.035    10.227 r  dbg_hub/inst/BSCANID.u_xsdbm_id/SWITCH_N_EXT_BSCAN.bscan_switch_i_1/O
                         net (fo=2, routed)           0.359    10.587    dbg_hub/inst/BSCANID.u_xsdbm_id/SWITCH_N_EXT_BSCAN.bscan_switch/m_bscan_tdo[0]
    SLICE_X106Y103       LUT6 (Prop_H6LUT_SLICEL_I5_O)
                                                      0.051    10.638 r  dbg_hub/inst/BSCANID.u_xsdbm_id/SWITCH_N_EXT_BSCAN.bscan_switch/s_bscan_tdo_INST_0/O
                         net (fo=1, routed)           1.002    11.640    dbg_hub/inst/BSCANID.u_xsdbm_id/SWITCH_N_EXT_BSCAN.bscan_inst/TDO
    CONFIG_SITE_X0Y0     BSCANE2                                      r  dbg_hub/inst/BSCANID.u_xsdbm_id/SWITCH_N_EXT_BSCAN.bscan_inst/SERIES7_BSCAN.bscan_inst/TDO
  -------------------------------------------------------------------    -------------------

                         (clock dbg_hub/inst/BSCANID.u_xsdbm_id/SWITCH_N_EXT_BSCAN.bscan_inst/SERIES7_BSCAN.bscan_inst/INTERNAL_TCK fall edge)
                                                     25.000    25.000 f  
    CONFIG_SITE_X0Y0     BSCANE2                      0.000    25.000 f  dbg_hub/inst/BSCANID.u_xsdbm_id/SWITCH_N_EXT_BSCAN.bscan_inst/SERIES7_BSCAN.bscan_inst/INTERNAL_TCK
                         clock pessimism              0.000    25.000    
                         clock uncertainty           -0.235    24.765    
    CONFIG_SITE_X0Y0     BSCANE2 (Setup_BSCAN1_CONFIG_SITE_INTERNAL_TCK_TDO)
                                                      0.000    24.765    dbg_hub/inst/BSCANID.u_xsdbm_id/SWITCH_N_EXT_BSCAN.bscan_inst/SERIES7_BSCAN.bscan_inst
  -------------------------------------------------------------------
                         required time                         24.765    
                         arrival time                         -11.640    
  -------------------------------------------------------------------
                         slack                                 13.125    





Min Delay Paths
--------------------------------------------------------------------------------------
Slack (MET) :             0.025ns  (arrival time - required time)
  Source:                 dbg_hub/inst/BSCANID.u_xsdbm_id/CORE_XSDB.UUT_MASTER/U_ICON_INTERFACE/U_CMD6_WR/U_WR_FIFO/SUBCORE_FIFO.xsdbm_v3_0_0_wrfifo_inst/inst_fifo_gen/gconvfifo.rf/grf.rf/gntv_or_sync_fifo.gl0.wr/wpntr/gic0.gc0.count_reg[1]/C
                            (rising edge-triggered cell FDPE clocked by dbg_hub/inst/BSCANID.u_xsdbm_id/SWITCH_N_EXT_BSCAN.bscan_inst/SERIES7_BSCAN.bscan_inst/INTERNAL_TCK  {rise@0.000ns fall@25.000ns period=50.000ns})
  Destination:            dbg_hub/inst/BSCANID.u_xsdbm_id/CORE_XSDB.UUT_MASTER/U_ICON_INTERFACE/U_CMD6_WR/U_WR_FIFO/SUBCORE_FIFO.xsdbm_v3_0_0_wrfifo_inst/inst_fifo_gen/gconvfifo.rf/grf.rf/gntv_or_sync_fifo.gl0.wr/wpntr/gic0.gc0.count_d1_reg[1]/D
                            (rising edge-triggered cell FDCE clocked by dbg_hub/inst/BSCANID.u_xsdbm_id/SWITCH_N_EXT_BSCAN.bscan_inst/SERIES7_BSCAN.bscan_inst/INTERNAL_TCK  {rise@0.000ns fall@25.000ns period=50.000ns})
  Path Group:             dbg_hub/inst/BSCANID.u_xsdbm_id/SWITCH_N_EXT_BSCAN.bscan_inst/SERIES7_BSCAN.bscan_inst/INTERNAL_TCK
  Path Type:              Hold (Min at Slow Process Corner)
  Requirement:            0.000ns  (dbg_hub/inst/BSCANID.u_xsdbm_id/SWITCH_N_EXT_BSCAN.bscan_inst/SERIES7_BSCAN.bscan_inst/INTERNAL_TCK rise@0.000ns - dbg_hub/inst/BSCANID.u_xsdbm_id/SWITCH_N_EXT_BSCAN.bscan_inst/SERIES7_BSCAN.bscan_inst/INTERNAL_TCK rise@0.000ns)
  Data Path Delay:        0.182ns  (logic 0.059ns (32.452%)  route 0.123ns (67.548%))
  Logic Levels:           0  
  Clock Path Skew:        0.095ns (DCD - SCD - CPR)
    Destination Clock Delay (DCD):    9.457ns
    Source Clock Delay      (SCD):    4.430ns
    Clock Pessimism Removal (CPR):    4.932ns
  Clock Net Delay (Source):      2.160ns (routing 1.385ns, distribution 0.775ns)
  Clock Net Delay (Destination): 2.442ns (routing 1.530ns, distribution 0.912ns)

    Location             Delay type                Incr(ns)  Path(ns)    Netlist Resource(s)
  -------------------------------------------------------------------    -------------------
                         (clock dbg_hub/inst/BSCANID.u_xsdbm_id/SWITCH_N_EXT_BSCAN.bscan_inst/SERIES7_BSCAN.bscan_inst/INTERNAL_TCK rise edge)
                                                      0.000     0.000 r  
    CONFIG_SITE_X0Y0     BSCANE2                      0.000     0.000 r  dbg_hub/inst/BSCANID.u_xsdbm_id/SWITCH_N_EXT_BSCAN.bscan_inst/SERIES7_BSCAN.bscan_inst/INTERNAL_TCK
    CONFIG_SITE_X0Y0     BSCANE2 (Prop_BSCAN1_CONFIG_SITE_INTERNAL_TCK_TCK)
                                                      0.465     0.465 r  dbg_hub/inst/BSCANID.u_xsdbm_id/SWITCH_N_EXT_BSCAN.bscan_inst/SERIES7_BSCAN.bscan_inst/TCK
                         net (fo=1, routed)           1.781     2.246    dbg_hub/inst/BSCANID.u_xsdbm_id/tck_bs
    BUFGCE_X0Y123        BUFGCE (Prop_BUFCE_BUFGCE_I_O)
                                                      0.024     2.270 r  dbg_hub/inst/BSCANID.u_xsdbm_id/SWITCH_N_EXT_BSCAN.u_bufg_icon_tck/O
    X4Y0 (CLOCK_ROOT)    net (fo=478, routed)         2.160     4.430    dbg_hub/inst/BSCANID.u_xsdbm_id/CORE_XSDB.UUT_MASTER/U_ICON_INTERFACE/U_CMD6_WR/U_WR_FIFO/SUBCORE_FIFO.xsdbm_v3_0_0_wrfifo_inst/inst_fifo_gen/gconvfifo.rf/grf.rf/gntv_or_sync_fifo.gl0.wr/wpntr/wr_clk
    SLICE_X100Y48        FDPE                                         r  dbg_hub/inst/BSCANID.u_xsdbm_id/CORE_XSDB.UUT_MASTER/U_ICON_INTERFACE/U_CMD6_WR/U_WR_FIFO/SUBCORE_FIFO.xsdbm_v3_0_0_wrfifo_inst/inst_fifo_gen/gconvfifo.rf/grf.rf/gntv_or_sync_fifo.gl0.wr/wpntr/gic0.gc0.count_reg[1]/C
  -------------------------------------------------------------------    -------------------
    SLICE_X100Y48        FDPE (Prop_CFF2_SLICEL_C_Q)
                                                      0.059     4.489 r  dbg_hub/inst/BSCANID.u_xsdbm_id/CORE_XSDB.UUT_MASTER/U_ICON_INTERFACE/U_CMD6_WR/U_WR_FIFO/SUBCORE_FIFO.xsdbm_v3_0_0_wrfifo_inst/inst_fifo_gen/gconvfifo.rf/grf.rf/gntv_or_sync_fifo.gl0.wr/wpntr/gic0.gc0.count_reg[1]/Q
                         net (fo=5, routed)           0.123     4.611    dbg_hub/inst/BSCANID.u_xsdbm_id/CORE_XSDB.UUT_MASTER/U_ICON_INTERFACE/U_CMD6_WR/U_WR_FIFO/SUBCORE_FIFO.xsdbm_v3_0_0_wrfifo_inst/inst_fifo_gen/gconvfifo.rf/grf.rf/gntv_or_sync_fifo.gl0.wr/wpntr/Q[1]
    SLICE_X101Y49        FDCE                                         r  dbg_hub/inst/BSCANID.u_xsdbm_id/CORE_XSDB.UUT_MASTER/U_ICON_INTERFACE/U_CMD6_WR/U_WR_FIFO/SUBCORE_FIFO.xsdbm_v3_0_0_wrfifo_inst/inst_fifo_gen/gconvfifo.rf/grf.rf/gntv_or_sync_fifo.gl0.wr/wpntr/gic0.gc0.count_d1_reg[1]/D
  -------------------------------------------------------------------    -------------------

                         (clock dbg_hub/inst/BSCANID.u_xsdbm_id/SWITCH_N_EXT_BSCAN.bscan_inst/SERIES7_BSCAN.bscan_inst/INTERNAL_TCK rise edge)
                                                      0.000     0.000 r  
    CONFIG_SITE_X0Y0     BSCANE2                      0.000     0.000 r  dbg_hub/inst/BSCANID.u_xsdbm_id/SWITCH_N_EXT_BSCAN.bscan_inst/SERIES7_BSCAN.bscan_inst/INTERNAL_TCK
    CONFIG_SITE_X0Y0     BSCANE2 (Prop_BSCAN1_CONFIG_SITE_INTERNAL_TCK_TCK)
                                                      4.300     4.300 r  dbg_hub/inst/BSCANID.u_xsdbm_id/SWITCH_N_EXT_BSCAN.bscan_inst/SERIES7_BSCAN.bscan_inst/TCK
                         net (fo=1, routed)           2.687     6.987    dbg_hub/inst/BSCANID.u_xsdbm_id/tck_bs
    BUFGCE_X0Y123        BUFGCE (Prop_BUFCE_BUFGCE_I_O)
                                                      0.028     7.015 r  dbg_hub/inst/BSCANID.u_xsdbm_id/SWITCH_N_EXT_BSCAN.u_bufg_icon_tck/O
    X4Y0 (CLOCK_ROOT)    net (fo=478, routed)         2.442     9.457    dbg_hub/inst/BSCANID.u_xsdbm_id/CORE_XSDB.UUT_MASTER/U_ICON_INTERFACE/U_CMD6_WR/U_WR_FIFO/SUBCORE_FIFO.xsdbm_v3_0_0_wrfifo_inst/inst_fifo_gen/gconvfifo.rf/grf.rf/gntv_or_sync_fifo.gl0.wr/wpntr/wr_clk
    SLICE_X101Y49        FDCE                                         r  dbg_hub/inst/BSCANID.u_xsdbm_id/CORE_XSDB.UUT_MASTER/U_ICON_INTERFACE/U_CMD6_WR/U_WR_FIFO/SUBCORE_FIFO.xsdbm_v3_0_0_wrfifo_inst/inst_fifo_gen/gconvfifo.rf/grf.rf/gntv_or_sync_fifo.gl0.wr/wpntr/gic0.gc0.count_d1_reg[1]/C
                         clock pessimism             -4.932     4.525    
    SLICE_X101Y49        FDCE (Hold_AFF2_SLICEL_C_D)
                                                      0.062     4.587    dbg_hub/inst/BSCANID.u_xsdbm_id/CORE_XSDB.UUT_MASTER/U_ICON_INTERFACE/U_CMD6_WR/U_WR_FIFO/SUBCORE_FIFO.xsdbm_v3_0_0_wrfifo_inst/inst_fifo_gen/gconvfifo.rf/grf.rf/gntv_or_sync_fifo.gl0.wr/wpntr/gic0.gc0.count_d1_reg[1]
  -------------------------------------------------------------------
                         required time                         -4.587    
                         arrival time                           4.611    
  -------------------------------------------------------------------
                         slack                                  0.025    





Pulse Width Checks
--------------------------------------------------------------------------------------
Clock Name:         dbg_hub/inst/BSCANID.u_xsdbm_id/SWITCH_N_EXT_BSCAN.bscan_inst/SERIES7_BSCAN.bscan_inst/INTERNAL_TCK
Waveform(ns):       { 0.000 25.000 }
Period(ns):         50.000
Sources:            { dbg_hub/inst/BSCANID.u_xsdbm_id/SWITCH_N_EXT_BSCAN.bscan_inst/SERIES7_BSCAN.bscan_inst/INTERNAL_TCK }

Check Type        Corner  Lib Pin     Reference Pin  Required(ns)  Actual(ns)  Slack(ns)  Location       Pin
Min Period        n/a     BUFGCE/I    n/a            1.290         50.000      48.710     BUFGCE_X0Y123  dbg_hub/inst/BSCANID.u_xsdbm_id/SWITCH_N_EXT_BSCAN.u_bufg_icon_tck/I
Low Pulse Width   Slow    RAMD32/CLK  n/a            0.532         25.000      24.468     SLICE_X103Y50  dbg_hub/inst/BSCANID.u_xsdbm_id/CORE_XSDB.UUT_MASTER/U_ICON_INTERFACE/U_CMD6_WR/U_WR_FIFO/SUBCORE_FIFO.xsdbm_v3_0_0_wrfifo_inst/inst_fifo_gen/gconvfifo.rf/grf.rf/gntv_or_sync_fifo.mem/gdm.dm_gen.dm/RAM_reg_0_15_0_13/RAMA/CLK
High Pulse Width  Slow    RAMD32/CLK  n/a            0.532         25.000      24.468     SLICE_X103Y50  dbg_hub/inst/BSCANID.u_xsdbm_id/CORE_XSDB.UUT_MASTER/U_ICON_INTERFACE/U_CMD6_WR/U_WR_FIFO/SUBCORE_FIFO.xsdbm_v3_0_0_wrfifo_inst/inst_fifo_gen/gconvfifo.rf/grf.rf/gntv_or_sync_fifo.mem/gdm.dm_gen.dm/RAM_reg_0_15_0_13/RAMA/CLK



---------------------------------------------------------------------------------------------------
From Clock:  default_sysclk_c0_300mhz_clk_p
  To Clock:  default_sysclk_c0_300mhz_clk_p

Setup :            0  Failing Endpoints,  Worst Slack        1.935ns,  Total Violation        0.000ns
Hold  :            0  Failing Endpoints,  Worst Slack        0.054ns,  Total Violation        0.000ns
PW    :            0  Failing Endpoints,  Worst Slack        0.500ns,  Total Violation        0.000ns
---------------------------------------------------------------------------------------------------


Max Delay Paths
--------------------------------------------------------------------------------------
Slack (MET) :             1.935ns  (required time - arrival time)
  Source:                 d_1_i/ddr4/ddr4_0/inst/u_ddr4_infrastructure/counter_input_rst_reg[1]/C
                            (rising edge-triggered cell FDSE clocked by default_sysclk_c0_300mhz_clk_p  {rise@0.000ns fall@1.667ns period=3.334ns})
  Destination:            d_1_i/ddr4/ddr4_0/inst/u_ddr4_infrastructure/input_rst_design_reg/D
                            (rising edge-triggered cell FDRE clocked by default_sysclk_c0_300mhz_clk_p  {rise@0.000ns fall@1.667ns period=3.334ns})
  Path Group:             default_sysclk_c0_300mhz_clk_p
  Path Type:              Setup (Max at Slow Process Corner)
  Requirement:            3.334ns  (default_sysclk_c0_300mhz_clk_p rise@3.334ns - default_sysclk_c0_300mhz_clk_p rise@0.000ns)
  Data Path Delay:        1.359ns  (logic 0.331ns (24.358%)  route 1.028ns (75.642%))
  Logic Levels:           2  (LUT4=2)
  Clock Path Skew:        -0.030ns (DCD - SCD + CPR)
    Destination Clock Delay (DCD):    1.540ns = ( 4.874 - 3.334 ) 
    Source Clock Delay      (SCD):    1.808ns
    Clock Pessimism Removal (CPR):    0.237ns
  Clock Uncertainty:      0.035ns  ((TSJ^2 + TIJ^2)^1/2 + DJ) / 2 + PE
    Total System Jitter     (TSJ):    0.071ns
    Total Input Jitter      (TIJ):    0.000ns
    Discrete Jitter          (DJ):    0.000ns
    Phase Error              (PE):    0.000ns
  Clock Net Delay (Source):      0.775ns (routing 0.001ns, distribution 0.774ns)
  Clock Net Delay (Destination): 0.675ns (routing 0.001ns, distribution 0.674ns)

    Location             Delay type                Incr(ns)  Path(ns)    Netlist Resource(s)
  -------------------------------------------------------------------    -------------------
                         (clock default_sysclk_c0_300mhz_clk_p rise edge)
                                                      0.000     0.000 r  
    AR20                                              0.000     0.000 r  default_sysclk_c0_300mhz_clk_p (IN)
                         net (fo=0)                   0.100     0.100    d_1_i/ddr4/ddr4_0/inst/u_ddr4_mem_intfc/u_mig_ddr4_phy/inst/u_ddr4_phy_pll/diff_input_clk.u_ibufg_sys_clk/I
    HPIOBDIFFINBUF_X0Y35 DIFFINBUF (Prop_DIFFINBUF_HPIOBDIFFINBUF_DIFF_IN_P_O)
                                                      0.519     0.619 r  d_1_i/ddr4/ddr4_0/inst/u_ddr4_mem_intfc/u_mig_ddr4_phy/inst/u_ddr4_phy_pll/diff_input_clk.u_ibufg_sys_clk/DIFFINBUF_INST/O
                         net (fo=1, routed)           0.050     0.669    d_1_i/ddr4/ddr4_0/inst/u_ddr4_mem_intfc/u_mig_ddr4_phy/inst/u_ddr4_phy_pll/diff_input_clk.u_ibufg_sys_clk/OUT
    AR20                 IBUFCTRL (Prop_IBUFCTRL_HPIOB_M_I_O)
                                                      0.000     0.669 r  d_1_i/ddr4/ddr4_0/inst/u_ddr4_mem_intfc/u_mig_ddr4_phy/inst/u_ddr4_phy_pll/diff_input_clk.u_ibufg_sys_clk/IBUFCTRL_INST/O
                         net (fo=2, routed)           0.336     1.005    d_1_i/ddr4/ddr4_0/inst/u_ddr4_infrastructure/sys_clk_in
    BUFGCE_X0Y45         BUFGCE (Prop_BUFCE_BUFGCE_I_O)
                                                      0.028     1.033 r  d_1_i/ddr4/ddr4_0/inst/u_ddr4_infrastructure/u_bufg_inst/O
    X4Y1 (CLOCK_ROOT)    net (fo=17, routed)          0.775     1.808    d_1_i/ddr4/ddr4_0/inst/u_ddr4_infrastructure/sys_clk_in_bufg
    SLICE_X92Y108        FDSE                                         r  d_1_i/ddr4/ddr4_0/inst/u_ddr4_infrastructure/counter_input_rst_reg[1]/C
  -------------------------------------------------------------------    -------------------
    SLICE_X92Y108        FDSE (Prop_CFF_SLICEL_C_Q)
                                                      0.079     1.887 r  d_1_i/ddr4/ddr4_0/inst/u_ddr4_infrastructure/counter_input_rst_reg[1]/Q
                         net (fo=5, routed)           0.334     2.221    d_1_i/ddr4/ddr4_0/inst/u_ddr4_infrastructure/counter_input_rst[1]
    SLICE_X92Y119        LUT4 (Prop_F6LUT_SLICEL_I3_O)
                                                      0.148     2.369 r  d_1_i/ddr4/ddr4_0/inst/u_ddr4_infrastructure/counter_input_rst[6]_i_3/O
                         net (fo=6, routed)           0.676     3.045    d_1_i/ddr4/ddr4_0/inst/u_ddr4_infrastructure/counter_input_rst[6]_i_3_n_0
    SLICE_X92Y104        LUT4 (Prop_B5LUT_SLICEL_I3_O)
                                                      0.104     3.149 r  d_1_i/ddr4/ddr4_0/inst/u_ddr4_infrastructure/input_rst_design_i_1/O
                         net (fo=1, routed)           0.018     3.167    d_1_i/ddr4/ddr4_0/inst/u_ddr4_infrastructure/input_rst_design_i_1_n_0
    SLICE_X92Y104        FDRE                                         r  d_1_i/ddr4/ddr4_0/inst/u_ddr4_infrastructure/input_rst_design_reg/D
  -------------------------------------------------------------------    -------------------

                         (clock default_sysclk_c0_300mhz_clk_p rise edge)
                                                      3.334     3.334 r  
    AR20                                              0.000     3.334 r  default_sysclk_c0_300mhz_clk_p (IN)
                         net (fo=0)                   0.079     3.413    d_1_i/ddr4/ddr4_0/inst/u_ddr4_mem_intfc/u_mig_ddr4_phy/inst/u_ddr4_phy_pll/diff_input_clk.u_ibufg_sys_clk/I
    HPIOBDIFFINBUF_X0Y35 DIFFINBUF (Prop_DIFFINBUF_HPIOBDIFFINBUF_DIFF_IN_P_O)
                                                      0.422     3.835 r  d_1_i/ddr4/ddr4_0/inst/u_ddr4_mem_intfc/u_mig_ddr4_phy/inst/u_ddr4_phy_pll/diff_input_clk.u_ibufg_sys_clk/DIFFINBUF_INST/O
                         net (fo=1, routed)           0.040     3.875    d_1_i/ddr4/ddr4_0/inst/u_ddr4_mem_intfc/u_mig_ddr4_phy/inst/u_ddr4_phy_pll/diff_input_clk.u_ibufg_sys_clk/OUT
    AR20                 IBUFCTRL (Prop_IBUFCTRL_HPIOB_M_I_O)
                                                      0.000     3.875 r  d_1_i/ddr4/ddr4_0/inst/u_ddr4_mem_intfc/u_mig_ddr4_phy/inst/u_ddr4_phy_pll/diff_input_clk.u_ibufg_sys_clk/IBUFCTRL_INST/O
                         net (fo=2, routed)           0.300     4.175    d_1_i/ddr4/ddr4_0/inst/u_ddr4_infrastructure/sys_clk_in
    BUFGCE_X0Y45         BUFGCE (Prop_BUFCE_BUFGCE_I_O)
                                                      0.024     4.199 r  d_1_i/ddr4/ddr4_0/inst/u_ddr4_infrastructure/u_bufg_inst/O
    X4Y1 (CLOCK_ROOT)    net (fo=17, routed)          0.675     4.874    d_1_i/ddr4/ddr4_0/inst/u_ddr4_infrastructure/sys_clk_in_bufg
    SLICE_X92Y104        FDRE                                         r  d_1_i/ddr4/ddr4_0/inst/u_ddr4_infrastructure/input_rst_design_reg/C
                         clock pessimism              0.237     5.112    
                         clock uncertainty           -0.035     5.076    
    SLICE_X92Y104        FDRE (Setup_BFF2_SLICEL_C_D)
                                                      0.025     5.101    d_1_i/ddr4/ddr4_0/inst/u_ddr4_infrastructure/input_rst_design_reg
  -------------------------------------------------------------------
                         required time                          5.101    
                         arrival time                          -3.167    
  -------------------------------------------------------------------
                         slack                                  1.935    





Min Delay Paths
--------------------------------------------------------------------------------------
Slack (MET) :             0.054ns  (arrival time - required time)
  Source:                 d_1_i/ddr4/ddr4_0/inst/u_ddr4_infrastructure/rst_input_async_reg[1]/C
                            (rising edge-triggered cell FDPE clocked by default_sysclk_c0_300mhz_clk_p  {rise@0.000ns fall@1.667ns period=3.334ns})
  Destination:            d_1_i/ddr4/ddr4_0/inst/u_ddr4_infrastructure/rst_input_sync_r_reg[0]/D
                            (rising edge-triggered cell FDRE clocked by default_sysclk_c0_300mhz_clk_p  {rise@0.000ns fall@1.667ns period=3.334ns})
  Path Group:             default_sysclk_c0_300mhz_clk_p
  Path Type:              Hold (Min at Fast Process Corner)
  Requirement:            0.000ns  (default_sysclk_c0_300mhz_clk_p rise@0.000ns - default_sysclk_c0_300mhz_clk_p rise@0.000ns)
  Data Path Delay:        0.118ns  (logic 0.040ns (33.898%)  route 0.078ns (66.102%))
  Logic Levels:           0  
  Clock Path Skew:        0.017ns (DCD - SCD - CPR)
    Destination Clock Delay (DCD):    1.275ns
    Source Clock Delay      (SCD):    1.042ns
    Clock Pessimism Removal (CPR):    0.215ns
  Clock Net Delay (Source):      0.435ns (routing 0.000ns, distribution 0.435ns)
  Clock Net Delay (Destination): 0.495ns (routing 0.001ns, distribution 0.494ns)

    Location             Delay type                Incr(ns)  Path(ns)    Netlist Resource(s)
  -------------------------------------------------------------------    -------------------
                         (clock default_sysclk_c0_300mhz_clk_p rise edge)
                                                      0.000     0.000 r  
    AR20                                              0.000     0.000 r  default_sysclk_c0_300mhz_clk_p (IN)
                         net (fo=0)                   0.079     0.079    d_1_i/ddr4/ddr4_0/inst/u_ddr4_mem_intfc/u_mig_ddr4_phy/inst/u_ddr4_phy_pll/diff_input_clk.u_ibufg_sys_clk/I
    HPIOBDIFFINBUF_X0Y35 DIFFINBUF (Prop_DIFFINBUF_HPIOBDIFFINBUF_DIFF_IN_P_O)
                                                      0.277     0.356 r  d_1_i/ddr4/ddr4_0/inst/u_ddr4_mem_intfc/u_mig_ddr4_phy/inst/u_ddr4_phy_pll/diff_input_clk.u_ibufg_sys_clk/DIFFINBUF_INST/O
                         net (fo=1, routed)           0.040     0.396    d_1_i/ddr4/ddr4_0/inst/u_ddr4_mem_intfc/u_mig_ddr4_phy/inst/u_ddr4_phy_pll/diff_input_clk.u_ibufg_sys_clk/OUT
    AR20                 IBUFCTRL (Prop_IBUFCTRL_HPIOB_M_I_O)
                                                      0.000     0.396 r  d_1_i/ddr4/ddr4_0/inst/u_ddr4_mem_intfc/u_mig_ddr4_phy/inst/u_ddr4_phy_pll/diff_input_clk.u_ibufg_sys_clk/IBUFCTRL_INST/O
                         net (fo=2, routed)           0.194     0.590    d_1_i/ddr4/ddr4_0/inst/u_ddr4_infrastructure/sys_clk_in
    BUFGCE_X0Y45         BUFGCE (Prop_BUFCE_BUFGCE_I_O)
                                                      0.017     0.607 r  d_1_i/ddr4/ddr4_0/inst/u_ddr4_infrastructure/u_bufg_inst/O
    X4Y1 (CLOCK_ROOT)    net (fo=17, routed)          0.435     1.042    d_1_i/ddr4/ddr4_0/inst/u_ddr4_infrastructure/sys_clk_in_bufg
    SLICE_X91Y118        FDPE                                         r  d_1_i/ddr4/ddr4_0/inst/u_ddr4_infrastructure/rst_input_async_reg[1]/C
  -------------------------------------------------------------------    -------------------
    SLICE_X91Y118        FDPE (Prop_BFF2_SLICEL_C_Q)
                                                      0.040     1.082 r  d_1_i/ddr4/ddr4_0/inst/u_ddr4_infrastructure/rst_input_async_reg[1]/Q
                         net (fo=1, routed)           0.078     1.160    d_1_i/ddr4/ddr4_0/inst/u_ddr4_infrastructure/rst_input_async[1]
    SLICE_X91Y119        FDRE                                         r  d_1_i/ddr4/ddr4_0/inst/u_ddr4_infrastructure/rst_input_sync_r_reg[0]/D
  -------------------------------------------------------------------    -------------------

                         (clock default_sysclk_c0_300mhz_clk_p rise edge)
                                                      0.000     0.000 r  
    AR20                                              0.000     0.000 r  default_sysclk_c0_300mhz_clk_p (IN)
                         net (fo=0)                   0.100     0.100    d_1_i/ddr4/ddr4_0/inst/u_ddr4_mem_intfc/u_mig_ddr4_phy/inst/u_ddr4_phy_pll/diff_input_clk.u_ibufg_sys_clk/I
    HPIOBDIFFINBUF_X0Y35 DIFFINBUF (Prop_DIFFINBUF_HPIOBDIFFINBUF_DIFF_IN_P_O)
                                                      0.376     0.476 r  d_1_i/ddr4/ddr4_0/inst/u_ddr4_mem_intfc/u_mig_ddr4_phy/inst/u_ddr4_phy_pll/diff_input_clk.u_ibufg_sys_clk/DIFFINBUF_INST/O
                         net (fo=1, routed)           0.050     0.526    d_1_i/ddr4/ddr4_0/inst/u_ddr4_mem_intfc/u_mig_ddr4_phy/inst/u_ddr4_phy_pll/diff_input_clk.u_ibufg_sys_clk/OUT
    AR20                 IBUFCTRL (Prop_IBUFCTRL_HPIOB_M_I_O)
                                                      0.000     0.526 r  d_1_i/ddr4/ddr4_0/inst/u_ddr4_mem_intfc/u_mig_ddr4_phy/inst/u_ddr4_phy_pll/diff_input_clk.u_ibufg_sys_clk/IBUFCTRL_INST/O
                         net (fo=2, routed)           0.235     0.761    d_1_i/ddr4/ddr4_0/inst/u_ddr4_infrastructure/sys_clk_in
    BUFGCE_X0Y45         BUFGCE (Prop_BUFCE_BUFGCE_I_O)
                                                      0.019     0.780 r  d_1_i/ddr4/ddr4_0/inst/u_ddr4_infrastructure/u_bufg_inst/O
    X4Y1 (CLOCK_ROOT)    net (fo=17, routed)          0.495     1.275    d_1_i/ddr4/ddr4_0/inst/u_ddr4_infrastructure/sys_clk_in_bufg
    SLICE_X91Y119        FDRE                                         r  d_1_i/ddr4/ddr4_0/inst/u_ddr4_infrastructure/rst_input_sync_r_reg[0]/C
                         clock pessimism             -0.215     1.060    
    SLICE_X91Y119        FDRE (Hold_AFF2_SLICEL_C_D)
                                                      0.047     1.107    d_1_i/ddr4/ddr4_0/inst/u_ddr4_infrastructure/rst_input_sync_r_reg[0]
  -------------------------------------------------------------------
                         required time                         -1.107    
                         arrival time                           1.160    
  -------------------------------------------------------------------
                         slack                                  0.054    





Pulse Width Checks
--------------------------------------------------------------------------------------
Clock Name:         default_sysclk_c0_300mhz_clk_p
Waveform(ns):       { 0.000 1.667 }
Period(ns):         3.334
Sources:            { default_sysclk_c0_300mhz_clk_p }

Check Type        Corner  Lib Pin            Reference Pin  Required(ns)  Actual(ns)  Slack(ns)  Location      Pin
Min Period        n/a     BUFGCE/I           n/a            1.290         3.334       2.044      BUFGCE_X0Y45  d_1_i/ddr4/ddr4_0/inst/u_ddr4_infrastructure/u_bufg_inst/I
Max Period        n/a     MMCME4_ADV/CLKIN1  n/a            100.000       3.334       96.666     MMCM_X0Y1     d_1_i/ddr4/ddr4_0/inst/u_ddr4_infrastructure/gen_mmcme4.u_mmcme_adv_inst/CLKIN1
Low Pulse Width   Slow    MMCME4_ADV/CLKIN1  n/a            1.167         1.667       0.500      MMCM_X0Y1     d_1_i/ddr4/ddr4_0/inst/u_ddr4_infrastructure/gen_mmcme4.u_mmcme_adv_inst/CLKIN1
High Pulse Width  Slow    MMCME4_ADV/CLKIN1  n/a            1.167         1.667       0.500      MMCM_X0Y1     d_1_i/ddr4/ddr4_0/inst/u_ddr4_infrastructure/gen_mmcme4.u_mmcme_adv_inst/CLKIN1



---------------------------------------------------------------------------------------------------
From Clock:  mmcm_clkout0
  To Clock:  mmcm_clkout0

Setup :            0  Failing Endpoints,  Worst Slack        0.033ns,  Total Violation        0.000ns
Hold  :            0  Failing Endpoints,  Worst Slack        0.010ns,  Total Violation        0.000ns
PW    :            0  Failing Endpoints,  Worst Slack        0.000ns,  Total Violation        0.000ns
---------------------------------------------------------------------------------------------------


Max Delay Paths
--------------------------------------------------------------------------------------
Slack (MET) :             0.033ns  (required time - arrival time)
  Source:                 d_1_i/ddr4/axi_smc_1/inst/s00_entry_pipeline/s00_mmu/inst/areset_reg/C
                            (rising edge-triggered cell FDRE clocked by mmcm_clkout0  {rise@0.000ns fall@1.500ns period=3.001ns})
  Destination:            d_1_i/ddr4/axi_smc_1/inst/s00_entry_pipeline/s00_mmu/inst/ar_reg_stall/m_vector_i_reg[1082]/CE
                            (rising edge-triggered cell FDRE clocked by mmcm_clkout0  {rise@0.000ns fall@1.500ns period=3.001ns})
  Path Group:             mmcm_clkout0
  Path Type:              Setup (Max at Slow Process Corner)
  Requirement:            3.001ns  (mmcm_clkout0 rise@3.001ns - mmcm_clkout0 rise@0.000ns)
  Data Path Delay:        2.621ns  (logic 0.291ns (11.104%)  route 2.330ns (88.896%))
  Logic Levels:           2  (LUT4=2)
  Clock Path Skew:        -0.223ns (DCD - SCD + CPR)
    Destination Clock Delay (DCD):    3.295ns = ( 6.296 - 3.001 ) 
    Source Clock Delay      (SCD):    3.015ns
    Clock Pessimism Removal (CPR):    -0.504ns
  Clock Uncertainty:      0.062ns  ((TSJ^2 + DJ^2)^1/2) / 2 + PE
    Total System Jitter     (TSJ):    0.071ns
    Discrete Jitter          (DJ):    0.103ns
    Phase Error              (PE):    0.000ns
  Clock Net Delay (Source):      1.798ns (routing 0.415ns, distribution 1.383ns)
  Clock Net Delay (Destination): 1.535ns (routing 0.379ns, distribution 1.156ns)

    Location             Delay type                Incr(ns)  Path(ns)    Netlist Resource(s)
  -------------------------------------------------------------------    -------------------
                         (clock mmcm_clkout0 rise edge)
                                                      0.000     0.000 r  
    AR20                                              0.000     0.000 r  default_sysclk_c0_300mhz_clk_p (IN)
                         net (fo=0)                   0.100     0.100    d_1_i/ddr4/ddr4_0/inst/u_ddr4_mem_intfc/u_mig_ddr4_phy/inst/u_ddr4_phy_pll/diff_input_clk.u_ibufg_sys_clk/I
    HPIOBDIFFINBUF_X0Y35 DIFFINBUF (Prop_DIFFINBUF_HPIOBDIFFINBUF_DIFF_IN_P_O)
                                                      0.519     0.619 r  d_1_i/ddr4/ddr4_0/inst/u_ddr4_mem_intfc/u_mig_ddr4_phy/inst/u_ddr4_phy_pll/diff_input_clk.u_ibufg_sys_clk/DIFFINBUF_INST/O
                         net (fo=1, routed)           0.050     0.669    d_1_i/ddr4/ddr4_0/inst/u_ddr4_mem_intfc/u_mig_ddr4_phy/inst/u_ddr4_phy_pll/diff_input_clk.u_ibufg_sys_clk/OUT
    AR20                 IBUFCTRL (Prop_IBUFCTRL_HPIOB_M_I_O)
                                                      0.000     0.669 r  d_1_i/ddr4/ddr4_0/inst/u_ddr4_mem_intfc/u_mig_ddr4_phy/inst/u_ddr4_phy_pll/diff_input_clk.u_ibufg_sys_clk/IBUFCTRL_INST/O
                         net (fo=2, routed)           0.402     1.071    d_1_i/ddr4/ddr4_0/inst/u_ddr4_infrastructure/mmcm_clk_in
    MMCM_X0Y1            MMCME4_ADV (Prop_MMCM_CLKIN1_CLKOUT0)
                                                     -0.127     0.944 r  d_1_i/ddr4/ddr4_0/inst/u_ddr4_infrastructure/gen_mmcme4.u_mmcme_adv_inst/CLKOUT0
                         net (fo=1, routed)           0.245     1.189    d_1_i/ddr4/ddr4_0/inst/u_ddr4_infrastructure/mmcm_clkout0
    BUFGCE_X0Y41         BUFGCE (Prop_BUFCE_BUFGCE_I_O)
                                                      0.028     1.217 r  d_1_i/ddr4/ddr4_0/inst/u_ddr4_infrastructure/u_bufg_divClk/O
    X4Y1 (CLOCK_ROOT)    net (fo=25432, routed)       1.798     3.015    d_1_i/ddr4/axi_smc_1/inst/s00_entry_pipeline/s00_mmu/inst/aclk
    SLICE_X34Y58         FDRE                                         r  d_1_i/ddr4/axi_smc_1/inst/s00_entry_pipeline/s00_mmu/inst/areset_reg/C
  -------------------------------------------------------------------    -------------------
    SLICE_X34Y58         FDRE (Prop_DFF_SLICEM_C_Q)
                                                      0.078     3.093 f  d_1_i/ddr4/axi_smc_1/inst/s00_entry_pipeline/s00_mmu/inst/areset_reg/Q
                         net (fo=95, routed)          0.738     3.831    d_1_i/ddr4/axi_smc_1/inst/s00_entry_pipeline/s00_mmu/inst/gen_endpoint.decerr_slave_inst/SR[0]
    SLICE_X38Y53         LUT4 (Prop_F6LUT_SLICEL_I3_O)
                                                      0.123     3.954 r  d_1_i/ddr4/axi_smc_1/inst/s00_entry_pipeline/s00_mmu/inst/gen_endpoint.decerr_slave_inst/m_vector_i[1044]_i_3__0/O
                         net (fo=7, routed)           0.625     4.579    d_1_i/ddr4/axi_smc_1/inst/s00_entry_pipeline/s00_mmu/inst/ar_reg_stall/mr_axi_arready
    SLICE_X37Y54         LUT4 (Prop_G6LUT_SLICEM_I0_O)
                                                      0.090     4.669 r  d_1_i/ddr4/axi_smc_1/inst/s00_entry_pipeline/s00_mmu/inst/ar_reg_stall/m_vector_i[1044]_i_1/O
                         net (fo=97, routed)          0.966     5.635    d_1_i/ddr4/axi_smc_1/inst/s00_entry_pipeline/s00_mmu/inst/ar_reg_stall/m_vector_i
    SLICE_X42Y69         FDRE                                         r  d_1_i/ddr4/axi_smc_1/inst/s00_entry_pipeline/s00_mmu/inst/ar_reg_stall/m_vector_i_reg[1082]/CE
  -------------------------------------------------------------------    -------------------

                         (clock mmcm_clkout0 rise edge)
                                                      3.001     3.001 r  
    AR20                                              0.000     3.001 r  default_sysclk_c0_300mhz_clk_p (IN)
                         net (fo=0)                   0.079     3.080    d_1_i/ddr4/ddr4_0/inst/u_ddr4_mem_intfc/u_mig_ddr4_phy/inst/u_ddr4_phy_pll/diff_input_clk.u_ibufg_sys_clk/I
    HPIOBDIFFINBUF_X0Y35 DIFFINBUF (Prop_DIFFINBUF_HPIOBDIFFINBUF_DIFF_IN_P_O)
                                                      0.422     3.502 r  d_1_i/ddr4/ddr4_0/inst/u_ddr4_mem_intfc/u_mig_ddr4_phy/inst/u_ddr4_phy_pll/diff_input_clk.u_ibufg_sys_clk/DIFFINBUF_INST/O
                         net (fo=1, routed)           0.040     3.542    d_1_i/ddr4/ddr4_0/inst/u_ddr4_mem_intfc/u_mig_ddr4_phy/inst/u_ddr4_phy_pll/diff_input_clk.u_ibufg_sys_clk/OUT
    AR20                 IBUFCTRL (Prop_IBUFCTRL_HPIOB_M_I_O)
                                                      0.000     3.542 r  d_1_i/ddr4/ddr4_0/inst/u_ddr4_mem_intfc/u_mig_ddr4_phy/inst/u_ddr4_phy_pll/diff_input_clk.u_ibufg_sys_clk/IBUFCTRL_INST/O
                         net (fo=2, routed)           0.349     3.891    d_1_i/ddr4/ddr4_0/inst/u_ddr4_infrastructure/mmcm_clk_in
    MMCM_X0Y1            MMCME4_ADV (Prop_MMCM_CLKIN1_CLKOUT0)
                                                      0.630     4.521 r  d_1_i/ddr4/ddr4_0/inst/u_ddr4_infrastructure/gen_mmcme4.u_mmcme_adv_inst/CLKOUT0
                         net (fo=1, routed)           0.216     4.737    d_1_i/ddr4/ddr4_0/inst/u_ddr4_infrastructure/mmcm_clkout0
    BUFGCE_X0Y41         BUFGCE (Prop_BUFCE_BUFGCE_I_O)
                                                      0.024     4.761 r  d_1_i/ddr4/ddr4_0/inst/u_ddr4_infrastructure/u_bufg_divClk/O
    X4Y1 (CLOCK_ROOT)    net (fo=25432, routed)       1.535     6.296    d_1_i/ddr4/axi_smc_1/inst/s00_entry_pipeline/s00_mmu/inst/ar_reg_stall/aclk
    SLICE_X42Y69         FDRE                                         r  d_1_i/ddr4/axi_smc_1/inst/s00_entry_pipeline/s00_mmu/inst/ar_reg_stall/m_vector_i_reg[1082]/C
                         clock pessimism             -0.504     5.792    
                         clock uncertainty           -0.062     5.730    
    SLICE_X42Y69         FDRE (Setup_DFF_SLICEM_C_CE)
                                                     -0.061     5.669    d_1_i/ddr4/axi_smc_1/inst/s00_entry_pipeline/s00_mmu/inst/ar_reg_stall/m_vector_i_reg[1082]
  -------------------------------------------------------------------
                         required time                          5.669    
                         arrival time                          -5.635    
  -------------------------------------------------------------------
                         slack                                  0.033    





Min Delay Paths
--------------------------------------------------------------------------------------
Slack (MET) :             0.010ns  (arrival time - required time)
  Source:                 d_1_i/ddr4/ddr4_0/inst/u_ddr4_mem_intfc/u_ddr_cal_top/mcal_clb2phy_fifo_rden_reg[24]/C
                            (rising edge-triggered cell FDSE clocked by mmcm_clkout0  {rise@0.000ns fall@1.500ns period=3.001ns})
  Destination:            d_1_i/ddr4/ddr4_0/inst/u_ddr4_mem_intfc/u_mig_ddr4_phy/inst/generate_block1.u_ddr_xiphy/byte_num[3].xiphy_byte_wrapper.u_xiphy_byte_wrapper/I_BITSLICE_UPPER[5].GEN_RXTX_BITSLICE_EN.u_xiphy_bitslice_upper/xiphy_rxtx_bitslice/FIFO_RD_EN
                            (rising edge-triggered cell RXTX_BITSLICE clocked by mmcm_clkout0  {rise@0.000ns fall@1.500ns period=3.001ns})
  Path Group:             mmcm_clkout0
  Path Type:              Hold (Min at Fast Process Corner)
  Requirement:            0.000ns  (mmcm_clkout0 rise@0.000ns - mmcm_clkout0 rise@0.000ns)
  Data Path Delay:        0.221ns  (logic 0.039ns (17.647%)  route 0.182ns (82.353%))
  Logic Levels:           0  
  Clock Path Skew:        0.167ns (DCD - SCD - CPR)
    Destination Clock Delay (DCD):    1.707ns
    Source Clock Delay      (SCD):    1.820ns
    Clock Pessimism Removal (CPR):    -0.280ns
  Clock Net Delay (Source):      0.815ns (routing 0.230ns, distribution 0.585ns)
  Clock Net Delay (Destination): 1.045ns (routing 0.255ns, distribution 0.790ns)

    Location             Delay type                Incr(ns)  Path(ns)    Netlist Resource(s)
  -------------------------------------------------------------------    -------------------
                         (clock mmcm_clkout0 rise edge)
                                                      0.000     0.000 r  
    AR20                                              0.000     0.000 r  default_sysclk_c0_300mhz_clk_p (IN)
                         net (fo=0)                   0.079     0.079    d_1_i/ddr4/ddr4_0/inst/u_ddr4_mem_intfc/u_mig_ddr4_phy/inst/u_ddr4_phy_pll/diff_input_clk.u_ibufg_sys_clk/I
    HPIOBDIFFINBUF_X0Y35 DIFFINBUF (Prop_DIFFINBUF_HPIOBDIFFINBUF_DIFF_IN_P_O)
                                                      0.277     0.356 r  d_1_i/ddr4/ddr4_0/inst/u_ddr4_mem_intfc/u_mig_ddr4_phy/inst/u_ddr4_phy_pll/diff_input_clk.u_ibufg_sys_clk/DIFFINBUF_INST/O
                         net (fo=1, routed)           0.040     0.396    d_1_i/ddr4/ddr4_0/inst/u_ddr4_mem_intfc/u_mig_ddr4_phy/inst/u_ddr4_phy_pll/diff_input_clk.u_ibufg_sys_clk/OUT
    AR20                 IBUFCTRL (Prop_IBUFCTRL_HPIOB_M_I_O)
                                                      0.000     0.396 r  d_1_i/ddr4/ddr4_0/inst/u_ddr4_mem_intfc/u_mig_ddr4_phy/inst/u_ddr4_phy_pll/diff_input_clk.u_ibufg_sys_clk/IBUFCTRL_INST/O
                         net (fo=2, routed)           0.216     0.612    d_1_i/ddr4/ddr4_0/inst/u_ddr4_infrastructure/mmcm_clk_in
    MMCM_X0Y1            MMCME4_ADV (Prop_MMCM_CLKIN1_CLKOUT0)
                                                      0.230     0.842 r  d_1_i/ddr4/ddr4_0/inst/u_ddr4_infrastructure/gen_mmcme4.u_mmcme_adv_inst/CLKOUT0
                         net (fo=1, routed)           0.146     0.988    d_1_i/ddr4/ddr4_0/inst/u_ddr4_infrastructure/mmcm_clkout0
    BUFGCE_X0Y41         BUFGCE (Prop_BUFCE_BUFGCE_I_O)
                                                      0.017     1.005 r  d_1_i/ddr4/ddr4_0/inst/u_ddr4_infrastructure/u_bufg_divClk/O
    X4Y1 (CLOCK_ROOT)    net (fo=25432, routed)       0.815     1.820    d_1_i/ddr4/ddr4_0/inst/u_ddr4_mem_intfc/u_ddr_cal_top/dReg_reg[13]
    SLICE_X83Y52         FDSE                                         r  d_1_i/ddr4/ddr4_0/inst/u_ddr4_mem_intfc/u_ddr_cal_top/mcal_clb2phy_fifo_rden_reg[24]/C
  -------------------------------------------------------------------    -------------------
    SLICE_X83Y52         FDSE (Prop_HFF_SLICEM_C_Q)
                                                      0.039     1.859 r  d_1_i/ddr4/ddr4_0/inst/u_ddr4_mem_intfc/u_ddr_cal_top/mcal_clb2phy_fifo_rden_reg[24]/Q
                         net (fo=1, routed)           0.182     2.041    d_1_i/ddr4/ddr4_0/inst/u_ddr4_mem_intfc/u_mig_ddr4_phy/inst/generate_block1.u_ddr_xiphy/byte_num[3].xiphy_byte_wrapper.u_xiphy_byte_wrapper/I_BITSLICE_UPPER[5].GEN_RXTX_BITSLICE_EN.u_xiphy_bitslice_upper/ch0_mcal_clb2phy_fifo_rden[0]
    BITSLICE_RX_TX_X0Y50 RXTX_BITSLICE                                r  d_1_i/ddr4/ddr4_0/inst/u_ddr4_mem_intfc/u_mig_ddr4_phy/inst/generate_block1.u_ddr_xiphy/byte_num[3].xiphy_byte_wrapper.u_xiphy_byte_wrapper/I_BITSLICE_UPPER[5].GEN_RXTX_BITSLICE_EN.u_xiphy_bitslice_upper/xiphy_rxtx_bitslice/FIFO_RD_EN
  -------------------------------------------------------------------    -------------------

                         (clock mmcm_clkout0 rise edge)
                                                      0.000     0.000 r  
    AR20                                              0.000     0.000 r  default_sysclk_c0_300mhz_clk_p (IN)
                         net (fo=0)                   0.100     0.100    d_1_i/ddr4/ddr4_0/inst/u_ddr4_mem_intfc/u_mig_ddr4_phy/inst/u_ddr4_phy_pll/diff_input_clk.u_ibufg_sys_clk/I
    HPIOBDIFFINBUF_X0Y35 DIFFINBUF (Prop_DIFFINBUF_HPIOBDIFFINBUF_DIFF_IN_P_O)
                                                      0.376     0.476 r  d_1_i/ddr4/ddr4_0/inst/u_ddr4_mem_intfc/u_mig_ddr4_phy/inst/u_ddr4_phy_pll/diff_input_clk.u_ibufg_sys_clk/DIFFINBUF_INST/O
                         net (fo=1, routed)           0.050     0.526    d_1_i/ddr4/ddr4_0/inst/u_ddr4_mem_intfc/u_mig_ddr4_phy/inst/u_ddr4_phy_pll/diff_input_clk.u_ibufg_sys_clk/OUT
    AR20                 IBUFCTRL (Prop_IBUFCTRL_HPIOB_M_I_O)
                                                      0.000     0.526 r  d_1_i/ddr4/ddr4_0/inst/u_ddr4_mem_intfc/u_mig_ddr4_phy/inst/u_ddr4_phy_pll/diff_input_clk.u_ibufg_sys_clk/IBUFCTRL_INST/O
                         net (fo=2, routed)           0.247     0.773    d_1_i/ddr4/ddr4_0/inst/u_ddr4_infrastructure/mmcm_clk_in
    MMCM_X0Y1            MMCME4_ADV (Prop_MMCM_CLKIN1_CLKOUT0)
                                                     -0.295     0.478 r  d_1_i/ddr4/ddr4_0/inst/u_ddr4_infrastructure/gen_mmcme4.u_mmcme_adv_inst/CLKOUT0
                         net (fo=1, routed)           0.166     0.644    d_1_i/ddr4/ddr4_0/inst/u_ddr4_infrastructure/mmcm_clkout0
    BUFGCE_X0Y41         BUFGCE (Prop_BUFCE_BUFGCE_I_O)
                                                      0.019     0.663 r  d_1_i/ddr4/ddr4_0/inst/u_ddr4_infrastructure/u_bufg_divClk/O
    X4Y1 (CLOCK_ROOT)    net (fo=25432, routed)       1.045     1.707    d_1_i/ddr4/ddr4_0/inst/u_ddr4_mem_intfc/u_mig_ddr4_phy/inst/generate_block1.u_ddr_xiphy/byte_num[3].xiphy_byte_wrapper.u_xiphy_byte_wrapper/I_BITSLICE_UPPER[5].GEN_RXTX_BITSLICE_EN.u_xiphy_bitslice_upper/div_clk
    BITSLICE_RX_TX_X0Y50 RXTX_BITSLICE                                r  d_1_i/ddr4/ddr4_0/inst/u_ddr4_mem_intfc/u_mig_ddr4_phy/inst/generate_block1.u_ddr_xiphy/byte_num[3].xiphy_byte_wrapper.u_xiphy_byte_wrapper/I_BITSLICE_UPPER[5].GEN_RXTX_BITSLICE_EN.u_xiphy_bitslice_upper/xiphy_rxtx_bitslice/FIFO_RD_CLK
                         clock pessimism              0.280     1.988    
    BITSLICE_RX_TX_X0Y50 RXTX_BITSLICE (Hold_RXTX_BITSLICE_BITSLICE_RX_TX_FIFO_RD_CLK_FIFO_RD_EN)
                                                      0.044     2.032    d_1_i/ddr4/ddr4_0/inst/u_ddr4_mem_intfc/u_mig_ddr4_phy/inst/generate_block1.u_ddr_xiphy/byte_num[3].xiphy_byte_wrapper.u_xiphy_byte_wrapper/I_BITSLICE_UPPER[5].GEN_RXTX_BITSLICE_EN.u_xiphy_bitslice_upper/xiphy_rxtx_bitslice
  -------------------------------------------------------------------
                         required time                         -2.032    
                         arrival time                           2.041    
  -------------------------------------------------------------------
                         slack                                  0.010    





Pulse Width Checks
--------------------------------------------------------------------------------------
Clock Name:         mmcm_clkout0
Waveform(ns):       { 0.000 1.500 }
Period(ns):         3.001
Sources:            { d_1_i/ddr4/ddr4_0/inst/u_ddr4_infrastructure/gen_mmcme4.u_mmcme_adv_inst/CLKOUT0 }

Check Type        Corner  Lib Pin          Reference Pin  Required(ns)  Actual(ns)  Slack(ns)  Location  Pin
Min Period        n/a     PS8/MAXIGP1ACLK  n/a            3.000         3.001       0.001      PS8_X0Y0  d_1_i/zynq_ultra_ps_e_0/inst/PS8_i/MAXIGP1ACLK
Max Period        n/a     PLLE4_ADV/CLKIN  n/a            14.286        3.001       11.285     PLL_X0Y1  d_1_i/ddr4/ddr4_0/inst/u_ddr4_mem_intfc/u_mig_ddr4_phy/inst/u_ddr4_phy_pll/plle_loop[0].gen_plle4.PLLE4_BASE_INST_OTHER/CLKIN
Low Pulse Width   Slow    PS8/MAXIGP1ACLK  n/a            1.500         1.500       0.000      PS8_X0Y0  d_1_i/zynq_ultra_ps_e_0/inst/PS8_i/MAXIGP1ACLK
High Pulse Width  Slow    PS8/MAXIGP1ACLK  n/a            1.500         1.500       0.000      PS8_X0Y0  d_1_i/zynq_ultra_ps_e_0/inst/PS8_i/MAXIGP1ACLK



---------------------------------------------------------------------------------------------------
From Clock:  pll_clk[0]
  To Clock:  pll_clk[0]

Setup :           NA  Failing Endpoints,  Worst Slack           NA  ,  Total Violation           NA
Hold  :           NA  Failing Endpoints,  Worst Slack           NA  ,  Total Violation           NA
PW    :            0  Failing Endpoints,  Worst Slack        0.000ns,  Total Violation        0.000ns
---------------------------------------------------------------------------------------------------


Pulse Width Checks
--------------------------------------------------------------------------------------
Clock Name:         pll_clk[0]
Waveform(ns):       { 0.000 0.188 }
Period(ns):         0.375
Sources:            { d_1_i/ddr4/ddr4_0/inst/u_ddr4_mem_intfc/u_mig_ddr4_phy/inst/u_ddr4_phy_pll/plle_loop[0].gen_plle4.PLLE4_BASE_INST_OTHER/CLKOUTPHY }

Check Type        Corner  Lib Pin                   Reference Pin             Required(ns)  Actual(ns)  Slack(ns)  Location               Pin
Min Period        n/a     BITSLICE_CONTROL/PLL_CLK  n/a                       0.375         0.375       0.000      BITSLICE_CONTROL_X0Y0  d_1_i/ddr4/ddr4_0/inst/u_ddr4_mem_intfc/u_mig_ddr4_phy/inst/generate_block1.u_ddr_xiphy/byte_num[0].xiphy_byte_wrapper.u_xiphy_byte_wrapper/I_CONTROL[0].GEN_I_CONTROL.u_xiphy_control/xiphy_control/PLL_CLK
Low Pulse Width   Slow    BITSLICE_CONTROL/PLL_CLK  n/a                       0.169         0.188       0.019      BITSLICE_CONTROL_X0Y0  d_1_i/ddr4/ddr4_0/inst/u_ddr4_mem_intfc/u_mig_ddr4_phy/inst/generate_block1.u_ddr_xiphy/byte_num[0].xiphy_byte_wrapper.u_xiphy_byte_wrapper/I_CONTROL[0].GEN_I_CONTROL.u_xiphy_control/xiphy_control/PLL_CLK
High Pulse Width  Slow    BITSLICE_CONTROL/PLL_CLK  n/a                       0.169         0.188       0.019      BITSLICE_CONTROL_X0Y0  d_1_i/ddr4/ddr4_0/inst/u_ddr4_mem_intfc/u_mig_ddr4_phy/inst/generate_block1.u_ddr_xiphy/byte_num[0].xiphy_byte_wrapper.u_xiphy_byte_wrapper/I_CONTROL[0].GEN_I_CONTROL.u_xiphy_control/xiphy_control/PLL_CLK
Max Skew          Fast    BITSLICE_CONTROL/PLL_CLK  BITSLICE_CONTROL/RIU_CLK  -0.300        -1.334      1.034      BITSLICE_CONTROL_X0Y4  d_1_i/ddr4/ddr4_0/inst/u_ddr4_mem_intfc/u_mig_ddr4_phy/inst/generate_block1.u_ddr_xiphy/byte_num[2].xiphy_byte_wrapper.u_xiphy_byte_wrapper/I_CONTROL[0].GEN_I_CONTROL.u_xiphy_control/xiphy_control/PLL_CLK



---------------------------------------------------------------------------------------------------
From Clock:  pll_clk[0]_DIV
  To Clock:  pll_clk[0]_DIV

Setup :           NA  Failing Endpoints,  Worst Slack           NA  ,  Total Violation           NA
Hold  :           NA  Failing Endpoints,  Worst Slack           NA  ,  Total Violation           NA
PW    :            0  Failing Endpoints,  Worst Slack        0.300ns,  Total Violation        0.000ns
---------------------------------------------------------------------------------------------------


Pulse Width Checks
--------------------------------------------------------------------------------------
Clock Name:         pll_clk[0]_DIV
Waveform(ns):       { 0.000 1.500 }
Period(ns):         3.001
Sources:            { d_1_i/ddr4/ddr4_0/inst/u_ddr4_mem_intfc/u_mig_ddr4_phy/inst/generate_block1.u_ddr_xiphy/byte_num[0].xiphy_byte_wrapper.u_xiphy_byte_wrapper/I_CONTROL[0].GEN_I_CONTROL.u_xiphy_control/xiphy_control/RX_DIV4_CLK_Q d_1_i/ddr4/ddr4_0/inst/u_ddr4_mem_intfc/u_mig_ddr4_phy/inst/generate_block1.u_ddr_xiphy/byte_num[0].xiphy_byte_wrapper.u_xiphy_byte_wrapper/I_CONTROL[0].GEN_I_CONTROL.u_xiphy_control/xiphy_control/TX_DIV4_CLK_Q d_1_i/ddr4/ddr4_0/inst/u_ddr4_mem_intfc/u_mig_ddr4_phy/inst/generate_block1.u_ddr_xiphy/byte_num[0].xiphy_byte_wrapper.u_xiphy_byte_wrapper/I_CONTROL[1].GEN_I_CONTROL.u_xiphy_control/xiphy_control/RX_DIV4_CLK_Q d_1_i/ddr4/ddr4_0/inst/u_ddr4_mem_intfc/u_mig_ddr4_phy/inst/generate_block1.u_ddr_xiphy/byte_num[0].xiphy_byte_wrapper.u_xiphy_byte_wrapper/I_CONTROL[1].GEN_I_CONTROL.u_xiphy_control/xiphy_control/TX_DIV4_CLK_Q d_1_i/ddr4/ddr4_0/inst/u_ddr4_mem_intfc/u_mig_ddr4_phy/inst/generate_block1.u_ddr_xiphy/byte_num[1].xiphy_byte_wrapper.u_xiphy_byte_wrapper/I_CONTROL[0].GEN_I_CONTROL.u_xiphy_control/xiphy_control/RX_DIV4_CLK_Q d_1_i/ddr4/ddr4_0/inst/u_ddr4_mem_intfc/u_mig_ddr4_phy/inst/generate_block1.u_ddr_xiphy/byte_num[1].xiphy_byte_wrapper.u_xiphy_byte_wrapper/I_CONTROL[0].GEN_I_CONTROL.u_xiphy_control/xiphy_control/TX_DIV4_CLK_Q d_1_i/ddr4/ddr4_0/inst/u_ddr4_mem_intfc/u_mig_ddr4_phy/inst/generate_block1.u_ddr_xiphy/byte_num[1].xiphy_byte_wrapper.u_xiphy_byte_wrapper/I_CONTROL[1].GEN_I_CONTROL.u_xiphy_control/xiphy_control/RX_DIV4_CLK_Q d_1_i/ddr4/ddr4_0/inst/u_ddr4_mem_intfc/u_mig_ddr4_phy/inst/generate_block1.u_ddr_xiphy/byte_num[1].xiphy_byte_wrapper.u_xiphy_byte_wrapper/I_CONTROL[1].GEN_I_CONTROL.u_xiphy_control/xiphy_control/TX_DIV4_CLK_Q d_1_i/ddr4/ddr4_0/inst/u_ddr4_mem_intfc/u_mig_ddr4_phy/inst/generate_block1.u_ddr_xiphy/byte_num[2].xiphy_byte_wrapper.u_xiphy_byte_wrapper/I_CONTROL[0].GEN_I_CONTROL.u_xiphy_control/xiphy_control/RX_DIV4_CLK_Q d_1_i/ddr4/ddr4_0/inst/u_ddr4_mem_intfc/u_mig_ddr4_phy/inst/generate_block1.u_ddr_xiphy/byte_num[2].xiphy_byte_wrapper.u_xiphy_byte_wrapper/I_CONTROL[0].GEN_I_CONTROL.u_xiphy_control/xiphy_control/TX_DIV4_CLK_Q d_1_i/ddr4/ddr4_0/inst/u_ddr4_mem_intfc/u_mig_ddr4_phy/inst/generate_block1.u_ddr_xiphy/byte_num[2].xiphy_byte_wrapper.u_xiphy_byte_wrapper/I_CONTROL[1].GEN_I_CONTROL.u_xiphy_control/xiphy_control/RX_DIV4_CLK_Q d_1_i/ddr4/ddr4_0/inst/u_ddr4_mem_intfc/u_mig_ddr4_phy/inst/generate_block1.u_ddr_xiphy/byte_num[2].xiphy_byte_wrapper.u_xiphy_byte_wrapper/I_CONTROL[1].GEN_I_CONTROL.u_xiphy_control/xiphy_control/TX_DIV4_CLK_Q d_1_i/ddr4/ddr4_0/inst/u_ddr4_mem_intfc/u_mig_ddr4_phy/inst/generate_block1.u_ddr_xiphy/byte_num[3].xiphy_byte_wrapper.u_xiphy_byte_wrapper/I_CONTROL[0].GEN_I_CONTROL.u_xiphy_control/xiphy_control/RX_DIV4_CLK_Q d_1_i/ddr4/ddr4_0/inst/u_ddr4_mem_intfc/u_mig_ddr4_phy/inst/generate_block1.u_ddr_xiphy/byte_num[3].xiphy_byte_wrapper.u_xiphy_byte_wrapper/I_CONTROL[0].GEN_I_CONTROL.u_xiphy_control/xiphy_control/TX_DIV4_CLK_Q d_1_i/ddr4/ddr4_0/inst/u_ddr4_mem_intfc/u_mig_ddr4_phy/inst/generate_block1.u_ddr_xiphy/byte_num[3].xiphy_byte_wrapper.u_xiphy_byte_wrapper/I_CONTROL[1].GEN_I_CONTROL.u_xiphy_control/xiphy_control/RX_DIV4_CLK_Q d_1_i/ddr4/ddr4_0/inst/u_ddr4_mem_intfc/u_mig_ddr4_phy/inst/generate_block1.u_ddr_xiphy/byte_num[3].xiphy_byte_wrapper.u_xiphy_byte_wrapper/I_CONTROL[1].GEN_I_CONTROL.u_xiphy_control/xiphy_control/TX_DIV4_CLK_Q }

Check Type        Corner  Lib Pin                           Reference Pin  Required(ns)  Actual(ns)  Slack(ns)  Location             Pin
Min Period        n/a     RXTX_BITSLICE/TX_BIT_CTRL_IN[26]  n/a            2.667         3.001       0.334      BITSLICE_RX_TX_X0Y0  d_1_i/ddr4/ddr4_0/inst/u_ddr4_mem_intfc/u_mig_ddr4_phy/inst/generate_block1.u_ddr_xiphy/byte_num[0].xiphy_byte_wrapper.u_xiphy_byte_wrapper/I_BITSLICE_LOWER[0].GEN_RXTX_BITSLICE_EN.u_xiphy_bitslice_lower/xiphy_rxtx_bitslice/TX_BIT_CTRL_IN[26]
Low Pulse Width   Slow    RXTX_BITSLICE/TX_BIT_CTRL_IN[26]  n/a            1.200         1.500       0.300      BITSLICE_RX_TX_X0Y0  d_1_i/ddr4/ddr4_0/inst/u_ddr4_mem_intfc/u_mig_ddr4_phy/inst/generate_block1.u_ddr_xiphy/byte_num[0].xiphy_byte_wrapper.u_xiphy_byte_wrapper/I_BITSLICE_LOWER[0].GEN_RXTX_BITSLICE_EN.u_xiphy_bitslice_lower/xiphy_rxtx_bitslice/TX_BIT_CTRL_IN[26]
High Pulse Width  Slow    RXTX_BITSLICE/TX_BIT_CTRL_IN[26]  n/a            1.200         1.500       0.300      BITSLICE_RX_TX_X0Y0  d_1_i/ddr4/ddr4_0/inst/u_ddr4_mem_intfc/u_mig_ddr4_phy/inst/generate_block1.u_ddr_xiphy/byte_num[0].xiphy_byte_wrapper.u_xiphy_byte_wrapper/I_BITSLICE_LOWER[0].GEN_RXTX_BITSLICE_EN.u_xiphy_bitslice_lower/xiphy_rxtx_bitslice/TX_BIT_CTRL_IN[26]



---------------------------------------------------------------------------------------------------
From Clock:  pll_clk[1]
  To Clock:  pll_clk[1]

Setup :           NA  Failing Endpoints,  Worst Slack           NA  ,  Total Violation           NA
Hold  :           NA  Failing Endpoints,  Worst Slack           NA  ,  Total Violation           NA
PW    :            0  Failing Endpoints,  Worst Slack        0.000ns,  Total Violation        0.000ns
---------------------------------------------------------------------------------------------------


Pulse Width Checks
--------------------------------------------------------------------------------------
Clock Name:         pll_clk[1]
Waveform(ns):       { 0.000 0.188 }
Period(ns):         0.375
Sources:            { d_1_i/ddr4/ddr4_0/inst/u_ddr4_mem_intfc/u_mig_ddr4_phy/inst/u_ddr4_phy_pll/plle_loop[1].gen_plle4.PLLE4_BASE_INST_OTHER/CLKOUTPHY }

Check Type        Corner  Lib Pin                   Reference Pin  Required(ns)  Actual(ns)  Slack(ns)  Location               Pin
Min Period        n/a     BITSLICE_CONTROL/PLL_CLK  n/a            0.375         0.375       0.000      BITSLICE_CONTROL_X0Y8  d_1_i/ddr4/ddr4_0/inst/u_ddr4_mem_intfc/u_mig_ddr4_phy/inst/generate_block1.u_ddr_xiphy/byte_num[4].xiphy_byte_wrapper.u_xiphy_byte_wrapper/I_CONTROL[0].GEN_I_CONTROL.u_xiphy_control/xiphy_control/PLL_CLK
Low Pulse Width   Slow    BITSLICE_CONTROL/PLL_CLK  n/a            0.169         0.188       0.019      BITSLICE_CONTROL_X0Y8  d_1_i/ddr4/ddr4_0/inst/u_ddr4_mem_intfc/u_mig_ddr4_phy/inst/generate_block1.u_ddr_xiphy/byte_num[4].xiphy_byte_wrapper.u_xiphy_byte_wrapper/I_CONTROL[0].GEN_I_CONTROL.u_xiphy_control/xiphy_control/PLL_CLK
High Pulse Width  Slow    BITSLICE_CONTROL/PLL_CLK  n/a            0.169         0.188       0.019      BITSLICE_CONTROL_X0Y8  d_1_i/ddr4/ddr4_0/inst/u_ddr4_mem_intfc/u_mig_ddr4_phy/inst/generate_block1.u_ddr_xiphy/byte_num[4].xiphy_byte_wrapper.u_xiphy_byte_wrapper/I_CONTROL[0].GEN_I_CONTROL.u_xiphy_control/xiphy_control/PLL_CLK



---------------------------------------------------------------------------------------------------
From Clock:  pll_clk[1]_DIV
  To Clock:  pll_clk[1]_DIV

Setup :           NA  Failing Endpoints,  Worst Slack           NA  ,  Total Violation           NA
Hold  :           NA  Failing Endpoints,  Worst Slack           NA  ,  Total Violation           NA
PW    :            0  Failing Endpoints,  Worst Slack        0.300ns,  Total Violation        0.000ns
---------------------------------------------------------------------------------------------------


Pulse Width Checks
--------------------------------------------------------------------------------------
Clock Name:         pll_clk[1]_DIV
Waveform(ns):       { 0.000 1.500 }
Period(ns):         3.001
Sources:            { d_1_i/ddr4/ddr4_0/inst/u_ddr4_mem_intfc/u_mig_ddr4_phy/inst/generate_block1.u_ddr_xiphy/byte_num[4].xiphy_byte_wrapper.u_xiphy_byte_wrapper/I_CONTROL[0].GEN_I_CONTROL.u_xiphy_control/xiphy_control/RX_DIV4_CLK_Q d_1_i/ddr4/ddr4_0/inst/u_ddr4_mem_intfc/u_mig_ddr4_phy/inst/generate_block1.u_ddr_xiphy/byte_num[4].xiphy_byte_wrapper.u_xiphy_byte_wrapper/I_CONTROL[0].GEN_I_CONTROL.u_xiphy_control/xiphy_control/TX_DIV4_CLK_Q d_1_i/ddr4/ddr4_0/inst/u_ddr4_mem_intfc/u_mig_ddr4_phy/inst/generate_block1.u_ddr_xiphy/byte_num[5].xiphy_byte_wrapper.u_xiphy_byte_wrapper/I_CONTROL[0].GEN_I_CONTROL.u_xiphy_control/xiphy_control/RX_DIV4_CLK_Q d_1_i/ddr4/ddr4_0/inst/u_ddr4_mem_intfc/u_mig_ddr4_phy/inst/generate_block1.u_ddr_xiphy/byte_num[5].xiphy_byte_wrapper.u_xiphy_byte_wrapper/I_CONTROL[0].GEN_I_CONTROL.u_xiphy_control/xiphy_control/TX_DIV4_CLK_Q d_1_i/ddr4/ddr4_0/inst/u_ddr4_mem_intfc/u_mig_ddr4_phy/inst/generate_block1.u_ddr_xiphy/byte_num[5].xiphy_byte_wrapper.u_xiphy_byte_wrapper/I_CONTROL[1].GEN_I_CONTROL.u_xiphy_control/xiphy_control/RX_DIV4_CLK_Q d_1_i/ddr4/ddr4_0/inst/u_ddr4_mem_intfc/u_mig_ddr4_phy/inst/generate_block1.u_ddr_xiphy/byte_num[5].xiphy_byte_wrapper.u_xiphy_byte_wrapper/I_CONTROL[1].GEN_I_CONTROL.u_xiphy_control/xiphy_control/TX_DIV4_CLK_Q d_1_i/ddr4/ddr4_0/inst/u_ddr4_mem_intfc/u_mig_ddr4_phy/inst/generate_block1.u_ddr_xiphy/byte_num[6].xiphy_byte_wrapper.u_xiphy_byte_wrapper/I_CONTROL[0].GEN_I_CONTROL.u_xiphy_control/xiphy_control/RX_DIV4_CLK_Q d_1_i/ddr4/ddr4_0/inst/u_ddr4_mem_intfc/u_mig_ddr4_phy/inst/generate_block1.u_ddr_xiphy/byte_num[6].xiphy_byte_wrapper.u_xiphy_byte_wrapper/I_CONTROL[0].GEN_I_CONTROL.u_xiphy_control/xiphy_control/TX_DIV4_CLK_Q d_1_i/ddr4/ddr4_0/inst/u_ddr4_mem_intfc/u_mig_ddr4_phy/inst/generate_block1.u_ddr_xiphy/byte_num[6].xiphy_byte_wrapper.u_xiphy_byte_wrapper/I_CONTROL[1].GEN_I_CONTROL.u_xiphy_control/xiphy_control/RX_DIV4_CLK_Q d_1_i/ddr4/ddr4_0/inst/u_ddr4_mem_intfc/u_mig_ddr4_phy/inst/generate_block1.u_ddr_xiphy/byte_num[6].xiphy_byte_wrapper.u_xiphy_byte_wrapper/I_CONTROL[1].GEN_I_CONTROL.u_xiphy_control/xiphy_control/TX_DIV4_CLK_Q d_1_i/ddr4/ddr4_0/inst/u_ddr4_mem_intfc/u_mig_ddr4_phy/inst/generate_block1.u_ddr_xiphy/byte_num[7].xiphy_byte_wrapper.u_xiphy_byte_wrapper/I_CONTROL[0].GEN_I_CONTROL.u_xiphy_control/xiphy_control/RX_DIV4_CLK_Q d_1_i/ddr4/ddr4_0/inst/u_ddr4_mem_intfc/u_mig_ddr4_phy/inst/generate_block1.u_ddr_xiphy/byte_num[7].xiphy_byte_wrapper.u_xiphy_byte_wrapper/I_CONTROL[0].GEN_I_CONTROL.u_xiphy_control/xiphy_control/TX_DIV4_CLK_Q d_1_i/ddr4/ddr4_0/inst/u_ddr4_mem_intfc/u_mig_ddr4_phy/inst/generate_block1.u_ddr_xiphy/byte_num[7].xiphy_byte_wrapper.u_xiphy_byte_wrapper/I_CONTROL[1].GEN_I_CONTROL.u_xiphy_control/xiphy_control/RX_DIV4_CLK_Q d_1_i/ddr4/ddr4_0/inst/u_ddr4_mem_intfc/u_mig_ddr4_phy/inst/generate_block1.u_ddr_xiphy/byte_num[7].xiphy_byte_wrapper.u_xiphy_byte_wrapper/I_CONTROL[1].GEN_I_CONTROL.u_xiphy_control/xiphy_control/TX_DIV4_CLK_Q }

Check Type        Corner  Lib Pin                           Reference Pin  Required(ns)  Actual(ns)  Slack(ns)  Location              Pin
Min Period        n/a     RXTX_BITSLICE/TX_BIT_CTRL_IN[26]  n/a            2.667         3.001       0.334      BITSLICE_RX_TX_X0Y56  d_1_i/ddr4/ddr4_0/inst/u_ddr4_mem_intfc/u_mig_ddr4_phy/inst/generate_block1.u_ddr_xiphy/byte_num[4].xiphy_byte_wrapper.u_xiphy_byte_wrapper/I_BITSLICE_LOWER[4].GEN_RXTX_BITSLICE_EN.u_xiphy_bitslice_lower/xiphy_rxtx_bitslice/TX_BIT_CTRL_IN[26]
Low Pulse Width   Slow    RXTX_BITSLICE/TX_BIT_CTRL_IN[26]  n/a            1.200         1.500       0.300      BITSLICE_RX_TX_X0Y56  d_1_i/ddr4/ddr4_0/inst/u_ddr4_mem_intfc/u_mig_ddr4_phy/inst/generate_block1.u_ddr_xiphy/byte_num[4].xiphy_byte_wrapper.u_xiphy_byte_wrapper/I_BITSLICE_LOWER[4].GEN_RXTX_BITSLICE_EN.u_xiphy_bitslice_lower/xiphy_rxtx_bitslice/TX_BIT_CTRL_IN[26]
High Pulse Width  Slow    RXTX_BITSLICE/TX_BIT_CTRL_IN[26]  n/a            1.200         1.500       0.300      BITSLICE_RX_TX_X0Y56  d_1_i/ddr4/ddr4_0/inst/u_ddr4_mem_intfc/u_mig_ddr4_phy/inst/generate_block1.u_ddr_xiphy/byte_num[4].xiphy_byte_wrapper.u_xiphy_byte_wrapper/I_BITSLICE_LOWER[4].GEN_RXTX_BITSLICE_EN.u_xiphy_bitslice_lower/xiphy_rxtx_bitslice/TX_BIT_CTRL_IN[26]



---------------------------------------------------------------------------------------------------
From Clock:  mmcm_clkout5
  To Clock:  mmcm_clkout5

Setup :            0  Failing Endpoints,  Worst Slack        8.203ns,  Total Violation        0.000ns
Hold  :            0  Failing Endpoints,  Worst Slack        0.021ns,  Total Violation        0.000ns
PW    :            0  Failing Endpoints,  Worst Slack        5.469ns,  Total Violation        0.000ns
---------------------------------------------------------------------------------------------------


Max Delay Paths
--------------------------------------------------------------------------------------
Slack (MET) :             8.203ns  (required time - arrival time)
  Source:                 dbg_hub/inst/BSCANID.u_xsdbm_id/CORE_XSDB.UUT_MASTER/U_XSDB_ADDRESS_CONTROLLER/addr_reg[0]/C
                            (rising edge-triggered cell FDRE clocked by mmcm_clkout5  {rise@0.000ns fall@6.001ns period=12.002ns})
  Destination:            d_1_i/ddr4/ddr4_0/inst/u_ddr4_mem_intfc/u_ddr_cal_top/u_ddr_cal/U_XSDB_SLAVE/reg_do_reg[13]/D
                            (rising edge-triggered cell FDRE clocked by mmcm_clkout5  {rise@0.000ns fall@6.001ns period=12.002ns})
  Path Group:             mmcm_clkout5
  Path Type:              Setup (Max at Slow Process Corner)
  Requirement:            12.002ns  (mmcm_clkout5 rise@12.002ns - mmcm_clkout5 rise@0.000ns)
  Data Path Delay:        3.538ns  (logic 0.217ns (6.134%)  route 3.321ns (93.866%))
  Logic Levels:           2  (LUT6=2)
  Clock Path Skew:        -0.211ns (DCD - SCD + CPR)
    Destination Clock Delay (DCD):    2.808ns = ( 14.810 - 12.002 ) 
    Source Clock Delay      (SCD):    2.492ns
    Clock Pessimism Removal (CPR):    -0.528ns
  Clock Uncertainty:      0.076ns  ((TSJ^2 + DJ^2)^1/2) / 2 + PE
    Total System Jitter     (TSJ):    0.071ns
    Discrete Jitter          (DJ):    0.134ns
    Phase Error              (PE):    0.000ns
  Clock Net Delay (Source):      1.284ns (routing 0.171ns, distribution 1.113ns)
  Clock Net Delay (Destination): 1.057ns (routing 0.155ns, distribution 0.902ns)

    Location             Delay type                Incr(ns)  Path(ns)    Netlist Resource(s)
  -------------------------------------------------------------------    -------------------
                         (clock mmcm_clkout5 rise edge)
                                                      0.000     0.000 r  
    AR20                                              0.000     0.000 r  default_sysclk_c0_300mhz_clk_p (IN)
                         net (fo=0)                   0.100     0.100    d_1_i/ddr4/ddr4_0/inst/u_ddr4_mem_intfc/u_mig_ddr4_phy/inst/u_ddr4_phy_pll/diff_input_clk.u_ibufg_sys_clk/I
    HPIOBDIFFINBUF_X0Y35 DIFFINBUF (Prop_DIFFINBUF_HPIOBDIFFINBUF_DIFF_IN_P_O)
                                                      0.519     0.619 r  d_1_i/ddr4/ddr4_0/inst/u_ddr4_mem_intfc/u_mig_ddr4_phy/inst/u_ddr4_phy_pll/diff_input_clk.u_ibufg_sys_clk/DIFFINBUF_INST/O
                         net (fo=1, routed)           0.050     0.669    d_1_i/ddr4/ddr4_0/inst/u_ddr4_mem_intfc/u_mig_ddr4_phy/inst/u_ddr4_phy_pll/diff_input_clk.u_ibufg_sys_clk/OUT
    AR20                 IBUFCTRL (Prop_IBUFCTRL_HPIOB_M_I_O)
                                                      0.000     0.669 r  d_1_i/ddr4/ddr4_0/inst/u_ddr4_mem_intfc/u_mig_ddr4_phy/inst/u_ddr4_phy_pll/diff_input_clk.u_ibufg_sys_clk/IBUFCTRL_INST/O
                         net (fo=2, routed)           0.402     1.071    d_1_i/ddr4/ddr4_0/inst/u_ddr4_infrastructure/mmcm_clk_in
    MMCM_X0Y1            MMCME4_ADV (Prop_MMCM_CLKIN1_CLKOUT5)
                                                     -0.127     0.944 r  d_1_i/ddr4/ddr4_0/inst/u_ddr4_infrastructure/gen_mmcme4.u_mmcme_adv_inst/CLKOUT5
                         net (fo=1, routed)           0.236     1.180    d_1_i/ddr4/ddr4_0/inst/u_ddr4_infrastructure/mmcm_clkout5
    BUFGCE_X0Y43         BUFGCE (Prop_BUFCE_BUFGCE_I_O)
                                                      0.028     1.208 r  d_1_i/ddr4/ddr4_0/inst/u_ddr4_infrastructure/u_bufg_dbg_clk/O
    X4Y1 (CLOCK_ROOT)    net (fo=568, routed)         1.284     2.492    dbg_hub/inst/BSCANID.u_xsdbm_id/CORE_XSDB.UUT_MASTER/U_XSDB_ADDRESS_CONTROLLER/clk
    SLICE_X100Y60        FDRE                                         r  dbg_hub/inst/BSCANID.u_xsdbm_id/CORE_XSDB.UUT_MASTER/U_XSDB_ADDRESS_CONTROLLER/addr_reg[0]/C
  -------------------------------------------------------------------    -------------------
    SLICE_X100Y60        FDRE (Prop_AFF_SLICEL_C_Q)
                                                      0.079     2.571 r  dbg_hub/inst/BSCANID.u_xsdbm_id/CORE_XSDB.UUT_MASTER/U_XSDB_ADDRESS_CONTROLLER/addr_reg[0]/Q
                         net (fo=45, routed)          2.884     5.455    d_1_i/ddr4/ddr4_0/inst/u_ddr4_mem_intfc/u_ddr_cal_top/u_ddr_cal/U_XSDB_SLAVE/sl_iport_i[4]
    SLICE_X90Y49         LUT6 (Prop_H6LUT_SLICEM_I4_O)
                                                      0.039     5.494 r  d_1_i/ddr4/ddr4_0/inst/u_ddr4_mem_intfc/u_ddr_cal_top/u_ddr_cal/U_XSDB_SLAVE/reg_do[13]_i_2/O
                         net (fo=1, routed)           0.365     5.859    d_1_i/ddr4/ddr4_0/inst/u_ddr4_mem_intfc/u_ddr_cal_top/u_ddr_cal/U_XSDB_SLAVE/reg_do[13]_i_2_n_0
    SLICE_X96Y50         LUT6 (Prop_D6LUT_SLICEM_I1_O)
                                                      0.099     5.958 r  d_1_i/ddr4/ddr4_0/inst/u_ddr4_mem_intfc/u_ddr_cal_top/u_ddr_cal/U_XSDB_SLAVE/reg_do[13]_i_1/O
                         net (fo=1, routed)           0.072     6.030    d_1_i/ddr4/ddr4_0/inst/u_ddr4_mem_intfc/u_ddr_cal_top/u_ddr_cal/U_XSDB_SLAVE/reg_do[13]
    SLICE_X96Y50         FDRE                                         r  d_1_i/ddr4/ddr4_0/inst/u_ddr4_mem_intfc/u_ddr_cal_top/u_ddr_cal/U_XSDB_SLAVE/reg_do_reg[13]/D
  -------------------------------------------------------------------    -------------------

                         (clock mmcm_clkout5 rise edge)
                                                     12.002    12.002 r  
    AR20                                              0.000    12.002 r  default_sysclk_c0_300mhz_clk_p (IN)
                         net (fo=0)                   0.079    12.081    d_1_i/ddr4/ddr4_0/inst/u_ddr4_mem_intfc/u_mig_ddr4_phy/inst/u_ddr4_phy_pll/diff_input_clk.u_ibufg_sys_clk/I
    HPIOBDIFFINBUF_X0Y35 DIFFINBUF (Prop_DIFFINBUF_HPIOBDIFFINBUF_DIFF_IN_P_O)
                                                      0.422    12.504 r  d_1_i/ddr4/ddr4_0/inst/u_ddr4_mem_intfc/u_mig_ddr4_phy/inst/u_ddr4_phy_pll/diff_input_clk.u_ibufg_sys_clk/DIFFINBUF_INST/O
                         net (fo=1, routed)           0.040    12.544    d_1_i/ddr4/ddr4_0/inst/u_ddr4_mem_intfc/u_mig_ddr4_phy/inst/u_ddr4_phy_pll/diff_input_clk.u_ibufg_sys_clk/OUT
    AR20                 IBUFCTRL (Prop_IBUFCTRL_HPIOB_M_I_O)
                                                      0.000    12.544 r  d_1_i/ddr4/ddr4_0/inst/u_ddr4_mem_intfc/u_mig_ddr4_phy/inst/u_ddr4_phy_pll/diff_input_clk.u_ibufg_sys_clk/IBUFCTRL_INST/O
                         net (fo=2, routed)           0.349    12.893    d_1_i/ddr4/ddr4_0/inst/u_ddr4_infrastructure/mmcm_clk_in
    MMCM_X0Y1            MMCME4_ADV (Prop_MMCM_CLKIN1_CLKOUT5)
                                                      0.630    13.523 r  d_1_i/ddr4/ddr4_0/inst/u_ddr4_infrastructure/gen_mmcme4.u_mmcme_adv_inst/CLKOUT5
                         net (fo=1, routed)           0.207    13.730    d_1_i/ddr4/ddr4_0/inst/u_ddr4_infrastructure/mmcm_clkout5
    BUFGCE_X0Y43         BUFGCE (Prop_BUFCE_BUFGCE_I_O)
                                                      0.024    13.754 r  d_1_i/ddr4/ddr4_0/inst/u_ddr4_infrastructure/u_bufg_dbg_clk/O
    X4Y1 (CLOCK_ROOT)    net (fo=568, routed)         1.057    14.810    d_1_i/ddr4/ddr4_0/inst/u_ddr4_mem_intfc/u_ddr_cal_top/u_ddr_cal/U_XSDB_SLAVE/sl_iport_i[1]
    SLICE_X96Y50         FDRE                                         r  d_1_i/ddr4/ddr4_0/inst/u_ddr4_mem_intfc/u_ddr_cal_top/u_ddr_cal/U_XSDB_SLAVE/reg_do_reg[13]/C
                         clock pessimism             -0.528    14.283    
                         clock uncertainty           -0.076    14.207    
    SLICE_X96Y50         FDRE (Setup_DFF_SLICEM_C_D)
                                                      0.025    14.232    d_1_i/ddr4/ddr4_0/inst/u_ddr4_mem_intfc/u_ddr_cal_top/u_ddr_cal/U_XSDB_SLAVE/reg_do_reg[13]
  -------------------------------------------------------------------
                         required time                         14.232    
                         arrival time                          -6.030    
  -------------------------------------------------------------------
                         slack                                  8.203    





Min Delay Paths
--------------------------------------------------------------------------------------
Slack (MET) :             0.021ns  (arrival time - required time)
  Source:                 d_1_i/ddr4/ddr4_0/inst/u_ddr4_mem_intfc/u_ddr_cal_top/u_ddr_cal/U_XSDB_SLAVE/G_1PIPE_IFACE.s_do_r_reg[10]/C
                            (rising edge-triggered cell FDRE clocked by mmcm_clkout5  {rise@0.000ns fall@6.001ns period=12.002ns})
  Destination:            dbg_hub/inst/BSCANID.u_xsdbm_id/CORE_XSDB.UUT_MASTER/U_XSDB_BUS_MSTR2SL_PORT_IFACE/MA_RD_DIN_O_reg[10]/D
                            (rising edge-triggered cell FDRE clocked by mmcm_clkout5  {rise@0.000ns fall@6.001ns period=12.002ns})
  Path Group:             mmcm_clkout5
  Path Type:              Hold (Min at Slow Process Corner)
  Requirement:            0.000ns  (mmcm_clkout5 rise@0.000ns - mmcm_clkout5 rise@0.000ns)
  Data Path Delay:        0.230ns  (logic 0.058ns (25.217%)  route 0.172ns (74.783%))
  Logic Levels:           0  
  Clock Path Skew:        0.149ns (DCD - SCD - CPR)
    Destination Clock Delay (DCD):    2.483ns
    Source Clock Delay      (SCD):    2.804ns
    Clock Pessimism Removal (CPR):    -0.470ns
  Clock Net Delay (Source):      1.053ns (routing 0.155ns, distribution 0.898ns)
  Clock Net Delay (Destination): 1.275ns (routing 0.171ns, distribution 1.104ns)

    Location             Delay type                Incr(ns)  Path(ns)    Netlist Resource(s)
  -------------------------------------------------------------------    -------------------
                         (clock mmcm_clkout5 rise edge)
                                                      0.000     0.000 r  
    AR20                                              0.000     0.000 r  default_sysclk_c0_300mhz_clk_p (IN)
                         net (fo=0)                   0.079     0.079    d_1_i/ddr4/ddr4_0/inst/u_ddr4_mem_intfc/u_mig_ddr4_phy/inst/u_ddr4_phy_pll/diff_input_clk.u_ibufg_sys_clk/I
    HPIOBDIFFINBUF_X0Y35 DIFFINBUF (Prop_DIFFINBUF_HPIOBDIFFINBUF_DIFF_IN_P_O)
                                                      0.422     0.501 r  d_1_i/ddr4/ddr4_0/inst/u_ddr4_mem_intfc/u_mig_ddr4_phy/inst/u_ddr4_phy_pll/diff_input_clk.u_ibufg_sys_clk/DIFFINBUF_INST/O
                         net (fo=1, routed)           0.040     0.541    d_1_i/ddr4/ddr4_0/inst/u_ddr4_mem_intfc/u_mig_ddr4_phy/inst/u_ddr4_phy_pll/diff_input_clk.u_ibufg_sys_clk/OUT
    AR20                 IBUFCTRL (Prop_IBUFCTRL_HPIOB_M_I_O)
                                                      0.000     0.541 r  d_1_i/ddr4/ddr4_0/inst/u_ddr4_mem_intfc/u_mig_ddr4_phy/inst/u_ddr4_phy_pll/diff_input_clk.u_ibufg_sys_clk/IBUFCTRL_INST/O
                         net (fo=2, routed)           0.349     0.890    d_1_i/ddr4/ddr4_0/inst/u_ddr4_infrastructure/mmcm_clk_in
    MMCM_X0Y1            MMCME4_ADV (Prop_MMCM_CLKIN1_CLKOUT5)
                                                      0.630     1.520 r  d_1_i/ddr4/ddr4_0/inst/u_ddr4_infrastructure/gen_mmcme4.u_mmcme_adv_inst/CLKOUT5
                         net (fo=1, routed)           0.207     1.727    d_1_i/ddr4/ddr4_0/inst/u_ddr4_infrastructure/mmcm_clkout5
    BUFGCE_X0Y43         BUFGCE (Prop_BUFCE_BUFGCE_I_O)
                                                      0.024     1.751 r  d_1_i/ddr4/ddr4_0/inst/u_ddr4_infrastructure/u_bufg_dbg_clk/O
    X4Y1 (CLOCK_ROOT)    net (fo=568, routed)         1.053     2.804    d_1_i/ddr4/ddr4_0/inst/u_ddr4_mem_intfc/u_ddr_cal_top/u_ddr_cal/U_XSDB_SLAVE/sl_iport_i[1]
    SLICE_X96Y57         FDRE                                         r  d_1_i/ddr4/ddr4_0/inst/u_ddr4_mem_intfc/u_ddr_cal_top/u_ddr_cal/U_XSDB_SLAVE/G_1PIPE_IFACE.s_do_r_reg[10]/C
  -------------------------------------------------------------------    -------------------
    SLICE_X96Y57         FDRE (Prop_HFF_SLICEM_C_Q)
                                                      0.058     2.862 r  d_1_i/ddr4/ddr4_0/inst/u_ddr4_mem_intfc/u_ddr_cal_top/u_ddr_cal/U_XSDB_SLAVE/G_1PIPE_IFACE.s_do_r_reg[10]/Q
                         net (fo=1, routed)           0.172     3.034    dbg_hub/inst/BSCANID.u_xsdbm_id/CORE_XSDB.UUT_MASTER/U_XSDB_BUS_MSTR2SL_PORT_IFACE/rd_din_mux[10]
    SLICE_X100Y57        FDRE                                         r  dbg_hub/inst/BSCANID.u_xsdbm_id/CORE_XSDB.UUT_MASTER/U_XSDB_BUS_MSTR2SL_PORT_IFACE/MA_RD_DIN_O_reg[10]/D
  -------------------------------------------------------------------    -------------------

                         (clock mmcm_clkout5 rise edge)
                                                      0.000     0.000 r  
    AR20                                              0.000     0.000 r  default_sysclk_c0_300mhz_clk_p (IN)
                         net (fo=0)                   0.100     0.100    d_1_i/ddr4/ddr4_0/inst/u_ddr4_mem_intfc/u_mig_ddr4_phy/inst/u_ddr4_phy_pll/diff_input_clk.u_ibufg_sys_clk/I
    HPIOBDIFFINBUF_X0Y35 DIFFINBUF (Prop_DIFFINBUF_HPIOBDIFFINBUF_DIFF_IN_P_O)
                                                      0.519     0.619 r  d_1_i/ddr4/ddr4_0/inst/u_ddr4_mem_intfc/u_mig_ddr4_phy/inst/u_ddr4_phy_pll/diff_input_clk.u_ibufg_sys_clk/DIFFINBUF_INST/O
                         net (fo=1, routed)           0.050     0.669    d_1_i/ddr4/ddr4_0/inst/u_ddr4_mem_intfc/u_mig_ddr4_phy/inst/u_ddr4_phy_pll/diff_input_clk.u_ibufg_sys_clk/OUT
    AR20                 IBUFCTRL (Prop_IBUFCTRL_HPIOB_M_I_O)
                                                      0.000     0.669 r  d_1_i/ddr4/ddr4_0/inst/u_ddr4_mem_intfc/u_mig_ddr4_phy/inst/u_ddr4_phy_pll/diff_input_clk.u_ibufg_sys_clk/IBUFCTRL_INST/O
                         net (fo=2, routed)           0.402     1.071    d_1_i/ddr4/ddr4_0/inst/u_ddr4_infrastructure/mmcm_clk_in
    MMCM_X0Y1            MMCME4_ADV (Prop_MMCM_CLKIN1_CLKOUT5)
                                                     -0.127     0.944 r  d_1_i/ddr4/ddr4_0/inst/u_ddr4_infrastructure/gen_mmcme4.u_mmcme_adv_inst/CLKOUT5
                         net (fo=1, routed)           0.236     1.180    d_1_i/ddr4/ddr4_0/inst/u_ddr4_infrastructure/mmcm_clkout5
    BUFGCE_X0Y43         BUFGCE (Prop_BUFCE_BUFGCE_I_O)
                                                      0.028     1.208 r  d_1_i/ddr4/ddr4_0/inst/u_ddr4_infrastructure/u_bufg_dbg_clk/O
    X4Y1 (CLOCK_ROOT)    net (fo=568, routed)         1.275     2.483    dbg_hub/inst/BSCANID.u_xsdbm_id/CORE_XSDB.UUT_MASTER/U_XSDB_BUS_MSTR2SL_PORT_IFACE/clk
    SLICE_X100Y57        FDRE                                         r  dbg_hub/inst/BSCANID.u_xsdbm_id/CORE_XSDB.UUT_MASTER/U_XSDB_BUS_MSTR2SL_PORT_IFACE/MA_RD_DIN_O_reg[10]/C
                         clock pessimism              0.470     2.953    
    SLICE_X100Y57        FDRE (Hold_EFF_SLICEL_C_D)
                                                      0.060     3.013    dbg_hub/inst/BSCANID.u_xsdbm_id/CORE_XSDB.UUT_MASTER/U_XSDB_BUS_MSTR2SL_PORT_IFACE/MA_RD_DIN_O_reg[10]
  -------------------------------------------------------------------
                         required time                         -3.013    
                         arrival time                           3.034    
  -------------------------------------------------------------------
                         slack                                  0.021    





Pulse Width Checks
--------------------------------------------------------------------------------------
Clock Name:         mmcm_clkout5
Waveform(ns):       { 0.000 6.001 }
Period(ns):         12.002
Sources:            { d_1_i/ddr4/ddr4_0/inst/u_ddr4_infrastructure/gen_mmcme4.u_mmcme_adv_inst/CLKOUT5 }

Check Type        Corner  Lib Pin     Reference Pin  Required(ns)  Actual(ns)  Slack(ns)  Location       Pin
Min Period        n/a     BUFGCE/I    n/a            1.290         12.002      10.712     BUFGCE_X0Y43   d_1_i/ddr4/ddr4_0/inst/u_ddr4_infrastructure/u_bufg_dbg_clk/I
Low Pulse Width   Slow    RAMD32/CLK  n/a            0.532         6.001       5.469      SLICE_X103Y57  dbg_hub/inst/BSCANID.u_xsdbm_id/CORE_XSDB.UUT_MASTER/U_ICON_INTERFACE/U_CMD6_RD/U_RD_FIFO/SUBCORE_FIFO.xsdbm_v3_0_0_rdfifo_inst/inst_fifo_gen/gconvfifo.rf/grf.rf/gntv_or_sync_fifo.mem/gdm.dm_gen.dm/RAM_reg_0_15_0_13/RAMA/CLK
High Pulse Width  Slow    RAMD32/CLK  n/a            0.532         6.001       5.469      SLICE_X103Y57  dbg_hub/inst/BSCANID.u_xsdbm_id/CORE_XSDB.UUT_MASTER/U_ICON_INTERFACE/U_CMD6_RD/U_RD_FIFO/SUBCORE_FIFO.xsdbm_v3_0_0_rdfifo_inst/inst_fifo_gen/gconvfifo.rf/grf.rf/gntv_or_sync_fifo.mem/gdm.dm_gen.dm/RAM_reg_0_15_0_13/RAMA/CLK



---------------------------------------------------------------------------------------------------
From Clock:  mmcm_clkout6
  To Clock:  mmcm_clkout6

Setup :            0  Failing Endpoints,  Worst Slack        1.524ns,  Total Violation        0.000ns
Hold  :            0  Failing Endpoints,  Worst Slack        0.018ns,  Total Violation        0.000ns
PW    :            0  Failing Endpoints,  Worst Slack        1.017ns,  Total Violation        0.000ns
---------------------------------------------------------------------------------------------------


Max Delay Paths
--------------------------------------------------------------------------------------
Slack (MET) :             1.524ns  (required time - arrival time)
  Source:                 d_1_i/ddr4/ddr4_0/inst/u_ddr4_mem_intfc/u_ddr_cal_riu/mcs0/inst/microblaze_I/U0/MicroBlaze_Core_I/Performance.Core/Data_Flow_I/Operand_Select_I/EX_Op2_reg[29]/C
                            (rising edge-triggered cell FDRE clocked by mmcm_clkout6  {rise@0.000ns fall@3.001ns period=6.001ns})
  Destination:            d_1_i/ddr4/ddr4_0/inst/u_ddr4_mem_intfc/u_ddr_cal_riu/mcs0/inst/lmb_bram_I/U0/inst_blk_mem_gen/gnbram.gnative_mem_map_bmg.native_mem_map_blk_mem_gen/valid.cstr/ramloop[7].ram.r/prim_noinit.ram/DEVICE_8SERIES.WITH_BMM_INFO.TRUE_DP.SIMPLE_PRIM36.SERIES8_TDP_SP36_NO_ECC_ATTR.ram/ADDRBWRADDR[6]
                            (rising edge-triggered cell RAMB36E2 clocked by mmcm_clkout6  {rise@0.000ns fall@3.001ns period=6.001ns})
  Path Group:             mmcm_clkout6
  Path Type:              Setup (Max at Slow Process Corner)
  Requirement:            6.001ns  (mmcm_clkout6 rise@6.001ns - mmcm_clkout6 rise@0.000ns)
  Data Path Delay:        4.075ns  (logic 0.562ns (13.791%)  route 3.513ns (86.209%))
  Logic Levels:           4  (CARRY8=2 LUT3=1 LUT6=1)
  Clock Path Skew:        -0.047ns (DCD - SCD + CPR)
    Destination Clock Delay (DCD):    3.077ns = ( 9.078 - 6.001 ) 
    Source Clock Delay      (SCD):    2.679ns
    Clock Pessimism Removal (CPR):    -0.445ns
  Clock Uncertainty:      0.068ns  ((TSJ^2 + DJ^2)^1/2) / 2 + PE
    Total System Jitter     (TSJ):    0.071ns
    Discrete Jitter          (DJ):    0.117ns
    Phase Error              (PE):    0.000ns
  Clock Net Delay (Source):      1.445ns (routing 0.415ns, distribution 1.030ns)
  Clock Net Delay (Destination): 1.306ns (routing 0.379ns, distribution 0.927ns)

    Location             Delay type                Incr(ns)  Path(ns)    Netlist Resource(s)
  -------------------------------------------------------------------    -------------------
                         (clock mmcm_clkout6 rise edge)
                                                      0.000     0.000 r  
    AR20                                              0.000     0.000 r  default_sysclk_c0_300mhz_clk_p (IN)
                         net (fo=0)                   0.100     0.100    d_1_i/ddr4/ddr4_0/inst/u_ddr4_mem_intfc/u_mig_ddr4_phy/inst/u_ddr4_phy_pll/diff_input_clk.u_ibufg_sys_clk/I
    HPIOBDIFFINBUF_X0Y35 DIFFINBUF (Prop_DIFFINBUF_HPIOBDIFFINBUF_DIFF_IN_P_O)
                                                      0.519     0.619 r  d_1_i/ddr4/ddr4_0/inst/u_ddr4_mem_intfc/u_mig_ddr4_phy/inst/u_ddr4_phy_pll/diff_input_clk.u_ibufg_sys_clk/DIFFINBUF_INST/O
                         net (fo=1, routed)           0.050     0.669    d_1_i/ddr4/ddr4_0/inst/u_ddr4_mem_intfc/u_mig_ddr4_phy/inst/u_ddr4_phy_pll/diff_input_clk.u_ibufg_sys_clk/OUT
    AR20                 IBUFCTRL (Prop_IBUFCTRL_HPIOB_M_I_O)
                                                      0.000     0.669 r  d_1_i/ddr4/ddr4_0/inst/u_ddr4_mem_intfc/u_mig_ddr4_phy/inst/u_ddr4_phy_pll/diff_input_clk.u_ibufg_sys_clk/IBUFCTRL_INST/O
                         net (fo=2, routed)           0.402     1.071    d_1_i/ddr4/ddr4_0/inst/u_ddr4_infrastructure/mmcm_clk_in
    MMCM_X0Y1            MMCME4_ADV (Prop_MMCM_CLKIN1_CLKOUT6)
                                                     -0.127     0.944 r  d_1_i/ddr4/ddr4_0/inst/u_ddr4_infrastructure/gen_mmcme4.u_mmcme_adv_inst/CLKOUT6
                         net (fo=1, routed)           0.262     1.206    d_1_i/ddr4/ddr4_0/inst/u_ddr4_infrastructure/mmcm_clkout6
    BUFGCE_X0Y42         BUFGCE (Prop_BUFCE_BUFGCE_I_O)
                                                      0.028     1.234 r  d_1_i/ddr4/ddr4_0/inst/u_ddr4_infrastructure/u_bufg_riuClk/O
    X4Y1 (CLOCK_ROOT)    net (fo=1657, routed)        1.445     2.679    d_1_i/ddr4/ddr4_0/inst/u_ddr4_mem_intfc/u_ddr_cal_riu/mcs0/inst/microblaze_I/U0/MicroBlaze_Core_I/Performance.Core/Data_Flow_I/Operand_Select_I/Clk
    SLICE_X87Y2          FDRE                                         r  d_1_i/ddr4/ddr4_0/inst/u_ddr4_mem_intfc/u_ddr_cal_riu/mcs0/inst/microblaze_I/U0/MicroBlaze_Core_I/Performance.Core/Data_Flow_I/Operand_Select_I/EX_Op2_reg[29]/C
  -------------------------------------------------------------------    -------------------
    SLICE_X87Y2          FDRE (Prop_FFF_SLICEM_C_Q)
                                                      0.076     2.755 r  d_1_i/ddr4/ddr4_0/inst/u_ddr4_mem_intfc/u_ddr_cal_riu/mcs0/inst/microblaze_I/U0/MicroBlaze_Core_I/Performance.Core/Data_Flow_I/Operand_Select_I/EX_Op2_reg[29]/Q
                         net (fo=57, routed)          0.912     3.667    d_1_i/ddr4/ddr4_0/inst/u_ddr4_mem_intfc/u_ddr_cal_riu/mcs0/inst/microblaze_I/U0/MicroBlaze_Core_I/Performance.Core/Data_Flow_I/ALU_I/Using_FPGA.ALL_Bits[29].ALU_Bit_I1/Not_Last_Bit.I_ALU_LUT_V5/Using_FPGA.Native/I0
    SLICE_X92Y8          LUT6 (Prop_D6LUT_SLICEL_I0_O)
                                                      0.146     3.813 r  d_1_i/ddr4/ddr4_0/inst/u_ddr4_mem_intfc/u_ddr_cal_riu/mcs0/inst/microblaze_I/U0/MicroBlaze_Core_I/Performance.Core/Data_Flow_I/ALU_I/Using_FPGA.ALL_Bits[29].ALU_Bit_I1/Not_Last_Bit.I_ALU_LUT_V5/Using_FPGA.Native/LUT6/O
                         net (fo=1, routed)           0.009     3.822    d_1_i/ddr4/ddr4_0/inst/u_ddr4_mem_intfc/u_ddr_cal_riu/mcs0/inst/microblaze_I/U0/MicroBlaze_Core_I/Performance.Core/Data_Flow_I/ALU_I/Use_Carry_Decoding.CarryIn_MUXCY/lopt_9
    SLICE_X92Y8          CARRY8 (Prop_CARRY8_SLICEL_S[3]_CO[7])
                                                      0.154     3.976 r  d_1_i/ddr4/ddr4_0/inst/u_ddr4_mem_intfc/u_ddr_cal_riu/mcs0/inst/microblaze_I/U0/MicroBlaze_Core_I/Performance.Core/Data_Flow_I/ALU_I/Use_Carry_Decoding.CarryIn_MUXCY/Using_FPGA.Native_CARRY4_CARRY8/CO[7]
                         net (fo=1, routed)           0.026     4.002    d_1_i/ddr4/ddr4_0/inst/u_ddr4_mem_intfc/u_ddr_cal_riu/mcs0/inst/microblaze_I/U0/MicroBlaze_Core_I/Performance.Core/Data_Flow_I/ALU_I/Using_FPGA.ALL_Bits[24].ALU_Bit_I1/Not_Last_Bit.MUXCY_XOR_I/LO
    SLICE_X92Y9          CARRY8 (Prop_CARRY8_SLICEL_CI_O[0])
                                                      0.063     4.065 r  d_1_i/ddr4/ddr4_0/inst/u_ddr4_mem_intfc/u_ddr_cal_riu/mcs0/inst/microblaze_I/U0/MicroBlaze_Core_I/Performance.Core/Data_Flow_I/ALU_I/Using_FPGA.ALL_Bits[24].ALU_Bit_I1/Not_Last_Bit.MUXCY_XOR_I/Using_FPGA.Native_I1_CARRY4_CARRY8/O[0]
                         net (fo=27, routed)          0.912     4.976    d_1_i/ddr4/ddr4_0/inst/u_ddr4_mem_intfc/u_ddr_cal_riu/mcs0/inst/microblaze_I/U0/MicroBlaze_Core_I/Performance.Core/Decode_I/jump_logic_I1/MUXCY_JUMP_CARRY6/Data_Addr[5]
    SLICE_X83Y8          LUT3 (Prop_G6LUT_SLICEM_I0_O)
                                                      0.123     5.099 r  d_1_i/ddr4/ddr4_0/inst/u_ddr4_mem_intfc/u_ddr_cal_riu/mcs0/inst/microblaze_I/U0/MicroBlaze_Core_I/Performance.Core/Decode_I/jump_logic_I1/MUXCY_JUMP_CARRY6/Instr_Addr[24]_INST_0/O
                         net (fo=25, routed)          1.654     6.754    d_1_i/ddr4/ddr4_0/inst/u_ddr4_mem_intfc/u_ddr_cal_riu/mcs0/inst/lmb_bram_I/U0/inst_blk_mem_gen/gnbram.gnative_mem_map_bmg.native_mem_map_blk_mem_gen/valid.cstr/ramloop[7].ram.r/prim_noinit.ram/addrb[5]
    RAMB36_X8Y11         RAMB36E2                                     r  d_1_i/ddr4/ddr4_0/inst/u_ddr4_mem_intfc/u_ddr_cal_riu/mcs0/inst/lmb_bram_I/U0/inst_blk_mem_gen/gnbram.gnative_mem_map_bmg.native_mem_map_blk_mem_gen/valid.cstr/ramloop[7].ram.r/prim_noinit.ram/DEVICE_8SERIES.WITH_BMM_INFO.TRUE_DP.SIMPLE_PRIM36.SERIES8_TDP_SP36_NO_ECC_ATTR.ram/ADDRBWRADDR[6]
  -------------------------------------------------------------------    -------------------

                         (clock mmcm_clkout6 rise edge)
                                                      6.001     6.001 r  
    AR20                                              0.000     6.001 r  default_sysclk_c0_300mhz_clk_p (IN)
                         net (fo=0)                   0.079     6.080    d_1_i/ddr4/ddr4_0/inst/u_ddr4_mem_intfc/u_mig_ddr4_phy/inst/u_ddr4_phy_pll/diff_input_clk.u_ibufg_sys_clk/I
    HPIOBDIFFINBUF_X0Y35 DIFFINBUF (Prop_DIFFINBUF_HPIOBDIFFINBUF_DIFF_IN_P_O)
                                                      0.422     6.503 r  d_1_i/ddr4/ddr4_0/inst/u_ddr4_mem_intfc/u_mig_ddr4_phy/inst/u_ddr4_phy_pll/diff_input_clk.u_ibufg_sys_clk/DIFFINBUF_INST/O
                         net (fo=1, routed)           0.040     6.543    d_1_i/ddr4/ddr4_0/inst/u_ddr4_mem_intfc/u_mig_ddr4_phy/inst/u_ddr4_phy_pll/diff_input_clk.u_ibufg_sys_clk/OUT
    AR20                 IBUFCTRL (Prop_IBUFCTRL_HPIOB_M_I_O)
                                                      0.000     6.543 r  d_1_i/ddr4/ddr4_0/inst/u_ddr4_mem_intfc/u_mig_ddr4_phy/inst/u_ddr4_phy_pll/diff_input_clk.u_ibufg_sys_clk/IBUFCTRL_INST/O
                         net (fo=2, routed)           0.349     6.892    d_1_i/ddr4/ddr4_0/inst/u_ddr4_infrastructure/mmcm_clk_in
    MMCM_X0Y1            MMCME4_ADV (Prop_MMCM_CLKIN1_CLKOUT6)
                                                      0.630     7.522 r  d_1_i/ddr4/ddr4_0/inst/u_ddr4_infrastructure/gen_mmcme4.u_mmcme_adv_inst/CLKOUT6
                         net (fo=1, routed)           0.227     7.749    d_1_i/ddr4/ddr4_0/inst/u_ddr4_infrastructure/mmcm_clkout6
    BUFGCE_X0Y42         BUFGCE (Prop_BUFCE_BUFGCE_I_O)
                                                      0.024     7.773 r  d_1_i/ddr4/ddr4_0/inst/u_ddr4_infrastructure/u_bufg_riuClk/O
    X4Y1 (CLOCK_ROOT)    net (fo=1657, routed)        1.306     9.078    d_1_i/ddr4/ddr4_0/inst/u_ddr4_mem_intfc/u_ddr_cal_riu/mcs0/inst/lmb_bram_I/U0/inst_blk_mem_gen/gnbram.gnative_mem_map_bmg.native_mem_map_blk_mem_gen/valid.cstr/ramloop[7].ram.r/prim_noinit.ram/clkb
    RAMB36_X8Y11         RAMB36E2                                     r  d_1_i/ddr4/ddr4_0/inst/u_ddr4_mem_intfc/u_ddr_cal_riu/mcs0/inst/lmb_bram_I/U0/inst_blk_mem_gen/gnbram.gnative_mem_map_bmg.native_mem_map_blk_mem_gen/valid.cstr/ramloop[7].ram.r/prim_noinit.ram/DEVICE_8SERIES.WITH_BMM_INFO.TRUE_DP.SIMPLE_PRIM36.SERIES8_TDP_SP36_NO_ECC_ATTR.ram/CLKBWRCLK
                         clock pessimism             -0.445     8.633    
                         clock uncertainty           -0.068     8.565    
    RAMB36_X8Y11         RAMB36E2 (Setup_RAMB36E2_RAMB36_CLKBWRCLK_ADDRBWRADDR[6])
                                                     -0.287     8.278    d_1_i/ddr4/ddr4_0/inst/u_ddr4_mem_intfc/u_ddr_cal_riu/mcs0/inst/lmb_bram_I/U0/inst_blk_mem_gen/gnbram.gnative_mem_map_bmg.native_mem_map_blk_mem_gen/valid.cstr/ramloop[7].ram.r/prim_noinit.ram/DEVICE_8SERIES.WITH_BMM_INFO.TRUE_DP.SIMPLE_PRIM36.SERIES8_TDP_SP36_NO_ECC_ATTR.ram
  -------------------------------------------------------------------
                         required time                          8.278    
                         arrival time                          -6.754    
  -------------------------------------------------------------------
                         slack                                  1.524    





Min Delay Paths
--------------------------------------------------------------------------------------
Slack (MET) :             0.018ns  (arrival time - required time)
  Source:                 d_1_i/ddr4/ddr4_0/inst/u_ddr4_mem_intfc/u_ddr_cal_riu/mcs0/inst/iomodule_0/U0/Using_IO_Bus.IO_Write_Data_reg[30]/C
                            (rising edge-triggered cell FDRE clocked by mmcm_clkout6  {rise@0.000ns fall@3.001ns period=6.001ns})
  Destination:            d_1_i/ddr4/ddr4_0/inst/u_ddr4_mem_intfc/u_ddr_cal_riu/io_write_data_riuclk_reg[30]/D
                            (rising edge-triggered cell FDRE clocked by mmcm_clkout6  {rise@0.000ns fall@3.001ns period=6.001ns})
  Path Group:             mmcm_clkout6
  Path Type:              Hold (Min at Slow Process Corner)
  Requirement:            0.000ns  (mmcm_clkout6 rise@0.000ns - mmcm_clkout6 rise@0.000ns)
  Data Path Delay:        0.135ns  (logic 0.059ns (43.704%)  route 0.076ns (56.296%))
  Logic Levels:           0  
  Clock Path Skew:        0.057ns (DCD - SCD - CPR)
    Destination Clock Delay (DCD):    2.662ns
    Source Clock Delay      (SCD):    3.005ns
    Clock Pessimism Removal (CPR):    -0.401ns
  Clock Net Delay (Source):      1.234ns (routing 0.379ns, distribution 0.855ns)
  Clock Net Delay (Destination): 1.428ns (routing 0.415ns, distribution 1.013ns)

    Location             Delay type                Incr(ns)  Path(ns)    Netlist Resource(s)
  -------------------------------------------------------------------    -------------------
                         (clock mmcm_clkout6 rise edge)
                                                      0.000     0.000 r  
    AR20                                              0.000     0.000 r  default_sysclk_c0_300mhz_clk_p (IN)
                         net (fo=0)                   0.079     0.079    d_1_i/ddr4/ddr4_0/inst/u_ddr4_mem_intfc/u_mig_ddr4_phy/inst/u_ddr4_phy_pll/diff_input_clk.u_ibufg_sys_clk/I
    HPIOBDIFFINBUF_X0Y35 DIFFINBUF (Prop_DIFFINBUF_HPIOBDIFFINBUF_DIFF_IN_P_O)
                                                      0.422     0.501 r  d_1_i/ddr4/ddr4_0/inst/u_ddr4_mem_intfc/u_mig_ddr4_phy/inst/u_ddr4_phy_pll/diff_input_clk.u_ibufg_sys_clk/DIFFINBUF_INST/O
                         net (fo=1, routed)           0.040     0.541    d_1_i/ddr4/ddr4_0/inst/u_ddr4_mem_intfc/u_mig_ddr4_phy/inst/u_ddr4_phy_pll/diff_input_clk.u_ibufg_sys_clk/OUT
    AR20                 IBUFCTRL (Prop_IBUFCTRL_HPIOB_M_I_O)
                                                      0.000     0.541 r  d_1_i/ddr4/ddr4_0/inst/u_ddr4_mem_intfc/u_mig_ddr4_phy/inst/u_ddr4_phy_pll/diff_input_clk.u_ibufg_sys_clk/IBUFCTRL_INST/O
                         net (fo=2, routed)           0.349     0.890    d_1_i/ddr4/ddr4_0/inst/u_ddr4_infrastructure/mmcm_clk_in
    MMCM_X0Y1            MMCME4_ADV (Prop_MMCM_CLKIN1_CLKOUT6)
                                                      0.630     1.520 r  d_1_i/ddr4/ddr4_0/inst/u_ddr4_infrastructure/gen_mmcme4.u_mmcme_adv_inst/CLKOUT6
                         net (fo=1, routed)           0.227     1.747    d_1_i/ddr4/ddr4_0/inst/u_ddr4_infrastructure/mmcm_clkout6
    BUFGCE_X0Y42         BUFGCE (Prop_BUFCE_BUFGCE_I_O)
                                                      0.024     1.771 r  d_1_i/ddr4/ddr4_0/inst/u_ddr4_infrastructure/u_bufg_riuClk/O
    X4Y1 (CLOCK_ROOT)    net (fo=1657, routed)        1.234     3.005    d_1_i/ddr4/ddr4_0/inst/u_ddr4_mem_intfc/u_ddr_cal_riu/mcs0/inst/iomodule_0/U0/Clk
    SLICE_X92Y32         FDRE                                         r  d_1_i/ddr4/ddr4_0/inst/u_ddr4_mem_intfc/u_ddr_cal_riu/mcs0/inst/iomodule_0/U0/Using_IO_Bus.IO_Write_Data_reg[30]/C
  -------------------------------------------------------------------    -------------------
    SLICE_X92Y32         FDRE (Prop_BFF_SLICEL_C_Q)
                                                      0.059     3.064 r  d_1_i/ddr4/ddr4_0/inst/u_ddr4_mem_intfc/u_ddr_cal_riu/mcs0/inst/iomodule_0/U0/Using_IO_Bus.IO_Write_Data_reg[30]/Q
                         net (fo=1, routed)           0.076     3.140    d_1_i/ddr4/ddr4_0/inst/u_ddr4_mem_intfc/u_ddr_cal_riu/io_write_data_ub[30]
    SLICE_X92Y31         FDRE                                         r  d_1_i/ddr4/ddr4_0/inst/u_ddr4_mem_intfc/u_ddr_cal_riu/io_write_data_riuclk_reg[30]/D
  -------------------------------------------------------------------    -------------------

                         (clock mmcm_clkout6 rise edge)
                                                      0.000     0.000 r  
    AR20                                              0.000     0.000 r  default_sysclk_c0_300mhz_clk_p (IN)
                         net (fo=0)                   0.100     0.100    d_1_i/ddr4/ddr4_0/inst/u_ddr4_mem_intfc/u_mig_ddr4_phy/inst/u_ddr4_phy_pll/diff_input_clk.u_ibufg_sys_clk/I
    HPIOBDIFFINBUF_X0Y35 DIFFINBUF (Prop_DIFFINBUF_HPIOBDIFFINBUF_DIFF_IN_P_O)
                                                      0.519     0.619 r  d_1_i/ddr4/ddr4_0/inst/u_ddr4_mem_intfc/u_mig_ddr4_phy/inst/u_ddr4_phy_pll/diff_input_clk.u_ibufg_sys_clk/DIFFINBUF_INST/O
                         net (fo=1, routed)           0.050     0.669    d_1_i/ddr4/ddr4_0/inst/u_ddr4_mem_intfc/u_mig_ddr4_phy/inst/u_ddr4_phy_pll/diff_input_clk.u_ibufg_sys_clk/OUT
    AR20                 IBUFCTRL (Prop_IBUFCTRL_HPIOB_M_I_O)
                                                      0.000     0.669 r  d_1_i/ddr4/ddr4_0/inst/u_ddr4_mem_intfc/u_mig_ddr4_phy/inst/u_ddr4_phy_pll/diff_input_clk.u_ibufg_sys_clk/IBUFCTRL_INST/O
                         net (fo=2, routed)           0.402     1.071    d_1_i/ddr4/ddr4_0/inst/u_ddr4_infrastructure/mmcm_clk_in
    MMCM_X0Y1            MMCME4_ADV (Prop_MMCM_CLKIN1_CLKOUT6)
                                                     -0.127     0.944 r  d_1_i/ddr4/ddr4_0/inst/u_ddr4_infrastructure/gen_mmcme4.u_mmcme_adv_inst/CLKOUT6
                         net (fo=1, routed)           0.262     1.206    d_1_i/ddr4/ddr4_0/inst/u_ddr4_infrastructure/mmcm_clkout6
    BUFGCE_X0Y42         BUFGCE (Prop_BUFCE_BUFGCE_I_O)
                                                      0.028     1.234 r  d_1_i/ddr4/ddr4_0/inst/u_ddr4_infrastructure/u_bufg_riuClk/O
    X4Y1 (CLOCK_ROOT)    net (fo=1657, routed)        1.428     2.662    d_1_i/ddr4/ddr4_0/inst/u_ddr4_mem_intfc/u_ddr_cal_riu/CLK
    SLICE_X92Y31         FDRE                                         r  d_1_i/ddr4/ddr4_0/inst/u_ddr4_mem_intfc/u_ddr_cal_riu/io_write_data_riuclk_reg[30]/C
                         clock pessimism              0.401     3.063    
    SLICE_X92Y31         FDRE (Hold_EFF_SLICEL_C_D)
                                                      0.060     3.123    d_1_i/ddr4/ddr4_0/inst/u_ddr4_mem_intfc/u_ddr_cal_riu/io_write_data_riuclk_reg[30]
  -------------------------------------------------------------------
                         required time                         -3.123    
                         arrival time                           3.140    
  -------------------------------------------------------------------
                         slack                                  0.018    





Pulse Width Checks
--------------------------------------------------------------------------------------
Clock Name:         mmcm_clkout6
Waveform(ns):       { 0.000 3.001 }
Period(ns):         6.001
Sources:            { d_1_i/ddr4/ddr4_0/inst/u_ddr4_infrastructure/gen_mmcme4.u_mmcme_adv_inst/CLKOUT6 }

Check Type        Corner  Lib Pin                   Reference Pin             Required(ns)  Actual(ns)  Slack(ns)  Location               Pin
Min Period        n/a     BITSLICE_CONTROL/RIU_CLK  n/a                       3.846         6.001       2.155      BITSLICE_CONTROL_X0Y0  d_1_i/ddr4/ddr4_0/inst/u_ddr4_mem_intfc/u_mig_ddr4_phy/inst/generate_block1.u_ddr_xiphy/byte_num[0].xiphy_byte_wrapper.u_xiphy_byte_wrapper/I_CONTROL[0].GEN_I_CONTROL.u_xiphy_control/xiphy_control/RIU_CLK
Low Pulse Width   Slow    BITSLICE_CONTROL/RIU_CLK  n/a                       1.731         3.001       1.270      BITSLICE_CONTROL_X0Y0  d_1_i/ddr4/ddr4_0/inst/u_ddr4_mem_intfc/u_mig_ddr4_phy/inst/generate_block1.u_ddr_xiphy/byte_num[0].xiphy_byte_wrapper.u_xiphy_byte_wrapper/I_CONTROL[0].GEN_I_CONTROL.u_xiphy_control/xiphy_control/RIU_CLK
High Pulse Width  Slow    BITSLICE_CONTROL/RIU_CLK  n/a                       1.731         3.001       1.270      BITSLICE_CONTROL_X0Y0  d_1_i/ddr4/ddr4_0/inst/u_ddr4_mem_intfc/u_mig_ddr4_phy/inst/generate_block1.u_ddr_xiphy/byte_num[0].xiphy_byte_wrapper.u_xiphy_byte_wrapper/I_CONTROL[0].GEN_I_CONTROL.u_xiphy_control/xiphy_control/RIU_CLK
Max Skew          Fast    BITSLICE_CONTROL/RIU_CLK  BITSLICE_CONTROL/PLL_CLK  1.818         0.801       1.017      BITSLICE_CONTROL_X0Y0  d_1_i/ddr4/ddr4_0/inst/u_ddr4_mem_intfc/u_mig_ddr4_phy/inst/generate_block1.u_ddr_xiphy/byte_num[0].xiphy_byte_wrapper.u_xiphy_byte_wrapper/I_CONTROL[0].GEN_I_CONTROL.u_xiphy_control/xiphy_control/RIU_CLK



---------------------------------------------------------------------------------------------------
From Clock:  mmcm_clkout5
  To Clock:  dbg_hub/inst/BSCANID.u_xsdbm_id/SWITCH_N_EXT_BSCAN.bscan_inst/SERIES7_BSCAN.bscan_inst/INTERNAL_TCK

Setup :            0  Failing Endpoints,  Worst Slack       11.606ns,  Total Violation        0.000ns
Hold  :           NA  Failing Endpoints,  Worst Slack           NA  ,  Total Violation           NA
---------------------------------------------------------------------------------------------------


Max Delay Paths
--------------------------------------------------------------------------------------
Slack (MET) :             11.606ns  (required time - arrival time)
  Source:                 dbg_hub/inst/BSCANID.u_xsdbm_id/CORE_XSDB.UUT_MASTER/U_ICON_INTERFACE/U_CMD6_WR/U_WR_FIFO/SUBCORE_FIFO.xsdbm_v3_0_0_wrfifo_inst/inst_fifo_gen/gconvfifo.rf/grf.rf/gntv_or_sync_fifo.gcx.clkx/gnxpm_cdc.rd_pntr_gc_reg[2]/C
                            (rising edge-triggered cell FDCE clocked by mmcm_clkout5  {rise@0.000ns fall@6.001ns period=12.002ns})
  Destination:            dbg_hub/inst/BSCANID.u_xsdbm_id/CORE_XSDB.UUT_MASTER/U_ICON_INTERFACE/U_CMD6_WR/U_WR_FIFO/SUBCORE_FIFO.xsdbm_v3_0_0_wrfifo_inst/inst_fifo_gen/gconvfifo.rf/grf.rf/gntv_or_sync_fifo.gcx.clkx/gnxpm_cdc.gsync_stage[1].wr_stg_inst/Q_reg_reg[2]/D
                            (rising edge-triggered cell FDCE clocked by dbg_hub/inst/BSCANID.u_xsdbm_id/SWITCH_N_EXT_BSCAN.bscan_inst/SERIES7_BSCAN.bscan_inst/INTERNAL_TCK  {rise@0.000ns fall@25.000ns period=50.000ns})
  Path Group:             dbg_hub/inst/BSCANID.u_xsdbm_id/SWITCH_N_EXT_BSCAN.bscan_inst/SERIES7_BSCAN.bscan_inst/INTERNAL_TCK
  Path Type:              Setup (Max at Slow Process Corner)
  Requirement:            12.002ns  (MaxDelay Path 12.002ns)
  Data Path Delay:        0.421ns  (logic 0.076ns (18.052%)  route 0.345ns (81.948%))
  Logic Levels:           0  
  Timing Exception:       MaxDelay Path 12.002ns -datapath_only

    Location             Delay type                Incr(ns)  Path(ns)    Netlist Resource(s)
  -------------------------------------------------------------------    -------------------
    SLICE_X97Y54                                      0.000     0.000 r  dbg_hub/inst/BSCANID.u_xsdbm_id/CORE_XSDB.UUT_MASTER/U_ICON_INTERFACE/U_CMD6_WR/U_WR_FIFO/SUBCORE_FIFO.xsdbm_v3_0_0_wrfifo_inst/inst_fifo_gen/gconvfifo.rf/grf.rf/gntv_or_sync_fifo.gcx.clkx/gnxpm_cdc.rd_pntr_gc_reg[2]/C
    SLICE_X97Y54         FDCE (Prop_EFF_SLICEM_C_Q)
                                                      0.076     0.076 r  dbg_hub/inst/BSCANID.u_xsdbm_id/CORE_XSDB.UUT_MASTER/U_ICON_INTERFACE/U_CMD6_WR/U_WR_FIFO/SUBCORE_FIFO.xsdbm_v3_0_0_wrfifo_inst/inst_fifo_gen/gconvfifo.rf/grf.rf/gntv_or_sync_fifo.gcx.clkx/gnxpm_cdc.rd_pntr_gc_reg[2]/Q
                         net (fo=1, routed)           0.345     0.421    dbg_hub/inst/BSCANID.u_xsdbm_id/CORE_XSDB.UUT_MASTER/U_ICON_INTERFACE/U_CMD6_WR/U_WR_FIFO/SUBCORE_FIFO.xsdbm_v3_0_0_wrfifo_inst/inst_fifo_gen/gconvfifo.rf/grf.rf/gntv_or_sync_fifo.gcx.clkx/gnxpm_cdc.gsync_stage[1].wr_stg_inst/Q[2]
    SLICE_X97Y52         FDCE                                         r  dbg_hub/inst/BSCANID.u_xsdbm_id/CORE_XSDB.UUT_MASTER/U_ICON_INTERFACE/U_CMD6_WR/U_WR_FIFO/SUBCORE_FIFO.xsdbm_v3_0_0_wrfifo_inst/inst_fifo_gen/gconvfifo.rf/grf.rf/gntv_or_sync_fifo.gcx.clkx/gnxpm_cdc.gsync_stage[1].wr_stg_inst/Q_reg_reg[2]/D
  -------------------------------------------------------------------    -------------------

                         max delay                   12.002    12.002    
    SLICE_X97Y52         FDCE (Setup_DFF2_SLICEM_C_D)
                                                      0.025    12.027    dbg_hub/inst/BSCANID.u_xsdbm_id/CORE_XSDB.UUT_MASTER/U_ICON_INTERFACE/U_CMD6_WR/U_WR_FIFO/SUBCORE_FIFO.xsdbm_v3_0_0_wrfifo_inst/inst_fifo_gen/gconvfifo.rf/grf.rf/gntv_or_sync_fifo.gcx.clkx/gnxpm_cdc.gsync_stage[1].wr_stg_inst/Q_reg_reg[2]
  -------------------------------------------------------------------
                         required time                         12.027    
                         arrival time                          -0.421    
  -------------------------------------------------------------------
                         slack                                 11.606    





---------------------------------------------------------------------------------------------------
From Clock:  mmcm_clkout5
  To Clock:  mmcm_clkout0

Setup :            0  Failing Endpoints,  Worst Slack        2.174ns,  Total Violation        0.000ns
Hold  :           NA  Failing Endpoints,  Worst Slack           NA  ,  Total Violation           NA
---------------------------------------------------------------------------------------------------


Max Delay Paths
--------------------------------------------------------------------------------------
Slack (MET) :             2.174ns  (required time - arrival time)
  Source:                 d_1_i/ddr4/ddr4_0/inst/u_ddr4_mem_intfc/u_ddr_cal_top/u_ddr_cal/u_xsdb_arbiter/slave_addr_r_reg[13]/C
                            (rising edge-triggered cell FDRE clocked by mmcm_clkout5  {rise@0.000ns fall@6.001ns period=12.002ns})
  Destination:            d_1_i/ddr4/ddr4_0/inst/u_ddr4_mem_intfc/u_ddr_cal_top/u_ddr_cal/u_xsdb_arbiter/u_slave_addr_sync/SYNC[13].sync_reg_reg[0]/D
                            (rising edge-triggered cell FDRE clocked by mmcm_clkout0  {rise@0.000ns fall@1.500ns period=3.001ns})
  Path Group:             mmcm_clkout0
  Path Type:              Setup (Max at Slow Process Corner)
  Requirement:            3.000ns  (MaxDelay Path 3.000ns)
  Data Path Delay:        0.851ns  (logic 0.079ns (9.283%)  route 0.772ns (90.717%))
  Logic Levels:           0  
  Timing Exception:       MaxDelay Path 3.000ns -datapath_only

    Location             Delay type                Incr(ns)  Path(ns)    Netlist Resource(s)
  -------------------------------------------------------------------    -------------------
    SLICE_X91Y69                                      0.000     0.000 r  d_1_i/ddr4/ddr4_0/inst/u_ddr4_mem_intfc/u_ddr_cal_top/u_ddr_cal/u_xsdb_arbiter/slave_addr_r_reg[13]/C
    SLICE_X91Y69         FDRE (Prop_HFF_SLICEL_C_Q)
                                                      0.079     0.079 r  d_1_i/ddr4/ddr4_0/inst/u_ddr4_mem_intfc/u_ddr_cal_top/u_ddr_cal/u_xsdb_arbiter/slave_addr_r_reg[13]/Q
                         net (fo=1, routed)           0.772     0.851    d_1_i/ddr4/ddr4_0/inst/u_ddr4_mem_intfc/u_ddr_cal_top/u_ddr_cal/u_xsdb_arbiter/u_slave_addr_sync/out[13]
    SLICE_X96Y73         FDRE                                         r  d_1_i/ddr4/ddr4_0/inst/u_ddr4_mem_intfc/u_ddr_cal_top/u_ddr_cal/u_xsdb_arbiter/u_slave_addr_sync/SYNC[13].sync_reg_reg[0]/D
  -------------------------------------------------------------------    -------------------

                         max delay                    3.000     3.000    
    SLICE_X96Y73         FDRE (Setup_DFF2_SLICEM_C_D)
                                                      0.025     3.025    d_1_i/ddr4/ddr4_0/inst/u_ddr4_mem_intfc/u_ddr_cal_top/u_ddr_cal/u_xsdb_arbiter/u_slave_addr_sync/SYNC[13].sync_reg_reg[0]
  -------------------------------------------------------------------
                         required time                          3.025    
                         arrival time                          -0.851    
  -------------------------------------------------------------------
                         slack                                  2.174    





---------------------------------------------------------------------------------------------------
From Clock:  mmcm_clkout6
  To Clock:  mmcm_clkout0

Setup :            0  Failing Endpoints,  Worst Slack        1.245ns,  Total Violation        0.000ns
Hold  :           NA  Failing Endpoints,  Worst Slack           NA  ,  Total Violation           NA
---------------------------------------------------------------------------------------------------


Max Delay Paths
--------------------------------------------------------------------------------------
Slack (MET) :             1.245ns  (required time - arrival time)
  Source:                 d_1_i/ddr4/ddr4_0/inst/u_ddr4_mem_intfc/u_mig_ddr4_phy/inst/clb2phy_t_b_addr_riuclk_reg/C
                            (rising edge-triggered cell FDRE clocked by mmcm_clkout6  {rise@0.000ns fall@3.001ns period=6.001ns})
  Destination:            d_1_i/ddr4/ddr4_0/inst/u_ddr4_mem_intfc/u_mig_ddr4_phy/inst/clb2phy_t_b_addr_i_reg[0]/D
                            (rising edge-triggered cell FDRE clocked by mmcm_clkout0  {rise@0.000ns fall@1.500ns period=3.001ns})
  Path Group:             mmcm_clkout0
  Path Type:              Setup (Max at Slow Process Corner)
  Requirement:            3.000ns  (MaxDelay Path 3.000ns)
  Data Path Delay:        1.780ns  (logic 0.080ns (4.494%)  route 1.700ns (95.506%))
  Logic Levels:           0  
  Timing Exception:       MaxDelay Path 3.000ns -datapath_only

    Location             Delay type                Incr(ns)  Path(ns)    Netlist Resource(s)
  -------------------------------------------------------------------    -------------------
    SLICE_X89Y48                                      0.000     0.000 r  d_1_i/ddr4/ddr4_0/inst/u_ddr4_mem_intfc/u_mig_ddr4_phy/inst/clb2phy_t_b_addr_riuclk_reg/C
    SLICE_X89Y48         FDRE (Prop_AFF2_SLICEM_C_Q)
                                                      0.080     0.080 r  d_1_i/ddr4/ddr4_0/inst/u_ddr4_mem_intfc/u_mig_ddr4_phy/inst/clb2phy_t_b_addr_riuclk_reg/Q
                         net (fo=1, routed)           1.700     1.780    d_1_i/ddr4/ddr4_0/inst/u_ddr4_mem_intfc/u_mig_ddr4_phy/inst/clb2phy_t_b_addr_riuclk
    SLICE_X84Y59         FDRE                                         r  d_1_i/ddr4/ddr4_0/inst/u_ddr4_mem_intfc/u_mig_ddr4_phy/inst/clb2phy_t_b_addr_i_reg[0]/D
  -------------------------------------------------------------------    -------------------

                         max delay                    3.000     3.000    
    SLICE_X84Y59         FDRE (Setup_DFF2_SLICEL_C_D)
                                                      0.025     3.025    d_1_i/ddr4/ddr4_0/inst/u_ddr4_mem_intfc/u_mig_ddr4_phy/inst/clb2phy_t_b_addr_i_reg[0]
  -------------------------------------------------------------------
                         required time                          3.025    
                         arrival time                          -1.780    
  -------------------------------------------------------------------
                         slack                                  1.245    





---------------------------------------------------------------------------------------------------
From Clock:  mmcm_clkout0
  To Clock:  pll_clk[0]_DIV

Setup :            0  Failing Endpoints,  Worst Slack        0.742ns,  Total Violation        0.000ns
Hold  :            0  Failing Endpoints,  Worst Slack        0.487ns,  Total Violation        0.000ns
---------------------------------------------------------------------------------------------------


Max Delay Paths
--------------------------------------------------------------------------------------
Slack (MET) :             0.742ns  (required time - arrival time)
  Source:                 d_1_i/ddr4/ddr4_0/inst/u_ddr4_mem_intfc/u_ddr_cal_top/u_ddr_mc_pi/u_ddr_mc_write/oe_upp_reg[0]/C
                            (rising edge-triggered cell FDRE clocked by mmcm_clkout0  {rise@0.000ns fall@1.500ns period=3.001ns})
  Destination:            d_1_i/ddr4/ddr4_0/inst/u_ddr4_mem_intfc/u_mig_ddr4_phy/inst/generate_block1.u_ddr_xiphy/byte_num[3].xiphy_byte_wrapper.u_xiphy_byte_wrapper/I_CONTROL[1].GEN_I_CONTROL.u_xiphy_control/xiphy_control/TBYTE_IN[0]
                            (rising edge-triggered cell BITSLICE_CONTROL clocked by pll_clk[0]_DIV  {rise@0.000ns fall@1.500ns period=3.001ns})
  Path Group:             pll_clk[0]_DIV
  Path Type:              Setup (Max at Slow Process Corner)
  Requirement:            3.001ns  (pll_clk[0]_DIV rise@3.001ns - mmcm_clkout0 rise@0.000ns)
  Data Path Delay:        1.358ns  (logic 0.079ns (5.815%)  route 1.279ns (94.185%))
  Logic Levels:           0  
  Clock Path Skew:        -0.572ns (DCD - SCD + CPR)
    Destination Clock Delay (DCD):    2.551ns = ( 5.552 - 3.001 ) 
    Source Clock Delay      (SCD):    2.666ns
    Clock Pessimism Removal (CPR):    -0.457ns
  Clock Uncertainty:      0.170ns  ((TSJ^2 + DJ^2)^1/2) / 2 + PE
    Total System Jitter     (TSJ):    0.071ns
    Discrete Jitter          (DJ):    0.062ns
    Phase Error              (PE):    0.123ns
  Clock Net Delay (Source):      1.449ns (routing 0.415ns, distribution 1.034ns)
  Clock Net Delay (Destination): 1.141ns (routing 0.379ns, distribution 0.762ns)

    Location             Delay type                Incr(ns)  Path(ns)    Netlist Resource(s)
  -------------------------------------------------------------------    -------------------
                         (clock mmcm_clkout0 rise edge)
                                                      0.000     0.000 r  
    AR20                                              0.000     0.000 r  default_sysclk_c0_300mhz_clk_p (IN)
                         net (fo=0)                   0.100     0.100    d_1_i/ddr4/ddr4_0/inst/u_ddr4_mem_intfc/u_mig_ddr4_phy/inst/u_ddr4_phy_pll/diff_input_clk.u_ibufg_sys_clk/I
    HPIOBDIFFINBUF_X0Y35 DIFFINBUF (Prop_DIFFINBUF_HPIOBDIFFINBUF_DIFF_IN_P_O)
                                                      0.519     0.619 r  d_1_i/ddr4/ddr4_0/inst/u_ddr4_mem_intfc/u_mig_ddr4_phy/inst/u_ddr4_phy_pll/diff_input_clk.u_ibufg_sys_clk/DIFFINBUF_INST/O
                         net (fo=1, routed)           0.050     0.669    d_1_i/ddr4/ddr4_0/inst/u_ddr4_mem_intfc/u_mig_ddr4_phy/inst/u_ddr4_phy_pll/diff_input_clk.u_ibufg_sys_clk/OUT
    AR20                 IBUFCTRL (Prop_IBUFCTRL_HPIOB_M_I_O)
                                                      0.000     0.669 r  d_1_i/ddr4/ddr4_0/inst/u_ddr4_mem_intfc/u_mig_ddr4_phy/inst/u_ddr4_phy_pll/diff_input_clk.u_ibufg_sys_clk/IBUFCTRL_INST/O
                         net (fo=2, routed)           0.402     1.071    d_1_i/ddr4/ddr4_0/inst/u_ddr4_infrastructure/mmcm_clk_in
    MMCM_X0Y1            MMCME4_ADV (Prop_MMCM_CLKIN1_CLKOUT0)
                                                     -0.127     0.944 r  d_1_i/ddr4/ddr4_0/inst/u_ddr4_infrastructure/gen_mmcme4.u_mmcme_adv_inst/CLKOUT0
                         net (fo=1, routed)           0.245     1.189    d_1_i/ddr4/ddr4_0/inst/u_ddr4_infrastructure/mmcm_clkout0
    BUFGCE_X0Y41         BUFGCE (Prop_BUFCE_BUFGCE_I_O)
                                                      0.028     1.217 r  d_1_i/ddr4/ddr4_0/inst/u_ddr4_infrastructure/u_bufg_divClk/O
    X4Y1 (CLOCK_ROOT)    net (fo=25432, routed)       1.449     2.666    d_1_i/ddr4/ddr4_0/inst/u_ddr4_mem_intfc/u_ddr_cal_top/u_ddr_mc_pi/u_ddr_mc_write/dReg_reg[13]
    SLICE_X81Y42         FDRE                                         r  d_1_i/ddr4/ddr4_0/inst/u_ddr4_mem_intfc/u_ddr_cal_top/u_ddr_mc_pi/u_ddr_mc_write/oe_upp_reg[0]/C
  -------------------------------------------------------------------    -------------------
    SLICE_X81Y42         FDRE (Prop_DFF_SLICEL_C_Q)
                                                      0.079     2.745 r  d_1_i/ddr4/ddr4_0/inst/u_ddr4_mem_intfc/u_ddr_cal_top/u_ddr_mc_pi/u_ddr_mc_write/oe_upp_reg[0]/Q
                         net (fo=4, routed)           1.279     4.024    d_1_i/ddr4/ddr4_0/inst/u_ddr4_mem_intfc/u_mig_ddr4_phy/inst/generate_block1.u_ddr_xiphy/byte_num[3].xiphy_byte_wrapper.u_xiphy_byte_wrapper/I_CONTROL[1].GEN_I_CONTROL.u_xiphy_control/ch0_mcal_clb2phy_t_b_upp[0]
    BITSLICE_CONTROL_X0Y7
                         BITSLICE_CONTROL                             r  d_1_i/ddr4/ddr4_0/inst/u_ddr4_mem_intfc/u_mig_ddr4_phy/inst/generate_block1.u_ddr_xiphy/byte_num[3].xiphy_byte_wrapper.u_xiphy_byte_wrapper/I_CONTROL[1].GEN_I_CONTROL.u_xiphy_control/xiphy_control/TBYTE_IN[0]
  -------------------------------------------------------------------    -------------------

                         (clock pll_clk[0]_DIV rise edge)
                                                      3.001     3.001 f  
    AR20                                              0.000     3.001 f  default_sysclk_c0_300mhz_clk_p (IN)
                         net (fo=0)                   0.079     3.080    d_1_i/ddr4/ddr4_0/inst/u_ddr4_mem_intfc/u_mig_ddr4_phy/inst/u_ddr4_phy_pll/diff_input_clk.u_ibufg_sys_clk/I
    HPIOBDIFFINBUF_X0Y35 DIFFINBUF (Prop_DIFFINBUF_HPIOBDIFFINBUF_DIFF_IN_P_O)
                                                      0.422     3.502 f  d_1_i/ddr4/ddr4_0/inst/u_ddr4_mem_intfc/u_mig_ddr4_phy/inst/u_ddr4_phy_pll/diff_input_clk.u_ibufg_sys_clk/DIFFINBUF_INST/O
                         net (fo=1, routed)           0.040     3.542    d_1_i/ddr4/ddr4_0/inst/u_ddr4_mem_intfc/u_mig_ddr4_phy/inst/u_ddr4_phy_pll/diff_input_clk.u_ibufg_sys_clk/OUT
    AR20                 IBUFCTRL (Prop_IBUFCTRL_HPIOB_M_I_O)
                                                      0.000     3.542 f  d_1_i/ddr4/ddr4_0/inst/u_ddr4_mem_intfc/u_mig_ddr4_phy/inst/u_ddr4_phy_pll/diff_input_clk.u_ibufg_sys_clk/IBUFCTRL_INST/O
                         net (fo=2, routed)           0.349     3.891    d_1_i/ddr4/ddr4_0/inst/u_ddr4_infrastructure/mmcm_clk_in
    MMCM_X0Y1            MMCME4_ADV (Prop_MMCM_CLKIN1_CLKOUT0)
                                                      0.630     4.521 f  d_1_i/ddr4/ddr4_0/inst/u_ddr4_infrastructure/gen_mmcme4.u_mmcme_adv_inst/CLKOUT0
                         net (fo=1, routed)           0.216     4.737    d_1_i/ddr4/ddr4_0/inst/u_ddr4_infrastructure/mmcm_clkout0
    BUFGCE_X0Y41         BUFGCE (Prop_BUFCE_BUFGCE_I_O)
                                                      0.024     4.761 f  d_1_i/ddr4/ddr4_0/inst/u_ddr4_infrastructure/u_bufg_divClk/O
    X4Y1 (CLOCK_ROOT)    net (fo=25432, routed)       1.141     5.902    d_1_i/ddr4/ddr4_0/inst/u_ddr4_mem_intfc/u_mig_ddr4_phy/inst/u_ddr4_phy_pll/div_clk
    PLL_X0Y1             PLLE4_ADV (Prop_PLL_CLKIN_CLKOUTPHY)
                                                     -0.630     5.272 f  d_1_i/ddr4/ddr4_0/inst/u_ddr4_mem_intfc/u_mig_ddr4_phy/inst/u_ddr4_phy_pll/plle_loop[0].gen_plle4.PLLE4_BASE_INST_OTHER/CLKOUTPHY
                         net (fo=8, routed)           0.099     5.371    d_1_i/ddr4/ddr4_0/inst/u_ddr4_mem_intfc/u_mig_ddr4_phy/inst/generate_block1.u_ddr_xiphy/byte_num[3].xiphy_byte_wrapper.u_xiphy_byte_wrapper/I_CONTROL[1].GEN_I_CONTROL.u_xiphy_control/pll_clk[0]
    BITSLICE_CONTROL_X0Y7
                         BITSLICE_CONTROL (Prop_CONTROL_BITSLICE_CONTROL_PLL_CLK_TX_DIV2_CLK_Q)
                                                      0.106     5.477 r  d_1_i/ddr4/ddr4_0/inst/u_ddr4_mem_intfc/u_mig_ddr4_phy/inst/generate_block1.u_ddr_xiphy/byte_num[3].xiphy_byte_wrapper.u_xiphy_byte_wrapper/I_CONTROL[1].GEN_I_CONTROL.u_xiphy_control/xiphy_control/TX_DIV2_CLK_Q
    BITSLICE_CONTROL_X0Y7
                         BITSLICE_CONTROL (Prop_CONTROL_BITSLICE_CONTROL_TX_DIV2_CLK_Q_TX_DIV4_CLK_Q)
                                                      0.075     5.552 r  d_1_i/ddr4/ddr4_0/inst/u_ddr4_mem_intfc/u_mig_ddr4_phy/inst/generate_block1.u_ddr_xiphy/byte_num[3].xiphy_byte_wrapper.u_xiphy_byte_wrapper/I_CONTROL[1].GEN_I_CONTROL.u_xiphy_control/xiphy_control/TX_DIV4_CLK_Q
                         clock pessimism             -0.457     5.095    
                         clock uncertainty           -0.170     4.925    
    BITSLICE_CONTROL_X0Y7
                         BITSLICE_CONTROL (Setup_CONTROL_BITSLICE_CONTROL_TX_DIV4_CLK_Q_TBYTE_IN[0])
                                                     -0.158     4.767    d_1_i/ddr4/ddr4_0/inst/u_ddr4_mem_intfc/u_mig_ddr4_phy/inst/generate_block1.u_ddr_xiphy/byte_num[3].xiphy_byte_wrapper.u_xiphy_byte_wrapper/I_CONTROL[1].GEN_I_CONTROL.u_xiphy_control/xiphy_control
  -------------------------------------------------------------------
                         required time                          4.767    
                         arrival time                          -4.024    
  -------------------------------------------------------------------
                         slack                                  0.742    





Min Delay Paths
--------------------------------------------------------------------------------------
Slack (MET) :             0.487ns  (arrival time - required time)
  Source:                 d_1_i/ddr4/ddr4_0/inst/u_ddr4_mem_intfc/u_ddr_cal_top/u_ddr_mc_pi/rdEn[0].u_ddr_mc_rd_en_low/rdEn_reg[0]/C
                            (rising edge-triggered cell FDRE clocked by mmcm_clkout0  {rise@0.000ns fall@1.500ns period=3.001ns})
  Destination:            d_1_i/ddr4/ddr4_0/inst/u_ddr4_mem_intfc/u_mig_ddr4_phy/inst/generate_block1.u_ddr_xiphy/byte_num[2].xiphy_byte_wrapper.u_xiphy_byte_wrapper/I_CONTROL[0].GEN_I_CONTROL.u_xiphy_control/xiphy_control/PHY_RDEN[0]
                            (rising edge-triggered cell BITSLICE_CONTROL clocked by pll_clk[0]_DIV  {rise@0.000ns fall@1.500ns period=3.001ns})
  Path Group:             pll_clk[0]_DIV
  Path Type:              Hold (Min at Slow Process Corner)
  Requirement:            0.000ns  (pll_clk[0]_DIV rise@0.000ns - mmcm_clkout0 rise@0.000ns)
  Data Path Delay:        0.238ns  (logic 0.058ns (24.370%)  route 0.180ns (75.630%))
  Logic Levels:           0  
  Clock Path Skew:        -0.687ns (DCD - SCD - CPR)
    Destination Clock Delay (DCD):    1.884ns
    Source Clock Delay      (SCD):    3.027ns
    Clock Pessimism Removal (CPR):    -0.457ns
  Clock Uncertainty:      0.170ns  ((TSJ^2 + DJ^2)^1/2) / 2 + PE
    Total System Jitter     (TSJ):    0.071ns
    Discrete Jitter          (DJ):    0.062ns
    Phase Error              (PE):    0.123ns
  Clock Net Delay (Source):      1.267ns (routing 0.379ns, distribution 0.888ns)
  Clock Net Delay (Destination): 1.281ns (routing 0.415ns, distribution 0.866ns)

    Location             Delay type                Incr(ns)  Path(ns)    Netlist Resource(s)
  -------------------------------------------------------------------    -------------------
                         (clock mmcm_clkout0 rise edge)
                                                      0.000     0.000 r  
    AR20                                              0.000     0.000 r  default_sysclk_c0_300mhz_clk_p (IN)
                         net (fo=0)                   0.079     0.079    d_1_i/ddr4/ddr4_0/inst/u_ddr4_mem_intfc/u_mig_ddr4_phy/inst/u_ddr4_phy_pll/diff_input_clk.u_ibufg_sys_clk/I
    HPIOBDIFFINBUF_X0Y35 DIFFINBUF (Prop_DIFFINBUF_HPIOBDIFFINBUF_DIFF_IN_P_O)
                                                      0.422     0.501 r  d_1_i/ddr4/ddr4_0/inst/u_ddr4_mem_intfc/u_mig_ddr4_phy/inst/u_ddr4_phy_pll/diff_input_clk.u_ibufg_sys_clk/DIFFINBUF_INST/O
                         net (fo=1, routed)           0.040     0.541    d_1_i/ddr4/ddr4_0/inst/u_ddr4_mem_intfc/u_mig_ddr4_phy/inst/u_ddr4_phy_pll/diff_input_clk.u_ibufg_sys_clk/OUT
    AR20                 IBUFCTRL (Prop_IBUFCTRL_HPIOB_M_I_O)
                                                      0.000     0.541 r  d_1_i/ddr4/ddr4_0/inst/u_ddr4_mem_intfc/u_mig_ddr4_phy/inst/u_ddr4_phy_pll/diff_input_clk.u_ibufg_sys_clk/IBUFCTRL_INST/O
                         net (fo=2, routed)           0.349     0.890    d_1_i/ddr4/ddr4_0/inst/u_ddr4_infrastructure/mmcm_clk_in
    MMCM_X0Y1            MMCME4_ADV (Prop_MMCM_CLKIN1_CLKOUT0)
                                                      0.630     1.520 r  d_1_i/ddr4/ddr4_0/inst/u_ddr4_infrastructure/gen_mmcme4.u_mmcme_adv_inst/CLKOUT0
                         net (fo=1, routed)           0.216     1.736    d_1_i/ddr4/ddr4_0/inst/u_ddr4_infrastructure/mmcm_clkout0
    BUFGCE_X0Y41         BUFGCE (Prop_BUFCE_BUFGCE_I_O)
                                                      0.024     1.760 r  d_1_i/ddr4/ddr4_0/inst/u_ddr4_infrastructure/u_bufg_divClk/O
    X4Y1 (CLOCK_ROOT)    net (fo=25432, routed)       1.267     3.027    d_1_i/ddr4/ddr4_0/inst/u_ddr4_mem_intfc/u_ddr_cal_top/u_ddr_mc_pi/rdEn[0].u_ddr_mc_rd_en_low/rsMask_reg[7][9]_0
    SLICE_X82Y36         FDRE                                         r  d_1_i/ddr4/ddr4_0/inst/u_ddr4_mem_intfc/u_ddr_cal_top/u_ddr_mc_pi/rdEn[0].u_ddr_mc_rd_en_low/rdEn_reg[0]/C
  -------------------------------------------------------------------    -------------------
    SLICE_X82Y36         FDRE (Prop_DFF_SLICEM_C_Q)
                                                      0.058     3.085 r  d_1_i/ddr4/ddr4_0/inst/u_ddr4_mem_intfc/u_ddr_cal_top/u_ddr_mc_pi/rdEn[0].u_ddr_mc_rd_en_low/rdEn_reg[0]/Q
                         net (fo=1, routed)           0.180     3.265    d_1_i/ddr4/ddr4_0/inst/u_ddr4_mem_intfc/u_mig_ddr4_phy/inst/generate_block1.u_ddr_xiphy/byte_num[2].xiphy_byte_wrapper.u_xiphy_byte_wrapper/I_CONTROL[0].GEN_I_CONTROL.u_xiphy_control/ch0_mcal_clb2phy_rden_low[0]
    BITSLICE_CONTROL_X0Y4
                         BITSLICE_CONTROL                             r  d_1_i/ddr4/ddr4_0/inst/u_ddr4_mem_intfc/u_mig_ddr4_phy/inst/generate_block1.u_ddr_xiphy/byte_num[2].xiphy_byte_wrapper.u_xiphy_byte_wrapper/I_CONTROL[0].GEN_I_CONTROL.u_xiphy_control/xiphy_control/PHY_RDEN[0]
  -------------------------------------------------------------------    -------------------

                         (clock pll_clk[0]_DIV rise edge)
                                                      0.000     0.000 f  
    AR20                                              0.000     0.000 f  default_sysclk_c0_300mhz_clk_p (IN)
                         net (fo=0)                   0.100     0.100    d_1_i/ddr4/ddr4_0/inst/u_ddr4_mem_intfc/u_mig_ddr4_phy/inst/u_ddr4_phy_pll/diff_input_clk.u_ibufg_sys_clk/I
    HPIOBDIFFINBUF_X0Y35 DIFFINBUF (Prop_DIFFINBUF_HPIOBDIFFINBUF_DIFF_IN_P_O)
                                                      0.519     0.619 f  d_1_i/ddr4/ddr4_0/inst/u_ddr4_mem_intfc/u_mig_ddr4_phy/inst/u_ddr4_phy_pll/diff_input_clk.u_ibufg_sys_clk/DIFFINBUF_INST/O
                         net (fo=1, routed)           0.050     0.669    d_1_i/ddr4/ddr4_0/inst/u_ddr4_mem_intfc/u_mig_ddr4_phy/inst/u_ddr4_phy_pll/diff_input_clk.u_ibufg_sys_clk/OUT
    AR20                 IBUFCTRL (Prop_IBUFCTRL_HPIOB_M_I_O)
                                                      0.000     0.669 f  d_1_i/ddr4/ddr4_0/inst/u_ddr4_mem_intfc/u_mig_ddr4_phy/inst/u_ddr4_phy_pll/diff_input_clk.u_ibufg_sys_clk/IBUFCTRL_INST/O
                         net (fo=2, routed)           0.402     1.071    d_1_i/ddr4/ddr4_0/inst/u_ddr4_infrastructure/mmcm_clk_in
    MMCM_X0Y1            MMCME4_ADV (Prop_MMCM_CLKIN1_CLKOUT0)
                                                     -0.127     0.944 f  d_1_i/ddr4/ddr4_0/inst/u_ddr4_infrastructure/gen_mmcme4.u_mmcme_adv_inst/CLKOUT0
                         net (fo=1, routed)           0.245     1.189    d_1_i/ddr4/ddr4_0/inst/u_ddr4_infrastructure/mmcm_clkout0
    BUFGCE_X0Y41         BUFGCE (Prop_BUFCE_BUFGCE_I_O)
                                                      0.028     1.217 f  d_1_i/ddr4/ddr4_0/inst/u_ddr4_infrastructure/u_bufg_divClk/O
    X4Y1 (CLOCK_ROOT)    net (fo=25432, routed)       1.281     2.498    d_1_i/ddr4/ddr4_0/inst/u_ddr4_mem_intfc/u_mig_ddr4_phy/inst/u_ddr4_phy_pll/div_clk
    PLL_X0Y1             PLLE4_ADV (Prop_PLL_CLKIN_CLKOUTPHY)
                                                     -1.058     1.440 f  d_1_i/ddr4/ddr4_0/inst/u_ddr4_mem_intfc/u_mig_ddr4_phy/inst/u_ddr4_phy_pll/plle_loop[0].gen_plle4.PLLE4_BASE_INST_OTHER/CLKOUTPHY
                         net (fo=8, routed)           0.132     1.572    d_1_i/ddr4/ddr4_0/inst/u_ddr4_mem_intfc/u_mig_ddr4_phy/inst/generate_block1.u_ddr_xiphy/byte_num[2].xiphy_byte_wrapper.u_xiphy_byte_wrapper/I_CONTROL[0].GEN_I_CONTROL.u_xiphy_control/pll_clk[0]
    BITSLICE_CONTROL_X0Y4
                         BITSLICE_CONTROL (Prop_CONTROL_BITSLICE_CONTROL_PLL_CLK_RX_DIV2_CLK_Q)
                                                      0.193     1.765 r  d_1_i/ddr4/ddr4_0/inst/u_ddr4_mem_intfc/u_mig_ddr4_phy/inst/generate_block1.u_ddr_xiphy/byte_num[2].xiphy_byte_wrapper.u_xiphy_byte_wrapper/I_CONTROL[0].GEN_I_CONTROL.u_xiphy_control/xiphy_control/RX_DIV2_CLK_Q
    BITSLICE_CONTROL_X0Y4
                         BITSLICE_CONTROL (Prop_CONTROL_BITSLICE_CONTROL_RX_DIV2_CLK_Q_RX_DIV4_CLK_Q)
                                                      0.119     1.884 r  d_1_i/ddr4/ddr4_0/inst/u_ddr4_mem_intfc/u_mig_ddr4_phy/inst/generate_block1.u_ddr_xiphy/byte_num[2].xiphy_byte_wrapper.u_xiphy_byte_wrapper/I_CONTROL[0].GEN_I_CONTROL.u_xiphy_control/xiphy_control/RX_DIV4_CLK_Q
                         clock pessimism              0.457     2.341    
                         clock uncertainty            0.170     2.511    
    BITSLICE_CONTROL_X0Y4
                         BITSLICE_CONTROL (Hold_CONTROL_BITSLICE_CONTROL_RX_DIV4_CLK_Q_PHY_RDEN[0])
                                                      0.267     2.778    d_1_i/ddr4/ddr4_0/inst/u_ddr4_mem_intfc/u_mig_ddr4_phy/inst/generate_block1.u_ddr_xiphy/byte_num[2].xiphy_byte_wrapper.u_xiphy_byte_wrapper/I_CONTROL[0].GEN_I_CONTROL.u_xiphy_control/xiphy_control
  -------------------------------------------------------------------
                         required time                         -2.778    
                         arrival time                           3.265    
  -------------------------------------------------------------------
                         slack                                  0.487    





---------------------------------------------------------------------------------------------------
From Clock:  mmcm_clkout0
  To Clock:  pll_clk[1]_DIV

Setup :            0  Failing Endpoints,  Worst Slack        0.638ns,  Total Violation        0.000ns
Hold  :            0  Failing Endpoints,  Worst Slack        0.578ns,  Total Violation        0.000ns
---------------------------------------------------------------------------------------------------


Max Delay Paths
--------------------------------------------------------------------------------------
Slack (MET) :             0.638ns  (required time - arrival time)
  Source:                 d_1_i/ddr4/ddr4_0/inst/u_ddr4_mem_intfc/u_ddr_cal_top/mcal_ODT_dly_reg[0][7]/C
                            (rising edge-triggered cell FDRE clocked by mmcm_clkout0  {rise@0.000ns fall@1.500ns period=3.001ns})
  Destination:            d_1_i/ddr4/ddr4_0/inst/u_ddr4_mem_intfc/u_mig_ddr4_phy/inst/generate_block1.u_ddr_xiphy/byte_num[7].xiphy_byte_wrapper.u_xiphy_byte_wrapper/I_BITSLICE_LOWER[2].GEN_RXTX_BITSLICE_EN.u_xiphy_bitslice_lower/xiphy_rxtx_bitslice/D[6]
                            (rising edge-triggered cell RXTX_BITSLICE clocked by pll_clk[1]_DIV  {rise@0.000ns fall@1.500ns period=3.001ns})
  Path Group:             pll_clk[1]_DIV
  Path Type:              Setup (Max at Slow Process Corner)
  Requirement:            3.001ns  (pll_clk[1]_DIV rise@3.001ns - mmcm_clkout0 rise@0.000ns)
  Data Path Delay:        1.708ns  (logic 0.076ns (4.450%)  route 1.632ns (95.550%))
  Logic Levels:           0  
  Clock Path Skew:        -0.414ns (DCD - SCD + CPR)
    Destination Clock Delay (DCD):    2.691ns = ( 5.692 - 3.001 ) 
    Source Clock Delay      (SCD):    2.645ns
    Clock Pessimism Removal (CPR):    -0.460ns
  Clock Uncertainty:      0.170ns  ((TSJ^2 + DJ^2)^1/2) / 2 + PE
    Total System Jitter     (TSJ):    0.071ns
    Discrete Jitter          (DJ):    0.062ns
    Phase Error              (PE):    0.123ns
  Clock Net Delay (Source):      1.428ns (routing 0.415ns, distribution 1.013ns)

    Location             Delay type                Incr(ns)  Path(ns)    Netlist Resource(s)
  -------------------------------------------------------------------    -------------------
                         (clock mmcm_clkout0 rise edge)
                                                      0.000     0.000 r  
    AR20                                              0.000     0.000 r  default_sysclk_c0_300mhz_clk_p (IN)
                         net (fo=0)                   0.100     0.100    d_1_i/ddr4/ddr4_0/inst/u_ddr4_mem_intfc/u_mig_ddr4_phy/inst/u_ddr4_phy_pll/diff_input_clk.u_ibufg_sys_clk/I
    HPIOBDIFFINBUF_X0Y35 DIFFINBUF (Prop_DIFFINBUF_HPIOBDIFFINBUF_DIFF_IN_P_O)
                                                      0.519     0.619 r  d_1_i/ddr4/ddr4_0/inst/u_ddr4_mem_intfc/u_mig_ddr4_phy/inst/u_ddr4_phy_pll/diff_input_clk.u_ibufg_sys_clk/DIFFINBUF_INST/O
                         net (fo=1, routed)           0.050     0.669    d_1_i/ddr4/ddr4_0/inst/u_ddr4_mem_intfc/u_mig_ddr4_phy/inst/u_ddr4_phy_pll/diff_input_clk.u_ibufg_sys_clk/OUT
    AR20                 IBUFCTRL (Prop_IBUFCTRL_HPIOB_M_I_O)
                                                      0.000     0.669 r  d_1_i/ddr4/ddr4_0/inst/u_ddr4_mem_intfc/u_mig_ddr4_phy/inst/u_ddr4_phy_pll/diff_input_clk.u_ibufg_sys_clk/IBUFCTRL_INST/O
                         net (fo=2, routed)           0.402     1.071    d_1_i/ddr4/ddr4_0/inst/u_ddr4_infrastructure/mmcm_clk_in
    MMCM_X0Y1            MMCME4_ADV (Prop_MMCM_CLKIN1_CLKOUT0)
                                                     -0.127     0.944 r  d_1_i/ddr4/ddr4_0/inst/u_ddr4_infrastructure/gen_mmcme4.u_mmcme_adv_inst/CLKOUT0
                         net (fo=1, routed)           0.245     1.189    d_1_i/ddr4/ddr4_0/inst/u_ddr4_infrastructure/mmcm_clkout0
    BUFGCE_X0Y41         BUFGCE (Prop_BUFCE_BUFGCE_I_O)
                                                      0.028     1.217 r  d_1_i/ddr4/ddr4_0/inst/u_ddr4_infrastructure/u_bufg_divClk/O
    X4Y1 (CLOCK_ROOT)    net (fo=25432, routed)       1.428     2.645    d_1_i/ddr4/ddr4_0/inst/u_ddr4_mem_intfc/u_ddr_cal_top/dReg_reg[13]
    SLICE_X82Y99         FDRE                                         r  d_1_i/ddr4/ddr4_0/inst/u_ddr4_mem_intfc/u_ddr_cal_top/mcal_ODT_dly_reg[0][7]/C
  -------------------------------------------------------------------    -------------------
    SLICE_X82Y99         FDRE (Prop_FFF_SLICEM_C_Q)
                                                      0.076     2.721 r  d_1_i/ddr4/ddr4_0/inst/u_ddr4_mem_intfc/u_ddr_cal_top/mcal_ODT_dly_reg[0][7]/Q
                         net (fo=3, routed)           1.632     4.353    d_1_i/ddr4/ddr4_0/inst/u_ddr4_mem_intfc/u_mig_ddr4_phy/inst/generate_block1.u_ddr_xiphy/byte_num[7].xiphy_byte_wrapper.u_xiphy_byte_wrapper/I_BITSLICE_LOWER[2].GEN_RXTX_BITSLICE_EN.u_xiphy_bitslice_lower/mcal_ODT[6]
    BITSLICE_RX_TX_X0Y93 RXTX_BITSLICE                                r  d_1_i/ddr4/ddr4_0/inst/u_ddr4_mem_intfc/u_mig_ddr4_phy/inst/generate_block1.u_ddr_xiphy/byte_num[7].xiphy_byte_wrapper.u_xiphy_byte_wrapper/I_BITSLICE_LOWER[2].GEN_RXTX_BITSLICE_EN.u_xiphy_bitslice_lower/xiphy_rxtx_bitslice/D[6]
  -------------------------------------------------------------------    -------------------

                         (clock pll_clk[1]_DIV rise edge)
                                                      3.001     3.001 f  
    AR20                                              0.000     3.001 f  default_sysclk_c0_300mhz_clk_p (IN)
                         net (fo=0)                   0.079     3.080    d_1_i/ddr4/ddr4_0/inst/u_ddr4_mem_intfc/u_mig_ddr4_phy/inst/u_ddr4_phy_pll/diff_input_clk.u_ibufg_sys_clk/I
    HPIOBDIFFINBUF_X0Y35 DIFFINBUF (Prop_DIFFINBUF_HPIOBDIFFINBUF_DIFF_IN_P_O)
                                                      0.422     3.502 f  d_1_i/ddr4/ddr4_0/inst/u_ddr4_mem_intfc/u_mig_ddr4_phy/inst/u_ddr4_phy_pll/diff_input_clk.u_ibufg_sys_clk/DIFFINBUF_INST/O
                         net (fo=1, routed)           0.040     3.542    d_1_i/ddr4/ddr4_0/inst/u_ddr4_mem_intfc/u_mig_ddr4_phy/inst/u_ddr4_phy_pll/diff_input_clk.u_ibufg_sys_clk/OUT
    AR20                 IBUFCTRL (Prop_IBUFCTRL_HPIOB_M_I_O)
                                                      0.000     3.542 f  d_1_i/ddr4/ddr4_0/inst/u_ddr4_mem_intfc/u_mig_ddr4_phy/inst/u_ddr4_phy_pll/diff_input_clk.u_ibufg_sys_clk/IBUFCTRL_INST/O
                         net (fo=2, routed)           0.349     3.891    d_1_i/ddr4/ddr4_0/inst/u_ddr4_infrastructure/mmcm_clk_in
    MMCM_X0Y1            MMCME4_ADV (Prop_MMCM_CLKIN1_CLKOUT0)
                                                      0.630     4.521 f  d_1_i/ddr4/ddr4_0/inst/u_ddr4_infrastructure/gen_mmcme4.u_mmcme_adv_inst/CLKOUT0
                         net (fo=1, routed)           0.216     4.737    d_1_i/ddr4/ddr4_0/inst/u_ddr4_infrastructure/mmcm_clkout0
    BUFGCE_X0Y41         BUFGCE (Prop_BUFCE_BUFGCE_I_O)
                                                      0.024     4.761 f  d_1_i/ddr4/ddr4_0/inst/u_ddr4_infrastructure/u_bufg_divClk/O
                         net (fo=25432, routed)       1.123     5.884    d_1_i/ddr4/ddr4_0/inst/u_ddr4_mem_intfc/u_mig_ddr4_phy/inst/u_ddr4_phy_pll/div_clk
    PLL_X0Y2             PLLE4_ADV (Prop_PLL_CLKIN_CLKOUTPHY)
                                                     -0.630     5.254 f  d_1_i/ddr4/ddr4_0/inst/u_ddr4_mem_intfc/u_mig_ddr4_phy/inst/u_ddr4_phy_pll/plle_loop[1].gen_plle4.PLLE4_BASE_INST_OTHER/CLKOUTPHY
                         net (fo=7, routed)           0.104     5.358    d_1_i/ddr4/ddr4_0/inst/u_ddr4_mem_intfc/u_mig_ddr4_phy/inst/generate_block1.u_ddr_xiphy/byte_num[7].xiphy_byte_wrapper.u_xiphy_byte_wrapper/I_CONTROL[0].GEN_I_CONTROL.u_xiphy_control/pll_clk[0]
    BITSLICE_CONTROL_X0Y14
                         BITSLICE_CONTROL (Prop_CONTROL_BITSLICE_CONTROL_PLL_CLK_TX_DIV2_CLK_Q)
                                                      0.117     5.475 r  d_1_i/ddr4/ddr4_0/inst/u_ddr4_mem_intfc/u_mig_ddr4_phy/inst/generate_block1.u_ddr_xiphy/byte_num[7].xiphy_byte_wrapper.u_xiphy_byte_wrapper/I_CONTROL[0].GEN_I_CONTROL.u_xiphy_control/xiphy_control/TX_DIV2_CLK_Q
    BITSLICE_CONTROL_X0Y14
                         BITSLICE_CONTROL (Prop_CONTROL_BITSLICE_CONTROL_TX_DIV2_CLK_Q_TX_DIV4_CLK_Q)
                                                      0.075     5.550 r  d_1_i/ddr4/ddr4_0/inst/u_ddr4_mem_intfc/u_mig_ddr4_phy/inst/generate_block1.u_ddr_xiphy/byte_num[7].xiphy_byte_wrapper.u_xiphy_byte_wrapper/I_CONTROL[0].GEN_I_CONTROL.u_xiphy_control/xiphy_control/TX_DIV4_CLK_Q
    BITSLICE_CONTROL_X0Y14
                         BITSLICE_CONTROL (Prop_CONTROL_BITSLICE_CONTROL_TX_DIV4_CLK_Q_TX_BIT_CTRL_OUT2[26])
                                                      0.129     5.679 r  d_1_i/ddr4/ddr4_0/inst/u_ddr4_mem_intfc/u_mig_ddr4_phy/inst/generate_block1.u_ddr_xiphy/byte_num[7].xiphy_byte_wrapper.u_xiphy_byte_wrapper/I_CONTROL[0].GEN_I_CONTROL.u_xiphy_control/xiphy_control/TX_BIT_CTRL_OUT2[26]
                         net (fo=1, routed)           0.013     5.692    d_1_i/ddr4/ddr4_0/inst/u_ddr4_mem_intfc/u_mig_ddr4_phy/inst/generate_block1.u_ddr_xiphy/byte_num[7].xiphy_byte_wrapper.u_xiphy_byte_wrapper/I_BITSLICE_LOWER[2].GEN_RXTX_BITSLICE_EN.u_xiphy_bitslice_lower/TX_BIT_CTRL_OUT2[26]
    BITSLICE_RX_TX_X0Y93 RXTX_BITSLICE                                r  d_1_i/ddr4/ddr4_0/inst/u_ddr4_mem_intfc/u_mig_ddr4_phy/inst/generate_block1.u_ddr_xiphy/byte_num[7].xiphy_byte_wrapper.u_xiphy_byte_wrapper/I_BITSLICE_LOWER[2].GEN_RXTX_BITSLICE_EN.u_xiphy_bitslice_lower/xiphy_rxtx_bitslice/TX_BIT_CTRL_IN[26]
                         clock pessimism             -0.460     5.232    
                         clock uncertainty           -0.170     5.062    
    BITSLICE_RX_TX_X0Y93 RXTX_BITSLICE (Setup_RXTX_BITSLICE_BITSLICE_RX_TX_TX_BIT_CTRL_IN[26]_D[6])
                                                     -0.071     4.991    d_1_i/ddr4/ddr4_0/inst/u_ddr4_mem_intfc/u_mig_ddr4_phy/inst/generate_block1.u_ddr_xiphy/byte_num[7].xiphy_byte_wrapper.u_xiphy_byte_wrapper/I_BITSLICE_LOWER[2].GEN_RXTX_BITSLICE_EN.u_xiphy_bitslice_lower/xiphy_rxtx_bitslice
  -------------------------------------------------------------------
                         required time                          4.991    
                         arrival time                          -4.353    
  -------------------------------------------------------------------
                         slack                                  0.638    





Min Delay Paths
--------------------------------------------------------------------------------------
Slack (MET) :             0.578ns  (arrival time - required time)
  Source:                 d_1_i/ddr4/ddr4_0/inst/u_ddr4_mem_intfc/u_ddr_cal_top/mcal_ADR_dly_reg[0][67]/C
                            (rising edge-triggered cell FDRE clocked by mmcm_clkout0  {rise@0.000ns fall@1.500ns period=3.001ns})
  Destination:            d_1_i/ddr4/ddr4_0/inst/u_ddr4_mem_intfc/u_mig_ddr4_phy/inst/generate_block1.u_ddr_xiphy/byte_num[6].xiphy_byte_wrapper.u_xiphy_byte_wrapper/I_BITSLICE_LOWER[5].GEN_RXTX_BITSLICE_EN.u_xiphy_bitslice_lower/xiphy_rxtx_bitslice/D[3]
                            (rising edge-triggered cell RXTX_BITSLICE clocked by pll_clk[1]_DIV  {rise@0.000ns fall@1.500ns period=3.001ns})
  Path Group:             pll_clk[1]_DIV
  Path Type:              Hold (Min at Slow Process Corner)
  Requirement:            0.000ns  (pll_clk[1]_DIV rise@0.000ns - mmcm_clkout0 rise@0.000ns)
  Data Path Delay:        0.331ns  (logic 0.059ns (17.825%)  route 0.272ns (82.175%))
  Logic Levels:           0  
  Clock Path Skew:        -0.490ns (DCD - SCD - CPR)
    Destination Clock Delay (DCD):    2.062ns
    Source Clock Delay      (SCD):    3.012ns
    Clock Pessimism Removal (CPR):    -0.460ns
  Clock Uncertainty:      0.170ns  ((TSJ^2 + DJ^2)^1/2) / 2 + PE
    Total System Jitter     (TSJ):    0.071ns
    Discrete Jitter          (DJ):    0.062ns
    Phase Error              (PE):    0.123ns
  Clock Net Delay (Source):      1.252ns (routing 0.379ns, distribution 0.873ns)

    Location             Delay type                Incr(ns)  Path(ns)    Netlist Resource(s)
  -------------------------------------------------------------------    -------------------
                         (clock mmcm_clkout0 rise edge)
                                                      0.000     0.000 r  
    AR20                                              0.000     0.000 r  default_sysclk_c0_300mhz_clk_p (IN)
                         net (fo=0)                   0.079     0.079    d_1_i/ddr4/ddr4_0/inst/u_ddr4_mem_intfc/u_mig_ddr4_phy/inst/u_ddr4_phy_pll/diff_input_clk.u_ibufg_sys_clk/I
    HPIOBDIFFINBUF_X0Y35 DIFFINBUF (Prop_DIFFINBUF_HPIOBDIFFINBUF_DIFF_IN_P_O)
                                                      0.422     0.501 r  d_1_i/ddr4/ddr4_0/inst/u_ddr4_mem_intfc/u_mig_ddr4_phy/inst/u_ddr4_phy_pll/diff_input_clk.u_ibufg_sys_clk/DIFFINBUF_INST/O
                         net (fo=1, routed)           0.040     0.541    d_1_i/ddr4/ddr4_0/inst/u_ddr4_mem_intfc/u_mig_ddr4_phy/inst/u_ddr4_phy_pll/diff_input_clk.u_ibufg_sys_clk/OUT
    AR20                 IBUFCTRL (Prop_IBUFCTRL_HPIOB_M_I_O)
                                                      0.000     0.541 r  d_1_i/ddr4/ddr4_0/inst/u_ddr4_mem_intfc/u_mig_ddr4_phy/inst/u_ddr4_phy_pll/diff_input_clk.u_ibufg_sys_clk/IBUFCTRL_INST/O
                         net (fo=2, routed)           0.349     0.890    d_1_i/ddr4/ddr4_0/inst/u_ddr4_infrastructure/mmcm_clk_in
    MMCM_X0Y1            MMCME4_ADV (Prop_MMCM_CLKIN1_CLKOUT0)
                                                      0.630     1.520 r  d_1_i/ddr4/ddr4_0/inst/u_ddr4_infrastructure/gen_mmcme4.u_mmcme_adv_inst/CLKOUT0
                         net (fo=1, routed)           0.216     1.736    d_1_i/ddr4/ddr4_0/inst/u_ddr4_infrastructure/mmcm_clkout0
    BUFGCE_X0Y41         BUFGCE (Prop_BUFCE_BUFGCE_I_O)
                                                      0.024     1.760 r  d_1_i/ddr4/ddr4_0/inst/u_ddr4_infrastructure/u_bufg_divClk/O
    X4Y1 (CLOCK_ROOT)    net (fo=25432, routed)       1.252     3.012    d_1_i/ddr4/ddr4_0/inst/u_ddr4_mem_intfc/u_ddr_cal_top/dReg_reg[13]
    SLICE_X81Y96         FDRE                                         r  d_1_i/ddr4/ddr4_0/inst/u_ddr4_mem_intfc/u_ddr_cal_top/mcal_ADR_dly_reg[0][67]/C
  -------------------------------------------------------------------    -------------------
    SLICE_X81Y96         FDRE (Prop_BFF_SLICEL_C_Q)
                                                      0.059     3.071 r  d_1_i/ddr4/ddr4_0/inst/u_ddr4_mem_intfc/u_ddr_cal_top/mcal_ADR_dly_reg[0][67]/Q
                         net (fo=1, routed)           0.272     3.343    d_1_i/ddr4/ddr4_0/inst/u_ddr4_mem_intfc/u_mig_ddr4_phy/inst/generate_block1.u_ddr_xiphy/byte_num[6].xiphy_byte_wrapper.u_xiphy_byte_wrapper/I_BITSLICE_LOWER[5].GEN_RXTX_BITSLICE_EN.u_xiphy_bitslice_lower/mcal_ADR[3]
    BITSLICE_RX_TX_X0Y83 RXTX_BITSLICE                                r  d_1_i/ddr4/ddr4_0/inst/u_ddr4_mem_intfc/u_mig_ddr4_phy/inst/generate_block1.u_ddr_xiphy/byte_num[6].xiphy_byte_wrapper.u_xiphy_byte_wrapper/I_BITSLICE_LOWER[5].GEN_RXTX_BITSLICE_EN.u_xiphy_bitslice_lower/xiphy_rxtx_bitslice/D[3]
  -------------------------------------------------------------------    -------------------

                         (clock pll_clk[1]_DIV rise edge)
                                                      0.000     0.000 r  
    AR20                                              0.000     0.000 r  default_sysclk_c0_300mhz_clk_p (IN)
                         net (fo=0)                   0.100     0.100    d_1_i/ddr4/ddr4_0/inst/u_ddr4_mem_intfc/u_mig_ddr4_phy/inst/u_ddr4_phy_pll/diff_input_clk.u_ibufg_sys_clk/I
    HPIOBDIFFINBUF_X0Y35 DIFFINBUF (Prop_DIFFINBUF_HPIOBDIFFINBUF_DIFF_IN_P_O)
                                                      0.519     0.619 r  d_1_i/ddr4/ddr4_0/inst/u_ddr4_mem_intfc/u_mig_ddr4_phy/inst/u_ddr4_phy_pll/diff_input_clk.u_ibufg_sys_clk/DIFFINBUF_INST/O
                         net (fo=1, routed)           0.050     0.669    d_1_i/ddr4/ddr4_0/inst/u_ddr4_mem_intfc/u_mig_ddr4_phy/inst/u_ddr4_phy_pll/diff_input_clk.u_ibufg_sys_clk/OUT
    AR20                 IBUFCTRL (Prop_IBUFCTRL_HPIOB_M_I_O)
                                                      0.000     0.669 r  d_1_i/ddr4/ddr4_0/inst/u_ddr4_mem_intfc/u_mig_ddr4_phy/inst/u_ddr4_phy_pll/diff_input_clk.u_ibufg_sys_clk/IBUFCTRL_INST/O
                         net (fo=2, routed)           0.402     1.071    d_1_i/ddr4/ddr4_0/inst/u_ddr4_infrastructure/mmcm_clk_in
    MMCM_X0Y1            MMCME4_ADV (Prop_MMCM_CLKIN1_CLKOUT0)
                                                     -0.127     0.944 r  d_1_i/ddr4/ddr4_0/inst/u_ddr4_infrastructure/gen_mmcme4.u_mmcme_adv_inst/CLKOUT0
                         net (fo=1, routed)           0.245     1.189    d_1_i/ddr4/ddr4_0/inst/u_ddr4_infrastructure/mmcm_clkout0
    BUFGCE_X0Y41         BUFGCE (Prop_BUFCE_BUFGCE_I_O)
                                                      0.028     1.217 r  d_1_i/ddr4/ddr4_0/inst/u_ddr4_infrastructure/u_bufg_divClk/O
                         net (fo=25432, routed)       1.260     2.477    d_1_i/ddr4/ddr4_0/inst/u_ddr4_mem_intfc/u_mig_ddr4_phy/inst/u_ddr4_phy_pll/div_clk
    PLL_X0Y2             PLLE4_ADV (Prop_PLL_CLKIN_CLKOUTPHY)
                                                     -1.058     1.419 r  d_1_i/ddr4/ddr4_0/inst/u_ddr4_mem_intfc/u_mig_ddr4_phy/inst/u_ddr4_phy_pll/plle_loop[1].gen_plle4.PLLE4_BASE_INST_OTHER/CLKOUTPHY
                         net (fo=7, routed)           0.141     1.560    d_1_i/ddr4/ddr4_0/inst/u_ddr4_mem_intfc/u_mig_ddr4_phy/inst/generate_block1.u_ddr_xiphy/byte_num[6].xiphy_byte_wrapper.u_xiphy_byte_wrapper/I_CONTROL[0].GEN_I_CONTROL.u_xiphy_control/pll_clk[0]
    BITSLICE_CONTROL_X0Y12
                         BITSLICE_CONTROL (Prop_CONTROL_BITSLICE_CONTROL_PLL_CLK_TX_DIV2_CLK_Q)
                                                      0.177     1.737 r  d_1_i/ddr4/ddr4_0/inst/u_ddr4_mem_intfc/u_mig_ddr4_phy/inst/generate_block1.u_ddr_xiphy/byte_num[6].xiphy_byte_wrapper.u_xiphy_byte_wrapper/I_CONTROL[0].GEN_I_CONTROL.u_xiphy_control/xiphy_control/TX_DIV2_CLK_Q
    BITSLICE_CONTROL_X0Y12
                         BITSLICE_CONTROL (Prop_CONTROL_BITSLICE_CONTROL_TX_DIV2_CLK_Q_TX_DIV4_CLK_Q)
                                                      0.109     1.846 r  d_1_i/ddr4/ddr4_0/inst/u_ddr4_mem_intfc/u_mig_ddr4_phy/inst/generate_block1.u_ddr_xiphy/byte_num[6].xiphy_byte_wrapper.u_xiphy_byte_wrapper/I_CONTROL[0].GEN_I_CONTROL.u_xiphy_control/xiphy_control/TX_DIV4_CLK_Q
    BITSLICE_CONTROL_X0Y12
                         BITSLICE_CONTROL (Prop_CONTROL_BITSLICE_CONTROL_TX_DIV4_CLK_Q_TX_BIT_CTRL_OUT5[26])
                                                      0.192     2.038 r  d_1_i/ddr4/ddr4_0/inst/u_ddr4_mem_intfc/u_mig_ddr4_phy/inst/generate_block1.u_ddr_xiphy/byte_num[6].xiphy_byte_wrapper.u_xiphy_byte_wrapper/I_CONTROL[0].GEN_I_CONTROL.u_xiphy_control/xiphy_control/TX_BIT_CTRL_OUT5[26]
                         net (fo=1, routed)           0.024     2.062    d_1_i/ddr4/ddr4_0/inst/u_ddr4_mem_intfc/u_mig_ddr4_phy/inst/generate_block1.u_ddr_xiphy/byte_num[6].xiphy_byte_wrapper.u_xiphy_byte_wrapper/I_BITSLICE_LOWER[5].GEN_RXTX_BITSLICE_EN.u_xiphy_bitslice_lower/TX_BIT_CTRL_OUT5[26]
    BITSLICE_RX_TX_X0Y83 RXTX_BITSLICE                                r  d_1_i/ddr4/ddr4_0/inst/u_ddr4_mem_intfc/u_mig_ddr4_phy/inst/generate_block1.u_ddr_xiphy/byte_num[6].xiphy_byte_wrapper.u_xiphy_byte_wrapper/I_BITSLICE_LOWER[5].GEN_RXTX_BITSLICE_EN.u_xiphy_bitslice_lower/xiphy_rxtx_bitslice/TX_BIT_CTRL_IN[26]
                         clock pessimism              0.460     2.522    
                         clock uncertainty            0.170     2.692    
    BITSLICE_RX_TX_X0Y83 RXTX_BITSLICE (Hold_RXTX_BITSLICE_BITSLICE_RX_TX_TX_BIT_CTRL_IN[26]_D[3])
                                                      0.073     2.765    d_1_i/ddr4/ddr4_0/inst/u_ddr4_mem_intfc/u_mig_ddr4_phy/inst/generate_block1.u_ddr_xiphy/byte_num[6].xiphy_byte_wrapper.u_xiphy_byte_wrapper/I_BITSLICE_LOWER[5].GEN_RXTX_BITSLICE_EN.u_xiphy_bitslice_lower/xiphy_rxtx_bitslice
  -------------------------------------------------------------------
                         required time                         -2.765    
                         arrival time                           3.343    
  -------------------------------------------------------------------
                         slack                                  0.578    





---------------------------------------------------------------------------------------------------
From Clock:  dbg_hub/inst/BSCANID.u_xsdbm_id/SWITCH_N_EXT_BSCAN.bscan_inst/SERIES7_BSCAN.bscan_inst/INTERNAL_TCK
  To Clock:  mmcm_clkout5

Setup :            0  Failing Endpoints,  Worst Slack       49.622ns,  Total Violation        0.000ns
Hold  :           NA  Failing Endpoints,  Worst Slack           NA  ,  Total Violation           NA
---------------------------------------------------------------------------------------------------


Max Delay Paths
--------------------------------------------------------------------------------------
Slack (MET) :             49.622ns  (required time - arrival time)
  Source:                 dbg_hub/inst/BSCANID.u_xsdbm_id/CORE_XSDB.UUT_MASTER/U_ICON_INTERFACE/U_CMD6_RD/U_RD_FIFO/SUBCORE_FIFO.xsdbm_v3_0_0_rdfifo_inst/inst_fifo_gen/gconvfifo.rf/grf.rf/gntv_or_sync_fifo.gcx.clkx/gnxpm_cdc.rd_pntr_gc_reg[1]/C
                            (rising edge-triggered cell FDCE clocked by dbg_hub/inst/BSCANID.u_xsdbm_id/SWITCH_N_EXT_BSCAN.bscan_inst/SERIES7_BSCAN.bscan_inst/INTERNAL_TCK  {rise@0.000ns fall@25.000ns period=50.000ns})
  Destination:            dbg_hub/inst/BSCANID.u_xsdbm_id/CORE_XSDB.UUT_MASTER/U_ICON_INTERFACE/U_CMD6_RD/U_RD_FIFO/SUBCORE_FIFO.xsdbm_v3_0_0_rdfifo_inst/inst_fifo_gen/gconvfifo.rf/grf.rf/gntv_or_sync_fifo.gcx.clkx/gnxpm_cdc.gsync_stage[1].wr_stg_inst/Q_reg_reg[1]/D
                            (rising edge-triggered cell FDCE clocked by mmcm_clkout5  {rise@0.000ns fall@6.001ns period=12.002ns})
  Path Group:             mmcm_clkout5
  Path Type:              Setup (Max at Slow Process Corner)
  Requirement:            50.000ns  (MaxDelay Path 50.000ns)
  Data Path Delay:        0.403ns  (logic 0.078ns (19.355%)  route 0.325ns (80.645%))
  Logic Levels:           0  
  Timing Exception:       MaxDelay Path 50.000ns -datapath_only

    Location             Delay type                Incr(ns)  Path(ns)    Netlist Resource(s)
  -------------------------------------------------------------------    -------------------
    SLICE_X103Y55                                     0.000     0.000 r  dbg_hub/inst/BSCANID.u_xsdbm_id/CORE_XSDB.UUT_MASTER/U_ICON_INTERFACE/U_CMD6_RD/U_RD_FIFO/SUBCORE_FIFO.xsdbm_v3_0_0_rdfifo_inst/inst_fifo_gen/gconvfifo.rf/grf.rf/gntv_or_sync_fifo.gcx.clkx/gnxpm_cdc.rd_pntr_gc_reg[1]/C
    SLICE_X103Y55        FDCE (Prop_HFF2_SLICEM_C_Q)
                                                      0.078     0.078 r  dbg_hub/inst/BSCANID.u_xsdbm_id/CORE_XSDB.UUT_MASTER/U_ICON_INTERFACE/U_CMD6_RD/U_RD_FIFO/SUBCORE_FIFO.xsdbm_v3_0_0_rdfifo_inst/inst_fifo_gen/gconvfifo.rf/grf.rf/gntv_or_sync_fifo.gcx.clkx/gnxpm_cdc.rd_pntr_gc_reg[1]/Q
                         net (fo=1, routed)           0.325     0.403    dbg_hub/inst/BSCANID.u_xsdbm_id/CORE_XSDB.UUT_MASTER/U_ICON_INTERFACE/U_CMD6_RD/U_RD_FIFO/SUBCORE_FIFO.xsdbm_v3_0_0_rdfifo_inst/inst_fifo_gen/gconvfifo.rf/grf.rf/gntv_or_sync_fifo.gcx.clkx/gnxpm_cdc.gsync_stage[1].wr_stg_inst/Q[1]
    SLICE_X100Y52        FDCE                                         r  dbg_hub/inst/BSCANID.u_xsdbm_id/CORE_XSDB.UUT_MASTER/U_ICON_INTERFACE/U_CMD6_RD/U_RD_FIFO/SUBCORE_FIFO.xsdbm_v3_0_0_rdfifo_inst/inst_fifo_gen/gconvfifo.rf/grf.rf/gntv_or_sync_fifo.gcx.clkx/gnxpm_cdc.gsync_stage[1].wr_stg_inst/Q_reg_reg[1]/D
  -------------------------------------------------------------------    -------------------

                         max delay                   50.000    50.000    
    SLICE_X100Y52        FDCE (Setup_CFF2_SLICEL_C_D)
                                                      0.025    50.025    dbg_hub/inst/BSCANID.u_xsdbm_id/CORE_XSDB.UUT_MASTER/U_ICON_INTERFACE/U_CMD6_RD/U_RD_FIFO/SUBCORE_FIFO.xsdbm_v3_0_0_rdfifo_inst/inst_fifo_gen/gconvfifo.rf/grf.rf/gntv_or_sync_fifo.gcx.clkx/gnxpm_cdc.gsync_stage[1].wr_stg_inst/Q_reg_reg[1]
  -------------------------------------------------------------------
                         required time                         50.025    
                         arrival time                          -0.403    
  -------------------------------------------------------------------
                         slack                                 49.622    





---------------------------------------------------------------------------------------------------
From Clock:  mmcm_clkout0
  To Clock:  mmcm_clkout5

Setup :            0  Failing Endpoints,  Worst Slack       11.005ns,  Total Violation        0.000ns
Hold  :           NA  Failing Endpoints,  Worst Slack           NA  ,  Total Violation           NA
---------------------------------------------------------------------------------------------------


Max Delay Paths
--------------------------------------------------------------------------------------
Slack (MET) :             11.005ns  (required time - arrival time)
  Source:                 d_1_i/ddr4/ddr4_0/inst/u_ddr4_mem_intfc/u_ddr_cal_top/u_ddr_cal/u_xsdb_arbiter/slave_do_fclk_reg[0]/C
                            (rising edge-triggered cell FDRE clocked by mmcm_clkout0  {rise@0.000ns fall@1.500ns period=3.001ns})
  Destination:            d_1_i/ddr4/ddr4_0/inst/u_ddr4_mem_intfc/u_ddr_cal_top/u_ddr_cal/u_xsdb_arbiter/u_slave_do_sync/SYNC[0].sync_reg_reg[0]/D
                            (rising edge-triggered cell FDRE clocked by mmcm_clkout5  {rise@0.000ns fall@6.001ns period=12.002ns})
  Path Group:             mmcm_clkout5
  Path Type:              Setup (Max at Slow Process Corner)
  Requirement:            12.000ns  (MaxDelay Path 12.000ns)
  Data Path Delay:        1.020ns  (logic 0.078ns (7.647%)  route 0.942ns (92.353%))
  Logic Levels:           0  
  Timing Exception:       MaxDelay Path 12.000ns -datapath_only

    Location             Delay type                Incr(ns)  Path(ns)    Netlist Resource(s)
  -------------------------------------------------------------------    -------------------
    SLICE_X94Y56                                      0.000     0.000 r  d_1_i/ddr4/ddr4_0/inst/u_ddr4_mem_intfc/u_ddr_cal_top/u_ddr_cal/u_xsdb_arbiter/slave_do_fclk_reg[0]/C
    SLICE_X94Y56         FDRE (Prop_DFF_SLICEM_C_Q)
                                                      0.078     0.078 r  d_1_i/ddr4/ddr4_0/inst/u_ddr4_mem_intfc/u_ddr_cal_top/u_ddr_cal/u_xsdb_arbiter/slave_do_fclk_reg[0]/Q
                         net (fo=1, routed)           0.942     1.020    d_1_i/ddr4/ddr4_0/inst/u_ddr4_mem_intfc/u_ddr_cal_top/u_ddr_cal/u_xsdb_arbiter/u_slave_do_sync/out[0]
    SLICE_X94Y56         FDRE                                         r  d_1_i/ddr4/ddr4_0/inst/u_ddr4_mem_intfc/u_ddr_cal_top/u_ddr_cal/u_xsdb_arbiter/u_slave_do_sync/SYNC[0].sync_reg_reg[0]/D
  -------------------------------------------------------------------    -------------------

                         max delay                   12.000    12.000    
    SLICE_X94Y56         FDRE (Setup_HFF2_SLICEM_C_D)
                                                      0.025    12.025    d_1_i/ddr4/ddr4_0/inst/u_ddr4_mem_intfc/u_ddr_cal_top/u_ddr_cal/u_xsdb_arbiter/u_slave_do_sync/SYNC[0].sync_reg_reg[0]
  -------------------------------------------------------------------
                         required time                         12.025    
                         arrival time                          -1.020    
  -------------------------------------------------------------------
                         slack                                 11.005    





---------------------------------------------------------------------------------------------------
From Clock:  mmcm_clkout0
  To Clock:  mmcm_clkout6

Setup :            0  Failing Endpoints,  Worst Slack        1.303ns,  Total Violation        0.000ns
Hold  :            0  Failing Endpoints,  Worst Slack        0.281ns,  Total Violation        0.000ns
---------------------------------------------------------------------------------------------------


Max Delay Paths
--------------------------------------------------------------------------------------
Slack (MET) :             1.303ns  (required time - arrival time)
  Source:                 d_1_i/ddr4/ddr4_0/inst/u_ddr4_mem_intfc/u_ddr_cal_top/sample_gts_reg/C
                            (rising edge-triggered cell FDRE clocked by mmcm_clkout0  {rise@0.000ns fall@1.500ns period=3.001ns})
  Destination:            d_1_i/ddr4/ddr4_0/inst/u_ddr4_mem_intfc/u_ddr_cal_riu/sample_gts_riu_reg/D
                            (rising edge-triggered cell FDRE clocked by mmcm_clkout6  {rise@0.000ns fall@3.001ns period=6.001ns})
  Path Group:             mmcm_clkout6
  Path Type:              Setup (Max at Slow Process Corner)
  Requirement:            3.001ns  (mmcm_clkout6 rise@6.001ns - mmcm_clkout0 rise@3.001ns)
  Data Path Delay:        1.345ns  (logic 0.079ns (5.874%)  route 1.266ns (94.126%))
  Logic Levels:           0  
  Clock Path Skew:        -0.190ns (DCD - SCD + CPR)
    Destination Clock Delay (DCD):    3.022ns = ( 9.023 - 6.001 ) 
    Source Clock Delay      (SCD):    2.635ns = ( 5.636 - 3.001 ) 
    Clock Pessimism Removal (CPR):    -0.577ns
  Clock Uncertainty:      0.188ns  ((TSJ^2 + DJ^2)^1/2) / 2 + PE
    Total System Jitter     (TSJ):    0.071ns
    Discrete Jitter          (DJ):    0.117ns
    Phase Error              (PE):    0.120ns
  Clock Net Delay (Source):      1.418ns (routing 0.415ns, distribution 1.003ns)
  Clock Net Delay (Destination): 1.251ns (routing 0.379ns, distribution 0.872ns)

    Location             Delay type                Incr(ns)  Path(ns)    Netlist Resource(s)
  -------------------------------------------------------------------    -------------------
                         (clock mmcm_clkout0 rise edge)
                                                      3.001     3.001 r  
    AR20                                              0.000     3.001 r  default_sysclk_c0_300mhz_clk_p (IN)
                         net (fo=0)                   0.100     3.101    d_1_i/ddr4/ddr4_0/inst/u_ddr4_mem_intfc/u_mig_ddr4_phy/inst/u_ddr4_phy_pll/diff_input_clk.u_ibufg_sys_clk/I
    HPIOBDIFFINBUF_X0Y35 DIFFINBUF (Prop_DIFFINBUF_HPIOBDIFFINBUF_DIFF_IN_P_O)
                                                      0.519     3.619 r  d_1_i/ddr4/ddr4_0/inst/u_ddr4_mem_intfc/u_mig_ddr4_phy/inst/u_ddr4_phy_pll/diff_input_clk.u_ibufg_sys_clk/DIFFINBUF_INST/O
                         net (fo=1, routed)           0.050     3.669    d_1_i/ddr4/ddr4_0/inst/u_ddr4_mem_intfc/u_mig_ddr4_phy/inst/u_ddr4_phy_pll/diff_input_clk.u_ibufg_sys_clk/OUT
    AR20                 IBUFCTRL (Prop_IBUFCTRL_HPIOB_M_I_O)
                                                      0.000     3.669 r  d_1_i/ddr4/ddr4_0/inst/u_ddr4_mem_intfc/u_mig_ddr4_phy/inst/u_ddr4_phy_pll/diff_input_clk.u_ibufg_sys_clk/IBUFCTRL_INST/O
                         net (fo=2, routed)           0.402     4.071    d_1_i/ddr4/ddr4_0/inst/u_ddr4_infrastructure/mmcm_clk_in
    MMCM_X0Y1            MMCME4_ADV (Prop_MMCM_CLKIN1_CLKOUT0)
                                                     -0.127     3.944 r  d_1_i/ddr4/ddr4_0/inst/u_ddr4_infrastructure/gen_mmcme4.u_mmcme_adv_inst/CLKOUT0
                         net (fo=1, routed)           0.245     4.189    d_1_i/ddr4/ddr4_0/inst/u_ddr4_infrastructure/mmcm_clkout0
    BUFGCE_X0Y41         BUFGCE (Prop_BUFCE_BUFGCE_I_O)
                                                      0.028     4.217 r  d_1_i/ddr4/ddr4_0/inst/u_ddr4_infrastructure/u_bufg_divClk/O
    X4Y1 (CLOCK_ROOT)    net (fo=25432, routed)       1.418     5.636    d_1_i/ddr4/ddr4_0/inst/u_ddr4_mem_intfc/u_ddr_cal_top/dReg_reg[13]
    SLICE_X92Y23         FDRE                                         r  d_1_i/ddr4/ddr4_0/inst/u_ddr4_mem_intfc/u_ddr_cal_top/sample_gts_reg/C
  -------------------------------------------------------------------    -------------------
    SLICE_X92Y23         FDRE (Prop_HFF_SLICEL_C_Q)
                                                      0.079     5.715 r  d_1_i/ddr4/ddr4_0/inst/u_ddr4_mem_intfc/u_ddr_cal_top/sample_gts_reg/Q
                         net (fo=1, routed)           1.266     6.981    d_1_i/ddr4/ddr4_0/inst/u_ddr4_mem_intfc/u_ddr_cal_riu/sample_gts
    SLICE_X93Y21         FDRE                                         r  d_1_i/ddr4/ddr4_0/inst/u_ddr4_mem_intfc/u_ddr_cal_riu/sample_gts_riu_reg/D
  -------------------------------------------------------------------    -------------------

                         (clock mmcm_clkout6 rise edge)
                                                      6.001     6.001 r  
    AR20                                              0.000     6.001 r  default_sysclk_c0_300mhz_clk_p (IN)
                         net (fo=0)                   0.079     6.080    d_1_i/ddr4/ddr4_0/inst/u_ddr4_mem_intfc/u_mig_ddr4_phy/inst/u_ddr4_phy_pll/diff_input_clk.u_ibufg_sys_clk/I
    HPIOBDIFFINBUF_X0Y35 DIFFINBUF (Prop_DIFFINBUF_HPIOBDIFFINBUF_DIFF_IN_P_O)
                                                      0.422     6.503 r  d_1_i/ddr4/ddr4_0/inst/u_ddr4_mem_intfc/u_mig_ddr4_phy/inst/u_ddr4_phy_pll/diff_input_clk.u_ibufg_sys_clk/DIFFINBUF_INST/O
                         net (fo=1, routed)           0.040     6.543    d_1_i/ddr4/ddr4_0/inst/u_ddr4_mem_intfc/u_mig_ddr4_phy/inst/u_ddr4_phy_pll/diff_input_clk.u_ibufg_sys_clk/OUT
    AR20                 IBUFCTRL (Prop_IBUFCTRL_HPIOB_M_I_O)
                                                      0.000     6.543 r  d_1_i/ddr4/ddr4_0/inst/u_ddr4_mem_intfc/u_mig_ddr4_phy/inst/u_ddr4_phy_pll/diff_input_clk.u_ibufg_sys_clk/IBUFCTRL_INST/O
                         net (fo=2, routed)           0.349     6.892    d_1_i/ddr4/ddr4_0/inst/u_ddr4_infrastructure/mmcm_clk_in
    MMCM_X0Y1            MMCME4_ADV (Prop_MMCM_CLKIN1_CLKOUT6)
                                                      0.630     7.522 r  d_1_i/ddr4/ddr4_0/inst/u_ddr4_infrastructure/gen_mmcme4.u_mmcme_adv_inst/CLKOUT6
                         net (fo=1, routed)           0.227     7.749    d_1_i/ddr4/ddr4_0/inst/u_ddr4_infrastructure/mmcm_clkout6
    BUFGCE_X0Y42         BUFGCE (Prop_BUFCE_BUFGCE_I_O)
                                                      0.024     7.773 r  d_1_i/ddr4/ddr4_0/inst/u_ddr4_infrastructure/u_bufg_riuClk/O
    X4Y1 (CLOCK_ROOT)    net (fo=1657, routed)        1.251     9.023    d_1_i/ddr4/ddr4_0/inst/u_ddr4_mem_intfc/u_ddr_cal_riu/CLK
    SLICE_X93Y21         FDRE                                         r  d_1_i/ddr4/ddr4_0/inst/u_ddr4_mem_intfc/u_ddr_cal_riu/sample_gts_riu_reg/C
                         clock pessimism             -0.577     8.447    
                         clock uncertainty           -0.188     8.258    
    SLICE_X93Y21         FDRE (Setup_CFF2_SLICEM_C_D)
                                                      0.025     8.283    d_1_i/ddr4/ddr4_0/inst/u_ddr4_mem_intfc/u_ddr_cal_riu/sample_gts_riu_reg
  -------------------------------------------------------------------
                         required time                          8.283    
                         arrival time                          -6.981    
  -------------------------------------------------------------------
                         slack                                  1.303    





Min Delay Paths
--------------------------------------------------------------------------------------
Slack (MET) :             0.281ns  (arrival time - required time)
  Source:                 d_1_i/ddr4/ddr4_0/inst/u_ddr4_mem_intfc/u_ddr_cal_top/sample_gts_reg/C
                            (rising edge-triggered cell FDRE clocked by mmcm_clkout0  {rise@0.000ns fall@1.500ns period=3.001ns})
  Destination:            d_1_i/ddr4/ddr4_0/inst/u_ddr4_mem_intfc/u_ddr_cal_riu/sample_gts_riu_reg/D
                            (rising edge-triggered cell FDRE clocked by mmcm_clkout6  {rise@0.000ns fall@3.001ns period=6.001ns})
  Path Group:             mmcm_clkout6
  Path Type:              Hold (Min at Fast Process Corner)
  Requirement:            0.000ns  (mmcm_clkout6 rise@0.000ns - mmcm_clkout0 rise@0.000ns)
  Data Path Delay:        0.661ns  (logic 0.039ns (5.900%)  route 0.622ns (94.100%))
  Logic Levels:           0  
  Clock Path Skew:        0.145ns (DCD - SCD - CPR)
    Destination Clock Delay (DCD):    1.574ns
    Source Clock Delay      (SCD):    1.794ns
    Clock Pessimism Removal (CPR):    -0.365ns
  Clock Uncertainty:      0.188ns  ((TSJ^2 + DJ^2)^1/2) / 2 + PE
    Total System Jitter     (TSJ):    0.071ns
    Discrete Jitter          (DJ):    0.117ns
    Phase Error              (PE):    0.120ns
  Clock Net Delay (Source):      0.789ns (routing 0.230ns, distribution 0.559ns)
  Clock Net Delay (Destination): 0.900ns (routing 0.255ns, distribution 0.645ns)

    Location             Delay type                Incr(ns)  Path(ns)    Netlist Resource(s)
  -------------------------------------------------------------------    -------------------
                         (clock mmcm_clkout0 rise edge)
                                                      0.000     0.000 r  
    AR20                                              0.000     0.000 r  default_sysclk_c0_300mhz_clk_p (IN)
                         net (fo=0)                   0.079     0.079    d_1_i/ddr4/ddr4_0/inst/u_ddr4_mem_intfc/u_mig_ddr4_phy/inst/u_ddr4_phy_pll/diff_input_clk.u_ibufg_sys_clk/I
    HPIOBDIFFINBUF_X0Y35 DIFFINBUF (Prop_DIFFINBUF_HPIOBDIFFINBUF_DIFF_IN_P_O)
                                                      0.277     0.356 r  d_1_i/ddr4/ddr4_0/inst/u_ddr4_mem_intfc/u_mig_ddr4_phy/inst/u_ddr4_phy_pll/diff_input_clk.u_ibufg_sys_clk/DIFFINBUF_INST/O
                         net (fo=1, routed)           0.040     0.396    d_1_i/ddr4/ddr4_0/inst/u_ddr4_mem_intfc/u_mig_ddr4_phy/inst/u_ddr4_phy_pll/diff_input_clk.u_ibufg_sys_clk/OUT
    AR20                 IBUFCTRL (Prop_IBUFCTRL_HPIOB_M_I_O)
                                                      0.000     0.396 r  d_1_i/ddr4/ddr4_0/inst/u_ddr4_mem_intfc/u_mig_ddr4_phy/inst/u_ddr4_phy_pll/diff_input_clk.u_ibufg_sys_clk/IBUFCTRL_INST/O
                         net (fo=2, routed)           0.216     0.612    d_1_i/ddr4/ddr4_0/inst/u_ddr4_infrastructure/mmcm_clk_in
    MMCM_X0Y1            MMCME4_ADV (Prop_MMCM_CLKIN1_CLKOUT0)
                                                      0.230     0.842 r  d_1_i/ddr4/ddr4_0/inst/u_ddr4_infrastructure/gen_mmcme4.u_mmcme_adv_inst/CLKOUT0
                         net (fo=1, routed)           0.146     0.988    d_1_i/ddr4/ddr4_0/inst/u_ddr4_infrastructure/mmcm_clkout0
    BUFGCE_X0Y41         BUFGCE (Prop_BUFCE_BUFGCE_I_O)
                                                      0.017     1.005 r  d_1_i/ddr4/ddr4_0/inst/u_ddr4_infrastructure/u_bufg_divClk/O
    X4Y1 (CLOCK_ROOT)    net (fo=25432, routed)       0.789     1.794    d_1_i/ddr4/ddr4_0/inst/u_ddr4_mem_intfc/u_ddr_cal_top/dReg_reg[13]
    SLICE_X92Y23         FDRE                                         r  d_1_i/ddr4/ddr4_0/inst/u_ddr4_mem_intfc/u_ddr_cal_top/sample_gts_reg/C
  -------------------------------------------------------------------    -------------------
    SLICE_X92Y23         FDRE (Prop_HFF_SLICEL_C_Q)
                                                      0.039     1.833 r  d_1_i/ddr4/ddr4_0/inst/u_ddr4_mem_intfc/u_ddr_cal_top/sample_gts_reg/Q
                         net (fo=1, routed)           0.622     2.455    d_1_i/ddr4/ddr4_0/inst/u_ddr4_mem_intfc/u_ddr_cal_riu/sample_gts
    SLICE_X93Y21         FDRE                                         r  d_1_i/ddr4/ddr4_0/inst/u_ddr4_mem_intfc/u_ddr_cal_riu/sample_gts_riu_reg/D
  -------------------------------------------------------------------    -------------------

                         (clock mmcm_clkout6 rise edge)
                                                      0.000     0.000 r  
    AR20                                              0.000     0.000 r  default_sysclk_c0_300mhz_clk_p (IN)
                         net (fo=0)                   0.100     0.100    d_1_i/ddr4/ddr4_0/inst/u_ddr4_mem_intfc/u_mig_ddr4_phy/inst/u_ddr4_phy_pll/diff_input_clk.u_ibufg_sys_clk/I
    HPIOBDIFFINBUF_X0Y35 DIFFINBUF (Prop_DIFFINBUF_HPIOBDIFFINBUF_DIFF_IN_P_O)
                                                      0.376     0.476 r  d_1_i/ddr4/ddr4_0/inst/u_ddr4_mem_intfc/u_mig_ddr4_phy/inst/u_ddr4_phy_pll/diff_input_clk.u_ibufg_sys_clk/DIFFINBUF_INST/O
                         net (fo=1, routed)           0.050     0.526    d_1_i/ddr4/ddr4_0/inst/u_ddr4_mem_intfc/u_mig_ddr4_phy/inst/u_ddr4_phy_pll/diff_input_clk.u_ibufg_sys_clk/OUT
    AR20                 IBUFCTRL (Prop_IBUFCTRL_HPIOB_M_I_O)
                                                      0.000     0.526 r  d_1_i/ddr4/ddr4_0/inst/u_ddr4_mem_intfc/u_mig_ddr4_phy/inst/u_ddr4_phy_pll/diff_input_clk.u_ibufg_sys_clk/IBUFCTRL_INST/O
                         net (fo=2, routed)           0.247     0.773    d_1_i/ddr4/ddr4_0/inst/u_ddr4_infrastructure/mmcm_clk_in
    MMCM_X0Y1            MMCME4_ADV (Prop_MMCM_CLKIN1_CLKOUT6)
                                                     -0.295     0.478 r  d_1_i/ddr4/ddr4_0/inst/u_ddr4_infrastructure/gen_mmcme4.u_mmcme_adv_inst/CLKOUT6
                         net (fo=1, routed)           0.177     0.655    d_1_i/ddr4/ddr4_0/inst/u_ddr4_infrastructure/mmcm_clkout6
    BUFGCE_X0Y42         BUFGCE (Prop_BUFCE_BUFGCE_I_O)
                                                      0.019     0.674 r  d_1_i/ddr4/ddr4_0/inst/u_ddr4_infrastructure/u_bufg_riuClk/O
    X4Y1 (CLOCK_ROOT)    net (fo=1657, routed)        0.900     1.574    d_1_i/ddr4/ddr4_0/inst/u_ddr4_mem_intfc/u_ddr_cal_riu/CLK
    SLICE_X93Y21         FDRE                                         r  d_1_i/ddr4/ddr4_0/inst/u_ddr4_mem_intfc/u_ddr_cal_riu/sample_gts_riu_reg/C
                         clock pessimism              0.365     1.939    
                         clock uncertainty            0.188     2.127    
    SLICE_X93Y21         FDRE (Hold_CFF2_SLICEM_C_D)
                                                      0.047     2.174    d_1_i/ddr4/ddr4_0/inst/u_ddr4_mem_intfc/u_ddr_cal_riu/sample_gts_riu_reg
  -------------------------------------------------------------------
                         required time                         -2.174    
                         arrival time                           2.455    
  -------------------------------------------------------------------
                         slack                                  0.281    





---------------------------------------------------------------------------------------------------
Path Group:  **async_default**
From Clock:  clk_104_pl
  To Clock:  clk_104_pl

Setup :            0  Failing Endpoints,  Worst Slack        1.599ns,  Total Violation        0.000ns
Hold  :            0  Failing Endpoints,  Worst Slack        0.722ns,  Total Violation        0.000ns
---------------------------------------------------------------------------------------------------


Max Delay Paths
--------------------------------------------------------------------------------------
Slack (MET) :             1.599ns  (required time - arrival time)
  Source:                 d_1_i/rst_adc2/U0/ACTIVE_LOW_PR_OUT_DFF[0].FDRE_PER_N_lopt_replica/C
                            (rising edge-triggered cell FDRE clocked by clk_104_pl  {rise@0.000ns fall@1.666ns period=3.333ns})
  Destination:            d_1_i/mr_buffer_et_0/U0/mr_buffer_v1_0_S00_AXI_inst/mr_buffer_i/DW_CAPTURE_REG_resync_i/data_int_reg_reg[0]/CLR
                            (recovery check against rising-edge clock clk_104_pl  {rise@0.000ns fall@1.666ns period=3.333ns})
  Path Group:             **async_default**
  Path Type:              Recovery (Max at Slow Process Corner)
  Requirement:            3.333ns  (clk_104_pl rise@3.333ns - clk_104_pl rise@0.000ns)
  Data Path Delay:        1.525ns  (logic 0.109ns (7.148%)  route 1.416ns (92.852%))
  Logic Levels:           1  (BUFGCE=1)
  Clock Path Skew:        -0.108ns (DCD - SCD + CPR)
    Destination Clock Delay (DCD):    4.006ns = ( 7.339 - 3.333 ) 
    Source Clock Delay      (SCD):    4.647ns
    Clock Pessimism Removal (CPR):    0.534ns
  Clock Uncertainty:      0.035ns  ((TSJ^2 + TIJ^2)^1/2 + DJ) / 2 + PE
    Total System Jitter     (TSJ):    0.071ns
    Total Input Jitter      (TIJ):    0.000ns
    Discrete Jitter          (DJ):    0.000ns
    Phase Error              (PE):    0.000ns
  Clock Net Delay (Source):      3.198ns (routing 1.638ns, distribution 1.560ns)
  Clock Net Delay (Destination): 2.942ns (routing 1.490ns, distribution 1.452ns)

    Location             Delay type                Incr(ns)  Path(ns)    Netlist Resource(s)
  -------------------------------------------------------------------    -------------------
                         (clock clk_104_pl rise edge)
                                                      0.000     0.000 r  
    E10                                               0.000     0.000 r  CLK104_PL_CLK_P (IN)
                         net (fo=0)                   0.000     0.000    d_1_i/dac_clk_diff_buf/U0/USE_IBUFDS.GEN_IBUFDS[0].IBUFDS_I/I
    HDIOBDIFFINBUF_X0Y42 DIFFINBUF (Prop_DIFFINBUF_HDIOBDIFFINBUF_DIFF_IN_P_O)
                                                      1.172     1.172 r  d_1_i/dac_clk_diff_buf/U0/USE_IBUFDS.GEN_IBUFDS[0].IBUFDS_I/DIFFINBUF_INST/O
                         net (fo=1, routed)           0.045     1.217    d_1_i/dac_clk_diff_buf/U0/USE_IBUFDS.GEN_IBUFDS[0].IBUFDS_I/OUT
    E10                  IBUFCTRL (Prop_IBUFCTRL_HDIOB_M_I_O)
                                                      0.000     1.217 r  d_1_i/dac_clk_diff_buf/U0/USE_IBUFDS.GEN_IBUFDS[0].IBUFDS_I/IBUFCTRL_INST/O
                         net (fo=1, routed)           0.204     1.421    d_1_i/dac_clk_buf/U0/BUFG_I[0]
    BUFGCE_HDIO_X1Y7     BUFGCE (Prop_BUFCE_BUFGCE_HDIO_I_O)
                                                      0.028     1.449 r  d_1_i/dac_clk_buf/U0/USE_BUFG.GEN_BUFG[0].BUFG_U/O
    X2Y3 (CLOCK_ROOT)    net (fo=274630, routed)      3.198     4.647    d_1_i/rst_adc2/U0/slowest_sync_clk
    SLICE_X81Y211        FDRE                                         r  d_1_i/rst_adc2/U0/ACTIVE_LOW_PR_OUT_DFF[0].FDRE_PER_N_lopt_replica/C
  -------------------------------------------------------------------    -------------------
    SLICE_X81Y211        FDRE (Prop_EFF2_SLICEL_C_Q)
                                                      0.081     4.728 r  d_1_i/rst_adc2/U0/ACTIVE_LOW_PR_OUT_DFF[0].FDRE_PER_N_lopt_replica/Q
                         net (fo=1, routed)           0.355     5.083    d_1_i/rst_adc2/U0/Q_replN
    BUFGCE_X0Y74         BUFGCE (Prop_BUFCE_BUFGCE_I_O)
                                                      0.028     5.111 r  d_1_i/rst_adc2/U0/peripheral_aresetn[0]_BUFG_inst/O
                         net (fo=34064, routed)       1.061     6.172    d_1_i/mr_buffer_et_0/U0/mr_buffer_v1_0_S00_AXI_inst/mr_buffer_i/DW_CAPTURE_REG_resync_i/SR[0]
    SLICE_X91Y270        FDCE                                         f  d_1_i/mr_buffer_et_0/U0/mr_buffer_v1_0_S00_AXI_inst/mr_buffer_i/DW_CAPTURE_REG_resync_i/data_int_reg_reg[0]/CLR  (IS_INVERTED)
  -------------------------------------------------------------------    -------------------

                         (clock clk_104_pl rise edge)
                                                      3.333     3.333 r  
    E10                                               0.000     3.333 r  CLK104_PL_CLK_P (IN)
                         net (fo=0)                   0.000     3.333    d_1_i/dac_clk_diff_buf/U0/USE_IBUFDS.GEN_IBUFDS[0].IBUFDS_I/I
    HDIOBDIFFINBUF_X0Y42 DIFFINBUF (Prop_DIFFINBUF_HDIOBDIFFINBUF_DIFF_IN_P_O)
                                                      0.837     4.170 r  d_1_i/dac_clk_diff_buf/U0/USE_IBUFDS.GEN_IBUFDS[0].IBUFDS_I/DIFFINBUF_INST/O
                         net (fo=1, routed)           0.034     4.204    d_1_i/dac_clk_diff_buf/U0/USE_IBUFDS.GEN_IBUFDS[0].IBUFDS_I/OUT
    E10                  IBUFCTRL (Prop_IBUFCTRL_HDIOB_M_I_O)
                                                      0.000     4.204 r  d_1_i/dac_clk_diff_buf/U0/USE_IBUFDS.GEN_IBUFDS[0].IBUFDS_I/IBUFCTRL_INST/O
                         net (fo=1, routed)           0.169     4.373    d_1_i/dac_clk_buf/U0/BUFG_I[0]
    BUFGCE_HDIO_X1Y7     BUFGCE (Prop_BUFCE_BUFGCE_HDIO_I_O)
                                                      0.024     4.397 r  d_1_i/dac_clk_buf/U0/USE_BUFG.GEN_BUFG[0].BUFG_U/O
    X2Y3 (CLOCK_ROOT)    net (fo=274630, routed)      2.942     7.339    d_1_i/mr_buffer_et_0/U0/mr_buffer_v1_0_S00_AXI_inst/mr_buffer_i/DW_CAPTURE_REG_resync_i/s00_axis_aclk
    SLICE_X91Y270        FDCE                                         r  d_1_i/mr_buffer_et_0/U0/mr_buffer_v1_0_S00_AXI_inst/mr_buffer_i/DW_CAPTURE_REG_resync_i/data_int_reg_reg[0]/C
                         clock pessimism              0.534     7.872    
                         clock uncertainty           -0.035     7.837    
    SLICE_X91Y270        FDCE (Recov_AFF_SLICEL_C_CLR)
                                                     -0.066     7.771    d_1_i/mr_buffer_et_0/U0/mr_buffer_v1_0_S00_AXI_inst/mr_buffer_i/DW_CAPTURE_REG_resync_i/data_int_reg_reg[0]
  -------------------------------------------------------------------
                         required time                          7.771    
                         arrival time                          -6.172    
  -------------------------------------------------------------------
                         slack                                  1.599    





Min Delay Paths
--------------------------------------------------------------------------------------
Slack (MET) :             0.722ns  (arrival time - required time)
  Source:                 d_1_i/rst_adc2/U0/ACTIVE_LOW_PR_OUT_DFF[0].FDRE_PER_N_lopt_replica/C
                            (rising edge-triggered cell FDRE clocked by clk_104_pl  {rise@0.000ns fall@1.666ns period=3.333ns})
  Destination:            d_1_i/mr_buffer_et_0/U0/mr_buffer_v1_0_S00_AXI_inst/mr_buffer_i/DW_CAPTURE_REG_resync_i/data_int_reg_reg[0]/CLR
                            (removal check against rising-edge clock clk_104_pl  {rise@0.000ns fall@1.666ns period=3.333ns})
  Path Group:             **async_default**
  Path Type:              Removal (Min at Fast Process Corner)
  Requirement:            0.000ns  (clk_104_pl rise@0.000ns - clk_104_pl rise@0.000ns)
  Data Path Delay:        0.845ns  (logic 0.057ns (6.746%)  route 0.788ns (93.254%))
  Logic Levels:           1  (BUFGCE=1)
  Clock Path Skew:        0.143ns (DCD - SCD - CPR)
    Destination Clock Delay (DCD):    3.020ns
    Source Clock Delay      (SCD):    2.499ns
    Clock Pessimism Removal (CPR):    0.379ns
  Clock Net Delay (Source):      1.754ns (routing 0.891ns, distribution 0.863ns)
  Clock Net Delay (Destination): 2.000ns (routing 0.994ns, distribution 1.006ns)

    Location             Delay type                Incr(ns)  Path(ns)    Netlist Resource(s)
  -------------------------------------------------------------------    -------------------
                         (clock clk_104_pl rise edge)
                                                      0.000     0.000 r  
    E10                                               0.000     0.000 r  CLK104_PL_CLK_P (IN)
                         net (fo=0)                   0.000     0.000    d_1_i/dac_clk_diff_buf/U0/USE_IBUFDS.GEN_IBUFDS[0].IBUFDS_I/I
    HDIOBDIFFINBUF_X0Y42 DIFFINBUF (Prop_DIFFINBUF_HDIOBDIFFINBUF_DIFF_IN_P_O)
                                                      0.603     0.603 r  d_1_i/dac_clk_diff_buf/U0/USE_IBUFDS.GEN_IBUFDS[0].IBUFDS_I/DIFFINBUF_INST/O
                         net (fo=1, routed)           0.034     0.637    d_1_i/dac_clk_diff_buf/U0/USE_IBUFDS.GEN_IBUFDS[0].IBUFDS_I/OUT
    E10                  IBUFCTRL (Prop_IBUFCTRL_HDIOB_M_I_O)
                                                      0.000     0.637 r  d_1_i/dac_clk_diff_buf/U0/USE_IBUFDS.GEN_IBUFDS[0].IBUFDS_I/IBUFCTRL_INST/O
                         net (fo=1, routed)           0.091     0.728    d_1_i/dac_clk_buf/U0/BUFG_I[0]
    BUFGCE_HDIO_X1Y7     BUFGCE (Prop_BUFCE_BUFGCE_HDIO_I_O)
                                                      0.017     0.745 r  d_1_i/dac_clk_buf/U0/USE_BUFG.GEN_BUFG[0].BUFG_U/O
    X2Y3 (CLOCK_ROOT)    net (fo=274630, routed)      1.754     2.499    d_1_i/rst_adc2/U0/slowest_sync_clk
    SLICE_X81Y211        FDRE                                         r  d_1_i/rst_adc2/U0/ACTIVE_LOW_PR_OUT_DFF[0].FDRE_PER_N_lopt_replica/C
  -------------------------------------------------------------------    -------------------
    SLICE_X81Y211        FDRE (Prop_EFF2_SLICEL_C_Q)
                                                      0.040     2.539 r  d_1_i/rst_adc2/U0/ACTIVE_LOW_PR_OUT_DFF[0].FDRE_PER_N_lopt_replica/Q
                         net (fo=1, routed)           0.191     2.730    d_1_i/rst_adc2/U0/Q_replN
    BUFGCE_X0Y74         BUFGCE (Prop_BUFCE_BUFGCE_I_O)
                                                      0.017     2.747 r  d_1_i/rst_adc2/U0/peripheral_aresetn[0]_BUFG_inst/O
                         net (fo=34064, routed)       0.597     3.344    d_1_i/mr_buffer_et_0/U0/mr_buffer_v1_0_S00_AXI_inst/mr_buffer_i/DW_CAPTURE_REG_resync_i/SR[0]
    SLICE_X91Y270        FDCE                                         f  d_1_i/mr_buffer_et_0/U0/mr_buffer_v1_0_S00_AXI_inst/mr_buffer_i/DW_CAPTURE_REG_resync_i/data_int_reg_reg[0]/CLR  (IS_INVERTED)
  -------------------------------------------------------------------    -------------------

                         (clock clk_104_pl rise edge)
                                                      0.000     0.000 r  
    E10                                               0.000     0.000 r  CLK104_PL_CLK_P (IN)
                         net (fo=0)                   0.000     0.000    d_1_i/dac_clk_diff_buf/U0/USE_IBUFDS.GEN_IBUFDS[0].IBUFDS_I/I
    HDIOBDIFFINBUF_X0Y42 DIFFINBUF (Prop_DIFFINBUF_HDIOBDIFFINBUF_DIFF_IN_P_O)
                                                      0.843     0.843 r  d_1_i/dac_clk_diff_buf/U0/USE_IBUFDS.GEN_IBUFDS[0].IBUFDS_I/DIFFINBUF_INST/O
                         net (fo=1, routed)           0.045     0.888    d_1_i/dac_clk_diff_buf/U0/USE_IBUFDS.GEN_IBUFDS[0].IBUFDS_I/OUT
    E10                  IBUFCTRL (Prop_IBUFCTRL_HDIOB_M_I_O)
                                                      0.000     0.888 r  d_1_i/dac_clk_diff_buf/U0/USE_IBUFDS.GEN_IBUFDS[0].IBUFDS_I/IBUFCTRL_INST/O
                         net (fo=1, routed)           0.113     1.001    d_1_i/dac_clk_buf/U0/BUFG_I[0]
    BUFGCE_HDIO_X1Y7     BUFGCE (Prop_BUFCE_BUFGCE_HDIO_I_O)
                                                      0.019     1.020 r  d_1_i/dac_clk_buf/U0/USE_BUFG.GEN_BUFG[0].BUFG_U/O
    X2Y3 (CLOCK_ROOT)    net (fo=274630, routed)      2.000     3.020    d_1_i/mr_buffer_et_0/U0/mr_buffer_v1_0_S00_AXI_inst/mr_buffer_i/DW_CAPTURE_REG_resync_i/s00_axis_aclk
    SLICE_X91Y270        FDCE                                         r  d_1_i/mr_buffer_et_0/U0/mr_buffer_v1_0_S00_AXI_inst/mr_buffer_i/DW_CAPTURE_REG_resync_i/data_int_reg_reg[0]/C
                         clock pessimism             -0.379     2.642    
    SLICE_X91Y270        FDCE (Remov_AFF_SLICEL_C_CLR)
                                                     -0.020     2.622    d_1_i/mr_buffer_et_0/U0/mr_buffer_v1_0_S00_AXI_inst/mr_buffer_i/DW_CAPTURE_REG_resync_i/data_int_reg_reg[0]
  -------------------------------------------------------------------
                         required time                         -2.622    
                         arrival time                           3.344    
  -------------------------------------------------------------------
                         slack                                  0.722    





---------------------------------------------------------------------------------------------------
Path Group:  **async_default**
From Clock:  clk_pl_0
  To Clock:  clk_pl_0

Setup :            0  Failing Endpoints,  Worst Slack        7.740ns,  Total Violation        0.000ns
Hold  :            0  Failing Endpoints,  Worst Slack        0.131ns,  Total Violation        0.000ns
---------------------------------------------------------------------------------------------------


Max Delay Paths
--------------------------------------------------------------------------------------
Slack (MET) :             7.740ns  (required time - arrival time)
  Source:                 d_1_i/rst_100/U0/ACTIVE_LOW_PR_OUT_DFF[0].FDRE_PER_N/C
                            (rising edge-triggered cell FDRE clocked by clk_pl_0  {rise@0.000ns fall@5.000ns period=10.000ns})
  Destination:            d_1_i/usp_rf_data_converter_0/inst/i_mts_sysref_count_dac/sysref_count_ff_reg[1]/CLR
                            (recovery check against rising-edge clock clk_pl_0  {rise@0.000ns fall@5.000ns period=10.000ns})
  Path Group:             **async_default**
  Path Type:              Recovery (Max at Slow Process Corner)
  Requirement:            10.000ns  (clk_pl_0 rise@10.000ns - clk_pl_0 rise@0.000ns)
  Data Path Delay:        1.999ns  (logic 0.107ns (5.353%)  route 1.892ns (94.647%))
  Logic Levels:           1  (BUFGCE=1)
  Clock Path Skew:        -0.065ns (DCD - SCD + CPR)
    Destination Clock Delay (DCD):    2.411ns = ( 12.411 - 10.000 ) 
    Source Clock Delay      (SCD):    2.599ns
    Clock Pessimism Removal (CPR):    0.123ns
  Clock Uncertainty:      0.130ns  ((TSJ^2 + DJ^2)^1/2) / 2 + PE
    Total System Jitter     (TSJ):    0.071ns
    Discrete Jitter          (DJ):    0.250ns
    Phase Error              (PE):    0.000ns
  Clock Net Delay (Source):      2.373ns (routing 0.777ns, distribution 1.596ns)
  Clock Net Delay (Destination): 2.229ns (routing 0.702ns, distribution 1.527ns)

    Location             Delay type                Incr(ns)  Path(ns)    Netlist Resource(s)
  -------------------------------------------------------------------    -------------------
                         (clock clk_pl_0 rise edge)
                                                      0.000     0.000 r  
    PS8_X0Y0             PS8                          0.000     0.000 r  d_1_i/zynq_ultra_ps_e_0/inst/PS8_i/PLCLK[0]
                         net (fo=1, routed)           0.198     0.198    d_1_i/zynq_ultra_ps_e_0/inst/pl_clk_unbuffered[0]
    BUFG_PS_X0Y71        BUFG_PS (Prop_BUFG_PS_I_O)
                                                      0.028     0.226 r  d_1_i/zynq_ultra_ps_e_0/inst/buffer_pl_clk_0.PL_CLK_0_BUFG/O
    X2Y3 (CLOCK_ROOT)    net (fo=58211, routed)       2.373     2.599    d_1_i/rst_100/U0/slowest_sync_clk
    SLICE_X84Y188        FDRE                                         r  d_1_i/rst_100/U0/ACTIVE_LOW_PR_OUT_DFF[0].FDRE_PER_N/C
  -------------------------------------------------------------------    -------------------
    SLICE_X84Y188        FDRE (Prop_GFF_SLICEL_C_Q)
                                                      0.079     2.678 r  d_1_i/rst_100/U0/ACTIVE_LOW_PR_OUT_DFF[0].FDRE_PER_N/Q
                         net (fo=1, routed)           0.608     3.286    d_1_i/rst_100/U0/peripheral_aresetn[0]_bufg_place
    BUFGCE_X0Y86         BUFGCE (Prop_BUFCE_BUFGCE_I_O)
                                                      0.028     3.314 r  d_1_i/rst_100/U0/ACTIVE_LOW_PR_OUT_DFF[0].FDRE_PER_N_bufg_place/O
                         net (fo=13554, routed)       1.284     4.598    d_1_i/usp_rf_data_converter_0/inst/i_mts_sysref_count_dac/reset_b
    SLICE_X104Y164       FDCE                                         f  d_1_i/usp_rf_data_converter_0/inst/i_mts_sysref_count_dac/sysref_count_ff_reg[1]/CLR  (IS_INVERTED)
  -------------------------------------------------------------------    -------------------

                         (clock clk_pl_0 rise edge)
                                                     10.000    10.000 r  
    PS8_X0Y0             PS8                          0.000    10.000 r  d_1_i/zynq_ultra_ps_e_0/inst/PS8_i/PLCLK[0]
                         net (fo=1, routed)           0.157    10.157    d_1_i/zynq_ultra_ps_e_0/inst/pl_clk_unbuffered[0]
    BUFG_PS_X0Y71        BUFG_PS (Prop_BUFG_PS_I_O)
                                                      0.025    10.182 r  d_1_i/zynq_ultra_ps_e_0/inst/buffer_pl_clk_0.PL_CLK_0_BUFG/O
    X2Y3 (CLOCK_ROOT)    net (fo=58211, routed)       2.229    12.411    d_1_i/usp_rf_data_converter_0/inst/i_mts_sysref_count_dac/clk
    SLICE_X104Y164       FDCE                                         r  d_1_i/usp_rf_data_converter_0/inst/i_mts_sysref_count_dac/sysref_count_ff_reg[1]/C
                         clock pessimism              0.123    12.534    
                         clock uncertainty           -0.130    12.404    
    SLICE_X104Y164       FDCE (Recov_CFF_SLICEM_C_CLR)
                                                     -0.066    12.338    d_1_i/usp_rf_data_converter_0/inst/i_mts_sysref_count_dac/sysref_count_ff_reg[1]
  -------------------------------------------------------------------
                         required time                         12.338    
                         arrival time                          -4.598    
  -------------------------------------------------------------------
                         slack                                  7.740    





Min Delay Paths
--------------------------------------------------------------------------------------
Slack (MET) :             0.131ns  (arrival time - required time)
  Source:                 d_1_i/ps8_0_axi_periph/i04_couplers/auto_ds/inst/gen_downsizer.gen_simple_downsizer.axi_downsizer_inst/USE_WRITE.write_addr_inst/USE_B_CHANNEL.cmd_b_queue/inst/fifo_gen_inst/inst_fifo_gen/gconvfifo.rf/grf.rf/rstblk/ngwrdrst.grst.g7serrst.gnsckt_wrst.gcc_rst.sckt_wr_rst_cc_reg[1]/C
                            (rising edge-triggered cell FDRE clocked by clk_pl_0  {rise@0.000ns fall@5.000ns period=10.000ns})
  Destination:            d_1_i/ps8_0_axi_periph/i04_couplers/auto_ds/inst/gen_downsizer.gen_simple_downsizer.axi_downsizer_inst/USE_WRITE.write_addr_inst/USE_B_CHANNEL.cmd_b_queue/inst/fifo_gen_inst/inst_fifo_gen/gconvfifo.rf/grf.rf/gntv_or_sync_fifo.gl0.rd/gr1.gr1_int.rfwft/aempty_fwft_i_reg/PRE
                            (removal check against rising-edge clock clk_pl_0  {rise@0.000ns fall@5.000ns period=10.000ns})
  Path Group:             **async_default**
  Path Type:              Removal (Min at Fast Process Corner)
  Requirement:            0.000ns  (clk_pl_0 rise@0.000ns - clk_pl_0 rise@0.000ns)
  Data Path Delay:        0.238ns  (logic 0.099ns (41.580%)  route 0.139ns (58.420%))
  Logic Levels:           1  (LUT3=1)
  Clock Path Skew:        0.127ns (DCD - SCD - CPR)
    Destination Clock Delay (DCD):    1.626ns
    Source Clock Delay      (SCD):    1.418ns
    Clock Pessimism Removal (CPR):    0.081ns
  Clock Net Delay (Source):      1.298ns (routing 0.420ns, distribution 0.878ns)
  Clock Net Delay (Destination): 1.479ns (routing 0.471ns, distribution 1.008ns)

    Location             Delay type                Incr(ns)  Path(ns)    Netlist Resource(s)
  -------------------------------------------------------------------    -------------------
                         (clock clk_pl_0 rise edge)
                                                      0.000     0.000 r  
    PS8_X0Y0             PS8                          0.000     0.000 r  d_1_i/zynq_ultra_ps_e_0/inst/PS8_i/PLCLK[0]
                         net (fo=1, routed)           0.103     0.103    d_1_i/zynq_ultra_ps_e_0/inst/pl_clk_unbuffered[0]
    BUFG_PS_X0Y71        BUFG_PS (Prop_BUFG_PS_I_O)
                                                      0.017     0.120 r  d_1_i/zynq_ultra_ps_e_0/inst/buffer_pl_clk_0.PL_CLK_0_BUFG/O
    X2Y3 (CLOCK_ROOT)    net (fo=58211, routed)       1.298     1.418    d_1_i/ps8_0_axi_periph/i04_couplers/auto_ds/inst/gen_downsizer.gen_simple_downsizer.axi_downsizer_inst/USE_WRITE.write_addr_inst/USE_B_CHANNEL.cmd_b_queue/inst/fifo_gen_inst/inst_fifo_gen/gconvfifo.rf/grf.rf/rstblk/clk
    SLICE_X85Y180        FDRE                                         r  d_1_i/ps8_0_axi_periph/i04_couplers/auto_ds/inst/gen_downsizer.gen_simple_downsizer.axi_downsizer_inst/USE_WRITE.write_addr_inst/USE_B_CHANNEL.cmd_b_queue/inst/fifo_gen_inst/inst_fifo_gen/gconvfifo.rf/grf.rf/rstblk/ngwrdrst.grst.g7serrst.gnsckt_wrst.gcc_rst.sckt_wr_rst_cc_reg[1]/C
  -------------------------------------------------------------------    -------------------
    SLICE_X85Y180        FDRE (Prop_CFF_SLICEL_C_Q)
                                                      0.039     1.457 f  d_1_i/ps8_0_axi_periph/i04_couplers/auto_ds/inst/gen_downsizer.gen_simple_downsizer.axi_downsizer_inst/USE_WRITE.write_addr_inst/USE_B_CHANNEL.cmd_b_queue/inst/fifo_gen_inst/inst_fifo_gen/gconvfifo.rf/grf.rf/rstblk/ngwrdrst.grst.g7serrst.gnsckt_wrst.gcc_rst.sckt_wr_rst_cc_reg[1]/Q
                         net (fo=2, routed)           0.037     1.494    d_1_i/ps8_0_axi_periph/i04_couplers/auto_ds/inst/gen_downsizer.gen_simple_downsizer.axi_downsizer_inst/USE_WRITE.write_addr_inst/USE_B_CHANNEL.cmd_b_queue/inst/fifo_gen_inst/inst_fifo_gen/gconvfifo.rf/grf.rf/rstblk/ngwrdrst.grst.g7serrst.gnsckt_wrst.gcc_rst.sckt_wr_rst_cc[1]
    SLICE_X85Y180        LUT3 (Prop_G6LUT_SLICEL_I0_O)
                                                      0.060     1.554 f  d_1_i/ps8_0_axi_periph/i04_couplers/auto_ds/inst/gen_downsizer.gen_simple_downsizer.axi_downsizer_inst/USE_WRITE.write_addr_inst/USE_B_CHANNEL.cmd_b_queue/inst/fifo_gen_inst/inst_fifo_gen/gconvfifo.rf/grf.rf/rstblk/gpregsm1.curr_fwft_state[1]_i_2/O
                         net (fo=32, routed)          0.102     1.656    d_1_i/ps8_0_axi_periph/i04_couplers/auto_ds/inst/gen_downsizer.gen_simple_downsizer.axi_downsizer_inst/USE_WRITE.write_addr_inst/USE_B_CHANNEL.cmd_b_queue/inst/fifo_gen_inst/inst_fifo_gen/gconvfifo.rf/grf.rf/gntv_or_sync_fifo.gl0.rd/gr1.gr1_int.rfwft/gpregsm1.user_valid_reg_0
    SLICE_X85Y179        FDPE                                         f  d_1_i/ps8_0_axi_periph/i04_couplers/auto_ds/inst/gen_downsizer.gen_simple_downsizer.axi_downsizer_inst/USE_WRITE.write_addr_inst/USE_B_CHANNEL.cmd_b_queue/inst/fifo_gen_inst/inst_fifo_gen/gconvfifo.rf/grf.rf/gntv_or_sync_fifo.gl0.rd/gr1.gr1_int.rfwft/aempty_fwft_i_reg/PRE
  -------------------------------------------------------------------    -------------------

                         (clock clk_pl_0 rise edge)
                                                      0.000     0.000 r  
    PS8_X0Y0             PS8                          0.000     0.000 r  d_1_i/zynq_ultra_ps_e_0/inst/PS8_i/PLCLK[0]
                         net (fo=1, routed)           0.129     0.129    d_1_i/zynq_ultra_ps_e_0/inst/pl_clk_unbuffered[0]
    BUFG_PS_X0Y71        BUFG_PS (Prop_BUFG_PS_I_O)
                                                      0.018     0.147 r  d_1_i/zynq_ultra_ps_e_0/inst/buffer_pl_clk_0.PL_CLK_0_BUFG/O
    X2Y3 (CLOCK_ROOT)    net (fo=58211, routed)       1.479     1.626    d_1_i/ps8_0_axi_periph/i04_couplers/auto_ds/inst/gen_downsizer.gen_simple_downsizer.axi_downsizer_inst/USE_WRITE.write_addr_inst/USE_B_CHANNEL.cmd_b_queue/inst/fifo_gen_inst/inst_fifo_gen/gconvfifo.rf/grf.rf/gntv_or_sync_fifo.gl0.rd/gr1.gr1_int.rfwft/clk
    SLICE_X85Y179        FDPE                                         r  d_1_i/ps8_0_axi_periph/i04_couplers/auto_ds/inst/gen_downsizer.gen_simple_downsizer.axi_downsizer_inst/USE_WRITE.write_addr_inst/USE_B_CHANNEL.cmd_b_queue/inst/fifo_gen_inst/inst_fifo_gen/gconvfifo.rf/grf.rf/gntv_or_sync_fifo.gl0.rd/gr1.gr1_int.rfwft/aempty_fwft_i_reg/C
                         clock pessimism             -0.081     1.545    
    SLICE_X85Y179        FDPE (Remov_HFF2_SLICEL_C_PRE)
                                                     -0.020     1.525    d_1_i/ps8_0_axi_periph/i04_couplers/auto_ds/inst/gen_downsizer.gen_simple_downsizer.axi_downsizer_inst/USE_WRITE.write_addr_inst/USE_B_CHANNEL.cmd_b_queue/inst/fifo_gen_inst/inst_fifo_gen/gconvfifo.rf/grf.rf/gntv_or_sync_fifo.gl0.rd/gr1.gr1_int.rfwft/aempty_fwft_i_reg
  -------------------------------------------------------------------
                         required time                         -1.525    
                         arrival time                           1.656    
  -------------------------------------------------------------------
                         slack                                  0.131    





---------------------------------------------------------------------------------------------------
Path Group:  **async_default**
From Clock:  dbg_hub/inst/BSCANID.u_xsdbm_id/SWITCH_N_EXT_BSCAN.bscan_inst/SERIES7_BSCAN.bscan_inst/INTERNAL_TCK
  To Clock:  dbg_hub/inst/BSCANID.u_xsdbm_id/SWITCH_N_EXT_BSCAN.bscan_inst/SERIES7_BSCAN.bscan_inst/INTERNAL_TCK

Setup :            0  Failing Endpoints,  Worst Slack       48.507ns,  Total Violation        0.000ns
Hold  :            0  Failing Endpoints,  Worst Slack        0.119ns,  Total Violation        0.000ns
---------------------------------------------------------------------------------------------------


Max Delay Paths
--------------------------------------------------------------------------------------
Slack (MET) :             48.507ns  (required time - arrival time)
  Source:                 dbg_hub/inst/BSCANID.u_xsdbm_id/SWITCH_N_EXT_BSCAN.bscan_switch/state_reg[0]/C
                            (rising edge-triggered cell FDRE clocked by dbg_hub/inst/BSCANID.u_xsdbm_id/SWITCH_N_EXT_BSCAN.bscan_inst/SERIES7_BSCAN.bscan_inst/INTERNAL_TCK  {rise@0.000ns fall@25.000ns period=50.000ns})
  Destination:            dbg_hub/inst/BSCANID.u_xsdbm_id/CORE_XSDB.U_ICON/U_CMD/iTARGET_reg[10]/CLR
                            (recovery check against rising-edge clock dbg_hub/inst/BSCANID.u_xsdbm_id/SWITCH_N_EXT_BSCAN.bscan_inst/SERIES7_BSCAN.bscan_inst/INTERNAL_TCK  {rise@0.000ns fall@25.000ns period=50.000ns})
  Path Group:             **async_default**
  Path Type:              Recovery (Max at Slow Process Corner)
  Requirement:            50.000ns  (dbg_hub/inst/BSCANID.u_xsdbm_id/SWITCH_N_EXT_BSCAN.bscan_inst/SERIES7_BSCAN.bscan_inst/INTERNAL_TCK rise@50.000ns - dbg_hub/inst/BSCANID.u_xsdbm_id/SWITCH_N_EXT_BSCAN.bscan_inst/SERIES7_BSCAN.bscan_inst/INTERNAL_TCK rise@0.000ns)
  Data Path Delay:        1.306ns  (logic 0.237ns (18.140%)  route 1.069ns (81.860%))
  Logic Levels:           1  (LUT4=1)
  Clock Path Skew:        -0.086ns (DCD - SCD + CPR)
    Destination Clock Delay (DCD):    4.473ns = ( 54.473 - 50.000 ) 
    Source Clock Delay      (SCD):    9.495ns
    Clock Pessimism Removal (CPR):    4.936ns
  Clock Uncertainty:      0.035ns  ((TSJ^2 + TIJ^2)^1/2 + DJ) / 2 + PE
    Total System Jitter     (TSJ):    0.071ns
    Total Input Jitter      (TIJ):    0.000ns
    Discrete Jitter          (DJ):    0.000ns
    Phase Error              (PE):    0.000ns
  Clock Net Delay (Source):      2.480ns (routing 1.530ns, distribution 0.950ns)
  Clock Net Delay (Destination): 2.203ns (routing 1.385ns, distribution 0.818ns)

    Location             Delay type                Incr(ns)  Path(ns)    Netlist Resource(s)
  -------------------------------------------------------------------    -------------------
                         (clock dbg_hub/inst/BSCANID.u_xsdbm_id/SWITCH_N_EXT_BSCAN.bscan_inst/SERIES7_BSCAN.bscan_inst/INTERNAL_TCK rise edge)
                                                      0.000     0.000 r  
    CONFIG_SITE_X0Y0     BSCANE2                      0.000     0.000 r  dbg_hub/inst/BSCANID.u_xsdbm_id/SWITCH_N_EXT_BSCAN.bscan_inst/SERIES7_BSCAN.bscan_inst/INTERNAL_TCK
    CONFIG_SITE_X0Y0     BSCANE2 (Prop_BSCAN1_CONFIG_SITE_INTERNAL_TCK_TCK)
                                                      4.300     4.300 r  dbg_hub/inst/BSCANID.u_xsdbm_id/SWITCH_N_EXT_BSCAN.bscan_inst/SERIES7_BSCAN.bscan_inst/TCK
                         net (fo=1, routed)           2.687     6.987    dbg_hub/inst/BSCANID.u_xsdbm_id/tck_bs
    BUFGCE_X0Y123        BUFGCE (Prop_BUFCE_BUFGCE_I_O)
                                                      0.028     7.015 r  dbg_hub/inst/BSCANID.u_xsdbm_id/SWITCH_N_EXT_BSCAN.u_bufg_icon_tck/O
    X4Y0 (CLOCK_ROOT)    net (fo=478, routed)         2.480     9.495    dbg_hub/inst/BSCANID.u_xsdbm_id/SWITCH_N_EXT_BSCAN.bscan_switch/s_bscan_tck
    SLICE_X106Y103       FDRE                                         r  dbg_hub/inst/BSCANID.u_xsdbm_id/SWITCH_N_EXT_BSCAN.bscan_switch/state_reg[0]/C
  -------------------------------------------------------------------    -------------------
    SLICE_X106Y103       FDRE (Prop_AFF_SLICEL_C_Q)
                                                      0.079     9.574 f  dbg_hub/inst/BSCANID.u_xsdbm_id/SWITCH_N_EXT_BSCAN.bscan_switch/state_reg[0]/Q
                         net (fo=50, routed)          0.482    10.056    dbg_hub/inst/BSCANID.u_xsdbm_id/SWITCH_N_EXT_BSCAN.bscan_switch/state[0]
    SLICE_X104Y94        LUT4 (Prop_D5LUT_SLICEM_I1_O)
                                                      0.158    10.214 r  dbg_hub/inst/BSCANID.u_xsdbm_id/SWITCH_N_EXT_BSCAN.bscan_switch/m_bscan_sel[0]_INST_0/O
                         net (fo=11, routed)          0.587    10.801    dbg_hub/inst/BSCANID.u_xsdbm_id/CORE_XSDB.U_ICON/U_CMD/iTARGET_reg[6]_0
    SLICE_X103Y78        FDCE                                         f  dbg_hub/inst/BSCANID.u_xsdbm_id/CORE_XSDB.U_ICON/U_CMD/iTARGET_reg[10]/CLR  (IS_INVERTED)
  -------------------------------------------------------------------    -------------------

                         (clock dbg_hub/inst/BSCANID.u_xsdbm_id/SWITCH_N_EXT_BSCAN.bscan_inst/SERIES7_BSCAN.bscan_inst/INTERNAL_TCK rise edge)
                                                     50.000    50.000 r  
    CONFIG_SITE_X0Y0     BSCANE2                      0.000    50.000 r  dbg_hub/inst/BSCANID.u_xsdbm_id/SWITCH_N_EXT_BSCAN.bscan_inst/SERIES7_BSCAN.bscan_inst/INTERNAL_TCK
    CONFIG_SITE_X0Y0     BSCANE2 (Prop_BSCAN1_CONFIG_SITE_INTERNAL_TCK_TCK)
                                                      0.465    50.465 r  dbg_hub/inst/BSCANID.u_xsdbm_id/SWITCH_N_EXT_BSCAN.bscan_inst/SERIES7_BSCAN.bscan_inst/TCK
                         net (fo=1, routed)           1.781    52.246    dbg_hub/inst/BSCANID.u_xsdbm_id/tck_bs
    BUFGCE_X0Y123        BUFGCE (Prop_BUFCE_BUFGCE_I_O)
                                                      0.024    52.270 r  dbg_hub/inst/BSCANID.u_xsdbm_id/SWITCH_N_EXT_BSCAN.u_bufg_icon_tck/O
    X4Y0 (CLOCK_ROOT)    net (fo=478, routed)         2.203    54.473    dbg_hub/inst/BSCANID.u_xsdbm_id/CORE_XSDB.U_ICON/U_CMD/m_bscan_tck[0]
    SLICE_X103Y78        FDCE                                         r  dbg_hub/inst/BSCANID.u_xsdbm_id/CORE_XSDB.U_ICON/U_CMD/iTARGET_reg[10]/C
                         clock pessimism              4.936    59.409    
                         clock uncertainty           -0.035    59.374    
    SLICE_X103Y78        FDCE (Recov_EFF_SLICEM_C_CLR)
                                                     -0.066    59.308    dbg_hub/inst/BSCANID.u_xsdbm_id/CORE_XSDB.U_ICON/U_CMD/iTARGET_reg[10]
  -------------------------------------------------------------------
                         required time                         59.308    
                         arrival time                         -10.801    
  -------------------------------------------------------------------
                         slack                                 48.507    





Min Delay Paths
--------------------------------------------------------------------------------------
Slack (MET) :             0.119ns  (arrival time - required time)
  Source:                 dbg_hub/inst/BSCANID.u_xsdbm_id/CORE_XSDB.UUT_MASTER/U_ICON_INTERFACE/U_CMD6_WR/U_WR_FIFO/SUBCORE_FIFO.xsdbm_v3_0_0_wrfifo_inst/inst_fifo_gen/gconvfifo.rf/grf.rf/rstblk/ngwrdrst.grst.g7serrst.rst_wr_reg2_reg/C
                            (rising edge-triggered cell FDPE clocked by dbg_hub/inst/BSCANID.u_xsdbm_id/SWITCH_N_EXT_BSCAN.bscan_inst/SERIES7_BSCAN.bscan_inst/INTERNAL_TCK  {rise@0.000ns fall@25.000ns period=50.000ns})
  Destination:            dbg_hub/inst/BSCANID.u_xsdbm_id/CORE_XSDB.UUT_MASTER/U_ICON_INTERFACE/U_CMD6_WR/U_WR_FIFO/SUBCORE_FIFO.xsdbm_v3_0_0_wrfifo_inst/inst_fifo_gen/gconvfifo.rf/grf.rf/rstblk/ngwrdrst.grst.g7serrst.wr_rst_asreg_reg/PRE
                            (removal check against rising-edge clock dbg_hub/inst/BSCANID.u_xsdbm_id/SWITCH_N_EXT_BSCAN.bscan_inst/SERIES7_BSCAN.bscan_inst/INTERNAL_TCK  {rise@0.000ns fall@25.000ns period=50.000ns})
  Path Group:             **async_default**
  Path Type:              Removal (Min at Fast Process Corner)
  Requirement:            0.000ns  (dbg_hub/inst/BSCANID.u_xsdbm_id/SWITCH_N_EXT_BSCAN.bscan_inst/SERIES7_BSCAN.bscan_inst/INTERNAL_TCK rise@0.000ns - dbg_hub/inst/BSCANID.u_xsdbm_id/SWITCH_N_EXT_BSCAN.bscan_inst/SERIES7_BSCAN.bscan_inst/INTERNAL_TCK rise@0.000ns)
  Data Path Delay:        0.114ns  (logic 0.039ns (34.211%)  route 0.075ns (65.790%))
  Logic Levels:           0  
  Clock Path Skew:        0.015ns (DCD - SCD - CPR)
    Destination Clock Delay (DCD):    7.725ns
    Source Clock Delay      (SCD):    3.251ns
    Clock Pessimism Removal (CPR):    4.460ns
  Clock Net Delay (Source):      1.360ns (routing 0.842ns, distribution 0.518ns)
  Clock Net Delay (Destination): 1.544ns (routing 0.948ns, distribution 0.596ns)

    Location             Delay type                Incr(ns)  Path(ns)    Netlist Resource(s)
  -------------------------------------------------------------------    -------------------
                         (clock dbg_hub/inst/BSCANID.u_xsdbm_id/SWITCH_N_EXT_BSCAN.bscan_inst/SERIES7_BSCAN.bscan_inst/INTERNAL_TCK rise edge)
                                                      0.000     0.000 r  
    CONFIG_SITE_X0Y0     BSCANE2                      0.000     0.000 r  dbg_hub/inst/BSCANID.u_xsdbm_id/SWITCH_N_EXT_BSCAN.bscan_inst/SERIES7_BSCAN.bscan_inst/INTERNAL_TCK
    CONFIG_SITE_X0Y0     BSCANE2 (Prop_BSCAN1_CONFIG_SITE_INTERNAL_TCK_TCK)
                                                      0.465     0.465 r  dbg_hub/inst/BSCANID.u_xsdbm_id/SWITCH_N_EXT_BSCAN.bscan_inst/SERIES7_BSCAN.bscan_inst/TCK
                         net (fo=1, routed)           1.409     1.874    dbg_hub/inst/BSCANID.u_xsdbm_id/tck_bs
    BUFGCE_X0Y123        BUFGCE (Prop_BUFCE_BUFGCE_I_O)
                                                      0.017     1.891 r  dbg_hub/inst/BSCANID.u_xsdbm_id/SWITCH_N_EXT_BSCAN.u_bufg_icon_tck/O
    X4Y0 (CLOCK_ROOT)    net (fo=478, routed)         1.360     3.251    dbg_hub/inst/BSCANID.u_xsdbm_id/CORE_XSDB.UUT_MASTER/U_ICON_INTERFACE/U_CMD6_WR/U_WR_FIFO/SUBCORE_FIFO.xsdbm_v3_0_0_wrfifo_inst/inst_fifo_gen/gconvfifo.rf/grf.rf/rstblk/wr_clk
    SLICE_X107Y54        FDPE                                         r  dbg_hub/inst/BSCANID.u_xsdbm_id/CORE_XSDB.UUT_MASTER/U_ICON_INTERFACE/U_CMD6_WR/U_WR_FIFO/SUBCORE_FIFO.xsdbm_v3_0_0_wrfifo_inst/inst_fifo_gen/gconvfifo.rf/grf.rf/rstblk/ngwrdrst.grst.g7serrst.rst_wr_reg2_reg/C
  -------------------------------------------------------------------    -------------------
    SLICE_X107Y54        FDPE (Prop_EFF2_SLICEM_C_Q)
                                                      0.039     3.290 f  dbg_hub/inst/BSCANID.u_xsdbm_id/CORE_XSDB.UUT_MASTER/U_ICON_INTERFACE/U_CMD6_WR/U_WR_FIFO/SUBCORE_FIFO.xsdbm_v3_0_0_wrfifo_inst/inst_fifo_gen/gconvfifo.rf/grf.rf/rstblk/ngwrdrst.grst.g7serrst.rst_wr_reg2_reg/Q
                         net (fo=1, routed)           0.075     3.365    dbg_hub/inst/BSCANID.u_xsdbm_id/CORE_XSDB.UUT_MASTER/U_ICON_INTERFACE/U_CMD6_WR/U_WR_FIFO/SUBCORE_FIFO.xsdbm_v3_0_0_wrfifo_inst/inst_fifo_gen/gconvfifo.rf/grf.rf/rstblk/ngwrdrst.rst_wr_reg2
    SLICE_X107Y54        FDPE                                         f  dbg_hub/inst/BSCANID.u_xsdbm_id/CORE_XSDB.UUT_MASTER/U_ICON_INTERFACE/U_CMD6_WR/U_WR_FIFO/SUBCORE_FIFO.xsdbm_v3_0_0_wrfifo_inst/inst_fifo_gen/gconvfifo.rf/grf.rf/rstblk/ngwrdrst.grst.g7serrst.wr_rst_asreg_reg/PRE
  -------------------------------------------------------------------    -------------------

                         (clock dbg_hub/inst/BSCANID.u_xsdbm_id/SWITCH_N_EXT_BSCAN.bscan_inst/SERIES7_BSCAN.bscan_inst/INTERNAL_TCK rise edge)
                                                      0.000     0.000 r  
    CONFIG_SITE_X0Y0     BSCANE2                      0.000     0.000 r  dbg_hub/inst/BSCANID.u_xsdbm_id/SWITCH_N_EXT_BSCAN.bscan_inst/SERIES7_BSCAN.bscan_inst/INTERNAL_TCK
    CONFIG_SITE_X0Y0     BSCANE2 (Prop_BSCAN1_CONFIG_SITE_INTERNAL_TCK_TCK)
                                                      4.300     4.300 r  dbg_hub/inst/BSCANID.u_xsdbm_id/SWITCH_N_EXT_BSCAN.bscan_inst/SERIES7_BSCAN.bscan_inst/TCK
                         net (fo=1, routed)           1.862     6.162    dbg_hub/inst/BSCANID.u_xsdbm_id/tck_bs
    BUFGCE_X0Y123        BUFGCE (Prop_BUFCE_BUFGCE_I_O)
                                                      0.019     6.181 r  dbg_hub/inst/BSCANID.u_xsdbm_id/SWITCH_N_EXT_BSCAN.u_bufg_icon_tck/O
    X4Y0 (CLOCK_ROOT)    net (fo=478, routed)         1.544     7.725    dbg_hub/inst/BSCANID.u_xsdbm_id/CORE_XSDB.UUT_MASTER/U_ICON_INTERFACE/U_CMD6_WR/U_WR_FIFO/SUBCORE_FIFO.xsdbm_v3_0_0_wrfifo_inst/inst_fifo_gen/gconvfifo.rf/grf.rf/rstblk/wr_clk
    SLICE_X107Y54        FDPE                                         r  dbg_hub/inst/BSCANID.u_xsdbm_id/CORE_XSDB.UUT_MASTER/U_ICON_INTERFACE/U_CMD6_WR/U_WR_FIFO/SUBCORE_FIFO.xsdbm_v3_0_0_wrfifo_inst/inst_fifo_gen/gconvfifo.rf/grf.rf/rstblk/ngwrdrst.grst.g7serrst.wr_rst_asreg_reg/C
                         clock pessimism             -4.460     3.265    
    SLICE_X107Y54        FDPE (Remov_DFF2_SLICEM_C_PRE)
                                                     -0.020     3.245    dbg_hub/inst/BSCANID.u_xsdbm_id/CORE_XSDB.UUT_MASTER/U_ICON_INTERFACE/U_CMD6_WR/U_WR_FIFO/SUBCORE_FIFO.xsdbm_v3_0_0_wrfifo_inst/inst_fifo_gen/gconvfifo.rf/grf.rf/rstblk/ngwrdrst.grst.g7serrst.wr_rst_asreg_reg
  -------------------------------------------------------------------
                         required time                         -3.245    
                         arrival time                           3.365    
  -------------------------------------------------------------------
                         slack                                  0.119    





---------------------------------------------------------------------------------------------------
Path Group:  **async_default**
From Clock:  mmcm_clkout5
  To Clock:  mmcm_clkout5

Setup :            0  Failing Endpoints,  Worst Slack       10.853ns,  Total Violation        0.000ns
Hold  :            0  Failing Endpoints,  Worst Slack        0.111ns,  Total Violation        0.000ns
---------------------------------------------------------------------------------------------------


Max Delay Paths
--------------------------------------------------------------------------------------
Slack (MET) :             10.853ns  (required time - arrival time)
  Source:                 dbg_hub/inst/BSCANID.u_xsdbm_id/CORE_XSDB.UUT_MASTER/U_ICON_INTERFACE/U_CMD1/ctl_reg_reg[0]/C
                            (rising edge-triggered cell FDRE clocked by mmcm_clkout5  {rise@0.000ns fall@6.001ns period=12.002ns})
  Destination:            dbg_hub/inst/BSCANID.u_xsdbm_id/CORE_XSDB.UUT_MASTER/U_XSDB_BUS_CONTROLLER/FSM_onehot_current_state_reg[12]/CLR
                            (recovery check against rising-edge clock mmcm_clkout5  {rise@0.000ns fall@6.001ns period=12.002ns})
  Path Group:             **async_default**
  Path Type:              Recovery (Max at Slow Process Corner)
  Requirement:            12.002ns  (mmcm_clkout5 rise@12.002ns - mmcm_clkout5 rise@0.000ns)
  Data Path Delay:        0.955ns  (logic 0.079ns (8.270%)  route 0.876ns (91.730%))
  Logic Levels:           0  
  Clock Path Skew:        -0.052ns (DCD - SCD + CPR)
    Destination Clock Delay (DCD):    2.875ns = ( 14.877 - 12.002 ) 
    Source Clock Delay      (SCD):    2.512ns
    Clock Pessimism Removal (CPR):    -0.416ns
  Clock Uncertainty:      0.076ns  ((TSJ^2 + DJ^2)^1/2) / 2 + PE
    Total System Jitter     (TSJ):    0.071ns
    Discrete Jitter          (DJ):    0.134ns
    Phase Error              (PE):    0.000ns
  Clock Net Delay (Source):      1.304ns (routing 0.171ns, distribution 1.133ns)
  Clock Net Delay (Destination): 1.124ns (routing 0.155ns, distribution 0.969ns)

    Location             Delay type                Incr(ns)  Path(ns)    Netlist Resource(s)
  -------------------------------------------------------------------    -------------------
                         (clock mmcm_clkout5 rise edge)
                                                      0.000     0.000 r  
    AR20                                              0.000     0.000 r  default_sysclk_c0_300mhz_clk_p (IN)
                         net (fo=0)                   0.100     0.100    d_1_i/ddr4/ddr4_0/inst/u_ddr4_mem_intfc/u_mig_ddr4_phy/inst/u_ddr4_phy_pll/diff_input_clk.u_ibufg_sys_clk/I
    HPIOBDIFFINBUF_X0Y35 DIFFINBUF (Prop_DIFFINBUF_HPIOBDIFFINBUF_DIFF_IN_P_O)
                                                      0.519     0.619 r  d_1_i/ddr4/ddr4_0/inst/u_ddr4_mem_intfc/u_mig_ddr4_phy/inst/u_ddr4_phy_pll/diff_input_clk.u_ibufg_sys_clk/DIFFINBUF_INST/O
                         net (fo=1, routed)           0.050     0.669    d_1_i/ddr4/ddr4_0/inst/u_ddr4_mem_intfc/u_mig_ddr4_phy/inst/u_ddr4_phy_pll/diff_input_clk.u_ibufg_sys_clk/OUT
    AR20                 IBUFCTRL (Prop_IBUFCTRL_HPIOB_M_I_O)
                                                      0.000     0.669 r  d_1_i/ddr4/ddr4_0/inst/u_ddr4_mem_intfc/u_mig_ddr4_phy/inst/u_ddr4_phy_pll/diff_input_clk.u_ibufg_sys_clk/IBUFCTRL_INST/O
                         net (fo=2, routed)           0.402     1.071    d_1_i/ddr4/ddr4_0/inst/u_ddr4_infrastructure/mmcm_clk_in
    MMCM_X0Y1            MMCME4_ADV (Prop_MMCM_CLKIN1_CLKOUT5)
                                                     -0.127     0.944 r  d_1_i/ddr4/ddr4_0/inst/u_ddr4_infrastructure/gen_mmcme4.u_mmcme_adv_inst/CLKOUT5
                         net (fo=1, routed)           0.236     1.180    d_1_i/ddr4/ddr4_0/inst/u_ddr4_infrastructure/mmcm_clkout5
    BUFGCE_X0Y43         BUFGCE (Prop_BUFCE_BUFGCE_I_O)
                                                      0.028     1.208 r  d_1_i/ddr4/ddr4_0/inst/u_ddr4_infrastructure/u_bufg_dbg_clk/O
    X4Y1 (CLOCK_ROOT)    net (fo=568, routed)         1.304     2.512    dbg_hub/inst/BSCANID.u_xsdbm_id/CORE_XSDB.UUT_MASTER/U_ICON_INTERFACE/U_CMD1/clk
    SLICE_X105Y55        FDRE                                         r  dbg_hub/inst/BSCANID.u_xsdbm_id/CORE_XSDB.UUT_MASTER/U_ICON_INTERFACE/U_CMD1/ctl_reg_reg[0]/C
  -------------------------------------------------------------------    -------------------
    SLICE_X105Y55        FDRE (Prop_DFF_SLICEL_C_Q)
                                                      0.079     2.591 f  dbg_hub/inst/BSCANID.u_xsdbm_id/CORE_XSDB.UUT_MASTER/U_ICON_INTERFACE/U_CMD1/ctl_reg_reg[0]/Q
                         net (fo=176, routed)         0.876     3.467    dbg_hub/inst/BSCANID.u_xsdbm_id/CORE_XSDB.UUT_MASTER/U_XSDB_BUS_CONTROLLER/out[0]
    SLICE_X104Y59        FDCE                                         f  dbg_hub/inst/BSCANID.u_xsdbm_id/CORE_XSDB.UUT_MASTER/U_XSDB_BUS_CONTROLLER/FSM_onehot_current_state_reg[12]/CLR
  -------------------------------------------------------------------    -------------------

                         (clock mmcm_clkout5 rise edge)
                                                     12.002    12.002 r  
    AR20                                              0.000    12.002 r  default_sysclk_c0_300mhz_clk_p (IN)
                         net (fo=0)                   0.079    12.081    d_1_i/ddr4/ddr4_0/inst/u_ddr4_mem_intfc/u_mig_ddr4_phy/inst/u_ddr4_phy_pll/diff_input_clk.u_ibufg_sys_clk/I
    HPIOBDIFFINBUF_X0Y35 DIFFINBUF (Prop_DIFFINBUF_HPIOBDIFFINBUF_DIFF_IN_P_O)
                                                      0.422    12.504 r  d_1_i/ddr4/ddr4_0/inst/u_ddr4_mem_intfc/u_mig_ddr4_phy/inst/u_ddr4_phy_pll/diff_input_clk.u_ibufg_sys_clk/DIFFINBUF_INST/O
                         net (fo=1, routed)           0.040    12.544    d_1_i/ddr4/ddr4_0/inst/u_ddr4_mem_intfc/u_mig_ddr4_phy/inst/u_ddr4_phy_pll/diff_input_clk.u_ibufg_sys_clk/OUT
    AR20                 IBUFCTRL (Prop_IBUFCTRL_HPIOB_M_I_O)
                                                      0.000    12.544 r  d_1_i/ddr4/ddr4_0/inst/u_ddr4_mem_intfc/u_mig_ddr4_phy/inst/u_ddr4_phy_pll/diff_input_clk.u_ibufg_sys_clk/IBUFCTRL_INST/O
                         net (fo=2, routed)           0.349    12.893    d_1_i/ddr4/ddr4_0/inst/u_ddr4_infrastructure/mmcm_clk_in
    MMCM_X0Y1            MMCME4_ADV (Prop_MMCM_CLKIN1_CLKOUT5)
                                                      0.630    13.523 r  d_1_i/ddr4/ddr4_0/inst/u_ddr4_infrastructure/gen_mmcme4.u_mmcme_adv_inst/CLKOUT5
                         net (fo=1, routed)           0.207    13.730    d_1_i/ddr4/ddr4_0/inst/u_ddr4_infrastructure/mmcm_clkout5
    BUFGCE_X0Y43         BUFGCE (Prop_BUFCE_BUFGCE_I_O)
                                                      0.024    13.754 r  d_1_i/ddr4/ddr4_0/inst/u_ddr4_infrastructure/u_bufg_dbg_clk/O
    X4Y1 (CLOCK_ROOT)    net (fo=568, routed)         1.124    14.877    dbg_hub/inst/BSCANID.u_xsdbm_id/CORE_XSDB.UUT_MASTER/U_XSDB_BUS_CONTROLLER/clk
    SLICE_X104Y59        FDCE                                         r  dbg_hub/inst/BSCANID.u_xsdbm_id/CORE_XSDB.UUT_MASTER/U_XSDB_BUS_CONTROLLER/FSM_onehot_current_state_reg[12]/C
                         clock pessimism             -0.416    14.462    
                         clock uncertainty           -0.076    14.386    
    SLICE_X104Y59        FDCE (Recov_GFF_SLICEM_C_CLR)
                                                     -0.066    14.320    dbg_hub/inst/BSCANID.u_xsdbm_id/CORE_XSDB.UUT_MASTER/U_XSDB_BUS_CONTROLLER/FSM_onehot_current_state_reg[12]
  -------------------------------------------------------------------
                         required time                         14.320    
                         arrival time                          -3.467    
  -------------------------------------------------------------------
                         slack                                 10.853    





Min Delay Paths
--------------------------------------------------------------------------------------
Slack (MET) :             0.111ns  (arrival time - required time)
  Source:                 dbg_hub/inst/BSCANID.u_xsdbm_id/CORE_XSDB.UUT_MASTER/U_ICON_INTERFACE/U_CMD6_WR/U_WR_FIFO/SUBCORE_FIFO.xsdbm_v3_0_0_wrfifo_inst/inst_fifo_gen/gconvfifo.rf/grf.rf/rstblk/ngwrdrst.grst.g7serrst.rd_rst_reg_reg[2]/C
                            (rising edge-triggered cell FDPE clocked by mmcm_clkout5  {rise@0.000ns fall@6.001ns period=12.002ns})
  Destination:            dbg_hub/inst/BSCANID.u_xsdbm_id/CORE_XSDB.UUT_MASTER/U_ICON_INTERFACE/U_CMD6_WR/U_WR_FIFO/SUBCORE_FIFO.xsdbm_v3_0_0_wrfifo_inst/inst_fifo_gen/gconvfifo.rf/grf.rf/gntv_or_sync_fifo.gl0.rd/rpntr/gc0.count_d1_reg[0]/CLR
                            (removal check against rising-edge clock mmcm_clkout5  {rise@0.000ns fall@6.001ns period=12.002ns})
  Path Group:             **async_default**
  Path Type:              Removal (Min at Fast Process Corner)
  Requirement:            0.000ns  (mmcm_clkout5 rise@0.000ns - mmcm_clkout5 rise@0.000ns)
  Data Path Delay:        0.137ns  (logic 0.039ns (28.387%)  route 0.098ns (71.613%))
  Logic Levels:           0  
  Clock Path Skew:        0.047ns (DCD - SCD - CPR)
    Destination Clock Delay (DCD):    1.477ns
    Source Clock Delay      (SCD):    1.722ns
    Clock Pessimism Removal (CPR):    -0.291ns
  Clock Net Delay (Source):      0.722ns (routing 0.096ns, distribution 0.626ns)
  Clock Net Delay (Destination): 0.822ns (routing 0.108ns, distribution 0.714ns)

    Location             Delay type                Incr(ns)  Path(ns)    Netlist Resource(s)
  -------------------------------------------------------------------    -------------------
                         (clock mmcm_clkout5 rise edge)
                                                      0.000     0.000 r  
    AR20                                              0.000     0.000 r  default_sysclk_c0_300mhz_clk_p (IN)
                         net (fo=0)                   0.079     0.079    d_1_i/ddr4/ddr4_0/inst/u_ddr4_mem_intfc/u_mig_ddr4_phy/inst/u_ddr4_phy_pll/diff_input_clk.u_ibufg_sys_clk/I
    HPIOBDIFFINBUF_X0Y35 DIFFINBUF (Prop_DIFFINBUF_HPIOBDIFFINBUF_DIFF_IN_P_O)
                                                      0.277     0.356 r  d_1_i/ddr4/ddr4_0/inst/u_ddr4_mem_intfc/u_mig_ddr4_phy/inst/u_ddr4_phy_pll/diff_input_clk.u_ibufg_sys_clk/DIFFINBUF_INST/O
                         net (fo=1, routed)           0.040     0.396    d_1_i/ddr4/ddr4_0/inst/u_ddr4_mem_intfc/u_mig_ddr4_phy/inst/u_ddr4_phy_pll/diff_input_clk.u_ibufg_sys_clk/OUT
    AR20                 IBUFCTRL (Prop_IBUFCTRL_HPIOB_M_I_O)
                                                      0.000     0.396 r  d_1_i/ddr4/ddr4_0/inst/u_ddr4_mem_intfc/u_mig_ddr4_phy/inst/u_ddr4_phy_pll/diff_input_clk.u_ibufg_sys_clk/IBUFCTRL_INST/O
                         net (fo=2, routed)           0.216     0.612    d_1_i/ddr4/ddr4_0/inst/u_ddr4_infrastructure/mmcm_clk_in
    MMCM_X0Y1            MMCME4_ADV (Prop_MMCM_CLKIN1_CLKOUT5)
                                                      0.230     0.842 r  d_1_i/ddr4/ddr4_0/inst/u_ddr4_infrastructure/gen_mmcme4.u_mmcme_adv_inst/CLKOUT5
                         net (fo=1, routed)           0.140     0.982    d_1_i/ddr4/ddr4_0/inst/u_ddr4_infrastructure/mmcm_clkout5
    BUFGCE_X0Y43         BUFGCE (Prop_BUFCE_BUFGCE_I_O)
                                                      0.017     0.999 r  d_1_i/ddr4/ddr4_0/inst/u_ddr4_infrastructure/u_bufg_dbg_clk/O
    X4Y1 (CLOCK_ROOT)    net (fo=568, routed)         0.722     1.722    dbg_hub/inst/BSCANID.u_xsdbm_id/CORE_XSDB.UUT_MASTER/U_ICON_INTERFACE/U_CMD6_WR/U_WR_FIFO/SUBCORE_FIFO.xsdbm_v3_0_0_wrfifo_inst/inst_fifo_gen/gconvfifo.rf/grf.rf/rstblk/rd_clk
    SLICE_X105Y56        FDPE                                         r  dbg_hub/inst/BSCANID.u_xsdbm_id/CORE_XSDB.UUT_MASTER/U_ICON_INTERFACE/U_CMD6_WR/U_WR_FIFO/SUBCORE_FIFO.xsdbm_v3_0_0_wrfifo_inst/inst_fifo_gen/gconvfifo.rf/grf.rf/rstblk/ngwrdrst.grst.g7serrst.rd_rst_reg_reg[2]/C
  -------------------------------------------------------------------    -------------------
    SLICE_X105Y56        FDPE (Prop_FFF_SLICEL_C_Q)
                                                      0.039     1.761 f  dbg_hub/inst/BSCANID.u_xsdbm_id/CORE_XSDB.UUT_MASTER/U_ICON_INTERFACE/U_CMD6_WR/U_WR_FIFO/SUBCORE_FIFO.xsdbm_v3_0_0_wrfifo_inst/inst_fifo_gen/gconvfifo.rf/grf.rf/rstblk/ngwrdrst.grst.g7serrst.rd_rst_reg_reg[2]/Q
                         net (fo=10, routed)          0.098     1.859    dbg_hub/inst/BSCANID.u_xsdbm_id/CORE_XSDB.UUT_MASTER/U_ICON_INTERFACE/U_CMD6_WR/U_WR_FIFO/SUBCORE_FIFO.xsdbm_v3_0_0_wrfifo_inst/inst_fifo_gen/gconvfifo.rf/grf.rf/gntv_or_sync_fifo.gl0.rd/rpntr/AR[0]
    SLICE_X101Y56        FDCE                                         f  dbg_hub/inst/BSCANID.u_xsdbm_id/CORE_XSDB.UUT_MASTER/U_ICON_INTERFACE/U_CMD6_WR/U_WR_FIFO/SUBCORE_FIFO.xsdbm_v3_0_0_wrfifo_inst/inst_fifo_gen/gconvfifo.rf/grf.rf/gntv_or_sync_fifo.gl0.rd/rpntr/gc0.count_d1_reg[0]/CLR
  -------------------------------------------------------------------    -------------------

                         (clock mmcm_clkout5 rise edge)
                                                      0.000     0.000 r  
    AR20                                              0.000     0.000 r  default_sysclk_c0_300mhz_clk_p (IN)
                         net (fo=0)                   0.100     0.100    d_1_i/ddr4/ddr4_0/inst/u_ddr4_mem_intfc/u_mig_ddr4_phy/inst/u_ddr4_phy_pll/diff_input_clk.u_ibufg_sys_clk/I
    HPIOBDIFFINBUF_X0Y35 DIFFINBUF (Prop_DIFFINBUF_HPIOBDIFFINBUF_DIFF_IN_P_O)
                                                      0.376     0.476 r  d_1_i/ddr4/ddr4_0/inst/u_ddr4_mem_intfc/u_mig_ddr4_phy/inst/u_ddr4_phy_pll/diff_input_clk.u_ibufg_sys_clk/DIFFINBUF_INST/O
                         net (fo=1, routed)           0.050     0.526    d_1_i/ddr4/ddr4_0/inst/u_ddr4_mem_intfc/u_mig_ddr4_phy/inst/u_ddr4_phy_pll/diff_input_clk.u_ibufg_sys_clk/OUT
    AR20                 IBUFCTRL (Prop_IBUFCTRL_HPIOB_M_I_O)
                                                      0.000     0.526 r  d_1_i/ddr4/ddr4_0/inst/u_ddr4_mem_intfc/u_mig_ddr4_phy/inst/u_ddr4_phy_pll/diff_input_clk.u_ibufg_sys_clk/IBUFCTRL_INST/O
                         net (fo=2, routed)           0.247     0.773    d_1_i/ddr4/ddr4_0/inst/u_ddr4_infrastructure/mmcm_clk_in
    MMCM_X0Y1            MMCME4_ADV (Prop_MMCM_CLKIN1_CLKOUT5)
                                                     -0.295     0.478 r  d_1_i/ddr4/ddr4_0/inst/u_ddr4_infrastructure/gen_mmcme4.u_mmcme_adv_inst/CLKOUT5
                         net (fo=1, routed)           0.159     0.637    d_1_i/ddr4/ddr4_0/inst/u_ddr4_infrastructure/mmcm_clkout5
    BUFGCE_X0Y43         BUFGCE (Prop_BUFCE_BUFGCE_I_O)
                                                      0.019     0.656 r  d_1_i/ddr4/ddr4_0/inst/u_ddr4_infrastructure/u_bufg_dbg_clk/O
    X4Y1 (CLOCK_ROOT)    net (fo=568, routed)         0.822     1.477    dbg_hub/inst/BSCANID.u_xsdbm_id/CORE_XSDB.UUT_MASTER/U_ICON_INTERFACE/U_CMD6_WR/U_WR_FIFO/SUBCORE_FIFO.xsdbm_v3_0_0_wrfifo_inst/inst_fifo_gen/gconvfifo.rf/grf.rf/gntv_or_sync_fifo.gl0.rd/rpntr/rd_clk
    SLICE_X101Y56        FDCE                                         r  dbg_hub/inst/BSCANID.u_xsdbm_id/CORE_XSDB.UUT_MASTER/U_ICON_INTERFACE/U_CMD6_WR/U_WR_FIFO/SUBCORE_FIFO.xsdbm_v3_0_0_wrfifo_inst/inst_fifo_gen/gconvfifo.rf/grf.rf/gntv_or_sync_fifo.gl0.rd/rpntr/gc0.count_d1_reg[0]/C
                         clock pessimism              0.291     1.768    
    SLICE_X101Y56        FDCE (Remov_EFF_SLICEL_C_CLR)
                                                     -0.020     1.748    dbg_hub/inst/BSCANID.u_xsdbm_id/CORE_XSDB.UUT_MASTER/U_ICON_INTERFACE/U_CMD6_WR/U_WR_FIFO/SUBCORE_FIFO.xsdbm_v3_0_0_wrfifo_inst/inst_fifo_gen/gconvfifo.rf/grf.rf/gntv_or_sync_fifo.gl0.rd/rpntr/gc0.count_d1_reg[0]
  -------------------------------------------------------------------
                         required time                         -1.748    
                         arrival time                           1.859    
  -------------------------------------------------------------------
                         slack                                  0.111    





