sample,dac,target
0,0,0
7024,12288,12288
7258,12292,12288
7727,12296,12288
8196,12300,12288
8665,12304,12288
9133,12308,12288
9602,12312,12288
10071,12316,12288
10540,12320,12288
11008,12324,12288
11477,12328,12288
11946,12332,12288
12415,12336,12288
12883,12340,12288
13352,12344,12288
13821,12348,12288
14290,12352,12288
14758,12356,12288
15227,12360,12288
15696,12364,12288
16165,12368,12288
16633,12372,12288
17102,12376,12288
17571,12380,12288
18040,12384,12288
18508,12388,12288
18977,12392,12288
19446,12396,12288
19915,12400,12288
20383,12404,12288
20852,12408,12288
21321,12412,12288
21790,12416,12288
22258,12420,12288
22727,12424,12288
23196,12428,12288
23665,12432,12288
24133,12436,12288
24602,12440,12288
25071,12444,12288
25540,12448,12288
26008,12452,12288
26477,12456,12288
26946,12460,12288
27415,12464,12288
27883,12468,12288
28352,12472,12288
28821,12476,12288
29290,12480,12288
29758,12484,12288
30227,12488,12288
30696,12492,12288
31165,12496,12288
31633,12500,12288
32102,12504,12288
32571,12508,12288
33040,12512,12288
33508,12516,12288
33977,12520,12288
34446,12524,12288
34915,12528,12288
35383,12532,12288
35852,12536,12288
36321,12540,12288
36790,12544,12288
37258,12548,12288
37727,12552,12288
38196,12556,12288
38665,12560,12288
39133,12564,12288
39602,12568,12288
40071,12572,12288
40540,12576,12288
41008,12580,12288
41477,12584,12288
41946,12588,12288
42415,12592,12288
42883,12596,12288
43352,12600,12288
43821,12604,12288
44290,12608,12288
44758,12612,12288
45227,12616,12288
45696,12620,12288
46165,12624,12288
46633,12628,12288
47102,12632,12288
47571,12636,12288
48040,12640,12288
48508,12644,12288
48977,12648,12288
49446,12652,12288
49915,12656,12288
50383,12660,12288
50852,12664,12288
51321,12668,12288
51790,12672,12288
52258,12676,12288
52727,12680,12288
53196,12684,12288
53665,12688,12288
54133,12692,12288
54602,12696,12288
55071,12700,12288
55540,12704,12288
56008,12708,12288
56477,12712,12288
56946,12716,12288
57415,12720,12288
57883,12724,12288
58352,12728,12288
58821,12732,12288
59290,12736,12288
59758,12740,12288
60227,12744,12288
60696,12748,12288
61165,12752,12288
61633,12756,12288
62102,12760,12288
62571,12764,12288
63040,12768,12288
63508,12772,12288
63977,12776,12288
64446,12780,12288
64915,12784,12288
65383,12788,12288
65852,12792,12288
66321,12796,12288
66790,12800,12288
67258,12804,12288
67727,12808,12288
68196,12812,12288
68665,12816,12288
69133,12820,12288
69602,12824,12288
70071,12828,12288
70540,12832,12288
71008,12836,12288
71477,12840,12288
71946,12844,12288
72415,12848,12288
72883,12852,12288
73352,12856,12288
73821,12860,12288
74290,12864,12288
74758,12868,12288
75227,12872,12288
75696,12876,12288
76165,12880,12288
76633,12884,12288
77102,12888,12288
77571,12892,12288
78040,12896,12288
78508,12900,12288
78977,12904,12288
79446,12908,12288
79915,12912,12288
80383,12916,12288
80852,12920,12288
81321,12924,12288
81790,12928,12288
82258,12932,12288
82727,12936,12288
83196,12940,12288
83665,12944,12288
84133,12948,12288
84602,12952,12288
85071,12956,12288
85540,12960,12288
86008,12964,12288
86477,12968,12288
86946,12972,12288
87415,12976,12288
87883,12980,12288
88352,12984,12288
88821,12988,12288
89290,12992,12288
89758,12996,12288
90227,13000,12288
90696,13004,12288
91165,13008,12288
91633,13012,12288
92102,13016,12288
92571,13020,12288
93040,13024,12288
93508,13028,12288
93977,13032,12288
94446,13036,12288
94915,13040,12288
95383,13044,12288
95852,13048,12288
96321,13052,12288
96790,13056,12288
97258,13060,12288
97727,13064,12288
98196,13068,12288
98665,13072,12288
99133,13076,12288
99602,13080,12288
100071,13084,12288
100540,13088,12288
101008,13092,12288
101477,13096,12288
101946,13100,12288
102415,13104,12288
102883,13108,12288
103352,13112,12288
103821,13116,12288
104290,13120,12288
104758,13124,12288
105227,13128,12288
105696,13132,12288
106165,13136,12288
106633,13140,12288
107102,13144,12288
107571,13148,12288
108040,13152,12288
108508,13156,12288
108977,13160,12288
109446,13164,12288
109915,13168,12288
110383,13172,12288
110852,13176,12288
111321,13180,12288
111790,13184,12288
112258,13188,12288
112727,13192,12288
113196,13196,12288
113665,13200,12288
114133,13204,12288
114602,13208,12288
115071,13212,12288
115540,13216,12288
116008,13220,12288
116477,13224,12288
116946,13228,12288
117415,13232,12288
117883,13236,12288
118352,13240,12288
118821,13244,12288
119290,13248,12288
119758,13252,12288
120227,13256,12288
120696,13260,12288
121165,13264,12288
121633,13268,12288
122102,13272,12288
122571,13276,12288
123040,13280,12288
123508,13284,12288
123977,13288,12288
124446,13292,12288
124915,13296,12288
125383,13300,12288
125852,13304,12288
126321,13308,12288
126790,13312,12288
127258,13316,12288
127727,13320,12288
128196,13324,12288
128665,13328,12288
129133,13332,12288
129602,13336,12288
130071,13340,12288
130540,13344,12288
131008,13348,12288
131477,13352,12288
131946,13356,12288
132415,13360,12288
132883,13364,12288
133352,13368,12288
133821,13372,12288
134290,13376,12288
134758,13380,12288
135227,13384,12288
135696,13388,12288
136165,13392,12288
136633,13396,12288
137102,13400,12288
137571,13404,12288
138040,13408,12288
138508,13412,12288
138977,13416,12288
139446,13420,12288
139915,13424,12288
140383,13428,12288
140852,13432,12288
141321,13436,12288
141790,13440,12288
142258,13444,12288
142727,13448,12288
143196,13452,12288
143665,13456,12288
144133,13460,12288
144602,13464,12288
145071,13468,12288
145540,13472,12288
146008,13476,12288
146477,13480,12288
146946,13484,12288
147415,13488,12288
147883,13492,12288
148352,13496,12288
148821,13500,12288
149290,13504,12288
149758,13508,12288
150227,13512,12288
150696,13516,12288
151165,13520,12288
151633,13524,12288
152102,13528,12288
152571,13532,12288
153040,13536,12288
153508,13540,12288
153977,13544,12288
154446,13548,12288
154915,13552,12288
155383,13556,12288
155852,13560,12288
156321,13564,12288
156790,13568,12288
157258,13572,12288
157727,13576,12288
158196,13580,12288
158665,13584,12288
159133,13588,12288
159602,13592,12288
160071,13596,12288
160540,13600,12288
161008,13604,12288
161477,13608,12288
161946,13612,12288
162415,13616,12288
162883,13620,12288
163352,13624,12288
163821,13628,12288
164290,13632,12288
164758,13636,12288
165227,13640,12288
165696,13644,12288
166165,13648,12288
166633,13652,12288
167102,13656,12288
167571,13660,12288
168040,13664,12288
168508,13668,12288
168977,13672,12288
169446,13676,12288
169915,13680,12288
170383,13684,12288
170852,13688,12288
171321,13692,12288
171790,13696,12288
172258,13700,12288
172727,13704,12288
173196,13708,12288
173665,13712,12288
174133,13716,12288
174602,13720,12288
175071,13724,12288
175540,13728,12288
176008,13732,12288
176477,13736,12288
176946,13740,12288
177415,13744,12288
177883,13748,12288
178352,13752,12288
178821,13756,12288
179290,13760,12288
179758,13764,12288
180227,13768,12288
180696,13772,12288
181165,13776,12288
181633,13780,12288
182102,13784,12288
182571,13788,12288
183040,13792,12288
183508,13796,12288
183977,13800,12288
184446,13804,12288
184915,13808,12288
185383,13812,12288
185852,13816,12288
186321,13820,12288
186790,13824,12288
187258,13828,12288
187727,13832,12288
188196,13836,12288
188665,13840,12288
189133,13844,12288
189602,13848,12288
190071,13852,12288
190540,13856,12288
191008,13860,12288
191477,13864,12288
191946,13868,12288
192415,13872,12288
192883,13876,12288
193352,13880,12288
193821,13884,12288
194290,13888,12288
194758,13892,12288
195227,13896,12288
195696,13900,12288
196165,13904,12288
196633,13908,12288
197102,13912,12288
197571,13916,12288
198040,13920,12288
198508,13924,12288
198977,13928,12288
199446,13932,12288
199915,13936,12288
200383,13940,12288
200852,13944,12288
201321,13948,12288
201790,13952,12288
202258,13956,12288
202727,13960,12288
203196,13964,12288
203665,13968,12288
204133,13972,12288
204602,13976,12288
205071,13980,12288
205540,13984,12288
206008,13988,12288
206477,13992,12288
206946,13996,12288
207415,14000,12288
207883,14004,12288
208352,14008,12288
208821,14012,12288
209290,14016,12288
209758,14020,12288
210227,14024,12288
210696,14028,12288
211165,14032,12288
211633,14036,12288
212102,14040,12288
212571,14044,12288
213040,14048,12288
213508,14052,12288
213977,14056,12288
214446,14060,12288
214915,14064,12288
215383,14068,12288
215852,14072,12288
216321,14076,12288
216790,14080,12288
217258,14084,12288
217727,14088,12288
218196,14092,12288
218665,14096,12288
219133,14100,12288
219602,14104,12288
220071,14108,12288
220540,14112,12288
221008,14116,12288
221477,14120,12288
221946,14124,12288
222415,14128,12288
222883,14132,12288
223352,14136,12288
223821,14140,12288
224290,14144,12288
224758,14148,12288
225227,14152,12288
225696,14156,12288
226165,14160,12288
226633,14164,12288
227102,14168,12288
227571,14172,12288
228040,14176,12288
228508,14180,12288
228977,14184,12288
229446,14188,12288
229915,14192,12288
230383,14196,12288
230852,14200,12288
231321,14204,12288
231790,14208,12288
232258,14212,12288
232727,14216,12288
233196,14220,12288
233665,14224,12288
234133,14228,12288
234602,14232,12288
235071,14236,12288
235540,14240,12288
236008,14244,12288
236477,14248,12288
236946,14252,12288
237415,14256,12288
237883,14260,12288
238352,14264,12288
238821,14268,12288
239290,14272,12288
239758,14276,12288
240227,14280,12288
240696,14284,12288
241165,14288,12288
241633,14292,12288
242102,14296,12288
242571,14300,12288
243040,14304,12288
243508,14308,12288
243977,14312,12288
244446,14316,12288
244915,14320,12288
245383,14324,12288
245852,14328,12288
246321,14332,12288
246790,14336,12288
247258,14340,12288
247727,14344,12288
248196,14348,12288
248665,14352,12288
249133,14356,12288
249602,14360,12288
250071,14364,12288
250540,14368,12288
251008,14372,12288
251477,14376,12288
251946,14380,12288
252415,14384,12288
252883,14388,12288
253352,14392,12288
253821,14396,12288
254290,14400,12288
254758,14404,12288
255227,14408,12288
255696,14412,12288
256165,14416,12288
256633,14420,12288
257102,14424,12288
257571,14428,12288
258040,14432,12288
258508,14436,12288
258977,14440,12288
259446,14444,12288
259915,14448,12288
260383,14452,12288
260852,14456,12288
261321,14460,12288
261790,14464,12288
262258,14468,12288
262727,14472,12288
263196,14476,12288
263665,14480,12288
264133,14484,12288
264602,14488,12288
265071,14492,12288
265540,14496,12288
266008,14500,12288
266477,14504,12288
266946,14508,12288
267415,14512,12288
267883,14516,12288
268352,14520,12288
268821,14524,12288
269290,14528,12288
269758,14532,12288
270227,14536,12288
270696,14540,12288
271165,14544,12288
271633,14548,12288
272102,14552,12288
272571,14556,12288
273040,14560,12288
273508,14564,12288
273977,14568,12288
274446,14572,12288
274915,14576,12288
275383,14580,12288
275852,14584,12288
276321,14588,12288
276790,14592,12288
277258,14596,12288
277727,14600,12288
278196,14604,12288
278665,14608,12288
279133,14612,12288
279602,14616,12288
280071,14620,12288
280540,14624,12288
281008,14628,12288
281477,14632,12288
281946,14636,12288
282415,14640,12288
282883,14644,12288
283352,14648,12288
283821,14652,12288
284290,14656,12288
284758,14660,12288
285227,14664,12288
285696,14668,12288
286165,14672,12288
286633,14676,12288
287102,14680,12288
287571,14684,12288
288040,14688,12288
288508,14692,12288
288977,14696,12288
289446,14700,12288
289915,14704,12288
290383,14708,12288
290852,14712,12288
291321,14716,12288
291790,14720,12288
292258,14724,12288
292727,14728,12288
293196,14732,12288
293665,14736,12288
294133,14740,12288
294602,14744,12288
295071,14748,12288
295540,14752,12288
296008,14756,12288
296477,14760,12288
296946,14764,12288
297415,14768,12288
297883,14772,12288
298352,14776,12288
298821,14780,12288
299290,14784,12288
299758,14788,12288
300227,14792,12288
300696,14796,12288
301165,14800,12288
301633,14804,12288
302102,14808,12288
302571,14812,12288
303040,14816,12288
303508,14820,12288
303977,14824,12288
304446,14828,12288
304915,14832,12288
305383,14836,12288
305852,14840,12288
306321,14844,12288
306790,14848,12288
307258,14852,12288
307727,14856,12288
308196,14860,12288
308665,14864,12288
309133,14868,12288
309602,14872,12288
310071,14876,12288
310540,14880,12288
311008,14884,12288
311477,14888,12288
311946,14892,12288
312415,14896,12288
312883,14900,12288
313352,14904,12288
313821,14908,12288
314290,14912,12288
314758,14916,12288
315227,14920,12288
315696,14924,12288
316165,14928,12288
316633,14932,12288
317102,14936,12288
317571,14940,12288
318040,14944,12288
318508,14948,12288
318977,14952,12288
319446,14956,12288
319915,14960,12288
320383,14964,12288
320852,14968,12288
321321,14972,12288
321790,14976,12288
322258,14980,12288
322727,14984,12288
323196,14988,12288
323665,14992,12288
324133,14996,12288
324602,15000,12288
325071,15004,12288
325540,15008,12288
326008,15012,12288
326477,15016,12288
326946,15020,12288
327415,15024,12288
327883,15028,12288
328352,15032,12288
328821,15036,12288
329290,15040,12288
329758,15044,12288
330227,15048,12288
330696,15052,12288
331165,15056,12288
331633,15060,12288
332102,15064,12288
332571,15068,12288
333040,15072,12288
333508,15076,12288
333977,15080,12288
334446,15084,12288
334915,15088,12288
335383,15092,12288
335852,15096,12288
336321,15100,12288
336790,15104,12288
337258,15108,12288
337727,15112,12288
338196,15116,12288
338665,15120,12288
339133,15124,12288
339602,15128,12288
340071,15132,12288
340540,15136,12288
341008,15140,12288
341477,15144,12288
341946,15148,12288
342415,15152,12288
342883,15156,12288
343352,15160,12288
343821,15164,12288
344290,15168,12288
344758,15172,12288
345227,15176,12288
345696,15180,12288
346165,15184,12288
346633,15188,12288
347102,15192,12288
347571,15196,12288
348040,15200,12288
348508,15204,12288
348977,15208,12288
349446,15212,12288
349915,15216,12288
350383,15220,12288
350852,15224,12288
351321,15228,12288
351790,15232,12288
352258,15236,12288
352727,15240,12288
353196,15244,12288
353665,15248,12288
354133,15252,12288
354602,15256,12288
355071,15260,12288
355540,15264,12288
356008,15268,12288
356477,15272,12288
356946,15276,12288
357415,15280,12288
357883,15284,12288
358352,15288,12288
358821,15292,12288
359290,15296,12288
359758,15300,12288
360227,15304,12288
360696,15308,12288
361165,15312,12288
361633,15316,12288
362102,15320,12288
362571,15324,12288
363040,15328,12288
363508,15332,12288
363977,15336,12288
364446,15340,12288
364915,15344,12288
365383,15348,12288
365852,15352,12288
366321,15356,12288
366790,15360,12288
367258,15364,12288
367727,15368,12288
368196,15372,12288
368665,15376,12288
369133,15380,12288
369602,15384,12288
370071,15388,12288
370540,15392,12288
371008,15396,12288
371477,15400,12288
371946,15404,12288
372415,15408,12288
372883,15412,12288
373352,15416,12288
373821,15420,12288
374290,15424,12288
374758,15428,12288
375227,15432,12288
375696,15436,12288
376165,15440,12288
376633,15444,12288
377102,15448,12288
377571,15452,12288
378040,15456,12288
378508,15460,12288
378977,15464,12288
379446,15468,12288
379915,15472,12288
380383,15476,12288
380852,15480,12288
381321,15484,12288
381790,15488,12288
382258,15492,12288
382727,15496,12288
383196,15500,12288
383665,15504,12288
384133,15508,12288
384602,15512,12288
385071,15516,12288
385540,15520,12288
386008,15524,12288
386477,15528,12288
386946,15532,12288
387415,15536,12288
387883,15540,12288
388352,15544,12288
388821,15548,12288
389290,15552,12288
389758,15556,12288
390227,15560,12288
390696,15564,12288
391165,15568,12288
391633,15572,12288
392102,15576,12288
392571,15580,12288
393040,15584,12288
393508,15588,12288
393977,15592,12288
394446,15596,12288
394915,15600,12288
395383,15604,12288
395852,15608,12288
396321,15612,12288
396790,15616,12288
397258,15620,12288
397727,15624,12288
398196,15628,12288
398665,15632,12288
399133,15636,12288
399602,15640,12288
400071,15644,12288
400540,15648,12288
401008,15652,12288
401477,15656,12288
401946,15660,12288
402415,15664,12288
402883,15668,12288
403352,15672,12288
403821,15676,12288
404290,15680,12288
404758,15684,12288
405227,15688,12288
405696,15692,12288
406165,15696,12288
406633,15700,12288
407102,15704,12288
407571,15708,12288
408040,15712,12288
408508,15716,12288
408977,15720,12288
409446,15724,12288
409915,15728,12288
410383,15732,12288
410852,15736,12288
411321,15740,12288
411790,15744,12288
412258,15748,12288
412727,15752,12288
413196,15756,12288
413665,15760,12288
414133,15764,12288
414602,15768,12288
415071,15772,12288
415540,15776,12288
416008,15780,12288
416477,15784,12288
416946,15788,12288
417415,15792,12288
417883,15796,12288
418352,15800,12288
418821,15804,12288
419290,15808,12288
419758,15812,12288
420227,15816,12288
420696,15820,12288
421165,15824,12288
421633,15828,12288
422102,15832,12288
422571,15836,12288
423040,15840,12288
423508,15844,12288
423977,15848,12288
424446,15852,12288
424915,15856,12288
425383,15860,12288
425852,15864,12288
426321,15868,12288
426790,15872,12288
427258,15876,12288
427727,15880,12288
428196,15884,12288
428665,15888,12288
429133,15892,12288
429602,15896,12288
430071,15900,12288
430540,15904,12288
431008,15908,12288
431477,15912,12288
431946,15916,12288
432415,15920,12288
432883,15924,12288
433352,15928,12288
433821,15932,12288
434290,15936,12288
434758,15940,12288
435227,15944,12288
435696,15948,12288
436165,15952,12288
436633,15956,12288
437102,15960,12288
437571,15964,12288
438040,15968,12288
438508,15972,12288
438977,15976,12288
439446,15980,12288
439915,15984,12288
440383,15988,12288
440852,15992,12288
441321,15996,12288
441790,16000,12288
442258,16004,12288
442727,16008,12288
443196,16012,12288
443665,16016,12288
444133,16020,12288
444602,16024,12288
445071,16028,12288
445540,16032,12288
446008,16036,12288
446477,16040,12288
446946,16044,12288
447415,16048,12288
447883,16052,12288
448352,16056,12288
448821,16060,12288
449290,16064,12288
449758,16068,12288
450227,16072,12288
450696,16076,12288
451165,16080,12288
451633,16084,12288
452102,16088,12288
452571,16092,12288
453040,16096,12288
453508,16100,12288
453977,16104,12288
454446,16108,12288
454915,16112,12288
455383,16116,12288
455852,16120,12288
456321,16124,12288
456790,16128,12288
457258,16132,12288
457727,16136,12288
458196,16140,12288
458665,16144,12288
459133,16148,12288
459602,16152,12288
460071,16156,12288
460540,16160,12288
461008,16164,12288
461477,16168,12288
461946,16172,12288
462415,16176,12288
462883,16180,12288
463352,16184,12288
463821,16188,12288
464290,16192,12288
464758,16196,12288
465227,16200,12288
465696,16204,12288
466165,16208,12288
466633,16212,12288
467102,16216,12288
467571,16220,12288
468040,16224,12288
468508,16228,12288
468977,16232,12288
469446,16236,12288
469915,16240,12288
470383,16244,12288
470852,16248,12288
471321,16252,12288
471790,16256,12288
472258,16260,12288
472727,16264,12288
473196,16268,12288
473665,16272,12288
474133,16276,12288
474602,16280,12288
475071,16284,12288
475540,16288,12288
476008,16292,12288
476477,16296,12288
476946,16300,12288
477415,16304,12288
477883,16308,12288
478352,16312,12288
478821,16316,12288
479290,16320,12288
479758,16324,12288
480227,16328,12288
480696,16332,12288
481165,16336,12288
481633,16340,12288
482102,16344,12288
482571,16348,12288
483040,16352,12288
483508,16356,12288
483977,16360,12288
484446,16364,12288
484915,16368,12288
485383,16372,12288
485852,16376,12288
486321,16380,12288
486790,16384,12288
487024,8192,4096
487727,8196,4096
489133,8200,4096
490540,8204,4096
491946,8208,4096
493352,8212,4096
494758,8216,4096
496165,8220,4096
497571,8224,4096
498977,8228,4096
500383,8232,4096
501790,8236,4096
503196,8240,4096
504602,8244,4096
506008,8248,4096
507415,8252,4096
508821,8256,4096
510227,8260,4096
511633,8264,4096
513040,8268,4096
514446,8272,4096
515852,8276,4096
517258,8280,4096
518665,8284,4096
520071,8288,4096
521477,8292,4096
522883,8296,4096
524290,8300,4096
525696,8304,4096
527102,8308,4096
528508,8312,4096
529915,8316,4096
531321,8320,4096
532727,8324,4096
534133,8328,4096
535024,28808,24576
535110,28812,24576
535344,28816,24576
535579,28820,24576
535813,28824,24576
536047,28828,24576
536282,28832,24576
536516,28836,24576
536751,28840,24576
536985,28844,24576
537219,28848,24576
537454,28852,24576
537688,28856,24576
537922,28860,24576
538157,28864,24576
538391,28868,24576
538626,28872,24576
538860,28876,24576
539094,28880,24576
539329,28884,24576
539563,28888,24576
539797,28892,24576
540032,28896,24576
540266,28900,24576
540501,28904,24576
540735,28908,24576
540969,28912,24576
541204,28916,24576
541438,28920,24576
541672,28924,24576
541907,28928,24576
542141,28932,24576
542376,28936,24576
542610,28940,24576
542844,28944,24576
543079,28948,24576
543313,28952,24576
543547,28956,24576
543782,28960,24576
544016,28964,24576
544251,28968,24576
544485,28972,24576
544719,28976,24576
544954,28980,24576
545188,28984,24576
545422,28988,24576
545657,28992,24576
545891,28996,24576
546126,29000,24576
546360,29004,24576
546594,29008,24576
546829,29012,24576
547063,29016,24576
547297,29020,24576
547532,29024,24576
547766,29028,24576
548001,29032,24576
548235,29036,24576
548469,29040,24576
548704,29044,24576
548938,29048,24576
549172,29052,24576
549407,29056,24576
549641,29060,24576
549876,29064,24576
550110,29068,24576
550344,29072,24576
550579,29076,24576
550813,29080,24576
551047,29084,24576
551282,29088,24576
551516,29092,24576
551751,29096,24576
551985,29100,24576
552219,29104,24576
552454,29108,24576
552688,29112,24576
552922,29116,24576
553157,29120,24576
553391,29124,24576
553626,29128,24576
553860,29132,24576
554094,29136,24576
554329,29140,24576
554563,29144,24576
554797,29148,24576
555032,29152,24576
555266,29156,24576
555501,29160,24576
555735,29164,24576
555969,29168,24576
556204,29172,24576
556438,29176,24576
556672,29180,24576
556907,29184,24576
557141,29188,24576
557376,29192,24576
557610,29196,24576
557844,29200,24576
558079,29204,24576
558313,29208,24576
558547,29212,24576
558782,29216,24576
559016,29220,24576
559251,29224,24576
559485,29228,24576
559719,29232,24576
559954,29236,24576
560188,29240,24576
560422,29244,24576
560657,29248,24576
560891,29252,24576
561126,29256,24576
561360,29260,24576
561594,29264,24576
561829,29268,24576
562063,29272,24576
562297,29276,24576
562532,29280,24576
562766,29284,24576
563001,29288,24576
563235,29292,24576
563469,29296,24576
563704,29300,24576
563938,29304,24576
564172,29308,24576
564407,29312,24576
564641,29316,24576
564876,29320,24576
565110,29324,24576
565344,29328,24576
565579,29332,24576
565813,29336,24576
566047,29340,24576
566282,29344,24576
566516,29348,24576
566751,29352,24576
566985,29356,24576
567219,29360,24576
567454,29364,24576
567688,29368,24576
567922,29372,24576
568157,29376,24576
568391,29380,24576
568626,29384,24576
568860,29388,24576
569094,29392,24576
569329,29396,24576
569563,29400,24576
569797,29404,24576
570032,29408,24576
570266,29412,24576
570501,29416,24576
570735,29420,24576
570969,29424,24576
571204,29428,24576
571438,29432,24576
571672,29436,24576
571907,29440,24576
572141,29444,24576
572376,29448,24576
572610,29452,24576
572844,29456,24576
573079,29460,24576
573313,29464,24576
573547,29468,24576
573782,29472,24576
574016,29476,24576
574251,29480,24576
574485,29484,24576
574719,29488,24576
574954,29492,24576
575188,29496,24576
575422,29500,24576
575657,29504,24576
575891,29508,24576
576126,29512,24576
576360,29516,24576
576594,29520,24576
576829,29524,24576
577063,29528,24576
577297,29532,24576
577532,29536,24576
577766,29540,24576
578001,29544,24576
578235,29548,24576
578469,29552,24576
578704,29556,24576
578938,29560,24576
579172,29564,24576
579407,29568,24576
579641,29572,24576
579876,29576,24576
580110,29580,24576
580344,29584,24576
580579,29588,24576
580813,29592,24576
581047,29596,24576
581282,29600,24576
581516,29604,24576
581751,29608,24576
581985,29612,24576
582219,29616,24576
582454,29620,24576
582688,29624,24576
582922,29628,24576
583157,29632,24576
583391,29636,24576
583626,29640,24576
583860,29644,24576
584094,29648,24576
584329,29652,24576
584563,29656,24576
584797,29660,24576
585032,29664,24576
585266,29668,24576
585501,29672,24576
585735,29676,24576
585969,29680,24576
586204,29684,24576
586438,29688,24576
586672,29692,24576
586907,29696,24576
587141,29700,24576
587376,29704,24576
587610,29708,24576
587844,29712,24576
588079,29716,24576
588313,29720,24576
588547,29724,24576
588782,29728,24576
589016,29732,24576
589251,29736,24576
589485,29740,24576
589719,29744,24576
589954,29748,24576
590188,29752,24576
590422,29756,24576
590657,29760,24576
590891,29764,24576
591126,29768,24576
591360,29772,24576
591594,29776,24576
591829,29780,24576
592063,29784,24576
592297,29788,24576
592532,29792,24576
592766,29796,24576
593001,29800,24576
593235,29804,24576
593469,29808,24576
593704,29812,24576
593938,29816,24576
594172,29820,24576
594407,29824,24576
594641,29828,24576
594876,29832,24576
595110,29836,24576
595344,29840,24576
595579,29844,24576
595813,29848,24576
596047,29852,24576
596282,29856,24576
596516,29860,24576
596751,29864,24576
596985,29868,24576
597219,29872,24576
597454,29876,24576
597688,29880,24576
597922,29884,24576
598157,29888,24576
598391,29892,24576
598626,29896,24576
598860,29900,24576
599094,29904,24576
599329,29908,24576
599563,29912,24576
599797,29916,24576
600032,29920,24576
600266,29924,24576
600501,29928,24576
600735,29932,24576
600969,29936,24576
601204,29940,24576
601438,29944,24576
601672,29948,24576
601907,29952,24576
602141,29956,24576
602376,29960,24576
602610,29964,24576
602844,29968,24576
603079,29972,24576
603313,29976,24576
603547,29980,24576
603782,29984,24576
604016,29988,24576
604251,29992,24576
604485,29996,24576
604719,30000,24576
604954,30004,24576
605188,30008,24576
605422,30012,24576
605657,30016,24576
605891,30020,24576
606126,30024,24576
606360,30028,24576
606594,30032,24576
606829,30036,24576
607063,30040,24576
607297,30044,24576
607532,30048,24576
607766,30052,24576
608001,30056,24576
608235,30060,24576
608469,30064,24576
608704,30068,24576
608938,30072,24576
609172,30076,24576
609407,30080,24576
609641,30084,24576
609876,30088,24576
610110,30092,24576
610344,30096,24576
610579,30100,24576
610813,30104,24576
611047,30108,24576
611282,30112,24576
611516,30116,24576
611751,30120,24576
611985,30124,24576
612219,30128,24576
612454,30132,24576
612688,30136,24576
612922,30140,24576
613157,30144,24576
613391,30148,24576
613626,30152,24576
613860,30156,24576
614094,30160,24576
614329,30164,24576
614563,30168,24576
614797,30172,24576
615032,30176,24576
615266,30180,24576
615501,30184,24576
615735,30188,24576
615969,30192,24576
616204,30196,24576
616438,30200,24576
616672,30204,24576
616907,30208,24576
617141,30212,24576
617376,30216,24576
617610,30220,24576
617844,30224,24576
618079,30228,24576
618313,30232,24576
618547,30236,24576
618782,30240,24576
619016,30244,24576
619251,30248,24576
619485,30252,24576
619719,30256,24576
619954,30260,24576
620188,30264,24576
620422,30268,24576
620657,30272,24576
620891,30276,24576
621126,30280,24576
621360,30284,24576
621594,30288,24576
621829,30292,24576
622063,30296,24576
622297,30300,24576
622532,30304,24576
622766,30308,24576
623001,30312,24576
623235,30316,24576
623469,30320,24576
623704,30324,24576
623938,30328,24576
624172,30332,24576
624407,30336,24576
624641,30340,24576
624876,30344,24576
625110,30348,24576
625344,30352,24576
625579,30356,24576
625813,30360,24576
626047,30364,24576
626282,30368,24576
626516,30372,24576
626751,30376,24576
626985,30380,24576
627219,30384,24576
627454,30388,24576
627688,30392,24576
627922,30396,24576
628157,30400,24576
628391,30404,24576
628626,30408,24576
628860,30412,24576
629094,30416,24576
629329,30420,24576
629563,30424,24576
629797,30428,24576
630032,30432,24576
630266,30436,24576
630501,30440,24576
630735,30444,24576
630969,30448,24576
631204,30452,24576
631438,30456,24576
631672,30460,24576
631907,30464,24576
632141,30468,24576
632376,30472,24576
632610,30476,24576
632844,30480,24576
633079,30484,24576
633313,30488,24576
633547,30492,24576
633782,30496,24576
634016,30500,24576
634251,30504,24576
634485,30508,24576
634719,30512,24576
634954,30516,24576
635188,30520,24576
635422,30524,24576
635657,30528,24576
635891,30532,24576
636126,30536,24576
636360,30540,24576
636594,30544,24576
636829,30548,24576
637063,30552,24576
637297,30556,24576
637532,30560,24576
637766,30564,24576
638001,30568,24576
638235,30572,24576
638469,30576,24576
638704,30580,24576
638938,30584,24576
639172,30588,24576
639407,30592,24576
639641,30596,24576
639876,30600,24576
640110,30604,24576
640344,30608,24576
640579,30612,24576
640813,30616,24576
641047,30620,24576
641282,30624,24576
641516,30628,24576
641751,30632,24576
641985,30636,24576
642219,30640,24576
642454,30644,24576
642688,30648,24576
642922,30652,24576
643157,30656,24576
643391,30660,24576
643626,30664,24576
643860,30668,24576
644094,30672,24576
644329,30676,24576
644563,30680,24576
644797,30684,24576
645032,30688,24576
645266,30692,24576
645501,30696,24576
645735,30700,24576
645969,30704,24576
646204,30708,24576
646438,30712,24576
646672,30716,24576
646907,30720,24576
647141,30724,24576
647376,30728,24576
647610,30732,24576
647844,30736,24576
648079,30740,24576
648313,30744,24576
648547,30748,24576
648782,30752,24576
649016,30756,24576
649251,30760,24576
649485,30764,24576
649719,30768,24576
649954,30772,24576
650188,30776,24576
650422,30780,24576
650657,30784,24576
650891,30788,24576
651126,30792,24576
651360,30796,24576
651594,30800,24576
651829,30804,24576
652063,30808,24576
652297,30812,24576
652532,30816,24576
652766,30820,24576
653001,30824,24576
653235,30828,24576
653469,30832,24576
653704,30836,24576
653938,30840,24576
654172,30844,24576
654407,30848,24576
654641,30852,24576
654876,30856,24576
655110,30860,24576
655344,30864,24576
655579,30868,24576
655813,30872,24576
656047,30876,24576
656282,30880,24576
656516,30884,24576
656751,30888,24576
656985,30892,24576
657219,30896,24576
657454,30900,24576
657688,30904,24576
657922,30908,24576
658157,30912,24576
658391,30916,24576
658626,30920,24576
658860,30924,24576
659094,30928,24576
659329,30932,24576
659563,30936,24576
659797,30940,24576
660032,30944,24576
660266,30948,24576
660501,30952,24576
660735,30956,24576
660969,30960,24576
661204,30964,24576
661438,30968,24576
661672,30972,24576
661907,30976,24576
662141,30980,24576
662376,30984,24576
662610,30988,24576
662844,30992,24576
663079,30996,24576
663313,31000,24576
663547,31004,24576
663782,31008,24576
664016,31012,24576
664251,31016,24576
664485,31020,24576
664719,31024,24576
664954,31028,24576
665188,31032,24576
665422,31036,24576
665657,31040,24576
665891,31044,24576
666126,31048,24576
666360,31052,24576
666594,31056,24576
666829,31060,24576
667063,31064,24576
667297,31068,24576
667532,31072,24576
667766,31076,24576
668001,31080,24576
668235,31084,24576
668469,31088,24576
668704,31092,24576
668938,31096,24576
669172,31100,24576
669407,31104,24576
669641,31108,24576
669876,31112,24576
670110,31116,24576
670344,31120,24576
670579,31124,24576
670813,31128,24576
671047,31132,24576
671282,31136,24576
671516,31140,24576
671751,31144,24576
671985,31148,24576
672219,31152,24576
672454,31156,24576
672688,31160,24576
672922,31164,24576
673157,31168,24576
673391,31172,24576
673626,31176,24576
673860,31180,24576
674094,31184,24576
674329,31188,24576
674563,31192,24576
674797,31196,24576
675032,31200,24576
675266,31204,24576
675501,31208,24576
675735,31212,24576
675969,31216,24576
676204,31220,24576
676438,31224,24576
676672,31228,24576
676907,31232,24576
677141,31236,24576
677376,31240,24576
677610,31244,24576
677844,31248,24576
678079,31252,24576
678313,31256,24576
678547,31260,24576
678782,31264,24576
679016,31268,24576
679251,31272,24576
679485,31276,24576
679719,31280,24576
679954,31284,24576
680188,31288,24576
680422,31292,24576
680657,31296,24576
680891,31300,24576
681126,31304,24576
681360,31308,24576
681594,31312,24576
681829,31316,24576
682063,31320,24576
682297,31324,24576
682532,31328,24576
682766,31332,24576
683001,31336,24576
683235,31340,24576
683469,31344,24576
683704,31348,24576
683938,31352,24576
684172,31356,24576
684407,31360,24576
684641,31364,24576
684876,31368,24576
685110,31372,24576
685344,31376,24576
685579,31380,24576
685813,31384,24576
686047,31388,24576
686282,31392,24576
686516,31396,24576
686751,31400,24576
686985,31404,24576
687219,31408,24576
687454,31412,24576
687688,31416,24576
687922,31420,24576
688157,31424,24576
688391,31428,24576
688626,31432,24576
688860,31436,24576
689094,31440,24576
689329,31444,24576
689563,31448,24576
689797,31452,24576
690032,31456,24576
690266,31460,24576
690501,31464,24576
690735,31468,24576
690969,31472,24576
691204,31476,24576
691438,31480,24576
691672,31484,24576
691907,31488,24576
692141,31492,24576
692376,31496,24576
692610,31500,24576
692844,31504,24576
693079,31508,24576
693313,31512,24576
693547,31516,24576
693782,31520,24576
694016,31524,24576
694251,31528,24576
694485,31532,24576
694719,31536,24576
694954,31540,24576
695188,31544,24576
695422,31548,24576
695657,31552,24576
695891,31556,24576
696126,31560,24576
696360,31564,24576
696594,31568,24576
696829,31572,24576
697063,31576,24576
697297,31580,24576
697532,31584,24576
697766,31588,24576
698001,31592,24576
698235,31596,24576
698469,31600,24576
698704,31604,24576
698938,31608,24576
699172,31612,24576
699407,31616,24576
699641,31620,24576
699876,31624,24576
700110,31628,24576
700344,31632,24576
700579,31636,24576
700813,31640,24576
701047,31644,24576
701282,31648,24576
701516,31652,24576
701751,31656,24576
701985,31660,24576
702219,31664,24576
702454,31668,24576
702688,31672,24576
702922,31676,24576
703157,31680,24576
703391,31684,24576
703626,31688,24576
703860,31692,24576
704094,31696,24576
704329,31700,24576
704563,31704,24576
704797,31708,24576
705032,31712,24576
705266,31716,24576
705501,31720,24576
705735,31724,24576
705969,31728,24576
706204,31732,24576
706438,31736,24576
706672,31740,24576
706907,31744,24576
707141,31748,24576
707376,31752,24576
707610,31756,24576
707844,31760,24576
708079,31764,24576
708313,31768,24576
708547,31772,24576
708782,31776,24576
709016,31780,24576
709251,31784,24576
709485,31788,24576
709719,31792,24576
709954,31796,24576
710188,31800,24576
710422,31804,24576
710657,31808,24576
710891,31812,24576
711126,31816,24576
711360,31820,24576
711594,31824,24576
711829,31828,24576
712063,31832,24576
712297,31836,24576
712532,31840,24576
712766,31844,24576
713001,31848,24576
713235,31852,24576
713469,31856,24576
713704,31860,24576
713938,31864,24576
714172,31868,24576
714407,31872,24576
714641,31876,24576
714876,31880,24576
715110,31884,24576
715344,31888,24576
715579,31892,24576
715813,31896,24576
716047,31900,24576
716282,31904,24576
716516,31908,24576
716751,31912,24576
716985,31916,24576
717219,31920,24576
717454,31924,24576
717688,31928,24576
717922,31932,24576
718157,31936,24576
718391,31940,24576
718626,31944,24576
718860,31948,24576
719094,31952,24576
719329,31956,24576
719563,31960,24576
719797,31964,24576
720032,31968,24576
720266,31972,24576
720501,31976,24576
720735,31980,24576
720969,31984,24576
721204,31988,24576
721438,31992,24576
721672,31996,24576
721907,32000,24576
722141,32004,24576
722376,32008,24576
722610,32012,24576
722844,32016,24576
723079,32020,24576
723313,32024,24576
723547,32028,24576
723782,32032,24576
724016,32036,24576
724251,32040,24576
724485,32044,24576
724719,32048,24576
724954,32052,24576
725188,32056,24576
725422,32060,24576
725657,32064,24576
725891,32068,24576
726126,32072,24576
726360,32076,24576
726594,32080,24576
726829,32084,24576
727063,32088,24576
727297,32092,24576
727532,32096,24576
727766,32100,24576
728001,32104,24576
728235,32108,24576
728469,32112,24576
728704,32116,24576
728938,32120,24576
729172,32124,24576
729407,32128,24576
729641,32132,24576
729876,32136,24576
730110,32140,24576
730344,32144,24576
730579,32148,24576
730813,32152,24576
731047,32156,24576
731282,32160,24576
731516,32164,24576
731751,32168,24576
731985,32172,24576
732219,32176,24576
732454,32180,24576
732688,32184,24576
732922,32188,24576
733157,32192,24576
733391,32196,24576
733626,32200,24576
733860,32204,24576
734094,32208,24576
734329,32212,24576
734563,32216,24576
734797,32220,24576
735032,32224,24576
735266,32228,24576
735501,32232,24576
735735,32236,24576
735969,32240,24576
736204,32244,24576
736438,32248,24576
736672,32252,24576
736907,32256,24576
737141,32260,24576
737376,32264,24576
737610,32268,24576
737844,32272,24576
738079,32276,24576
738313,32280,24576
738547,32284,24576
738782,32288,24576
739016,32292,24576
739251,32296,24576
739485,32300,24576
739719,32304,24576
739954,32308,24576
740188,32312,24576
740422,32316,24576
740657,32320,24576
740891,32324,24576
741126,32328,24576
741360,32332,24576
741594,32336,24576
741829,32340,24576
742063,32344,24576
742297,32348,24576
742532,32352,24576
742766,32356,24576
743001,32360,24576
743235,32364,24576
743469,32368,24576
743704,32372,24576
743938,32376,24576
744172,32380,24576
744407,32384,24576
744641,32388,24576
744876,32392,24576
745110,32396,24576
745344,32400,24576
745579,32404,24576
745813,32408,24576
746047,32412,24576
746282,32416,24576
746516,32420,24576
746751,32424,24576
746985,32428,24576
747219,32432,24576
747454,32436,24576
747688,32440,24576
747922,32444,24576
748157,32448,24576
748391,32452,24576
748626,32456,24576
748860,32460,24576
749094,32464,24576
749329,32468,24576
749563,32472,24576
749797,32476,24576
750032,32480,24576
750266,32484,24576
750501,32488,24576
750735,32492,24576
750969,32496,24576
751204,32500,24576
751438,32504,24576
751672,32508,24576
751907,32512,24576
752141,32516,24576
752376,32520,24576
752610,32524,24576
752844,32528,24576
753079,32532,24576
753313,32536,24576
753547,32540,24576
753782,32544,24576
754016,32548,24576
754251,32552,24576
754485,32556,24576
754719,32560,24576
754954,32564,24576
755188,32568,24576
755422,32572,24576
755657,32576,24576
755891,32580,24576
756126,32584,24576
756360,32588,24576
756594,32592,24576
756829,32596,24576
757063,32600,24576
757297,32604,24576
757532,32608,24576
757766,32612,24576
758001,32616,24576
758235,32620,24576
758469,32624,24576
758704,32628,24576
758938,32632,24576
759172,32636,24576
759407,32640,24576
759641,32644,24576
759876,32648,24576
760110,32652,24576
760344,32656,24576
760579,32660,24576
760813,32664,24576
761047,32668,24576
761282,32672,24576
761516,32676,24576
761751,32680,24576
761985,32684,24576
762219,32688,24576
762454,32692,24576
762688,32696,24576
762922,32700,24576
763157,32704,24576
763391,32708,24576
763626,32712,24576
763860,32716,24576
764094,32720,24576
764329,32724,24576
764563,32728,24576
764797,32732,24576
765032,32736,24576
765266,32740,24576
765501,32744,24576
765735,32748,24576
765969,32752,24576
766204,32756,24576
766438,32760,24576
766672,32764,24576
2455024,32764,0
2455728,32764,-3276
2878820,32760,-3276
2880578,32756,-3276
2882336,32752,-3276
2884094,32748,-3276
2885853,32744,-3276
2887611,32740,-3276
2889369,32736,-3276
2891127,32732,-3276
2892886,32728,-3276
2894644,32724,-3276
2896402,32720,-3276
2898160,32716,-3276
2899918,32712,-3276
2901677,32708,-3276
2903435,32704,-3276
2905193,32700,-3276
2906951,32696,-3276
2908710,32692,-3276
2910468,32688,-3276
2912226,32684,-3276
2913984,32680,-3276
2915743,32676,-3276
2917501,32672,-3276
2919259,32668,-3276
2921017,32664,-3276
2922776,32660,-3276
2924534,32656,-3276
2926292,32652,-3276
2928050,32648,-3276
2929809,32644,-3276
2931567,32640,-3276
2933325,32636,-3276
2935083,32632,-3276
2936842,32628,-3276
2938600,32624,-3276
2940358,32620,-3276
2942116,32616,-3276
2943875,32612,-3276
2945633,32608,-3276
2947391,32604,-3276
2949149,32600,-3276
2950908,32596,-3276
2952666,32592,-3276
2954424,32588,-3276
2956182,32584,-3276
2957940,32580,-3276
2959699,32576,-3276
2961457,32572,-3276
2963215,32568,-3276
2964973,32564,-3276
2966732,32560,-3276
2968490,32556,-3276
2970248,32552,-3276
2972006,32548,-3276
2973765,32544,-3276
2975523,32540,-3276
2977281,32536,-3276
2979039,32532,-3276
2980798,32528,-3276
2982556,32524,-3276
2984314,32520,-3276
2986072,32516,-3276
2987831,32512,-3276
2989589,32508,-3276
2991347,32504,-3276
2993105,32500,-3276
2994864,32496,-3276
2996622,32492,-3276
2998380,32488,-3276
3000138,32484,-3276
3001897,32480,-3276
3003655,32476,-3276
3005413,32472,-3276
3007171,32468,-3276
3008929,32464,-3276
3010688,32460,-3276
3012446,32456,-3276
3014204,32452,-3276
3015962,32448,-3276
3017721,32444,-3276
3019479,32440,-3276
3021237,32436,-3276
3022995,32432,-3276
3024754,32428,-3276
3026512,32424,-3276
3028270,32420,-3276
3030028,32416,-3276
3031787,32412,-3276
3033545,32408,-3276
3035303,32404,-3276
3037061,32400,-3276
3038820,32396,-3276
3040578,32392,-3276
3042336,32388,-3276
3044094,32384,-3276
3045853,32380,-3276
3047611,32376,-3276
3049369,32372,-3276
3051127,32368,-3276
3052886,32364,-3276
3054644,32360,-3276
3056402,32356,-3276
3058160,32352,-3276
3059918,32348,-3276
3061677,32344,-3276
3063435,32340,-3276
3065193,32336,-3276
3066951,32332,-3276
3068710,32328,-3276
3070468,32324,-3276
3072226,32320,-3276
3073984,32316,-3276
3075743,32312,-3276
3077501,32308,-3276
3079259,32304,-3276
3081017,32300,-3276
3082776,32296,-3276
3084534,32292,-3276
3086292,32288,-3276
3088050,32284,-3276
3089809,32280,-3276
3091567,32276,-3276
3093325,32272,-3276
3095083,32268,-3276
3096842,32264,-3276
3098600,32260,-3276
3100358,32256,-3276
3102116,32252,-3276
3103875,32248,-3276
3105633,32244,-3276
3107391,32240,-3276
3109149,32236,-3276
3110908,32232,-3276
3112666,32228,-3276
3114424,32224,-3276
3116182,32220,-3276
3117940,32216,-3276
3119699,32212,-3276
3121457,32208,-3276
3123215,32204,-3276
3124973,32200,-3276
3126732,32196,-3276
3128490,32192,-3276
3130248,32188,-3276
3132006,32184,-3276
3133765,32180,-3276
3135523,32176,-3276
3137281,32172,-3276
3139039,32168,-3276
3140798,32164,-3276
3142556,32160,-3276
3144314,32156,-3276
3146072,32152,-3276
3147831,32148,-3276
3149589,32144,-3276
3151347,32140,-3276
3153105,32136,-3276
3154864,32132,-3276
3156622,32128,-3276
3158380,32124,-3276
3160138,32120,-3276
3161897,32116,-3276
3163655,32112,-3276
3165413,32108,-3276
3167171,32104,-3276
3168929,32100,-3276
3170688,32096,-3276
3172446,32092,-3276
3174204,32088,-3276
3175962,32084,-3276
3177721,32080,-3276
3179479,32076,-3276
3181237,32072,-3276
3182995,32068,-3276
3184754,32064,-3276
3186512,32060,-3276
3188270,32056,-3276
3190028,32052,-3276
3191787,32048,-3276
3193545,32044,-3276
3195303,32040,-3276
3197061,32036,-3276
3198820,32032,-3276
3200578,32028,-3276
3202336,32024,-3276
3204094,32020,-3276
3205853,32016,-3276
3207611,32012,-3276
3209369,32008,-3276
3211127,32004,-3276
3212886,32000,-3276
3214644,31996,-3276
3216402,31992,-3276
3218160,31988,-3276
3219918,31984,-3276
3221677,31980,-3276
3223435,31976,-3276
3225193,31972,-3276
3226951,31968,-3276
3228710,31964,-3276
3230468,31960,-3276
3232226,31956,-3276
3233984,31952,-3276
3235743,31948,-3276
3237501,31944,-3276
3239259,31940,-3276
3241017,31936,-3276
3242776,31932,-3276
3244534,31928,-3276
3246292,31924,-3276
3248050,31920,-3276
3249809,31916,-3276
3251567,31912,-3276
3253325,31908,-3276
3255083,31904,-3276
3256842,31900,-3276
3258600,31896,-3276
3260358,31892,-3276
3262116,31888,-3276
3263875,31884,-3276
3265633,31880,-3276
3267391,31876,-3276
3269149,31872,-3276
3270908,31868,-3276
3272666,31864,-3276
3274424,31860,-3276
3276182,31856,-3276
3277940,31852,-3276
3279699,31848,-3276
3281457,31844,-3276
3283215,31840,-3276
3284973,31836,-3276
3286732,31832,-3276
3288490,31828,-3276
3290248,31824,-3276
3292006,31820,-3276
3293765,31816,-3276
3295523,31812,-3276
3297281,31808,-3276
3299039,31804,-3276
3300798,31800,-3276
3302556,31796,-3276
3304314,31792,-3276
3306072,31788,-3276
3307831,31784,-3276
3309589,31780,-3276
3311347,31776,-3276
3313105,31772,-3276
3314864,31768,-3276
3316622,31764,-3276
3318380,31760,-3276
3320138,31756,-3276
3321897,31752,-3276
3323655,31748,-3276
3325413,31744,-3276
3327171,31740,-3276
3328929,31736,-3276
3330688,31732,-3276
3332446,31728,-3276
3334204,31724,-3276
3335962,31720,-3276
3337721,31716,-3276
3339479,31712,-3276
3341237,31708,-3276
3342995,31704,-3276
3344754,31700,-3276
3346512,31696,-3276
3348270,31692,-3276
3350028,31688,-3276
3351787,31684,-3276
3353545,31680,-3276
3355303,31676,-3276
3357061,31672,-3276
3358820,31668,-3276
3360578,31664,-3276
3362336,31660,-3276
3364094,31656,-3276
3365853,31652,-3276
3367611,31648,-3276
3369369,31644,-3276
3371127,31640,-3276
3372886,31636,-3276
3374644,31632,-3276
3376402,31628,-3276
3378160,31624,-3276
3379918,31620,-3276
3381677,31616,-3276
3383435,31612,-3276
3385193,31608,-3276
3386951,31604,-3276
3388710,31600,-3276
3390468,31596,-3276
3392226,31592,-3276
3393984,31588,-3276
3395743,31584,-3276
3397501,31580,-3276
3399259,31576,-3276
3401017,31572,-3276
3402776,31568,-3276
3404534,31564,-3276
3406292,31560,-3276
3408050,31556,-3276
3409809,31552,-3276
3411567,31548,-3276
3413325,31544,-3276
3415083,31540,-3276
3416842,31536,-3276
3418600,31532,-3276
3420358,31528,-3276
3422116,31524,-3276
3423875,31520,-3276
3425633,31516,-3276
3427391,31512,-3276
3429149,31508,-3276
3430908,31504,-3276
3432666,31500,-3276
3434424,31496,-3276
3436182,31492,-3276
3437940,31488,-3276
3439699,31484,-3276
3441457,31480,-3276
3443215,31476,-3276
3444973,31472,-3276
3446732,31468,-3276
3448490,31464,-3276
3450248,31460,-3276
3452006,31456,-3276
3453765,31452,-3276
3455523,31448,-3276
3457281,31444,-3276
3459039,31440,-3276
3460798,31436,-3276
3462556,31432,-3276
3464314,31428,-3276
3466072,31424,-3276
3467831,31420,-3276
3469589,31416,-3276
3471347,31412,-3276
3473105,31408,-3276
3474864,31404,-3276
3476622,31400,-3276
3478380,31396,-3276
3480138,31392,-3276
3481897,31388,-3276
3483655,31384,-3276
3485413,31380,-3276
3487171,31376,-3276
3488929,31372,-3276
3490688,31368,-3276
3492446,31364,-3276
3494204,31360,-3276
3495962,31356,-3276
3497721,31352,-3276
3499479,31348,-3276
3501237,31344,-3276
3502995,31340,-3276
3504754,31336,-3276
3506512,31332,-3276
3508270,31328,-3276
3510028,31324,-3276
3511787,31320,-3276
3513545,31316,-3276
3515303,31312,-3276
3517061,31308,-3276
3518820,31304,-3276
3520578,31300,-3276
3522336,31296,-3276
3524094,31292,-3276
3525853,31288,-3276
3527611,31284,-3276
3529369,31280,-3276
3531127,31276,-3276
3532886,31272,-3276
3534644,31268,-3276
3536402,31264,-3276
3538160,31260,-3276
3539918,31256,-3276
3541677,31252,-3276
3543435,31248,-3276
3545193,31244,-3276
3546951,31240,-3276
3548710,31236,-3276
3550468,31232,-3276
3552226,31228,-3276
3553984,31224,-3276
3555743,31220,-3276
3557501,31216,-3276
3559259,31212,-3276
3561017,31208,-3276
3562776,31204,-3276
3564534,31200,-3276
3566292,31196,-3276
3568050,31192,-3276
3569809,31188,-3276
3571567,31184,-3276
3573325,31180,-3276
3575083,31176,-3276
3576842,31172,-3276
3578600,31168,-3276
3580358,31164,-3276
3582116,31160,-3276
3583875,31156,-3276
3585633,31152,-3276
3587391,31148,-3276
3589149,31144,-3276
3590908,31140,-3276
3592666,31136,-3276
3594424,31132,-3276
3596182,31128,-3276
3597940,31124,-3276
3599699,31120,-3276
3601457,31116,-3276
3603215,31112,-3276
3604973,31108,-3276
3606732,31104,-3276
3608490,31100,-3276
3610248,31096,-3276
3612006,31092,-3276
3613765,31088,-3276
3615523,31084,-3276
3617281,31080,-3276
3619039,31076,-3276
3620798,31072,-3276
3622556,31068,-3276
3624314,31064,-3276
3626072,31060,-3276
3627831,31056,-3276
3629589,31052,-3276
3631347,31048,-3276
3633105,31044,-3276
3634864,31040,-3276
3636622,31036,-3276
3638380,31032,-3276
3640138,31028,-3276
3641897,31024,-3276
3643655,31020,-3276
3645413,31016,-3276
3647171,31012,-3276
3648929,31008,-3276
3650688,31004,-3276
3652446,31000,-3276
3654204,30996,-3276
3655962,30992,-3276
3657721,30988,-3276
3659479,30984,-3276
3661237,30980,-3276
3662995,30976,-3276
3664754,30972,-3276
3666512,30968,-3276
3668270,30964,-3276
3670028,30960,-3276
3671787,30956,-3276
3673545,30952,-3276
3675303,30948,-3276
3677061,30944,-3276
3678820,30940,-3276
3680578,30936,-3276
3682336,30932,-3276
3684094,30928,-3276
3685853,30924,-3276
3687611,30920,-3276
3689369,30916,-3276
3691127,30912,-3276
3692886,30908,-3276
3694644,30904,-3276
3696402,30900,-3276
3698160,30896,-3276
3699918,30892,-3276
3701677,30888,-3276
3703435,30884,-3276
3705193,30880,-3276
3706951,30876,-3276
3708710,30872,-3276
3710468,30868,-3276
3712226,30864,-3276
3713984,30860,-3276
3715743,30856,-3276
3717501,30852,-3276
3719259,30848,-3276
3721017,30844,-3276
3722776,30840,-3276
3724534,30836,-3276
3726292,30832,-3276
3728050,30828,-3276
3729809,30824,-3276
3731567,30820,-3276
3733325,30816,-3276
3735083,30812,-3276
3736842,30808,-3276
3738600,30804,-3276
3740358,30800,-3276
3742116,30796,-3276
3743875,30792,-3276
3745633,30788,-3276
3747391,30784,-3276
3749149,30780,-3276
3750908,30776,-3276
3752666,30772,-3276
3754424,30768,-3276
3756182,30764,-3276
3757940,30760,-3276
3759699,30756,-3276
3761457,30752,-3276
3763215,30748,-3276
3764973,30744,-3276
3766732,30740,-3276
3768490,30736,-3276
3770248,30732,-3276
3772006,30728,-3276
3773765,30724,-3276
3775523,30720,-3276
3777281,30716,-3276
3779039,30712,-3276
3780798,30708,-3276
3782556,30704,-3276
3784314,30700,-3276
3786072,30696,-3276
3787831,30692,-3276
3789589,30688,-3276
3791347,30684,-3276
3793105,30680,-3276
3794864,30676,-3276
3796622,30672,-3276
3798380,30668,-3276
3800138,30664,-3276
3801897,30660,-3276
3803655,30656,-3276
3805413,30652,-3276
3807171,30648,-3276
3808929,30644,-3276
3810688,30640,-3276
3812446,30636,-3276
3814204,30632,-3276
3815962,30628,-3276
3817721,30624,-3276
3819479,30620,-3276
3821237,30616,-3276
3822995,30612,-3276
3824754,30608,-3276
3826512,30604,-3276
3828270,30600,-3276
3830028,30596,-3276
3831787,30592,-3276
3833545,30588,-3276
3835303,30584,-3276
3837061,30580,-3276
3838820,30576,-3276
3840578,30572,-3276
3842336,30568,-3276
3844094,30564,-3276
3845853,30560,-3276
3847611,30556,-3276
3849369,30552,-3276
3851127,30548,-3276
3852886,30544,-3276
3854644,30540,-3276
3856402,30536,-3276
3858160,30532,-3276
3859918,30528,-3276
3861677,30524,-3276
3863435,30520,-3276
3865193,30516,-3276
3866951,30512,-3276
3868710,30508,-3276
3870468,30504,-3276
3872226,30500,-3276
3873984,30496,-3276
3875743,30492,-3276
3877501,30488,-3276
3879259,30484,-3276
3881017,30480,-3276
3882776,30476,-3276
3884534,30472,-3276
3886292,30468,-3276
3888050,30464,-3276
3889809,30460,-3276
3891567,30456,-3276
3893325,30452,-3276
3895083,30448,-3276
3896842,30444,-3276
3898600,30440,-3276
3900358,30436,-3276
3902116,30432,-3276
3903875,30428,-3276
3905633,30424,-3276
3907391,30420,-3276
3909149,30416,-3276
3910908,30412,-3276
3912666,30408,-3276
3914424,30404,-3276
3916182,30400,-3276
3917940,30396,-3276
3919699,30392,-3276
3921457,30388,-3276
3923215,30384,-3276
3924973,30380,-3276
3926732,30376,-3276
3928490,30372,-3276
3930248,30368,-3276
3932006,30364,-3276
3933765,30360,-3276
3935523,30356,-3276
3937281,30352,-3276
3939039,30348,-3276
3940798,30344,-3276
3942556,30340,-3276
3944314,30336,-3276
3946072,30332,-3276
3947831,30328,-3276
3949589,30324,-3276
3951347,30320,-3276
3953105,30316,-3276
3954864,30312,-3276
3956622,30308,-3276
3958380,30304,-3276
3960138,30300,-3276
3961897,30296,-3276
3963655,30292,-3276
3965413,30288,-3276
3967171,30284,-3276
3968929,30280,-3276
3970688,30276,-3276
3972446,30272,-3276
3974204,30268,-3276
3975962,30264,-3276
3977721,30260,-3276
3979479,30256,-3276
3981237,30252,-3276
3982995,30248,-3276
3984754,30244,-3276
3986512,30240,-3276
3988270,30236,-3276
3990028,30232,-3276
3991787,30228,-3276
3993545,30224,-3276
3995303,30220,-3276
3997061,30216,-3276
3998820,30212,-3276
4000578,30208,-3276
4002336,30204,-3276
4004094,30200,-3276
4005853,30196,-3276
4007611,30192,-3276
4009369,30188,-3276
4011127,30184,-3276
4012886,30180,-3276
4014644,30176,-3276
4016402,30172,-3276
4018160,30168,-3276
4019918,30164,-3276
4021677,30160,-3276
4023435,30156,-3276
4025193,30152,-3276
4026951,30148,-3276
4028710,30144,-3276
4030468,30140,-3276
4032226,30136,-3276
4033984,30132,-3276
4035743,30128,-3276
4037501,30124,-3276
4039259,30120,-3276
4041017,30116,-3276
4042776,30112,-3276
4044534,30108,-3276
4046292,30104,-3276
4048050,30100,-3276
4049809,30096,-3276
4051567,30092,-3276
4053325,30088,-3276
4055083,30084,-3276
4056842,30080,-3276
4058600,30076,-3276
4060358,30072,-3276
4062116,30068,-3276
4063875,30064,-3276
4065633,30060,-3276
4067391,30056,-3276
4069149,30052,-3276
4070908,30048,-3276
4072666,30044,-3276
4074424,30040,-3276
4076182,30036,-3276
4077940,30032,-3276
4079699,30028,-3276
4081457,30024,-3276
4083215,30020,-3276
4084973,30016,-3276
4086732,30012,-3276
4088490,30008,-3276
4090248,30004,-3276
4092006,30000,-3276
4093765,29996,-3276
4095523,29992,-3276
4097281,29988,-3276
4099039,29984,-3276
4100798,29980,-3276
4102556,29976,-3276
4104314,29972,-3276
4106072,29968,-3276
4107831,29964,-3276
4109589,29960,-3276
4111347,29956,-3276
4113105,29952,-3276
4114864,29948,-3276
4116622,29944,-3276
4118380,29940,-3276
4120138,29936,-3276
4121897,29932,-3276
4123655,29928,-3276
4125413,29924,-3276
4127171,29920,-3276
4128929,29916,-3276
4130688,29912,-3276
4132446,29908,-3276
4134204,29904,-3276
4135962,29900,-3276
4137721,29896,-3276
4139479,29892,-3276
4141237,29888,-3276
4142995,29884,-3276
4144754,29880,-3276
4146512,29876,-3276
4148270,29872,-3276
4150028,29868,-3276
4151787,29864,-3276
4153545,29860,-3276
4155303,29856,-3276
4157061,29852,-3276
4158820,29848,-3276
4160578,29844,-3276
4162336,29840,-3276
4164094,29836,-3276
4165853,29832,-3276
4167611,29828,-3276
4169369,29824,-3276
4171127,29820,-3276
4172886,29816,-3276
4174644,29812,-3276
4176402,29808,-3276
4178160,29804,-3276
4179918,29800,-3276
4181677,29796,-3276
4183435,29792,-3276
4185193,29788,-3276
4186951,29784,-3276
4188710,29780,-3276
4190468,29776,-3276
4192226,29772,-3276
4193984,29768,-3276
4195743,29764,-3276
4197501,29760,-3276
4199259,29756,-3276
4201017,29752,-3276
4202776,29748,-3276
4204534,29744,-3276
4206292,29740,-3276
4208050,29736,-3276
4209809,29732,-3276
4211567,29728,-3276
4213325,29724,-3276
4215083,29720,-3276
4216842,29716,-3276
4218600,29712,-3276
4220358,29708,-3276
4222116,29704,-3276
4223875,29700,-3276
4225633,29696,-3276
4227391,29692,-3276
4229149,29688,-3276
4230908,29684,-3276
4232666,29680,-3276
4234424,29676,-3276
4236182,29672,-3276
4237940,29668,-3276
4239699,29664,-3276
4241457,29660,-3276
4243215,29656,-3276
4244973,29652,-3276
4246732,29648,-3276
4248490,29644,-3276
4250248,29640,-3276
4252006,29636,-3276
4253765,29632,-3276
4255523,29628,-3276
4257281,29624,-3276
4259039,29620,-3276
4260798,29616,-3276
4262556,29612,-3276
4264314,29608,-3276
4266072,29604,-3276
4267831,29600,-3276
4269589,29596,-3276
4271347,29592,-3276
4273105,29588,-3276
4274864,29584,-3276
4276622,29580,-3276
4278380,29576,-3276
4280138,29572,-3276
4281897,29568,-3276
4283655,29564,-3276
4285413,29560,-3276
4287171,29556,-3276
4288929,29552,-3276
4290688,29548,-3276
4292446,29544,-3276
4294204,29540,-3276
4295962,29536,-3276
4297721,29532,-3276
4299479,29528,-3276
4301237,29524,-3276
4302995,29520,-3276
4304754,29516,-3276
4306512,29512,-3276
4308270,29508,-3276
4310028,29504,-3276
4311787,29500,-3276
4313545,29496,-3276
4315303,29492,-3276
4317061,29488,-3276
4318820,29484,-3276
4320578,29480,-3276
4322336,29476,-3276
4324094,29472,-3276
4325853,29468,-3276
4327611,29464,-3276
4329369,29460,-3276
4331127,29456,-3276
4332886,29452,-3276
4334644,29448,-3276
4336402,29444,-3276
4338160,29440,-3276
4339918,29436,-3276
4341677,29432,-3276
4343435,29428,-3276
4345193,29424,-3276
4346951,29420,-3276
4348710,29416,-3276
4350468,29412,-3276
4352226,29408,-3276
4353984,29404,-3276
4355743,29400,-3276
4357501,29396,-3276
4359259,29392,-3276
4361017,29388,-3276
4362776,29384,-3276
4364534,29380,-3276
4366292,29376,-3276
4368050,29372,-3276
4369809,29368,-3276
4371567,29364,-3276
4373325,29360,-3276
4375083,29356,-3276
4376842,29352,-3276
4378600,29348,-3276
4380358,29344,-3276
4382116,29340,-3276
4383875,29336,-3276
4385633,29332,-3276
4387391,29328,-3276
4389149,29324,-3276
4390907,29320,-3276
4392666,29316,-3276
4394424,29312,-3276
4396182,29308,-3276
4397940,29304,-3276
4399699,29300,-3276
4401457,29296,-3276
4403215,29292,-3276
4404973,29288,-3276
4406732,29284,-3276
4408490,29280,-3276
4410248,29276,-3276
4412006,29272,-3276
4413765,29268,-3276
4415523,29264,-3276
4417281,29260,-3276
4419039,29256,-3276
4420798,29252,-3276
4422556,29248,-3276
4424314,29244,-3276
4426072,29240,-3276
4427831,29236,-3276
4429589,29232,-3276
4431347,29228,-3276
4433105,29224,-3276
4434864,29220,-3276
4436622,29216,-3276
4438380,29212,-3276
4440138,29208,-3276
4441897,29204,-3276
4443655,29200,-3276
4445413,29196,-3276
4447171,29192,-3276
4448929,29188,-3276
4450688,29184,-3276
4452446,29180,-3276
4454204,29176,-3276
4455962,29172,-3276
4457721,29168,-3276
4459479,29164,-3276
4461237,29160,-3276
4462995,29156,-3276
4464754,29152,-3276
4466512,29148,-3276
4468270,29144,-3276
4470028,29140,-3276
4471787,29136,-3276
4473545,29132,-3276
4475303,29128,-3276
4477061,29124,-3276
4478820,29120,-3276
4480578,29116,-3276
4482336,29112,-3276
4484094,29108,-3276
4485853,29104,-3276
4487611,29100,-3276
4489369,29096,-3276
4491127,29092,-3276
4492886,29088,-3276
4494644,29084,-3276
4496402,29080,-3276
4498160,29076,-3276
4499918,29072,-3276
4501677,29068,-3276
4503435,29064,-3276
4505193,29060,-3276
4506951,29056,-3276
4508710,29052,-3276
4510468,29048,-3276
4512226,29044,-3276
4513984,29040,-3276
4515743,29036,-3276
4517501,29032,-3276
4519259,29028,-3276
4521017,29024,-3276
4522776,29020,-3276
4524534,29016,-3276
4526292,29012,-3276
4528050,29008,-3276
4529809,29004,-3276
4531567,29000,-3276
4533325,28996,-3276
4535083,28992,-3276
4536842,28988,-3276
4538600,28984,-3276
4540358,28980,-3276
4542116,28976,-3276
4543875,28972,-3276
4545633,28968,-3276
4547391,28964,-3276
4549149,28960,-3276
4550907,28956,-3276
4552666,28952,-3276
4554424,28948,-3276
4556182,28944,-3276
4557940,28940,-3276
4559699,28936,-3276
4561457,28932,-3276
4563215,28928,-3276
4564973,28924,-3276
4566732,28920,-3276
4568490,28916,-3276
4570248,28912,-3276
4572006,28908,-3276
4573765,28904,-3276
4575523,28900,-3276
4577281,28896,-3276
4579039,28892,-3276
4580798,28888,-3276
4582556,28884,-3276
4584314,28880,-3276
4586072,28876,-3276
4587831,28872,-3276
4589589,28868,-3276
4591347,28864,-3276
4593105,28860,-3276
4594864,28856,-3276
4596622,28852,-3276
4598380,28848,-3276
4600138,28844,-3276
4601897,28840,-3276
4603655,28836,-3276
4605413,28832,-3276
4607171,28828,-3276
4608929,28824,-3276
4610688,28820,-3276
4612446,28816,-3276
4614204,28812,-3276
4615962,28808,-3276
4617721,28804,-3276
4619479,28800,-3276
4621237,28796,-3276
4622995,28792,-3276
4624754,28788,-3276
4626512,28784,-3276
4628270,28780,-3276
4630028,28776,-3276
4631787,28772,-3276
4633545,28768,-3276
4635303,28764,-3276
4637061,28760,-3276
4638820,28756,-3276
4640578,28752,-3276
4642336,28748,-3276
4644094,28744,-3276
4645853,28740,-3276
4647611,28736,-3276
4649369,28732,-3276
4651127,28728,-3276
4652886,28724,-3276
4654644,28720,-3276
4656402,28716,-3276
4658160,28712,-3276
4659918,28708,-3276
4661677,28704,-3276
4663435,28700,-3276
4665193,28696,-3276
4666951,28692,-3276
4668710,28688,-3276
4670468,28684,-3276
4672226,28680,-3276
4673984,28676,-3276
4675743,28672,-3276
4677501,28668,-3276
4679259,28664,-3276
4681017,28660,-3276
4682776,28656,-3276
4684534,28652,-3276
4686292,28648,-3276
4688050,28644,-3276
4689809,28640,-3276
4691567,28636,-3276
4693325,28632,-3276
4695083,28628,-3276
4696842,28624,-3276
4698600,28620,-3276
4700358,28616,-3276
4702116,28612,-3276
4703875,28608,-3276
4705633,28604,-3276
4707391,28600,-3276
4709149,28596,-3276
4710907,28592,-3276
4712666,28588,-3276
4714424,28584,-3276
4716182,28580,-3276
4717940,28576,-3276
4719699,28572,-3276
4721457,28568,-3276
4723215,28564,-3276
4724973,28560,-3276
4726732,28556,-3276
4728490,28552,-3276
4730248,28548,-3276
4732006,28544,-3276
4733765,28540,-3276
4735523,28536,-3276
4737281,28532,-3276
4739039,28528,-3276
4740798,28524,-3276
4742556,28520,-3276
4744314,28516,-3276
4746072,28512,-3276
4747831,28508,-3276
4749589,28504,-3276
4751347,28500,-3276
4753105,28496,-3276
4754864,28492,-3276
4756622,28488,-3276
4758380,28484,-3276
4760138,28480,-3276
4761897,28476,-3276
4763655,28472,-3276
4765413,28468,-3276
4767171,28464,-3276
4768929,28460,-3276
4770688,28456,-3276
4772446,28452,-3276
4774204,28448,-3276
4775962,28444,-3276
4777721,28440,-3276
4779479,28436,-3276
4781237,28432,-3276
4782995,28428,-3276
4784754,28424,-3276
4786512,28420,-3276
4788270,28416,-3276
4790028,28412,-3276
4791787,28408,-3276
4793545,28404,-3276
4795303,28400,-3276
4797061,28396,-3276
4798820,28392,-3276
4800578,28388,-3276
4802336,28384,-3276
4804094,28380,-3276
4805853,28376,-3276
4807611,28372,-3276
4809369,28368,-3276
4811127,28364,-3276
4812886,28360,-3276
4814644,28356,-3276
4816402,28352,-3276
4818160,28348,-3276
4819918,28344,-3276
4821677,28340,-3276
4823435,28336,-3276
4825193,28332,-3276
4826951,28328,-3276
4828710,28324,-3276
4830468,28320,-3276
4832226,28316,-3276
4833984,28312,-3276
4835743,28308,-3276
4837501,28304,-3276
4839259,28300,-3276
4841017,28296,-3276
4842776,28292,-3276
4844534,28288,-3276
4846292,28284,-3276
4848050,28280,-3276
4849809,28276,-3276
4851567,28272,-3276
4853325,28268,-3276
4855083,28264,-3276
4856842,28260,-3276
4858600,28256,-3276
4860358,28252,-3276
4862116,28248,-3276
4863875,28244,-3276
4865633,28240,-3276
4867391,28236,-3276
4869149,28232,-3276
4870907,28228,-3276
4872666,28224,-3276
4874424,28220,-3276
4876182,28216,-3276
4877940,28212,-3276
4879699,28208,-3276
4881457,28204,-3276
4883215,28200,-3276
4884973,28196,-3276
4886732,28192,-3276
4888490,28188,-3276
4890248,28184,-3276
4892006,28180,-3276
4893765,28176,-3276
4895523,28172,-3276
4897281,28168,-3276
4899039,28164,-3276
4900798,28160,-3276
4902556,28156,-3276
4904314,28152,-3276
4906072,28148,-3276
4907831,28144,-3276
4909589,28140,-3276
4911347,28136,-3276
4913105,28132,-3276
4914864,28128,-3276
4916622,28124,-3276
4918380,28120,-3276
4920138,28116,-3276
4921897,28112,-3276
4923655,28108,-3276
4925413,28104,-3276
4927171,28100,-3276
4928929,28096,-3276
4930688,28092,-3276
4932446,28088,-3276
4934204,28084,-3276
4935962,28080,-3276
4937721,28076,-3276
4939479,28072,-3276
4941237,28068,-3276
4942995,28064,-3276
4944754,28060,-3276
4946512,28056,-3276
4948270,28052,-3276
4950028,28048,-3276
4951787,28044,-3276
4953545,28040,-3276
4955303,28036,-3276
4957061,28032,-3276
4958820,28028,-3276
4960578,28024,-3276
4962336,28020,-3276
4964094,28016,-3276
4965853,28012,-3276
4967611,28008,-3276
4969369,28004,-3276
4971127,28000,-3276
4972886,27996,-3276
4974644,27992,-3276
4976402,27988,-3276
4978160,27984,-3276
4979918,27980,-3276
4981677,27976,-3276
4983435,27972,-3276
4985193,27968,-3276
4986951,27964,-3276
4988710,27960,-3276
4990468,27956,-3276
4992226,27952,-3276
4993984,27948,-3276
4995743,27944,-3276
4997501,27940,-3276
4999259,27936,-3276
5001017,27932,-3276
5002776,27928,-3276
5004534,27924,-3276
5006292,27920,-3276
5008050,27916,-3276
5009809,27912,-3276
5011567,27908,-3276
5013325,27904,-3276
5015083,27900,-3276
5016842,27896,-3276
5018600,27892,-3276
5020358,27888,-3276
5022116,27884,-3276
5023875,27880,-3276
5025633,27876,-3276
5027391,27872,-3276
5029149,27868,-3276
5030907,27864,-3276
5032666,27860,-3276
5034424,27856,-3276
5036182,27852,-3276
5037940,27848,-3276
5039699,27844,-3276
5041457,27840,-3276
5043215,27836,-3276
5044973,27832,-3276
5046732,27828,-3276
5048490,27824,-3276
5050248,27820,-3276
5052006,27816,-3276
5053765,27812,-3276
5055523,27808,-3276
5057281,27804,-3276
5059039,27800,-3276
5060798,27796,-3276
5062556,27792,-3276
5064314,27788,-3276
5066072,27784,-3276
5067831,27780,-3276
5069589,27776,-3276
5071347,27772,-3276
5073105,27768,-3276
5074864,27764,-3276
5076622,27760,-3276
5078380,27756,-3276
5080138,27752,-3276
5081897,27748,-3276
5083655,27744,-3276
5085413,27740,-3276
5087171,27736,-3276
5088929,27732,-3276
5090688,27728,-3276
5092446,27724,-3276
5094204,27720,-3276
5095962,27716,-3276
5097721,27712,-3276
5099479,27708,-3276
5101237,27704,-3276
5102995,27700,-3276
5104754,27696,-3276
5106512,27692,-3276
5108270,27688,-3276
5110028,27684,-3276
5111787,27680,-3276
5113545,27676,-3276
5115303,27672,-3276
5117061,27668,-3276
5118820,27664,-3276
5120578,27660,-3276
5122336,27656,-3276
5124094,27652,-3276
5125853,27648,-3276
5127611,27644,-3276
5129369,27640,-3276
5131127,27636,-3276
5132886,27632,-3276
5134644,27628,-3276
5136402,27624,-3276
5138160,27620,-3276
5139918,27616,-3276
5141677,27612,-3276
5143435,27608,-3276
5145193,27604,-3276
5146951,27600,-3276
5148710,27596,-3276
5150468,27592,-3276
5152226,27588,-3276
5153984,27584,-3276
5155743,27580,-3276
5157501,27576,-3276
5159259,27572,-3276
5161017,27568,-3276
5162776,27564,-3276
5164534,27560,-3276
5166292,27556,-3276
5168050,27552,-3276
5169809,27548,-3276
5171567,27544,-3276
5173325,27540,-3276
5175083,27536,-3276
5176842,27532,-3276
5178600,27528,-3276
5180358,27524,-3276
5182116,27520,-3276
5183875,27516,-3276
5185633,27512,-3276
5187391,27508,-3276
5189149,27504,-3276
5190907,27500,-3276
5192666,27496,-3276
5194424,27492,-3276
5196182,27488,-3276
5197940,27484,-3276
5199699,27480,-3276
5201457,27476,-3276
5203215,27472,-3276
5204973,27468,-3276
5206732,27464,-3276
5208490,27460,-3276
5210248,27456,-3276
5212006,27452,-3276
5213765,27448,-3276
5215523,27444,-3276
5217281,27440,-3276
5219039,27436,-3276
5220798,27432,-3276
5222556,27428,-3276
5224314,27424,-3276
5226072,27420,-3276
5227831,27416,-3276
5229589,27412,-3276
5231347,27408,-3276
5233105,27404,-3276
5234864,27400,-3276
5236622,27396,-3276
5238380,27392,-3276
5240138,27388,-3276
5241897,27384,-3276
5243655,27380,-3276
5245413,27376,-3276
5247171,27372,-3276
5248929,27368,-3276
5250688,27364,-3276
5252446,27360,-3276
5254204,27356,-3276
5255962,27352,-3276
5257721,27348,-3276
5259479,27344,-3276
5261237,27340,-3276
5262995,27336,-3276
5264754,27332,-3276
5266512,27328,-3276
5268270,27324,-3276
5270028,27320,-3276
5271787,27316,-3276
5273545,27312,-3276
5275303,27308,-3276
5277061,27304,-3276
5278820,27300,-3276
5280578,27296,-3276
5282336,27292,-3276
5284094,27288,-3276
5285853,27284,-3276
5287611,27280,-3276
5289369,27276,-3276
5291127,27272,-3276
5292886,27268,-3276
5294644,27264,-3276
5296402,27260,-3276
5298160,27256,-3276
5299918,27252,-3276
5301677,27248,-3276
5303435,27244,-3276
5305193,27240,-3276
5306951,27236,-3276
5308710,27232,-3276
5310468,27228,-3276
5312226,27224,-3276
5313984,27220,-3276
5315743,27216,-3276
5317501,27212,-3276
5319259,27208,-3276
5321017,27204,-3276
5322776,27200,-3276
5324534,27196,-3276
5326292,27192,-3276
5328050,27188,-3276
5329809,27184,-3276
5331567,27180,-3276
5333325,27176,-3276
5335083,27172,-3276
5336842,27168,-3276
5338600,27164,-3276
5340358,27160,-3276
5342116,27156,-3276
5343875,27152,-3276
5345633,27148,-3276
5347391,27144,-3276
5349149,27140,-3276
5350907,27136,-3276
5352666,27132,-3276
5354424,27128,-3276
5356182,27124,-3276
5357940,27120,-3276
5359699,27116,-3276
5361457,27112,-3276
5363215,27108,-3276
5364973,27104,-3276
5366732,27100,-3276
5368490,27096,-3276
5370248,27092,-3276
5372006,27088,-3276
5373765,27084,-3276
5375523,27080,-3276
5377281,27076,-3276
5379039,27072,-3276
5380798,27068,-3276
5382556,27064,-3276
5384314,27060,-3276
5386072,27056,-3276
5387831,27052,-3276
5389589,27048,-3276
5391347,27044,-3276
5393105,27040,-3276
5394864,27036,-3276
5396622,27032,-3276
5398380,27028,-3276
5400138,27024,-3276
5401897,27020,-3276
5403655,27016,-3276
5405413,27012,-3276
5407171,27008,-3276
5408929,27004,-3276
5410688,27000,-3276
5412446,26996,-3276
5414204,26992,-3276
5415962,26988,-3276
5417721,26984,-3276
5419479,26980,-3276
5421237,26976,-3276
5422995,26972,-3276
5424754,26968,-3276
5426512,26964,-3276
5428270,26960,-3276
5430028,26956,-3276
5431787,26952,-3276
5433545,26948,-3276
5435303,26944,-3276
5437061,26940,-3276
5438820,26936,-3276
5440578,26932,-3276
5442336,26928,-3276
5444094,26924,-3276
5445853,26920,-3276
5447611,26916,-3276
5449369,26912,-3276
5451127,26908,-3276
5452886,26904,-3276
5454644,26900,-3276
5456402,26896,-3276
5458160,26892,-3276
5459918,26888,-3276
5461677,26884,-3276
5463435,26880,-3276
5465193,26876,-3276
5466951,26872,-3276
5468710,26868,-3276
5470468,26864,-3276
5472226,26860,-3276
5473984,26856,-3276
5475743,26852,-3276
5477501,26848,-3276
5479259,26844,-3276
5481017,26840,-3276
5482776,26836,-3276
5484534,26832,-3276
5486292,26828,-3276
5488050,26824,-3276
5489809,26820,-3276
5491567,26816,-3276
5493325,26812,-3276
5495083,26808,-3276
5496842,26804,-3276
5498600,26800,-3276
5500358,26796,-3276
5502116,26792,-3276
5503875,26788,-3276
5505633,26784,-3276
5507391,26780,-3276
5509149,26776,-3276
5510907,26772,-3276
5512666,26768,-3276
5514424,26764,-3276
5516182,26760,-3276
5517940,26756,-3276
5519699,26752,-3276
5521457,26748,-3276
5523215,26744,-3276
5524973,26740,-3276
5526732,26736,-3276
5528490,26732,-3276
5530248,26728,-3276
5532006,26724,-3276
5533765,26720,-3276
5535523,26716,-3276
5537281,26712,-3276
5539039,26708,-3276
5540798,26704,-3276
5542556,26700,-3276
5544314,26696,-3276
5546072,26692,-3276
5547831,26688,-3276
5549589,26684,-3276
5551347,26680,-3276
5553105,26676,-3276
5554864,26672,-3276
5556622,26668,-3276
5558380,26664,-3276
5560138,26660,-3276
5561897,26656,-3276
5563655,26652,-3276
5565413,26648,-3276
5567171,26644,-3276
5568929,26640,-3276
5570688,26636,-3276
5572446,26632,-3276
5574204,26628,-3276
5575962,26624,-3276
5577721,26620,-3276
5579479,26616,-3276
5581237,26612,-3276
5582995,26608,-3276
5584754,26604,-3276
5586512,26600,-3276
5588270,26596,-3276
5590028,26592,-3276
5591787,26588,-3276
5593545,26584,-3276
5595303,26580,-3276
5597061,26576,-3276
5598820,26572,-3276
5600578,26568,-3276
5602336,26564,-3276
5604094,26560,-3276
5605853,26556,-3276
5607611,26552,-3276
5609369,26548,-3276
5611127,26544,-3276
5612886,26540,-3276
5614644,26536,-3276
5616402,26532,-3276
5618160,26528,-3276
5619918,26524,-3276
5621677,26520,-3276
5623435,26516,-3276
5625193,26512,-3276
5626951,26508,-3276
5628710,26504,-3276
5630468,26500,-3276
5632226,26496,-3276
5633984,26492,-3276
5635743,26488,-3276
5637501,26484,-3276
5639259,26480,-3276
5641017,26476,-3276
5642776,26472,-3276
5644534,26468,-3276
5646292,26464,-3276
5648050,26460,-3276
5649809,26456,-3276
5651567,26452,-3276
5653325,26448,-3276
5655083,26444,-3276
5656842,26440,-3276
5658600,26436,-3276
5660358,26432,-3276
5662116,26428,-3276
5663875,26424,-3276
5665633,26420,-3276
5667391,26416,-3276
5669149,26412,-3276
5670907,26408,-3276
5672666,26404,-3276
5674424,26400,-3276
5676182,26396,-3276
5677940,26392,-3276
5679699,26388,-3276
5681457,26384,-3276
5683215,26380,-3276
5684973,26376,-3276
5686732,26372,-3276
5688490,26368,-3276
5690248,26364,-3276
5692006,26360,-3276
5693765,26356,-3276
5695523,26352,-3276
5697281,26348,-3276
5699039,26344,-3276
5700798,26340,-3276
5702556,26336,-3276
5704314,26332,-3276
5706072,26328,-3276
5707831,26324,-3276
5709589,26320,-3276
5711347,26316,-3276
5713105,26312,-3276
5714864,26308,-3276
5716622,26304,-3276
5718380,26300,-3276
5720138,26296,-3276
5721897,26292,-3276
5723655,26288,-3276
5725413,26284,-3276
5727171,26280,-3276
5728929,26276,-3276
5730688,26272,-3276
5732446,26268,-3276
5734204,26264,-3276
5735962,26260,-3276
5737721,26256,-3276
5739479,26252,-3276
5741237,26248,-3276
5742995,26244,-3276
5744754,26240,-3276
5746512,26236,-3276
5748270,26232,-3276
5750028,26228,-3276
5751787,26224,-3276
5753545,26220,-3276
5755303,26216,-3276
5757061,26212,-3276
5758820,26208,-3276
5760578,26204,-3276
5762336,26200,-3276
5764094,26196,-3276
5765853,26192,-3276
5767611,26188,-3276
5769369,26184,-3276
5771127,26180,-3276
5772886,26176,-3276
5774644,26172,-3276
5776402,26168,-3276
5778160,26164,-3276
5779918,26160,-3276
5781677,26156,-3276
5783435,26152,-3276
5785193,26148,-3276
5786951,26144,-3276
5788710,26140,-3276
5790468,26136,-3276
5792226,26132,-3276
5793984,26128,-3276
5795743,26124,-3276
5797501,26120,-3276
5799259,26116,-3276
5801017,26112,-3276
5802776,26108,-3276
5804534,26104,-3276
5806292,26100,-3276
5808050,26096,-3276
5809809,26092,-3276
5811567,26088,-3276
5813325,26084,-3276
5815083,26080,-3276
5816842,26076,-3276
5818600,26072,-3276
5820358,26068,-3276
5822116,26064,-3276
5823875,26060,-3276
5825633,26056,-3276
5827391,26052,-3276
5829149,26048,-3276
5830907,26044,-3276
5832666,26040,-3276
5834424,26036,-3276
5836182,26032,-3276
5837940,26028,-3276
5839699,26024,-3276
5841457,26020,-3276
5843215,26016,-3276
5844973,26012,-3276
5846732,26008,-3276
5848490,26004,-3276
5850248,26000,-3276
5852006,25996,-3276
5853765,25992,-3276
5855523,25988,-3276
5857281,25984,-3276
5859039,25980,-3276
5860798,25976,-3276
5862556,25972,-3276
5864314,25968,-3276
5866072,25964,-3276
5867831,25960,-3276
5869589,25956,-3276
5871347,25952,-3276
5873105,25948,-3276
5874864,25944,-3276
5876622,25940,-3276
5878380,25936,-3276
5880138,25932,-3276
5881897,25928,-3276
5883655,25924,-3276
5885413,25920,-3276
5887171,25916,-3276
5888929,25912,-3276
5890688,25908,-3276
5892446,25904,-3276
5894204,25900,-3276
5895962,25896,-3276
5897721,25892,-3276
5899479,25888,-3276
5901237,25884,-3276
5902995,25880,-3276
5904754,25876,-3276
5906512,25872,-3276
5908270,25868,-3276
5910028,25864,-3276
5911787,25860,-3276
5913545,25856,-3276
5915303,25852,-3276
5917061,25848,-3276
5918820,25844,-3276
5920578,25840,-3276
5922336,25836,-3276
5924094,25832,-3276
5925853,25828,-3276
5927611,25824,-3276
5929369,25820,-3276
5931127,25816,-3276
5932886,25812,-3276
5934644,25808,-3276
5936402,25804,-3276
5938160,25800,-3276
5939918,25796,-3276
5941677,25792,-3276
5943435,25788,-3276
5945193,25784,-3276
5946951,25780,-3276
5948710,25776,-3276
5950468,25772,-3276
5952226,25768,-3276
5953984,25764,-3276
5955743,25760,-3276
5957501,25756,-3276
5959259,25752,-3276
5961017,25748,-3276
5962776,25744,-3276
5964534,25740,-3276
5966292,25736,-3276
5968050,25732,-3276
5969809,25728,-3276
5971567,25724,-3276
5973325,25720,-3276
5975083,25716,-3276
5976842,25712,-3276
5978600,25708,-3276
5980358,25704,-3276
5982116,25700,-3276
5983875,25696,-3276
5985633,25692,-3276
5987391,25688,-3276
5989149,25684,-3276
5990907,25680,-3276
5992666,25676,-3276
5994424,25672,-3276
5996182,25668,-3276
5997940,25664,-3276
5999699,25660,-3276
6001457,25656,-3276
6003215,25652,-3276
6004973,25648,-3276
6006732,25644,-3276
6008490,25640,-3276
6010248,25636,-3276
6012006,25632,-3276
6013765,25628,-3276
6015523,25624,-3276
6017281,25620,-3276
6019039,25616,-3276
6020798,25612,-3276
6022556,25608,-3276
6024314,25604,-3276
6026072,25600,-3276
6027831,25596,-3276
6029589,25592,-3276
6031347,25588,-3276
6033105,25584,-3276
6034864,25580,-3276
6036622,25576,-3276
6038380,25572,-3276
6040138,25568,-3276
6041897,25564,-3276
6043655,25560,-3276
6045413,25556,-3276
6047171,25552,-3276
6048929,25548,-3276
6050688,25544,-3276
6052446,25540,-3276
6054204,25536,-3276
6055962,25532,-3276
6057721,25528,-3276
6059479,25524,-3276
6061237,25520,-3276
6062995,25516,-3276
6064754,25512,-3276
6066512,25508,-3276
6068270,25504,-3276
6070028,25500,-3276
6071787,25496,-3276
6073545,25492,-3276
6075303,25488,-3276
6077061,25484,-3276
6078820,25480,-3276
6080578,25476,-3276
6082336,25472,-3276
6084094,25468,-3276
6085853,25464,-3276
6087611,25460,-3276
6089369,25456,-3276
6091127,25452,-3276
6092886,25448,-3276
6094644,25444,-3276
6096402,25440,-3276
6098160,25436,-3276
6099918,25432,-3276
6101677,25428,-3276
6103435,25424,-3276
6105193,25420,-3276
6106951,25416,-3276
6108710,25412,-3276
6110468,25408,-3276
6112226,25404,-3276
6113984,25400,-3276
6115743,25396,-3276
6117501,25392,-3276
6119259,25388,-3276
6121017,25384,-3276
6122776,25380,-3276
6124534,25376,-3276
6126292,25372,-3276
6128050,25368,-3276
6129809,25364,-3276
6131567,25360,-3276
6133325,25356,-3276
6135083,25352,-3276
6136842,25348,-3276
6138600,25344,-3276
6140358,25340,-3276
6142116,25336,-3276
6143875,25332,-3276
6145633,25328,-3276
6147391,25324,-3276
6149149,25320,-3276
6150907,25316,-3276
6152666,25312,-3276
6154424,25308,-3276
6156182,25304,-3276
6157940,25300,-3276
6159699,25296,-3276
6161457,25292,-3276
6163215,25288,-3276
6164973,25284,-3276
6166732,25280,-3276
6168490,25276,-3276
6170248,25272,-3276
6172006,25268,-3276
6173765,25264,-3276
6175523,25260,-3276
6177281,25256,-3276
6179039,25252,-3276
6180798,25248,-3276
6182556,25244,-3276
6184314,25240,-3276
6186072,25236,-3276
6187831,25232,-3276
6189589,25228,-3276
6191347,25224,-3276
6193105,25220,-3276
6194864,25216,-3276
6196622,25212,-3276
6198380,25208,-3276
6200138,25204,-3276
6201897,25200,-3276
6203655,25196,-3276
6205413,25192,-3276
6207171,25188,-3276
6208929,25184,-3276
6210688,25180,-3276
6212446,25176,-3276
6214204,25172,-3276
6215962,25168,-3276
6217721,25164,-3276
6219479,25160,-3276
6221237,25156,-3276
6222995,25152,-3276
6224754,25148,-3276
6226512,25144,-3276
6228270,25140,-3276
6230028,25136,-3276
6231787,25132,-3276
6233545,25128,-3276
6235303,25124,-3276
6237061,25120,-3276
6238820,25116,-3276
6240578,25112,-3276
6242336,25108,-3276
6244094,25104,-3276
6245853,25100,-3276
6247611,25096,-3276
6249369,25092,-3276
6251127,25088,-3276
6252886,25084,-3276
6254644,25080,-3276
6256402,25076,-3276
6258160,25072,-3276
6259918,25068,-3276
6261677,25064,-3276
6263435,25060,-3276
6265193,25056,-3276
6266951,25052,-3276
6268710,25048,-3276
6270468,25044,-3276
6272226,25040,-3276
6273984,25036,-3276
6275743,25032,-3276
6277501,25028,-3276
6279259,25024,-3276
6281017,25020,-3276
6282776,25016,-3276
6284534,25012,-3276
6286292,25008,-3276
6288050,25004,-3276
6289809,25000,-3276
6291567,24996,-3276
6293325,24992,-3276
6295083,24988,-3276
6296842,24984,-3276
6298600,24980,-3276
6300358,24976,-3276
6302116,24972,-3276
6303875,24968,-3276
6305633,24964,-3276
6307391,24960,-3276
6309149,24956,-3276
6310907,24952,-3276
6312666,24948,-3276
6314424,24944,-3276
6316182,24940,-3276
6317940,24936,-3276
6319699,24932,-3276
6321457,24928,-3276
6323215,24924,-3276
6324973,24920,-3276
6326732,24916,-3276
6328490,24912,-3276
6330248,24908,-3276
6332006,24904,-3276
6333765,24900,-3276
6335523,24896,-3276
6337281,24892,-3276
6339039,24888,-3276
6340798,24884,-3276
6342556,24880,-3276
6344314,24876,-3276
6346072,24872,-3276
6347831,24868,-3276
6349589,24864,-3276
6351347,24860,-3276
6353105,24856,-3276
6354864,24852,-3276
6356622,24848,-3276
6358380,24844,-3276
6360138,24840,-3276
6361897,24836,-3276
6363655,24832,-3276
6365413,24828,-3276
6367171,24824,-3276
6368929,24820,-3276
6370688,24816,-3276
6372446,24812,-3276
6374204,24808,-3276
6375962,24804,-3276
6377721,24800,-3276
6379479,24796,-3276
6381237,24792,-3276
6382995,24788,-3276
6384754,24784,-3276
6386512,24780,-3276
6388270,24776,-3276
6390028,24772,-3276
6391787,24768,-3276
6393545,24764,-3276
6395303,24760,-3276
6397061,24756,-3276
6398820,24752,-3276
6400578,24748,-3276
6402336,24744,-3276
6404094,24740,-3276
6405853,24736,-3276
6407611,24732,-3276
6409369,24728,-3276
6411127,24724,-3276
6412886,24720,-3276
6414644,24716,-3276
6416402,24712,-3276
6418160,24708,-3276
6419918,24704,-3276
6421677,24700,-3276
6423435,24696,-3276
6425193,24692,-3276
6426951,24688,-3276
6428710,24684,-3276
6430468,24680,-3276
6432226,24676,-3276
6433984,24672,-3276
6435743,24668,-3276
6437501,24664,-3276
6439259,24660,-3276
6441017,24656,-3276
6442776,24652,-3276
6444534,24648,-3276
6446292,24644,-3276
6448050,24640,-3276
6449809,24636,-3276
6451567,24632,-3276
6453325,24628,-3276
6455083,24624,-3276
6456842,24620,-3276
6458600,24616,-3276
6460358,24612,-3276
6462116,24608,-3276
6463875,24604,-3276
6465633,24600,-3276
6467391,24596,-3276
6469149,24592,-3276
6470907,24588,-3276
6472666,24584,-3276
6474424,24580,-3276
6476182,24576,-3276
6477940,24572,-3276
6479699,24568,-3276
6481457,24564,-3276
6483215,24560,-3276
6484973,24556,-3276
6486732,24552,-3276
6488490,24548,-3276
6490248,24544,-3276
6492006,24540,-3276
6493765,24536,-3276
6495523,24532,-3276
6497281,24528,-3276
6499039,24524,-3276
6500798,24520,-3276
6502556,24516,-3276
6504314,24512,-3276
6506072,24508,-3276
6507831,24504,-3276
6509589,24500,-3276
6511347,24496,-3276
6513105,24492,-3276
6514864,24488,-3276
6516622,24484,-3276
6518380,24480,-3276
6520138,24476,-3276
6521897,24472,-3276
6523655,24468,-3276
6525413,24464,-3276
6527171,24460,-3276
6528929,24456,-3276
6530688,24452,-3276
6532446,24448,-3276
6534204,24444,-3276
6535962,24440,-3276
6537721,24436,-3276
6539479,24432,-3276
6541237,24428,-3276
6542995,24424,-3276
6544754,24420,-3276
6546512,24416,-3276
6548270,24412,-3276
6550028,24408,-3276
6551787,24404,-3276
6553545,24400,-3276
6555303,24396,-3276
6557061,24392,-3276
6558820,24388,-3276
6560578,24384,-3276
6562336,24380,-3276
6564094,24376,-3276
6565853,24372,-3276
6567611,24368,-3276
6569369,24364,-3276
6571127,24360,-3276
6572886,24356,-3276
6574644,24352,-3276
6576402,24348,-3276
6578160,24344,-3276
6579918,24340,-3276
6581677,24336,-3276
6583435,24332,-3276
6585193,24328,-3276
6586951,24324,-3276
6588710,24320,-3276
6590468,24316,-3276
6592226,24312,-3276
6593984,24308,-3276
6595743,24304,-3276
6597501,24300,-3276
6599259,24296,-3276
6601017,24292,-3276
6602776,24288,-3276
6604534,24284,-3276
6606292,24280,-3276
6608050,24276,-3276
6609809,24272,-3276
6611567,24268,-3276
6613325,24264,-3276
6615083,24260,-3276
6616842,24256,-3276
6618600,24252,-3276
6620358,24248,-3276
6622116,24244,-3276
6623875,24240,-3276
6625633,24236,-3276
6627391,24232,-3276
6629149,24228,-3276
6630907,24224,-3276
6632666,24220,-3276
6634424,24216,-3276
6636182,24212,-3276
6637940,24208,-3276
6639699,24204,-3276
6641457,24200,-3276
6643215,24196,-3276
6644973,24192,-3276
6646732,24188,-3276
6648490,24184,-3276
6650248,24180,-3276
6652006,24176,-3276
6653765,24172,-3276
6655523,24168,-3276
6657281,24164,-3276
6659039,24160,-3276
6660798,24156,-3276
6662556,24152,-3276
6664314,24148,-3276
6666072,24144,-3276
6667831,24140,-3276
6669589,24136,-3276
6671347,24132,-3276
6673105,24128,-3276
6674864,24124,-3276
6676622,24120,-3276
6678380,24116,-3276
6680138,24112,-3276
6681897,24108,-3276
6683655,24104,-3276
6685413,24100,-3276
6687171,24096,-3276
6688929,24092,-3276
6690688,24088,-3276
6692446,24084,-3276
6694204,24080,-3276
6695962,24076,-3276
6697721,24072,-3276
6699479,24068,-3276
6701237,24064,-3276
6702995,24060,-3276
6704754,24056,-3276
6706512,24052,-3276
6708270,24048,-3276
6710028,24044,-3276
6711787,24040,-3276
6713545,24036,-3276
6715303,24032,-3276
6717061,24028,-3276
6718820,24024,-3276
6720578,24020,-3276
6722336,24016,-3276
6724094,24012,-3276
6725853,24008,-3276
6727611,24004,-3276
6729369,24000,-3276
6731127,23996,-3276
6732886,23992,-3276
6734644,23988,-3276
6736402,23984,-3276
6738160,23980,-3276
6739918,23976,-3276
6741677,23972,-3276
6743435,23968,-3276
6745193,23964,-3276
6746951,23960,-3276
6748710,23956,-3276
6750468,23952,-3276
6752226,23948,-3276
6753984,23944,-3276
6755743,23940,-3276
6757501,23936,-3276
6759259,23932,-3276
6761017,23928,-3276
6762776,23924,-3276
6764534,23920,-3276
6766292,23916,-3276
6768050,23912,-3276
6769809,23908,-3276
6771567,23904,-3276
6773325,23900,-3276
6775083,23896,-3276
6776842,23892,-3276
6778600,23888,-3276
6780358,23884,-3276
6782116,23880,-3276
6783875,23876,-3276
6785633,23872,-3276
6787391,23868,-3276
6789149,23864,-3276
6790907,23860,-3276
6792666,23856,-3276
6794424,23852,-3276
6796182,23848,-3276
6797940,23844,-3276
6799699,23840,-3276
6801457,23836,-3276
6803215,23832,-3276
6804973,23828,-3276
6806732,23824,-3276
6808490,23820,-3276
6810248,23816,-3276
6812006,23812,-3276
6813765,23808,-3276
6815523,23804,-3276
6817281,23800,-3276
6819039,23796,-3276
6820798,23792,-3276
6822556,23788,-3276
6824314,23784,-3276
6826072,23780,-3276
6827831,23776,-3276
6829589,23772,-3276
6831347,23768,-3276
6833105,23764,-3276
6834864,23760,-3276
6836622,23756,-3276
6838380,23752,-3276
6840138,23748,-3276
6841897,23744,-3276
6843655,23740,-3276
6845413,23736,-3276
6847171,23732,-3276
6848929,23728,-3276
6850688,23724,-3276
6852446,23720,-3276
6854204,23716,-3276
6855962,23712,-3276
6857721,23708,-3276
6859479,23704,-3276
6861237,23700,-3276
6862995,23696,-3276
6864754,23692,-3276
6866512,23688,-3276
6868270,23684,-3276
6870028,23680,-3276
6871787,23676,-3276
6873545,23672,-3276
6875303,23668,-3276
6877061,23664,-3276
6878820,23660,-3276
6880578,23656,-3276
6882336,23652,-3276
6884094,23648,-3276
6885853,23644,-3276
6887611,23640,-3276
6889369,23636,-3276
6891127,23632,-3276
6892886,23628,-3276
6894644,23624,-3276
6896402,23620,-3276
6898160,23616,-3276
6899918,23612,-3276
6901677,23608,-3276
6903435,23604,-3276
6905193,23600,-3276
6906951,23596,-3276
6908710,23592,-3276
6910468,23588,-3276
6912226,23584,-3276
6913984,23580,-3276
6915743,23576,-3276
6917501,23572,-3276
6919259,23568,-3276
6921017,23564,-3276
6922776,23560,-3276
6924534,23556,-3276
6926292,23552,-3276
6928050,23548,-3276
6929809,23544,-3276
6931567,23540,-3276
6933325,23536,-3276
6935083,23532,-3276
6936842,23528,-3276
6938600,23524,-3276
6940358,23520,-3276
6942116,23516,-3276
6943875,23512,-3276
6945633,23508,-3276
6947391,23504,-3276
6949149,23500,-3276
6950907,23496,-3276
6952666,23492,-3276
6954424,23488,-3276
6956182,23484,-3276
6957940,23480,-3276
6959699,23476,-3276
6961457,23472,-3276
6963215,23468,-3276
6964973,23464,-3276
6966732,23460,-3276
6968490,23456,-3276
6970248,23452,-3276
6972006,23448,-3276
6973765,23444,-3276
6975523,23440,-3276
6977281,23436,-3276
6979039,23432,-3276
6980798,23428,-3276
6982556,23424,-3276
6984314,23420,-3276
6986072,23416,-3276
6987831,23412,-3276
6989589,23408,-3276
6991347,23404,-3276
6993105,23400,-3276
6994864,23396,-3276
6996622,23392,-3276
6998380,23388,-3276
7000138,23384,-3276
7001897,23380,-3276
7003655,23376,-3276
7005413,23372,-3276
7007171,23368,-3276
7008929,23364,-3276
7010688,23360,-3276
7012446,23356,-3276
7014204,23352,-3276
7015962,23348,-3276
7017721,23344,-3276
7019479,23340,-3276
7021237,23336,-3276
7022995,23332,-3276
7024754,23328,-3276
7026512,23324,-3276
7028270,23320,-3276
7030028,23316,-3276
7031787,23312,-3276
7033545,23308,-3276
7035303,23304,-3276
7037061,23300,-3276
7038820,23296,-3276
7040578,23292,-3276
7042336,23288,-3276
7044094,23284,-3276
7045853,23280,-3276
7047611,23276,-3276
7049369,23272,-3276
7051127,23268,-3276
7052886,23264,-3276
7054644,23260,-3276
7056402,23256,-3276
7058160,23252,-3276
7059918,23248,-3276
7061677,23244,-3276
7063435,23240,-3276
7065193,23236,-3276
7066951,23232,-3276
7068710,23228,-3276
7070468,23224,-3276
7072226,23220,-3276
7073984,23216,-3276
7075743,23212,-3276
7077501,23208,-3276
7079259,23204,-3276
7081017,23200,-3276
7082776,23196,-3276
7084534,23192,-3276
7086292,23188,-3276
7088050,23184,-3276
7089809,23180,-3276
7091567,23176,-3276
7093325,23172,-3276
7095083,23168,-3276
7096842,23164,-3276
7098600,23160,-3276
7100358,23156,-3276
7102116,23152,-3276
7103875,23148,-3276
7105633,23144,-3276
7107391,23140,-3276
7109149,23136,-3276
7110907,23132,-3276
7112666,23128,-3276
7114424,23124,-3276
7116182,23120,-3276
7117940,23116,-3276
7119699,23112,-3276
7121457,23108,-3276
7123215,23104,-3276
7124973,23100,-3276
7126732,23096,-3276
7128490,23092,-3276
7130248,23088,-3276
7132006,23084,-3276
7133765,23080,-3276
7135523,23076,-3276
7137281,23072,-3276
7139039,23068,-3276
7140798,23064,-3276
7142556,23060,-3276
7144314,23056,-3276
7146072,23052,-3276
7147831,23048,-3276
7149589,23044,-3276
7151347,23040,-3276
7153105,23036,-3276
7154864,23032,-3276
7156622,23028,-3276
7158380,23024,-3276
7160138,23020,-3276
7161897,23016,-3276
7163655,23012,-3276
7165413,23008,-3276
7167171,23004,-3276
7168929,23000,-3276
7170688,22996,-3276
7172446,22992,-3276
7174204,22988,-3276
7175962,22984,-3276
7177721,22980,-3276
7179479,22976,-3276
7181237,22972,-3276
7182995,22968,-3276
7184754,22964,-3276
7186512,22960,-3276
7188270,22956,-3276
7190028,22952,-3276
7191787,22948,-3276
7193545,22944,-3276
7195303,22940,-3276
7197061,22936,-3276
7198820,22932,-3276
7200578,22928,-3276
7202336,22924,-3276
7204094,22920,-3276
7205853,22916,-3276
7207611,22912,-3276
7209369,22908,-3276
7211127,22904,-3276
7212886,22900,-3276
7214644,22896,-3276
7216402,22892,-3276
7218160,22888,-3276
7219918,22884,-3276
7221677,22880,-3276
7223435,22876,-3276
7225193,22872,-3276
7226951,22868,-3276
7228710,22864,-3276
7230468,22860,-3276
7232226,22856,-3276
7233984,22852,-3276
7235743,22848,-3276
7237501,22844,-3276
7239259,22840,-3276
7241017,22836,-3276
7242776,22832,-3276
7244534,22828,-3276
7246292,22824,-3276
7248050,22820,-3276
7249809,22816,-3276
7251567,22812,-3276
7253325,22808,-3276
7255083,22804,-3276
7256842,22800,-3276
7258600,22796,-3276
7260358,22792,-3276
7262116,22788,-3276
7263875,22784,-3276
7265633,22780,-3276
7267391,22776,-3276
7269149,22772,-3276
7270907,22768,-3276
7272666,22764,-3276
7274424,22760,-3276
7276182,22756,-3276
7277940,22752,-3276
7279699,22748,-3276
7281457,22744,-3276
7283215,22740,-3276
7284973,22736,-3276
7286732,22732,-3276
7288490,22728,-3276
7290248,22724,-3276
7292006,22720,-3276
7293765,22716,-3276
7295523,22712,-3276
7297281,22708,-3276
7299039,22704,-3276
7300798,22700,-3276
7302556,22696,-3276
7304314,22692,-3276
7306072,22688,-3276
7307831,22684,-3276
7309589,22680,-3276
7311347,22676,-3276
7313105,22672,-3276
7314864,22668,-3276
7316622,22664,-3276
7318380,22660,-3276
7320138,22656,-3276
7321897,22652,-3276
7323655,22648,-3276
7325413,22644,-3276
7327171,22640,-3276
7328929,22636,-3276
7330688,22632,-3276
7332446,22628,-3276
7334204,22624,-3276
7335962,22620,-3276
7337721,22616,-3276
7339479,22612,-3276
7341237,22608,-3276
7342995,22604,-3276
7344754,22600,-3276
7346512,22596,-3276
7348270,22592,-3276
7350028,22588,-3276
7351787,22584,-3276
7353545,22580,-3276
7355303,22576,-3276
7357061,22572,-3276
7358820,22568,-3276
7360578,22564,-3276
7362336,22560,-3276
7364094,22556,-3276
7365853,22552,-3276
7367611,22548,-3276
7369369,22544,-3276
7371127,22540,-3276
7372886,22536,-3276
7374644,22532,-3276
7376402,22528,-3276
7378160,22524,-3276
7379918,22520,-3276
7381677,22516,-3276
7383435,22512,-3276
7385193,22508,-3276
7386951,22504,-3276
7388710,22500,-3276
7390468,22496,-3276
7392226,22492,-3276
7393984,22488,-3276
7395743,22484,-3276
7397501,22480,-3276
7399259,22476,-3276
7401017,22472,-3276
7402776,22468,-3276
7404534,22464,-3276
7406292,22460,-3276
7408050,22456,-3276
7409809,22452,-3276
7411567,22448,-3276
7413325,22444,-3276
7415083,22440,-3276
7416842,22436,-3276
7418600,22432,-3276
7420358,22428,-3276
7422116,22424,-3276
7423875,22420,-3276
7425633,22416,-3276
7427391,22412,-3276
7429149,22408,-3276
7430907,22404,-3276
7432666,22400,-3276
7434424,22396,-3276
7436182,22392,-3276
7437940,22388,-3276
7439699,22384,-3276
7441457,22380,-3276
7443215,22376,-3276
7444973,22372,-3276
7446732,22368,-3276
7448490,22364,-3276
7450248,22360,-3276
7452006,22356,-3276
7453765,22352,-3276
7455523,22348,-3276
7457281,22344,-3276
7459039,22340,-3276
7460798,22336,-3276
7462556,22332,-3276
7464314,22328,-3276
7466072,22324,-3276
7467831,22320,-3276
7469589,22316,-3276
7471347,22312,-3276
7473105,22308,-3276
7474864,22304,-3276
7476622,22300,-3276
7478380,22296,-3276
7480138,22292,-3276
7481897,22288,-3276
7483655,22284,-3276
7485413,22280,-3276
7487171,22276,-3276
7488929,22272,-3276
7490688,22268,-3276
7492446,22264,-3276
7494204,22260,-3276
7495962,22256,-3276
7497721,22252,-3276
7499479,22248,-3276
7501237,22244,-3276
7502995,22240,-3276
7504754,22236,-3276
7506512,22232,-3276
7508270,22228,-3276
7510028,22224,-3276
7511787,22220,-3276
7513545,22216,-3276
7515303,22212,-3276
7517061,22208,-3276
7518820,22204,-3276
7520578,22200,-3276
7522336,22196,-3276
7524094,22192,-3276
7525853,22188,-3276
7527611,22184,-3276
7529369,22180,-3276
7531127,22176,-3276
7532886,22172,-3276
7534644,22168,-3276
7536402,22164,-3276
7538160,22160,-3276
7539918,22156,-3276
7541677,22152,-3276
7543435,22148,-3276
7545193,22144,-3276
7546951,22140,-3276
7548710,22136,-3276
7550468,22132,-3276
7552226,22128,-3276
7553984,22124,-3276
7555743,22120,-3276
7557501,22116,-3276
7559259,22112,-3276
7561017,22108,-3276
7562776,22104,-3276
7564534,22100,-3276
7566292,22096,-3276
7568050,22092,-3276
7569809,22088,-3276
7571567,22084,-3276
7573325,22080,-3276
7575083,22076,-3276
7576842,22072,-3276
7578600,22068,-3276
7580358,22064,-3276
7582116,22060,-3276
7583875,22056,-3276
7585633,22052,-3276
7587391,22048,-3276
7589149,22044,-3276
7590907,22040,-3276
7592666,22036,-3276
7594424,22032,-3276
7596182,22028,-3276
7597940,22024,-3276
7599699,22020,-3276
7601457,22016,-3276
7603215,22012,-3276
7604973,22008,-3276
7606732,22004,-3276
7608490,22000,-3276
7610248,21996,-3276
7612006,21992,-3276
7613765,21988,-3276
7615523,21984,-3276
7617281,21980,-3276
7619039,21976,-3276
7620798,21972,-3276
7622556,21968,-3276
7624314,21964,-3276
7626072,21960,-3276
7627831,21956,-3276
7629589,21952,-3276
7631347,21948,-3276
7633105,21944,-3276
7634864,21940,-3276
7636622,21936,-3276
7638380,21932,-3276
7640138,21928,-3276
7641897,21924,-3276
7643655,21920,-3276
7645413,21916,-3276
7647171,21912,-3276
7648929,21908,-3276
7650688,21904,-3276
7652446,21900,-3276
7654204,21896,-3276
7655962,21892,-3276
7657721,21888,-3276
7659479,21884,-3276
7661237,21880,-3276
7662995,21876,-3276
7664754,21872,-3276
7666512,21868,-3276
7668270,21864,-3276
7670028,21860,-3276
7671787,21856,-3276
7673545,21852,-3276
7675303,21848,-3276
7677061,21844,-3276
7678820,21840,-3276
7680578,21836,-3276
7682336,21832,-3276
7684094,21828,-3276
7685853,21824,-3276
7687611,21820,-3276
7689369,21816,-3276
7691127,21812,-3276
7692886,21808,-3276
7694644,21804,-3276
7696402,21800,-3276
7698160,21796,-3276
7699918,21792,-3276
7701677,21788,-3276
7703435,21784,-3276
7705193,21780,-3276
7706951,21776,-3276
7708710,21772,-3276
7710468,21768,-3276
7712226,21764,-3276
7713984,21760,-3276
7715743,21756,-3276
7717501,21752,-3276
7719259,21748,-3276
7721017,21744,-3276
7722776,21740,-3276
7724534,21736,-3276
7726292,21732,-3276
7728050,21728,-3276
7729809,21724,-3276
7731567,21720,-3276
7733325,21716,-3276
7735083,21712,-3276
7736842,21708,-3276
7738600,21704,-3276
7740358,21700,-3276
7742116,21696,-3276
7743875,21692,-3276
7745633,21688,-3276
7747391,21684,-3276
7749149,21680,-3276
7750907,21676,-3276
7752666,21672,-3276
7754424,21668,-3276
7756182,21664,-3276
7757940,21660,-3276
7759699,21656,-3276
7761457,21652,-3276
7763215,21648,-3276
7764973,21644,-3276
7766732,21640,-3276
7768490,21636,-3276
7770248,21632,-3276
7772006,21628,-3276
7773765,21624,-3276
7775523,21620,-3276
7777281,21616,-3276
7779039,21612,-3276
7780798,21608,-3276
7782556,21604,-3276
7784314,21600,-3276
7786072,21596,-3276
7787831,21592,-3276
7789589,21588,-3276
7791347,21584,-3276
7793105,21580,-3276
7794864,21576,-3276
7796622,21572,-3276
7798380,21568,-3276
7800138,21564,-3276
7801897,21560,-3276
7803655,21556,-3276
7805413,21552,-3276
7807171,21548,-3276
7808929,21544,-3276
7810688,21540,-3276
7812446,21536,-3276
7814204,21532,-3276
7815962,21528,-3276
7817721,21524,-3276
7819479,21520,-3276
7821237,21516,-3276
7822995,21512,-3276
7824754,21508,-3276
7826512,21504,-3276
7828270,21500,-3276
7830028,21496,-3276
7831787,21492,-3276
7833545,21488,-3276
7835303,21484,-3276
7837061,21480,-3276
7838820,21476,-3276
7840578,21472,-3276
7842336,21468,-3276
7844094,21464,-3276
7845853,21460,-3276
7847611,21456,-3276
7849369,21452,-3276
7851127,21448,-3276
7852886,21444,-3276
7854644,21440,-3276
7856402,21436,-3276
7858160,21432,-3276
7859918,21428,-3276
7861677,21424,-3276
7863435,21420,-3276
7865193,21416,-3276
7866951,21412,-3276
7868710,21408,-3276
7870468,21404,-3276
7872226,21400,-3276
7873984,21396,-3276
7875743,21392,-3276
7877501,21388,-3276
7879259,21384,-3276
7881017,21380,-3276
7882776,21376,-3276
7884534,21372,-3276
7886292,21368,-3276
7888050,21364,-3276
7889809,21360,-3276
7891567,21356,-3276
7893325,21352,-3276
7895083,21348,-3276
7896842,21344,-3276
7898600,21340,-3276
7900358,21336,-3276
7902116,21332,-3276
7903875,21328,-3276
7905633,21324,-3276
7907391,21320,-3276
7909149,21316,-3276
7910907,21312,-3276
7912666,21308,-3276
7914424,21304,-3276
7916182,21300,-3276
7917940,21296,-3276
7919699,21292,-3276
7921457,21288,-3276
7923215,21284,-3276
7924973,21280,-3276
7926732,21276,-3276
7928490,21272,-3276
7930248,21268,-3276
7932006,21264,-3276
7933765,21260,-3276
7935523,21256,-3276
7937281,21252,-3276
7939039,21248,-3276
7940798,21244,-3276
7942556,21240,-3276
7944314,21236,-3276
7946072,21232,-3276
7947831,21228,-3276
7949589,21224,-3276
7951347,21220,-3276
7953105,21216,-3276
7954864,21212,-3276
7956622,21208,-3276
7958380,21204,-3276
7960138,21200,-3276
7961897,21196,-3276
7963655,21192,-3276
7965413,21188,-3276
7967171,21184,-3276
7968929,21180,-3276
7970688,21176,-3276
7972446,21172,-3276
7974204,21168,-3276
7975962,21164,-3276
7977721,21160,-3276
7979479,21156,-3276
7981237,21152,-3276
7982995,21148,-3276
7984754,21144,-3276
7986512,21140,-3276
7988270,21136,-3276
7990028,21132,-3276
7991787,21128,-3276
7993545,21124,-3276
7995303,21120,-3276
7997061,21116,-3276
7998820,21112,-3276
8000578,21108,-3276
8002336,21104,-3276
8004094,21100,-3276
8005853,21096,-3276
8007611,21092,-3276
8009369,21088,-3276
8011127,21084,-3276
8012886,21080,-3276
8014644,21076,-3276
8016402,21072,-3276
8018160,21068,-3276
8019918,21064,-3276
8021677,21060,-3276
8023435,21056,-3276
8025193,21052,-3276
8026951,21048,-3276
8028710,21044,-3276
8030468,21040,-3276
8032226,21036,-3276
8033984,21032,-3276
8035743,21028,-3276
8037501,21024,-3276
8039259,21020,-3276
8041017,21016,-3276
8042776,21012,-3276
8044534,21008,-3276
8046292,21004,-3276
8048050,21000,-3276
8049809,20996,-3276
8051567,20992,-3276
8053325,20988,-3276
8055083,20984,-3276
8056842,20980,-3276
8058600,20976,-3276
8060358,20972,-3276
8062116,20968,-3276
8063875,20964,-3276
8065633,20960,-3276
8067391,20956,-3276
8069149,20952,-3276
8070907,20948,-3276
8072666,20944,-3276
8074424,20940,-3276
8076182,20936,-3276
8077940,20932,-3276
8079699,20928,-3276
8081457,20924,-3276
8083215,20920,-3276
8084973,20916,-3276
8086732,20912,-3276
8088490,20908,-3276
8090248,20904,-3276
8092006,20900,-3276
8093765,20896,-3276
8095523,20892,-3276
8097281,20888,-3276
8099039,20884,-3276
8100798,20880,-3276
8102556,20876,-3276
8104314,20872,-3276
8106072,20868,-3276
8107831,20864,-3276
8109589,20860,-3276
8111347,20856,-3276
8113105,20852,-3276
8114864,20848,-3276
8116622,20844,-3276
8118380,20840,-3276
8120138,20836,-3276
8121897,20832,-3276
8123655,20828,-3276
8125413,20824,-3276
8127171,20820,-3276
8128929,20816,-3276
8130688,20812,-3276
8132446,20808,-3276
8134204,20804,-3276
8135962,20800,-3276
8137721,20796,-3276
8139479,20792,-3276
8141237,20788,-3276
8142995,20784,-3276
8144754,20780,-3276
8146512,20776,-3276
8148270,20772,-3276
8150028,20768,-3276
8151787,20764,-3276
8153545,20760,-3276
8155303,20756,-3276
8157061,20752,-3276
8158820,20748,-3276
8160578,20744,-3276
8162336,20740,-3276
8164094,20736,-3276
8165853,20732,-3276
8167611,20728,-3276
8169369,20724,-3276
8171127,20720,-3276
8172886,20716,-3276
8174644,20712,-3276
8176402,20708,-3276
8178160,20704,-3276
8179918,20700,-3276
8181677,20696,-3276
8183435,20692,-3276
8185193,20688,-3276
8186951,20684,-3276
8188710,20680,-3276
8190468,20676,-3276
8192226,20672,-3276
8193984,20668,-3276
8195743,20664,-3276
8197501,20660,-3276
8199259,20656,-3276
8201017,20652,-3276
8202776,20648,-3276
8204534,20644,-3276
8206292,20640,-3276
8208050,20636,-3276
8209809,20632,-3276
8211567,20628,-3276
8213325,20624,-3276
8215083,20620,-3276
8216842,20616,-3276
8218600,20612,-3276
8220358,20608,-3276
8222116,20604,-3276
8223875,20600,-3276
8225633,20596,-3276
8227391,20592,-3276
8229149,20588,-3276
8230907,20584,-3276
8232666,20580,-3276
8234424,20576,-3276
8236182,20572,-3276
8237940,20568,-3276
8239699,20564,-3276
8241457,20560,-3276
8243215,20556,-3276
8244973,20552,-3276
8246732,20548,-3276
8248490,20544,-3276
8250248,20540,-3276
8252006,20536,-3276
8253765,20532,-3276
8255523,20528,-3276
8257281,20524,-3276
8259039,20520,-3276
8260798,20516,-3276
8262556,20512,-3276
8264314,20508,-3276
8266072,20504,-3276
8267831,20500,-3276
8269589,20496,-3276
8271347,20492,-3276
8273105,20488,-3276
8274864,20484,-3276
8276622,20480,-3276
8278380,20476,-3276
8280138,20472,-3276
8281897,20468,-3276
8283655,20464,-3276
8285413,20460,-3276
8287171,20456,-3276
8288929,20452,-3276
8290688,20448,-3276
8292446,20444,-3276
8294204,20440,-3276
8295962,20436,-3276
8297721,20432,-3276
8299479,20428,-3276
8301237,20424,-3276
8302995,20420,-3276
8304754,20416,-3276
8306512,20412,-3276
8308270,20408,-3276
8310028,20404,-3276
8311787,20400,-3276
8313545,20396,-3276
8315303,20392,-3276
8317061,20388,-3276
8318820,20384,-3276
8320578,20380,-3276
8322336,20376,-3276
8324094,20372,-3276
8325853,20368,-3276
8327611,20364,-3276
8329369,20360,-3276
8331127,20356,-3276
8332886,20352,-3276
8334644,20348,-3276
8336402,20344,-3276
8338160,20340,-3276
8339918,20336,-3276
8341677,20332,-3276
8343435,20328,-3276
8345193,20324,-3276
8346951,20320,-3276
8348710,20316,-3276
8350468,20312,-3276
8352226,20308,-3276
8353984,20304,-3276
8355743,20300,-3276
8357501,20296,-3276
8359259,20292,-3276
8361017,20288,-3276
8362776,20284,-3276
8364534,20280,-3276
8366292,20276,-3276
8368050,20272,-3276
8369809,20268,-3276
8371567,20264,-3276
8373325,20260,-3276
8375083,20256,-3276
8376842,20252,-3276
8378600,20248,-3276
8380358,20244,-3276
8382116,20240,-3276
8383875,20236,-3276
8385633,20232,-3276
8387391,20228,-3276
8389149,20224,-3276
8390907,20220,-3276
8392666,20216,-3276
8394424,20212,-3276
8396182,20208,-3276
8397940,20204,-3276
8399699,20200,-3276
8401457,20196,-3276
8403215,20192,-3276
8404973,20188,-3276
8406732,20184,-3276
8408490,20180,-3276
8410248,20176,-3276
8412006,20172,-3276
8413765,20168,-3276
8415523,20164,-3276
8417281,20160,-3276
8419039,20156,-3276
8420798,20152,-3276
8422556,20148,-3276
8424314,20144,-3276
8426072,20140,-3276
8427831,20136,-3276
8429589,20132,-3276
8431347,20128,-3276
8433105,20124,-3276
8434864,20120,-3276
8436622,20116,-3276
8438380,20112,-3276
8440138,20108,-3276
8441897,20104,-3276
8443655,20100,-3276
8445413,20096,-3276
8447171,20092,-3276
8448929,20088,-3276
8450688,20084,-3276
8452446,20080,-3276
8454204,20076,-3276
8455962,20072,-3276
8457721,20068,-3276
8459479,20064,-3276
8461237,20060,-3276
8462995,20056,-3276
8464754,20052,-3276
8466512,20048,-3276
8468270,20044,-3276
8470028,20040,-3276
8471787,20036,-3276
8473545,20032,-3276
8475303,20028,-3276
8477061,20024,-3276
8478820,20020,-3276
8480578,20016,-3276
8482336,20012,-3276
8484094,20008,-3276
8485853,20004,-3276
8487611,20000,-3276
8489369,19996,-3276
8491127,19992,-3276
8492886,19988,-3276
8494644,19984,-3276
8496402,19980,-3276
8498160,19976,-3276
8499918,19972,-3276
8501677,19968,-3276
8503435,19964,-3276
8505193,19960,-3276
8506951,19956,-3276
8508710,19952,-3276
8510468,19948,-3276
8512226,19944,-3276
8513984,19940,-3276
8515743,19936,-3276
8517501,19932,-3276
8519259,19928,-3276
8521017,19924,-3276
8522776,19920,-3276
8524534,19916,-3276
8526292,19912,-3276
8528050,19908,-3276
8529809,19904,-3276
8531567,19900,-3276
8533325,19896,-3276
8535083,19892,-3276
8536842,19888,-3276
8538600,19884,-3276
8540358,19880,-3276
8542116,19876,-3276
8543875,19872,-3276
8545633,19868,-3276
8547391,19864,-3276
8549149,19860,-3276
8550907,19856,-3276
8552666,19852,-3276
8554424,19848,-3276
8556182,19844,-3276
8557940,19840,-3276
8559699,19836,-3276
8561457,19832,-3276
8563215,19828,-3276
8564973,19824,-3276
8566732,19820,-3276
8568490,19816,-3276
8570248,19812,-3276
8572006,19808,-3276
8573765,19804,-3276
8575523,19800,-3276
8577281,19796,-3276
8579039,19792,-3276
8580798,19788,-3276
8582556,19784,-3276
8584314,19780,-3276
8586072,19776,-3276
8587831,19772,-3276
8589589,19768,-3276
8591347,19764,-3276
8593105,19760,-3276
8594864,19756,-3276
8596622,19752,-3276
8598380,19748,-3276
8600138,19744,-3276
8601897,19740,-3276
8603655,19736,-3276
8605413,19732,-3276
8607171,19728,-3276
8608929,19724,-3276
8610688,19720,-3276
8612446,19716,-3276
8614204,19712,-3276
8615962,19708,-3276
8617721,19704,-3276
8619479,19700,-3276
8621237,19696,-3276
8622995,19692,-3276
8624754,19688,-3276
8626512,19684,-3276
8628270,19680,-3276
8630028,19676,-3276
8631787,19672,-3276
8633545,19668,-3276
8635303,19664,-3276
8637061,19660,-3276
8638820,19656,-3276
8640578,19652,-3276
8642336,19648,-3276
8644094,19644,-3276
8645853,19640,-3276
8647611,19636,-3276
8649369,19632,-3276
8651127,19628,-3276
8652886,19624,-3276
8654644,19620,-3276
8656402,19616,-3276
8658160,19612,-3276
8659918,19608,-3276
8661677,19604,-3276
8663435,19600,-3276
8665193,19596,-3276
8666951,19592,-3276
8668710,19588,-3276
8670468,19584,-3276
8672226,19580,-3276
8673984,19576,-3276
8675743,19572,-3276
8677501,19568,-3276
8679259,19564,-3276
8681017,19560,-3276
8682776,19556,-3276
8684534,19552,-3276
8686292,19548,-3276
8688050,19544,-3276
8689809,19540,-3276
8691567,19536,-3276
8693325,19532,-3276
8695083,19528,-3276
8696842,19524,-3276
8698600,19520,-3276
8700358,19516,-3276
8702116,19512,-3276
8703875,19508,-3276
8705633,19504,-3276
8707391,19500,-3276
8709149,19496,-3276
8710907,19492,-3276
8712666,19488,-3276
8714424,19484,-3276
8716182,19480,-3276
8717940,19476,-3276
8719699,19472,-3276
8721457,19468,-3276
8723215,19464,-3276
8724973,19460,-3276
8726732,19456,-3276
8728490,19452,-3276
8730248,19448,-3276
8732006,19444,-3276
8733765,19440,-3276
8735523,19436,-3276
8737281,19432,-3276
8739039,19428,-3276
8740798,19424,-3276
8742556,19420,-3276
8744314,19416,-3276
8746072,19412,-3276
8747831,19408,-3276
8749589,19404,-3276
8751347,19400,-3276
8753105,19396,-3276
8754864,19392,-3276
8756622,19388,-3276
8758380,19384,-3276
8760138,19380,-3276
8761897,19376,-3276
8763655,19372,-3276
8765413,19368,-3276
8767171,19364,-3276
8768929,19360,-3276
8770688,19356,-3276
8772446,19352,-3276
8774204,19348,-3276
8775962,19344,-3276
8777721,19340,-3276
8779479,19336,-3276
8781237,19332,-3276
8782995,19328,-3276
8784754,19324,-3276
8786512,19320,-3276
8788270,19316,-3276
8790028,19312,-3276
8791787,19308,-3276
8793545,19304,-3276
8795303,19300,-3276
8797061,19296,-3276
8798820,19292,-3276
8800578,19288,-3276
8802336,19284,-3276
8804094,19280,-3276
8805853,19276,-3276
8807611,19272,-3276
8809369,19268,-3276
8811127,19264,-3276
8812886,19260,-3276
8814644,19256,-3276
8816402,19252,-3276
8818160,19248,-3276
8819918,19244,-3276
8821677,19240,-3276
8823435,19236,-3276
8825193,19232,-3276
8826951,19228,-3276
8828710,19224,-3276
8830468,19220,-3276
8832226,19216,-3276
8833984,19212,-3276
8835743,19208,-3276
8837501,19204,-3276
8839259,19200,-3276
8841017,19196,-3276
8842776,19192,-3276
8844534,19188,-3276
8846292,19184,-3276
8848050,19180,-3276
8849809,19176,-3276
8851567,19172,-3276
8853325,19168,-3276
8855083,19164,-3276
8856842,19160,-3276
8858600,19156,-3276
8860358,19152,-3276
8862116,19148,-3276
8863875,19144,-3276
8865633,19140,-3276
8867391,19136,-3276
8869149,19132,-3276
8870907,19128,-3276
8872666,19124,-3276
8874424,19120,-3276
8876182,19116,-3276
8877940,19112,-3276
8879699,19108,-3276
8881457,19104,-3276
8883215,19100,-3276
8884973,19096,-3276
8886732,19092,-3276
8888490,19088,-3276
8890248,19084,-3276
8892006,19080,-3276
8893765,19076,-3276
8895523,19072,-3276
8897281,19068,-3276
8899039,19064,-3276
8900798,19060,-3276
8902556,19056,-3276
8904314,19052,-3276
8906072,19048,-3276
8907831,19044,-3276
8909589,19040,-3276
8911347,19036,-3276
8913105,19032,-3276
8914864,19028,-3276
8916622,19024,-3276
8918380,19020,-3276
8920138,19016,-3276
8921897,19012,-3276
8923655,19008,-3276
8925413,19004,-3276
8927171,19000,-3276
8928929,18996,-3276
8930688,18992,-3276
8932446,18988,-3276
8934204,18984,-3276
8935962,18980,-3276
8937721,18976,-3276
8939479,18972,-3276
8941237,18968,-3276
8942995,18964,-3276
8944754,18960,-3276
8946512,18956,-3276
8948270,18952,-3276
8950028,18948,-3276
8951787,18944,-3276
8953545,18940,-3276
8955303,18936,-3276
8957061,18932,-3276
8958820,18928,-3276
8960578,18924,-3276
8962336,18920,-3276
8964094,18916,-3276
8965853,18912,-3276
8967611,18908,-3276
8969369,18904,-3276
8971127,18900,-3276
8972886,18896,-3276
8974644,18892,-3276
8976402,18888,-3276
8978160,18884,-3276
8979918,18880,-3276
8981677,18876,-3276
8983435,18872,-3276
8985193,18868,-3276
8986951,18864,-3276
8988710,18860,-3276
8990468,18856,-3276
8992226,18852,-3276
8993984,18848,-3276
8995743,18844,-3276
8997501,18840,-3276
8999259,18836,-3276
9001017,18832,-3276
9002776,18828,-3276
9004534,18824,-3276
9006292,18820,-3276
9008050,18816,-3276
9009809,18812,-3276
9011567,18808,-3276
9013325,18804,-3276
9015083,18800,-3276
9016842,18796,-3276
9018600,18792,-3276
9020358,18788,-3276
9022116,18784,-3276
9023875,18780,-3276
9025633,18776,-3276
9027391,18772,-3276
9029149,18768,-3276
9030907,18764,-3276
9032666,18760,-3276
9034424,18756,-3276
9036182,18752,-3276
9037940,18748,-3276
9039699,18744,-3276
9041457,18740,-3276
9043215,18736,-3276
9044973,18732,-3276
9046732,18728,-3276
9048490,18724,-3276
9050248,18720,-3276
9052006,18716,-3276
9053765,18712,-3276
9055523,18708,-3276
9057281,18704,-3276
9059039,18700,-3276
9060798,18696,-3276
9062556,18692,-3276
9064314,18688,-3276
9066072,18684,-3276
9067831,18680,-3276
9069589,18676,-3276
9071347,18672,-3276
9073105,18668,-3276
9074864,18664,-3276
9076622,18660,-3276
9078380,18656,-3276
9080138,18652,-3276
9081897,18648,-3276
9083655,18644,-3276
9085413,18640,-3276
9087171,18636,-3276
9088929,18632,-3276
9090688,18628,-3276
9092446,18624,-3276
9094204,18620,-3276
9095962,18616,-3276
9097721,18612,-3276
9099479,18608,-3276
9101237,18604,-3276
9102995,18600,-3276
9104754,18596,-3276
9106512,18592,-3276
9108270,18588,-3276
9110028,18584,-3276
9111787,18580,-3276
9113545,18576,-3276
9115303,18572,-3276
9117061,18568,-3276
9118820,18564,-3276
9120578,18560,-3276
9122336,18556,-3276
9124094,18552,-3276
9125853,18548,-3276
9127611,18544,-3276
9129369,18540,-3276
9131127,18536,-3276
9132886,18532,-3276
9134644,18528,-3276
9136402,18524,-3276
9138160,18520,-3276
9139918,18516,-3276
9141677,18512,-3276
9143435,18508,-3276
9145193,18504,-3276
9146951,18500,-3276
9148710,18496,-3276
9150468,18492,-3276
9152226,18488,-3276
9153984,18484,-3276
9155743,18480,-3276
9157501,18476,-3276
9159259,18472,-3276
9161017,18468,-3276
9162776,18464,-3276
9164534,18460,-3276
9166292,18456,-3276
9168050,18452,-3276
9169809,18448,-3276
9171567,18444,-3276
9173325,18440,-3276
9175083,18436,-3276
9176842,18432,-3276
9178600,18428,-3276
9180358,18424,-3276
9182116,18420,-3276
9183875,18416,-3276
9185633,18412,-3276
9187391,18408,-3276
9189149,18404,-3276
9190907,18400,-3276
9192666,18396,-3276
9194424,18392,-3276
9196182,18388,-3276
9197940,18384,-3276
9199699,18380,-3276
9201457,18376,-3276
9203215,18372,-3276
9204973,18368,-3276
9206732,18364,-3276
9208490,18360,-3276
9210248,18356,-3276
9212006,18352,-3276
9213765,18348,-3276
9215523,18344,-3276
9217281,18340,-3276
9219039,18336,-3276
9220798,18332,-3276
9222556,18328,-3276
9224314,18324,-3276
9226072,18320,-3276
9227831,18316,-3276
9229589,18312,-3276
9231347,18308,-3276
9233105,18304,-3276
9234864,18300,-3276
9236622,18296,-3276
9238380,18292,-3276
9240138,18288,-3276
9241897,18284,-3276
9243655,18280,-3276
9245413,18276,-3276
9247171,18272,-3276
9248929,18268,-3276
9250688,18264,-3276
9252446,18260,-3276
9254204,18256,-3276
9255962,18252,-3276
9257721,18248,-3276
9259479,18244,-3276
9261237,18240,-3276
9262995,18236,-3276
9264754,18232,-3276
9266512,18228,-3276
9268270,18224,-3276
9270028,18220,-3276
9271787,18216,-3276
9273545,18212,-3276
9275303,18208,-3276
9277061,18204,-3276
9278820,18200,-3276
9280578,18196,-3276
9282336,18192,-3276
9284094,18188,-3276
9285853,18184,-3276
9287611,18180,-3276
9289369,18176,-3276
9291127,18172,-3276
9292886,18168,-3276
9294644,18164,-3276
9296402,18160,-3276
9298160,18156,-3276
9299918,18152,-3276
9301677,18148,-3276
9303435,18144,-3276
9305193,18140,-3276
9306951,18136,-3276
9308710,18132,-3276
9310468,18128,-3276
9312226,18124,-3276
9313984,18120,-3276
9315743,18116,-3276
9317501,18112,-3276
9319259,18108,-3276
9321017,18104,-3276
9322776,18100,-3276
9324534,18096,-3276
9326292,18092,-3276
9328050,18088,-3276
9329809,18084,-3276
9331567,18080,-3276
9333325,18076,-3276
9335083,18072,-3276
9336842,18068,-3276
9338600,18064,-3276
9340358,18060,-3276
9342116,18056,-3276
9343875,18052,-3276
9345633,18048,-3276
9347391,18044,-3276
9349149,18040,-3276
9350907,18036,-3276
9352666,18032,-3276
9354424,18028,-3276
9356182,18024,-3276
9357940,18020,-3276
9359699,18016,-3276
9361457,18012,-3276
9363215,18008,-3276
9364973,18004,-3276
9366732,18000,-3276
9368490,17996,-3276
9370248,17992,-3276
9372006,17988,-3276
9373765,17984,-3276
9375523,17980,-3276
9377281,17976,-3276
9379039,17972,-3276
9380798,17968,-3276
9382556,17964,-3276
9384314,17960,-3276
9386072,17956,-3276
9387831,17952,-3276
9389589,17948,-3276
9391347,17944,-3276
9393105,17940,-3276
9394864,17936,-3276
9396622,17932,-3276
9398380,17928,-3276
9400138,17924,-3276
9401897,17920,-3276
9403655,17916,-3276
9405413,17912,-3276
9407171,17908,-3276
9408929,17904,-3276
9410688,17900,-3276
9412446,17896,-3276
9414204,17892,-3276
9415962,17888,-3276
9417721,17884,-3276
9419479,17880,-3276
9421237,17876,-3276
9422995,17872,-3276
9424754,17868,-3276
9426512,17864,-3276
9428270,17860,-3276
9430028,17856,-3276
9431787,17852,-3276
9433545,17848,-3276
9435303,17844,-3276
9437061,17840,-3276
9438820,17836,-3276
9440578,17832,-3276
9442336,17828,-3276
9444094,17824,-3276
9445853,17820,-3276
9447611,17816,-3276
9449369,17812,-3276
9451127,17808,-3276
9452886,17804,-3276
9454644,17800,-3276
9456402,17796,-3276
9458160,17792,-3276
9459918,17788,-3276
9461677,17784,-3276
9463435,17780,-3276
9465193,17776,-3276
9466951,17772,-3276
9468710,17768,-3276
9470468,17764,-3276
9472226,17760,-3276
9473984,17756,-3276
9475743,17752,-3276
9477501,17748,-3276
9479259,17744,-3276
9481017,17740,-3276
9482776,17736,-3276
9484534,17732,-3276
9486292,17728,-3276
9488050,17724,-3276
9489809,17720,-3276
9491567,17716,-3276
9493325,17712,-3276
9495083,17708,-3276
9496842,17704,-3276
9498600,17700,-3276
9500358,17696,-3276
9502116,17692,-3276
9503875,17688,-3276
9505633,17684,-3276
9507391,17680,-3276
9509149,17676,-3276
9510907,17672,-3276
9512666,17668,-3276
9514424,17664,-3276
9516182,17660,-3276
9517940,17656,-3276
9519699,17652,-3276
9521457,17648,-3276
9523215,17644,-3276
9524973,17640,-3276
9526732,17636,-3276
9528490,17632,-3276
9530248,17628,-3276
9532006,17624,-3276
9533765,17620,-3276
9535523,17616,-3276
9537281,17612,-3276
9539039,17608,-3276
9540798,17604,-3276
9542556,17600,-3276
9544314,17596,-3276
9546072,17592,-3276
9547831,17588,-3276
9549589,17584,-3276
9551347,17580,-3276
9553105,17576,-3276
9554864,17572,-3276
9556622,17568,-3276
9558380,17564,-3276
9560138,17560,-3276
9561897,17556,-3276
9563655,17552,-3276
9565413,17548,-3276
9567171,17544,-3276
9568929,17540,-3276
9570688,17536,-3276
9572446,17532,-3276
9574204,17528,-3276
9575962,17524,-3276
9577721,17520,-3276
9579479,17516,-3276
9581237,17512,-3276
9582995,17508,-3276
9584754,17504,-3276
9586512,17500,-3276
9588270,17496,-3276
9590028,17492,-3276
9591787,17488,-3276
9593545,17484,-3276
9595303,17480,-3276
9597061,17476,-3276
9598820,17472,-3276
9600578,17468,-3276
9602336,17464,-3276
9604094,17460,-3276
9605853,17456,-3276
9607611,17452,-3276
9609369,17448,-3276
9611127,17444,-3276
9612886,17440,-3276
9614644,17436,-3276
9616402,17432,-3276
9618160,17428,-3276
9619918,17424,-3276
9621677,17420,-3276
9623435,17416,-3276
9625193,17412,-3276
9626951,17408,-3276
9628710,17404,-3276
9630468,17400,-3276
9632226,17396,-3276
9633984,17392,-3276
9635743,17388,-3276
9637501,17384,-3276
9639259,17380,-3276
9641017,17376,-3276
9642776,17372,-3276
9644534,17368,-3276
9646292,17364,-3276
9648050,17360,-3276
9649809,17356,-3276
9651567,17352,-3276
9653325,17348,-3276
9655083,17344,-3276
9656842,17340,-3276
9658600,17336,-3276
9660358,17332,-3276
9662116,17328,-3276
9663875,17324,-3276
9665633,17320,-3276
9667391,17316,-3276
9669149,17312,-3276
9670907,17308,-3276
9672666,17304,-3276
9674424,17300,-3276
9676182,17296,-3276
9677940,17292,-3276
9679699,17288,-3276
9681457,17284,-3276
9683215,17280,-3276
9684973,17276,-3276
9686732,17272,-3276
9688490,17268,-3276
9690248,17264,-3276
9692006,17260,-3276
9693765,17256,-3276
9695523,17252,-3276
9697281,17248,-3276
9699039,17244,-3276
9700798,17240,-3276
9702556,17236,-3276
9704314,17232,-3276
9706072,17228,-3276
9707831,17224,-3276
9709589,17220,-3276
9711347,17216,-3276
9713105,17212,-3276
9714864,17208,-3276
9716622,17204,-3276
9718380,17200,-3276
9720138,17196,-3276
9721897,17192,-3276
9723655,17188,-3276
9725413,17184,-3276
9727171,17180,-3276
9728929,17176,-3276
9730688,17172,-3276
9732446,17168,-3276
9734204,17164,-3276
9735962,17160,-3276
9737721,17156,-3276
9739479,17152,-3276
9741237,17148,-3276
9742995,17144,-3276
9744754,17140,-3276
9746512,17136,-3276
9748270,17132,-3276
9750028,17128,-3276
9751787,17124,-3276
9753545,17120,-3276
9755303,17116,-3276
9757061,17112,-3276
9758820,17108,-3276
9760578,17104,-3276
9762336,17100,-3276
9764094,17096,-3276
9765853,17092,-3276
9767611,17088,-3276
9769369,17084,-3276
9771127,17080,-3276
9772886,17076,-3276
9774644,17072,-3276
9776402,17068,-3276
9778160,17064,-3276
9779918,17060,-3276
9781677,17056,-3276
9783435,17052,-3276
9785193,17048,-3276
9786951,17044,-3276
9788710,17040,-3276
9790468,17036,-3276
9792226,17032,-3276
9793984,17028,-3276
9795743,17024,-3276
9797501,17020,-3276
9799259,17016,-3276
9801017,17012,-3276
9802776,17008,-3276
9804534,17004,-3276
9806292,17000,-3276
9808050,16996,-3276
9809809,16992,-3276
9811567,16988,-3276
9813325,16984,-3276
9815083,16980,-3276
9816842,16976,-3276
9818600,16972,-3276
9820358,16968,-3276
9822116,16964,-3276
9823875,16960,-3276
9825633,16956,-3276
9827391,16952,-3276
9829149,16948,-3276
9830907,16944,-3276
9832666,16940,-3276
9834424,16936,-3276
9836182,16932,-3276
9837940,16928,-3276
9839699,16924,-3276
9841457,16920,-3276
9843215,16916,-3276
9844973,16912,-3276
9846732,16908,-3276
9848490,16904,-3276
9850248,16900,-3276
9852006,16896,-3276
9853765,16892,-3276
9855523,16888,-3276
9857281,16884,-3276
9859039,16880,-3276
9860798,16876,-3276
9862556,16872,-3276
9864314,16868,-3276
9866072,16864,-3276
9867831,16860,-3276
9869589,16856,-3276
9871347,16852,-3276
9873105,16848,-3276
9874864,16844,-3276
9876622,16840,-3276
9878380,16836,-3276
9880138,16832,-3276
9881897,16828,-3276
9883655,16824,-3276
9885413,16820,-3276
9887171,16816,-3276
9888929,16812,-3276
9890688,16808,-3276
9892446,16804,-3276
9894204,16800,-3276
9895962,16796,-3276
9897721,16792,-3276
9899479,16788,-3276
9901237,16784,-3276
9902995,16780,-3276
9904754,16776,-3276
9906512,16772,-3276
9908270,16768,-3276
9910028,16764,-3276
9911787,16760,-3276
9913545,16756,-3276
9915303,16752,-3276
9917061,16748,-3276
9918820,16744,-3276
9920578,16740,-3276
9922336,16736,-3276
9924094,16732,-3276
9925853,16728,-3276
9927611,16724,-3276
9929369,16720,-3276
9931127,16716,-3276
9932886,16712,-3276
9934644,16708,-3276
9936402,16704,-3276
9938160,16700,-3276
9939918,16696,-3276
9941677,16692,-3276
9943435,16688,-3276
9945193,16684,-3276
9946951,16680,-3276
9948710,16676,-3276
9950468,16672,-3276
9952226,16668,-3276
9953984,16664,-3276
9955743,16660,-3276
9957501,16656,-3276
9959259,16652,-3276
9961017,16648,-3276
9962776,16644,-3276
9964534,16640,-3276
9966292,16636,-3276
9968050,16632,-3276
9969809,16628,-3276
9971567,16624,-3276
9973325,16620,-3276
9975083,16616,-3276
9976842,16612,-3276
9978600,16608,-3276
9980358,16604,-3276
9982116,16600,-3276
9983875,16596,-3276
9985633,16592,-3276
9987391,16588,-3276
9989149,16584,-3276
9990907,16580,-3276
9992666,16576,-3276
9994424,16572,-3276
9996182,16568,-3276
9997940,16564,-3276
9999699,16560,-3276
10001457,16556,-3276
10003215,16552,-3276
10004973,16548,-3276
10006732,16544,-3276
10008490,16540,-3276
10010248,16536,-3276
10012006,16532,-3276
10013765,16528,-3276
10015523,16524,-3276
10017281,16520,-3276
10019039,16516,-3276
10020798,16512,-3276
10022556,16508,-3276
10024314,16504,-3276
10026072,16500,-3276
10027831,16496,-3276
10029589,16492,-3276
10031347,16488,-3276
10033105,16484,-3276
10034864,16480,-3276
10036622,16476,-3276
10038380,16472,-3276
10040138,16468,-3276
10041897,16464,-3276
10043655,16460,-3276
10045413,16456,-3276
10047171,16452,-3276
10048929,16448,-3276
10050688,16444,-3276
10052446,16440,-3276
10054204,16436,-3276
10055962,16432,-3276
10057721,16428,-3276
10059479,16424,-3276
10061237,16420,-3276
10062995,16416,-3276
10064754,16412,-3276
10066512,16408,-3276
10068270,16404,-3276
10070028,16400,-3276
10071787,16396,-3276
10073545,16392,-3276
10075303,16388,-3276
10077061,16384,-3276
10078820,16380,-3276
10080578,16376,-3276
10082336,16372,-3276
10084094,16368,-3276
10085853,16364,-3276
10087611,16360,-3276
10089369,16356,-3276
10091127,16352,-3276
10092886,16348,-3276
10094644,16344,-3276
10096402,16340,-3276
10098160,16336,-3276
10099918,16332,-3276
10101677,16328,-3276
10103435,16324,-3276
10105193,16320,-3276
10106951,16316,-3276
10108710,16312,-3276
10110468,16308,-3276
10112226,16304,-3276
10113984,16300,-3276
10115743,16296,-3276
10117501,16292,-3276
10119259,16288,-3276
10121017,16284,-3276
10122776,16280,-3276
10124534,16276,-3276
10126292,16272,-3276
10128050,16268,-3276
10129809,16264,-3276
10131567,16260,-3276
10133325,16256,-3276
10135083,16252,-3276
10136842,16248,-3276
10138600,16244,-3276
10140358,16240,-3276
10142116,16236,-3276
10143875,16232,-3276
10145633,16228,-3276
10147391,16224,-3276
10149149,16220,-3276
10150907,16216,-3276
10152666,16212,-3276
10154424,16208,-3276
10156182,16204,-3276
10157940,16200,-3276
10159699,16196,-3276
10161457,16192,-3276
10163215,16188,-3276
10164973,16184,-3276
10166732,16180,-3276
10168490,16176,-3276
10170248,16172,-3276
10172006,16168,-3276
10173765,16164,-3276
10175523,16160,-3276
10177281,16156,-3276
10179039,16152,-3276
10180798,16148,-3276
10182556,16144,-3276
10184314,16140,-3276
10186072,16136,-3276
10187831,16132,-3276
10189589,16128,-3276
10191347,16124,-3276
10193105,16120,-3276
10194864,16116,-3276
10196622,16112,-3276
10198380,16108,-3276
10200138,16104,-3276
10201897,16100,-3276
10203655,16096,-3276
10205413,16092,-3276
10207171,16088,-3276
10208929,16084,-3276
10210688,16080,-3276
10212446,16076,-3276
10214204,16072,-3276
10215962,16068,-3276
10217721,16064,-3276
10219479,16060,-3276
10221237,16056,-3276
10222995,16052,-3276
10224754,16048,-3276
10226512,16044,-3276
10228270,16040,-3276
10230028,16036,-3276
10231787,16032,-3276
10233545,16028,-3276
10235303,16024,-3276
10237061,16020,-3276
10238820,16016,-3276
10240578,16012,-3276
10242336,16008,-3276
10244094,16004,-3276
10245853,16000,-3276
10247611,15996,-3276
10249369,15992,-3276
10251127,15988,-3276
10252886,15984,-3276
10254644,15980,-3276
10256402,15976,-3276
10258160,15972,-3276
10259918,15968,-3276
10261677,15964,-3276
10263435,15960,-3276
10265193,15956,-3276
10266951,15952,-3276
10268710,15948,-3276
10270468,15944,-3276
10272226,15940,-3276
10273984,15936,-3276
10275743,15932,-3276
10277501,15928,-3276
10279259,15924,-3276
10281017,15920,-3276
10282776,15916,-3276
10284534,15912,-3276
10286292,15908,-3276
10288050,15904,-3276
10289809,15900,-3276
10291567,15896,-3276
10293325,15892,-3276
10295083,15888,-3276
10296842,15884,-3276
10298600,15880,-3276
10300358,15876,-3276
10302116,15872,-3276
10303875,15868,-3276
10305633,15864,-3276
10307391,15860,-3276
10309149,15856,-3276
10310907,15852,-3276
10312666,15848,-3276
10314424,15844,-3276
10316182,15840,-3276
10317940,15836,-3276
10319699,15832,-3276
10321457,15828,-3276
10323215,15824,-3276
10324973,15820,-3276
10326732,15816,-3276
10328490,15812,-3276
10330248,15808,-3276
10332006,15804,-3276
10333765,15800,-3276
10335523,15796,-3276
10337281,15792,-3276
10339039,15788,-3276
10340798,15784,-3276
10342556,15780,-3276
10344314,15776,-3276
10346072,15772,-3276
10347831,15768,-3276
10349589,15764,-3276
10351347,15760,-3276
10353105,15756,-3276
10354864,15752,-3276
10356622,15748,-3276
10358380,15744,-3276
10360138,15740,-3276
10361897,15736,-3276
10363655,15732,-3276
10365413,15728,-3276
10367171,15724,-3276
10368929,15720,-3276
10370688,15716,-3276
10372446,15712,-3276
10374204,15708,-3276
10375962,15704,-3276
10377721,15700,-3276
10379479,15696,-3276
10381237,15692,-3276
10382995,15688,-3276
10384754,15684,-3276
10386512,15680,-3276
10388270,15676,-3276
10390028,15672,-3276
10391787,15668,-3276
10393545,15664,-3276
10395303,15660,-3276
10397061,15656,-3276
10398820,15652,-3276
10400578,15648,-3276
10402336,15644,-3276
10404094,15640,-3276
10405853,15636,-3276
10407611,15632,-3276
10409369,15628,-3276
10411127,15624,-3276
10412886,15620,-3276
10414644,15616,-3276
10416402,15612,-3276
10418160,15608,-3276
10419918,15604,-3276
10421677,15600,-3276
10423435,15596,-3276
10425193,15592,-3276
10426951,15588,-3276
10428710,15584,-3276
10430468,15580,-3276
10432226,15576,-3276
10433984,15572,-3276
10435743,15568,-3276
10437501,15564,-3276
10439259,15560,-3276
10441017,15556,-3276
10442776,15552,-3276
10444534,15548,-3276
10446292,15544,-3276
10448050,15540,-3276
10449809,15536,-3276
10451567,15532,-3276
10453325,15528,-3276
10455083,15524,-3276
10456842,15520,-3276
10458600,15516,-3276
10460358,15512,-3276
10462116,15508,-3276
10463875,15504,-3276
10465633,15500,-3276
10467391,15496,-3276
10469149,15492,-3276
10470907,15488,-3276
10472666,15484,-3276
10474424,15480,-3276
10476182,15476,-3276
10477940,15472,-3276
10479699,15468,-3276
10481457,15464,-3276
10483215,15460,-3276
10484973,15456,-3276
10486732,15452,-3276
10488490,15448,-3276
10490248,15444,-3276
10492006,15440,-3276
10493765,15436,-3276
10495523,15432,-3276
10497281,15428,-3276
10499039,15424,-3276
10500798,15420,-3276
10502556,15416,-3276
10504314,15412,-3276
10506072,15408,-3276
10507831,15404,-3276
10509589,15400,-3276
10511347,15396,-3276
10513105,15392,-3276
10514864,15388,-3276
10516622,15384,-3276
10518380,15380,-3276
10520138,15376,-3276
10521897,15372,-3276
10523655,15368,-3276
10525413,15364,-3276
10527171,15360,-3276
10528929,15356,-3276
10530688,15352,-3276
10532446,15348,-3276
10534204,15344,-3276
10535962,15340,-3276
10537721,15336,-3276
10539479,15332,-3276
10541237,15328,-3276
10542995,15324,-3276
10544754,15320,-3276
10546512,15316,-3276
10548270,15312,-3276
10550028,15308,-3276
10551787,15304,-3276
10553545,15300,-3276
10555303,15296,-3276
10557061,15292,-3276
10558820,15288,-3276
10560578,15284,-3276
10562336,15280,-3276
10564094,15276,-3276
10565853,15272,-3276
10567611,15268,-3276
10569369,15264,-3276
10571127,15260,-3276
10572886,15256,-3276
10574644,15252,-3276
10576402,15248,-3276
10578160,15244,-3276
10579918,15240,-3276
10581677,15236,-3276
10583435,15232,-3276
10585193,15228,-3276
10586951,15224,-3276
10588710,15220,-3276
10590468,15216,-3276
10592226,15212,-3276
10593984,15208,-3276
10595743,15204,-3276
10597501,15200,-3276
10599259,15196,-3276
10601017,15192,-3276
10602776,15188,-3276
10604534,15184,-3276
10606292,15180,-3276
10608050,15176,-3276
10609809,15172,-3276
10611567,15168,-3276
10613325,15164,-3276
10615083,15160,-3276
10616842,15156,-3276
10618600,15152,-3276
10620358,15148,-3276
10622116,15144,-3276
10623875,15140,-3276
10625633,15136,-3276
10627391,15132,-3276
10629149,15128,-3276
10630907,15124,-3276
10632666,15120,-3276
10634424,15116,-3276
10636182,15112,-3276
10637940,15108,-3276
10639699,15104,-3276
10641457,15100,-3276
10643215,15096,-3276
10644973,15092,-3276
10646732,15088,-3276
10648490,15084,-3276
10650248,15080,-3276
10652006,15076,-3276
10653765,15072,-3276
10655523,15068,-3276
10657281,15064,-3276
10659039,15060,-3276
10660798,15056,-3276
10662556,15052,-3276
10664314,15048,-3276
10666072,15044,-3276
10667831,15040,-3276
10669589,15036,-3276
10671347,15032,-3276
10673105,15028,-3276
10674864,15024,-3276
10676622,15020,-3276
10678380,15016,-3276
10680138,15012,-3276
10681897,15008,-3276
10683655,15004,-3276
10685413,15000,-3276
10687171,14996,-3276
10688929,14992,-3276
10690688,14988,-3276
10692446,14984,-3276
10694204,14980,-3276
10695962,14976,-3276
10697721,14972,-3276
10699479,14968,-3276
10701237,14964,-3276
10702995,14960,-3276
10704754,14956,-3276
10706512,14952,-3276
10708270,14948,-3276
10710028,14944,-3276
10711787,14940,-3276
10713545,14936,-3276
10715303,14932,-3276
10717061,14928,-3276
10718820,14924,-3276
10720578,14920,-3276
10722336,14916,-3276
10724094,14912,-3276
10725853,14908,-3276
10727611,14904,-3276
10729369,14900,-3276
10731127,14896,-3276
10732886,14892,-3276
10734644,14888,-3276
10736402,14884,-3276
10738160,14880,-3276
10739918,14876,-3276
10741677,14872,-3276
10743435,14868,-3276
10745193,14864,-3276
10746951,14860,-3276
10748710,14856,-3276
10750468,14852,-3276
10752226,14848,-3276
10753984,14844,-3276
10755743,14840,-3276
10757501,14836,-3276
10759259,14832,-3276
10761017,14828,-3276
10762776,14824,-3276
10764534,14820,-3276
10766292,14816,-3276
10768050,14812,-3276
10769809,14808,-3276
10771567,14804,-3276
10773325,14800,-3276
10775083,14796,-3276
10776842,14792,-3276
10778600,14788,-3276
10780358,14784,-3276
10782116,14780,-3276
10783875,14776,-3276
10785633,14772,-3276
10787391,14768,-3276
10789149,14764,-3276
10790907,14760,-3276
10792666,14756,-3276
10794424,14752,-3276
10796182,14748,-3276
10797940,14744,-3276
10799699,14740,-3276
10801457,14736,-3276
10803215,14732,-3276
10804973,14728,-3276
10806732,14724,-3276
10808490,14720,-3276
10810248,14716,-3276
10812006,14712,-3276
10813765,14708,-3276
10815523,14704,-3276
10817281,14700,-3276
10819039,14696,-3276
10820798,14692,-3276
10822556,14688,-3276
10824314,14684,-3276
10826072,14680,-3276
10827831,14676,-3276
10829589,14672,-3276
10831347,14668,-3276
10833105,14664,-3276
10834864,14660,-3276
10836622,14656,-3276
10838380,14652,-3276
10840138,14648,-3276
10841897,14644,-3276
10843655,14640,-3276
10845413,14636,-3276
10847171,14632,-3276
10848929,14628,-3276
10850688,14624,-3276
10852446,14620,-3276
10854204,14616,-3276
10855962,14612,-3276
10857721,14608,-3276
10859479,14604,-3276
10861237,14600,-3276
10862995,14596,-3276
10864754,14592,-3276
10866512,14588,-3276
10868270,14584,-3276
10870028,14580,-3276
10871787,14576,-3276
10873545,14572,-3276
10875303,14568,-3276
10877061,14564,-3276
10878820,14560,-3276
10880578,14556,-3276
10882336,14552,-3276
10884094,14548,-3276
10885853,14544,-3276
10887611,14540,-3276
10889369,14536,-3276
10891127,14532,-3276
10892886,14528,-3276
10894644,14524,-3276
10896402,14520,-3276
10898160,14516,-3276
10899918,14512,-3276
10901677,14508,-3276
10903435,14504,-3276
10905193,14500,-3276
10906951,14496,-3276
10908710,14492,-3276
10910468,14488,-3276
10912226,14484,-3276
10913984,14480,-3276
10915743,14476,-3276
10917501,14472,-3276
10919259,14468,-3276
10921017,14464,-3276
10922776,14460,-3276
10924534,14456,-3276
10926292,14452,-3276
10928050,14448,-3276
10929809,14444,-3276
10931567,14440,-3276
10933325,14436,-3276
10935083,14432,-3276
10936842,14428,-3276
10938600,14424,-3276
10940358,14420,-3276
10942116,14416,-3276
10943875,14412,-3276
10945633,14408,-3276
10947391,14404,-3276
10949149,14400,-3276
10950907,14396,-3276
10952666,14392,-3276
10954424,14388,-3276
10956182,14384,-3276
10957940,14380,-3276
10959699,14376,-3276
10961457,14372,-3276
10963215,14368,-3276
10964973,14364,-3276
10966732,14360,-3276
10968490,14356,-3276
10970248,14352,-3276
10972006,14348,-3276
10973765,14344,-3276
10975523,14340,-3276
10977281,14336,-3276
10979039,14332,-3276
10980798,14328,-3276
10982556,14324,-3276
10984314,14320,-3276
10986072,14316,-3276
10987831,14312,-3276
10989589,14308,-3276
10991347,14304,-3276
10993105,14300,-3276
10994864,14296,-3276
10996622,14292,-3276
10998380,14288,-3276
11000138,14284,-3276
11001897,14280,-3276
11003655,14276,-3276
11005413,14272,-3276
11007171,14268,-3276
11008929,14264,-3276
11010688,14260,-3276
11012446,14256,-3276
11014204,14252,-3276
11015962,14248,-3276
11017721,14244,-3276
11019479,14240,-3276
11021237,14236,-3276
11022995,14232,-3276
11024754,14228,-3276
11026512,14224,-3276
11028270,14220,-3276
11030028,14216,-3276
11031787,14212,-3276
11033545,14208,-3276
11035303,14204,-3276
11037061,14200,-3276
11038820,14196,-3276
11040578,14192,-3276
11042336,14188,-3276
11044094,14184,-3276
11045853,14180,-3276
11047611,14176,-3276
11049369,14172,-3276
11051127,14168,-3276
11052886,14164,-3276
11054644,14160,-3276
11056402,14156,-3276
11058160,14152,-3276
11059918,14148,-3276
11061677,14144,-3276
11063435,14140,-3276
11065193,14136,-3276
11066951,14132,-3276
11068710,14128,-3276
11070468,14124,-3276
11072226,14120,-3276
11073984,14116,-3276
11075743,14112,-3276
11077501,14108,-3276
11079259,14104,-3276
11081017,14100,-3276
11082776,14096,-3276
11084534,14092,-3276
11086292,14088,-3276
11088050,14084,-3276
11089809,14080,-3276
11091567,14076,-3276
11093325,14072,-3276
11095083,14068,-3276
11096842,14064,-3276
11098600,14060,-3276
11100358,14056,-3276
11102116,14052,-3276
11103875,14048,-3276
11105633,14044,-3276
11107391,14040,-3276
11109149,14036,-3276
11110907,14032,-3276
11112666,14028,-3276
11114424,14024,-3276
11116182,14020,-3276
11117940,14016,-3276
11119699,14012,-3276
11121457,14008,-3276
11123215,14004,-3276
11124973,14000,-3276
11126732,13996,-3276
11128490,13992,-3276
11130248,13988,-3276
11132006,13984,-3276
11133765,13980,-3276
11135523,13976,-3276
11137281,13972,-3276
11139039,13968,-3276
11140798,13964,-3276
11142556,13960,-3276
11144314,13956,-3276
11146072,13952,-3276
11147831,13948,-3276
11149589,13944,-3276
11151347,13940,-3276
11153105,13936,-3276
11154864,13932,-3276
11156622,13928,-3276
11158380,13924,-3276
11160138,13920,-3276
11161897,13916,-3276
11163655,13912,-3276
11165413,13908,-3276
11167171,13904,-3276
11168929,13900,-3276
11170688,13896,-3276
11172446,13892,-3276
11174204,13888,-3276
11175962,13884,-3276
11177721,13880,-3276
11179479,13876,-3276
11181237,13872,-3276
11182995,13868,-3276
11184754,13864,-3276
11186512,13860,-3276
11188270,13856,-3276
11190028,13852,-3276
11191787,13848,-3276
11193545,13844,-3276
11195303,13840,-3276
11197061,13836,-3276
11198820,13832,-3276
11200578,13828,-3276
11202336,13824,-3276
11204094,13820,-3276
11205853,13816,-3276
11207611,13812,-3276
11209369,13808,-3276
11211127,13804,-3276
11212886,13800,-3276
11214644,13796,-3276
11216402,13792,-3276
11218160,13788,-3276
11219918,13784,-3276
11221677,13780,-3276
11223435,13776,-3276
11225193,13772,-3276
11226951,13768,-3276
11228710,13764,-3276
11230468,13760,-3276
11232226,13756,-3276
11233984,13752,-3276
11235743,13748,-3276
11237501,13744,-3276
11239259,13740,-3276
11241017,13736,-3276
11242776,13732,-3276
11244534,13728,-3276
11246292,13724,-3276
11248050,13720,-3276
11249809,13716,-3276
11251567,13712,-3276
11253325,13708,-3276
11255083,13704,-3276
11256842,13700,-3276
11258600,13696,-3276
11260358,13692,-3276
11262116,13688,-3276
11263875,13684,-3276
11265633,13680,-3276
11267391,13676,-3276
11269149,13672,-3276
11270907,13668,-3276
11272666,13664,-3276
11274424,13660,-3276
11276182,13656,-3276
11277940,13652,-3276
11279699,13648,-3276
11281457,13644,-3276
11283215,13640,-3276
11284973,13636,-3276
11286732,13632,-3276
11288490,13628,-3276
11290248,13624,-3276
11292006,13620,-3276
11293765,13616,-3276
11295523,13612,-3276
11297281,13608,-3276
11299039,13604,-3276
11300798,13600,-3276
11302556,13596,-3276
11304314,13592,-3276
11306072,13588,-3276
11307831,13584,-3276
11309589,13580,-3276
11311347,13576,-3276
11313105,13572,-3276
11314864,13568,-3276
11316622,13564,-3276
11318380,13560,-3276
11320138,13556,-3276
11321897,13552,-3276
11323655,13548,-3276
11325413,13544,-3276
11327171,13540,-3276
11328929,13536,-3276
11330688,13532,-3276
11332446,13528,-3276
11334204,13524,-3276
11335962,13520,-3276
11337721,13516,-3276
11339479,13512,-3276
11341237,13508,-3276
11342995,13504,-3276
11344754,13500,-3276
11346512,13496,-3276
11348270,13492,-3276
11350028,13488,-3276
11351787,13484,-3276
11353545,13480,-3276
11355303,13476,-3276
11357061,13472,-3276
11358820,13468,-3276
11360578,13464,-3276
11362336,13460,-3276
11364094,13456,-3276
11365853,13452,-3276
11367611,13448,-3276
11369369,13444,-3276
11371127,13440,-3276
11372886,13436,-3276
11374644,13432,-3276
11376402,13428,-3276
11378160,13424,-3276
11379918,13420,-3276
11381677,13416,-3276
11383435,13412,-3276
11385193,13408,-3276
11386951,13404,-3276
11388710,13400,-3276
11390468,13396,-3276
11392226,13392,-3276
11393984,13388,-3276
11395743,13384,-3276
11397501,13380,-3276
11399259,13376,-3276
11401017,13372,-3276
11402776,13368,-3276
11404534,13364,-3276
11406292,13360,-3276
11408050,13356,-3276
11409809,13352,-3276
11411567,13348,-3276
11413325,13344,-3276
11415083,13340,-3276
11416842,13336,-3276
11418600,13332,-3276
11420358,13328,-3276
11422116,13324,-3276
11423875,13320,-3276
11425633,13316,-3276
11427391,13312,-3276
11429149,13308,-3276
11430907,13304,-3276
11432666,13300,-3276
11434424,13296,-3276
11436182,13292,-3276
11437940,13288,-3276
11439699,13284,-3276
11441457,13280,-3276
11443215,13276,-3276
11444973,13272,-3276
11446732,13268,-3276
11448490,13264,-3276
11450248,13260,-3276
11452006,13256,-3276
11453765,13252,-3276
11455523,13248,-3276
11457281,13244,-3276
11459039,13240,-3276
11460798,13236,-3276
11462556,13232,-3276
11464314,13228,-3276
11466072,13224,-3276
11467831,13220,-3276
11469589,13216,-3276
11471347,13212,-3276
11473105,13208,-3276
11474864,13204,-3276
11476622,13200,-3276
11478380,13196,-3276
11480138,13192,-3276
11481897,13188,-3276
11483655,13184,-3276
11485413,13180,-3276
11487171,13176,-3276
11488929,13172,-3276
11490688,13168,-3276
11492446,13164,-3276
11494204,13160,-3276
11495962,13156,-3276
11497721,13152,-3276
11499479,13148,-3276
11501237,13144,-3276
11502995,13140,-3276
11504754,13136,-3276
11506512,13132,-3276
11508270,13128,-3276
11510028,13124,-3276
11511787,13120,-3276
11513545,13116,-3276
11515303,13112,-3276
11517061,13108,-3276
11518820,13104,-3276
11520578,13100,-3276
11522336,13096,-3276
11524094,13092,-3276
11525853,13088,-3276
11527611,13084,-3276
11529369,13080,-3276
11531127,13076,-3276
11532886,13072,-3276
11534644,13068,-3276
11536402,13064,-3276
11538160,13060,-3276
11539918,13056,-3276
11541677,13052,-3276
11543435,13048,-3276
11545193,13044,-3276
11546951,13040,-3276
11548710,13036,-3276
11550468,13032,-3276
11552226,13028,-3276
11553984,13024,-3276
11555743,13020,-3276
11557501,13016,-3276
11559259,13012,-3276
11561017,13008,-3276
11562776,13004,-3276
11564534,13000,-3276
11566292,12996,-3276
11568050,12992,-3276
11569809,12988,-3276
11571567,12984,-3276
11573325,12980,-3276
11575083,12976,-3276
11576842,12972,-3276
11578600,12968,-3276
11580358,12964,-3276
11582116,12960,-3276
11583875,12956,-3276
11585633,12952,-3276
11587391,12948,-3276
11589149,12944,-3276
11590907,12940,-3276
11592666,12936,-3276
11594424,12932,-3276
11596182,12928,-3276
11597940,12924,-3276
11599699,12920,-3276
11601457,12916,-3276
11603215,12912,-3276
11604973,12908,-3276
11606732,12904,-3276
11608490,12900,-3276
11610248,12896,-3276
11612006,12892,-3276
11613765,12888,-3276
11615523,12884,-3276
11617281,12880,-3276
11619039,12876,-3276
11620798,12872,-3276
11622556,12868,-3276
11624314,12864,-3276
11626072,12860,-3276
11627831,12856,-3276
11629589,12852,-3276
11631347,12848,-3276
11633105,12844,-3276
11634864,12840,-3276
11636622,12836,-3276
11638380,12832,-3276
11640138,12828,-3276
11641897,12824,-3276
11643655,12820,-3276
11645413,12816,-3276
11647171,12812,-3276
11648929,12808,-3276
11650688,12804,-3276
11652446,12800,-3276
11654204,12796,-3276
11655962,12792,-3276
11657721,12788,-3276
11659479,12784,-3276
11661237,12780,-3276
11662995,12776,-3276
11664754,12772,-3276
11666512,12768,-3276
11668270,12764,-3276
11670028,12760,-3276
11671787,12756,-3276
11673545,12752,-3276
11675303,12748,-3276
11677061,12744,-3276
11678820,12740,-3276
11680578,12736,-3276
11682336,12732,-3276
11684094,12728,-3276
11685853,12724,-3276
11687611,12720,-3276
11689369,12716,-3276
11691127,12712,-3276
11692886,12708,-3276
11694644,12704,-3276
11696402,12700,-3276
11698160,12696,-3276
11699918,12692,-3276
11701677,12688,-3276
11703435,12684,-3276
11705193,12680,-3276
11706951,12676,-3276
11708710,12672,-3276
11710468,12668,-3276
11712226,12664,-3276
11713984,12660,-3276
11715743,12656,-3276
11717501,12652,-3276
11719259,12648,-3276
11721017,12644,-3276
11722776,12640,-3276
11724534,12636,-3276
11726292,12632,-3276
11728050,12628,-3276
11729809,12624,-3276
11731567,12620,-3276
11733325,12616,-3276
11735083,12612,-3276
11736842,12608,-3276
11738600,12604,-3276
11740358,12600,-3276
11742116,12596,-3276
11743875,12592,-3276
11745633,12588,-3276
11747391,12584,-3276
11749149,12580,-3276
11750907,12576,-3276
11752666,12572,-3276
11754424,12568,-3276
11756182,12564,-3276
11757940,12560,-3276
11759699,12556,-3276
11761457,12552,-3276
11763215,12548,-3276
11764973,12544,-3276
11766732,12540,-3276
11768490,12536,-3276
11770248,12532,-3276
11772006,12528,-3276
11773765,12524,-3276
11775523,12520,-3276
11777281,12516,-3276
11779039,12512,-3276
11780798,12508,-3276
11782556,12504,-3276
11784314,12500,-3276
11786072,12496,-3276
11787831,12492,-3276
11789589,12488,-3276
11791347,12484,-3276
11793105,12480,-3276
11794864,12476,-3276
11796622,12472,-3276
11798380,12468,-3276
11800138,12464,-3276
11801897,12460,-3276
11803655,12456,-3276
11805413,12452,-3276
11807171,12448,-3276
11808929,12444,-3276
11810688,12440,-3276
11812446,12436,-3276
11814204,12432,-3276
11815962,12428,-3276
11817721,12424,-3276
11819479,12420,-3276
11821237,12416,-3276
11822995,12412,-3276
11824754,12408,-3276
11826512,12404,-3276
11828270,12400,-3276
11830028,12396,-3276
11831787,12392,-3276
11833545,12388,-3276
11835303,12384,-3276
11837061,12380,-3276
11838820,12376,-3276
11840578,12372,-3276
11842336,12368,-3276
11844094,12364,-3276
11845853,12360,-3276
11847611,12356,-3276
11849369,12352,-3276
11851127,12348,-3276
11852886,12344,-3276
11854644,12340,-3276
11856402,12336,-3276
11858160,12332,-3276
11859918,12328,-3276
11861677,12324,-3276
11863435,12320,-3276
11865193,12316,-3276
11866951,12312,-3276
11868710,12308,-3276
11870468,12304,-3276
11872226,12300,-3276
11873984,12296,-3276
11875743,12292,-3276
11877501,12288,-3276
11879259,12284,-3276
11881017,12280,-3276
11882776,12276,-3276
11884534,12272,-3276
11886292,12268,-3276
11888050,12264,-3276
11889809,12260,-3276
11891567,12256,-3276
11893325,12252,-3276
11895083,12248,-3276
11896842,12244,-3276
11898600,12240,-3276
11900358,12236,-3276
11902116,12232,-3276
11903875,12228,-3276
11905633,12224,-3276
11907391,12220,-3276
11909149,12216,-3276
11910907,12212,-3276
11912666,12208,-3276
11914424,12204,-3276
11916182,12200,-3276
11917940,12196,-3276
11919699,12192,-3276
11921457,12188,-3276
11923215,12184,-3276
11924973,12180,-3276
11926732,12176,-3276
11928490,12172,-3276
11930248,12168,-3276
11932006,12164,-3276
11933765,12160,-3276
11935523,12156,-3276
11937281,12152,-3276
11939039,12148,-3276
11940798,12144,-3276
11942556,12140,-3276
11944314,12136,-3276
11946072,12132,-3276
11947831,12128,-3276
11949589,12124,-3276
11951347,12120,-3276
11953105,12116,-3276
11954864,12112,-3276
11956622,12108,-3276
11958380,12104,-3276
11960138,12100,-3276
11961897,12096,-3276
11963655,12092,-3276
11965413,12088,-3276
11967171,12084,-3276
11968929,12080,-3276
11970688,12076,-3276
11972446,12072,-3276
11974204,12068,-3276
11975962,12064,-3276
11977721,12060,-3276
11979479,12056,-3276
11981237,12052,-3276
11982995,12048,-3276
11984754,12044,-3276
11986512,12040,-3276
11988270,12036,-3276
11990028,12032,-3276
11991787,12028,-3276
11993545,12024,-3276
11995303,12020,-3276
11997061,12016,-3276
11998820,12012,-3276
12000578,12008,-3276
12002336,12004,-3276
12004094,12000,-3276
12005853,11996,-3276
12007611,11992,-3276
12009369,11988,-3276
12011127,11984,-3276
12012886,11980,-3276
12014644,11976,-3276
12016402,11972,-3276
12018160,11968,-3276
12019918,11964,-3276
12021677,11960,-3276
12023435,11956,-3276
12025193,11952,-3276
12026951,11948,-3276
12028710,11944,-3276
12030468,11940,-3276
12032226,11936,-3276
12033984,11932,-3276
12035743,11928,-3276
12037501,11924,-3276
12039259,11920,-3276
12041017,11916,-3276
12042776,11912,-3276
12044534,11908,-3276
12046292,11904,-3276
12048050,11900,-3276
12049809,11896,-3276
12051567,11892,-3276
12053325,11888,-3276
12055083,11884,-3276
12056842,11880,-3276
12058600,11876,-3276
12060358,11872,-3276
12062116,11868,-3276
12063875,11864,-3276
12065633,11860,-3276
12067391,11856,-3276
12069149,11852,-3276
12070907,11848,-3276
12072666,11844,-3276
12074424,11840,-3276
12076182,11836,-3276
12077940,11832,-3276
12079699,11828,-3276
12081457,11824,-3276
12083215,11820,-3276
12084973,11816,-3276
12086732,11812,-3276
12088490,11808,-3276
12090248,11804,-3276
12092006,11800,-3276
12093765,11796,-3276
12095523,11792,-3276
12097281,11788,-3276
12099039,11784,-3276
12100798,11780,-3276
12102556,11776,-3276
12104314,11772,-3276
12106072,11768,-3276
12107831,11764,-3276
12109589,11760,-3276
12111347,11756,-3276
12113105,11752,-3276
12114864,11748,-3276
12116622,11744,-3276
12118380,11740,-3276
12120138,11736,-3276
12121897,11732,-3276
12123655,11728,-3276
12125413,11724,-3276
12127171,11720,-3276
12128929,11716,-3276
12130688,11712,-3276
12132446,11708,-3276
12134204,11704,-3276
12135962,11700,-3276
12137721,11696,-3276
12139479,11692,-3276
12141237,11688,-3276
12142995,11684,-3276
12144754,11680,-3276
12146512,11676,-3276
12148270,11672,-3276
12150028,11668,-3276
12151787,11664,-3276
12153545,11660,-3276
12155303,11656,-3276
12157061,11652,-3276
12158820,11648,-3276
12160578,11644,-3276
12162336,11640,-3276
12164094,11636,-3276
12165853,11632,-3276
12167611,11628,-3276
12169369,11624,-3276
12171127,11620,-3276
12172886,11616,-3276
12174644,11612,-3276
12176402,11608,-3276
12178160,11604,-3276
12179918,11600,-3276
12181677,11596,-3276
12183435,11592,-3276
12185193,11588,-3276
12186951,11584,-3276
12188710,11580,-3276
12190468,11576,-3276
12192226,11572,-3276
12193984,11568,-3276
12195743,11564,-3276
12197501,11560,-3276
12199259,11556,-3276
12201017,11552,-3276
12202776,11548,-3276
12204534,11544,-3276
12206292,11540,-3276
12208050,11536,-3276
12209809,11532,-3276
12211567,11528,-3276
12213325,11524,-3276
12215083,11520,-3276
12216842,11516,-3276
12218600,11512,-3276
12220358,11508,-3276
12222116,11504,-3276
12223875,11500,-3276
12225633,11496,-3276
12227391,11492,-3276
12229149,11488,-3276
12230907,11484,-3276
12232666,11480,-3276
12234424,11476,-3276
12236182,11472,-3276
12237940,11468,-3276
12239699,11464,-3276
12241457,11460,-3276
12243215,11456,-3276
12244973,11452,-3276
12246732,11448,-3276
12248490,11444,-3276
12250248,11440,-3276
12252006,11436,-3276
12253765,11432,-3276
12255523,11428,-3276
12257281,11424,-3276
12259039,11420,-3276
12260798,11416,-3276
12262556,11412,-3276
12264314,11408,-3276
12266072,11404,-3276
12267831,11400,-3276
12269589,11396,-3276
12271347,11392,-3276
12273105,11388,-3276
12274864,11384,-3276
12276622,11380,-3276
12278380,11376,-3276
12280138,11372,-3276
12281897,11368,-3276
12283655,11364,-3276
12285413,11360,-3276
12287171,11356,-3276
12288929,11352,-3276
12290688,11348,-3276
12292446,11344,-3276
12294204,11340,-3276
12295962,11336,-3276
12297721,11332,-3276
12299479,11328,-3276
12301237,11324,-3276
12302995,11320,-3276
12304754,11316,-3276
12306512,11312,-3276
12308270,11308,-3276
12310028,11304,-3276
12311787,11300,-3276
12313545,11296,-3276
12315303,11292,-3276
12317061,11288,-3276
12318820,11284,-3276
12320578,11280,-3276
12322336,11276,-3276
12324094,11272,-3276
12325853,11268,-3276
12327611,11264,-3276
12329369,11260,-3276
12331127,11256,-3276
12332886,11252,-3276
12334644,11248,-3276
12336402,11244,-3276
12338160,11240,-3276
12339918,11236,-3276
12341677,11232,-3276
12343435,11228,-3276
12345193,11224,-3276
12346951,11220,-3276
12348710,11216,-3276
12350468,11212,-3276
12352226,11208,-3276
12353984,11204,-3276
12355743,11200,-3276
12357501,11196,-3276
12359259,11192,-3276
12361017,11188,-3276
12362776,11184,-3276
12364534,11180,-3276
12366292,11176,-3276
12368050,11172,-3276
12369809,11168,-3276
12371567,11164,-3276
12373325,11160,-3276
12375083,11156,-3276
12376842,11152,-3276
12378600,11148,-3276
12380358,11144,-3276
12382116,11140,-3276
12383875,11136,-3276
12385633,11132,-3276
12387391,11128,-3276
12389149,11124,-3276
12390907,11120,-3276
12392666,11116,-3276
12394424,11112,-3276
12396182,11108,-3276
12397940,11104,-3276
12399699,11100,-3276
12401457,11096,-3276
12403215,11092,-3276
12404973,11088,-3276
12406732,11084,-3276
12408490,11080,-3276
12410248,11076,-3276
12412006,11072,-3276
12413765,11068,-3276
12415523,11064,-3276
12417281,11060,-3276
12419039,11056,-3276
12420798,11052,-3276
12422556,11048,-3276
12424314,11044,-3276
12426072,11040,-3276
12427831,11036,-3276
12429589,11032,-3276
12431347,11028,-3276
12433105,11024,-3276
12434864,11020,-3276
12436622,11016,-3276
12438380,11012,-3276
12440138,11008,-3276
12441897,11004,-3276
12443655,11000,-3276
12445413,10996,-3276
12447171,10992,-3276
12448929,10988,-3276
12450688,10984,-3276
12452446,10980,-3276
12454204,10976,-3276
12455962,10972,-3276
12457721,10968,-3276
12459479,10964,-3276
12461237,10960,-3276
12462995,10956,-3276
12464754,10952,-3276
12466512,10948,-3276
12468270,10944,-3276
12470028,10940,-3276
12471787,10936,-3276
12473545,10932,-3276
12475303,10928,-3276
12477061,10924,-3276
12478820,10920,-3276
12480578,10916,-3276
12482336,10912,-3276
12484094,10908,-3276
12485853,10904,-3276
12487611,10900,-3276
12489369,10896,-3276
12491127,10892,-3276
12492886,10888,-3276
12494644,10884,-3276
12496402,10880,-3276
12498160,10876,-3276
12499918,10872,-3276
12501677,10868,-3276
12503435,10864,-3276
12505193,10860,-3276
12506951,10856,-3276
12508710,10852,-3276
12510468,10848,-3276
12512226,10844,-3276
12513984,10840,-3276
12515743,10836,-3276
12517501,10832,-3276
12519259,10828,-3276
12521017,10824,-3276
12522776,10820,-3276
12524534,10816,-3276
12526292,10812,-3276
12528050,10808,-3276
12529809,10804,-3276
12531567,10800,-3276
12533325,10796,-3276
12535083,10792,-3276
12536842,10788,-3276
12538600,10784,-3276
12540358,10780,-3276
12542116,10776,-3276
12543875,10772,-3276
12545633,10768,-3276
12547391,10764,-3276
12549149,10760,-3276
12550907,10756,-3276
12552666,10752,-3276
12554424,10748,-3276
12556182,10744,-3276
12557940,10740,-3276
12559699,10736,-3276
12561457,10732,-3276
12563215,10728,-3276
12564973,10724,-3276
12566732,10720,-3276
12568490,10716,-3276
12570248,10712,-3276
12572006,10708,-3276
12573765,10704,-3276
12575523,10700,-3276
12577281,10696,-3276
12579039,10692,-3276
12580798,10688,-3276
12582556,10684,-3276
12584314,10680,-3276
12586072,10676,-3276
12587831,10672,-3276
12589589,10668,-3276
12591347,10664,-3276
12593105,10660,-3276
12594864,10656,-3276
12596622,10652,-3276
12598380,10648,-3276
12600138,10644,-3276
12601897,10640,-3276
12603655,10636,-3276
12605413,10632,-3276
12607171,10628,-3276
12608929,10624,-3276
12610688,10620,-3276
12612446,10616,-3276
12614204,10612,-3276
12615962,10608,-3276
12617721,10604,-3276
12619479,10600,-3276
12621237,10596,-3276
12622995,10592,-3276
12624754,10588,-3276
12626512,10584,-3276
12628270,10580,-3276
12630028,10576,-3276
12631787,10572,-3276
12633545,10568,-3276
12635303,10564,-3276
12637061,10560,-3276
12638820,10556,-3276
12640578,10552,-3276
12642336,10548,-3276
12644094,10544,-3276
12645853,10540,-3276
12647611,10536,-3276
12649369,10532,-3276
12651127,10528,-3276
12652886,10524,-3276
12654644,10520,-3276
12656402,10516,-3276
12658160,10512,-3276
12659918,10508,-3276
12661677,10504,-3276
12663435,10500,-3276
12665193,10496,-3276
12666951,10492,-3276
12668710,10488,-3276
12670468,10484,-3276
12672226,10480,-3276
12673984,10476,-3276
12675743,10472,-3276
12677501,10468,-3276
12679259,10464,-3276
12681017,10460,-3276
12682776,10456,-3276
12684534,10452,-3276
12686292,10448,-3276
12688050,10444,-3276
12689809,10440,-3276
12691567,10436,-3276
12693325,10432,-3276
12695083,10428,-3276
12696842,10424,-3276
12698600,10420,-3276
12700358,10416,-3276
12702116,10412,-3276
12703875,10408,-3276
12705633,10404,-3276
12707391,10400,-3276
12709149,10396,-3276
12710907,10392,-3276
12712666,10388,-3276
12714424,10384,-3276
12716182,10380,-3276
12717940,10376,-3276
12719699,10372,-3276
12721457,10368,-3276
12723215,10364,-3276
12724973,10360,-3276
12726732,10356,-3276
12728490,10352,-3276
12730248,10348,-3276
12732006,10344,-3276
12733765,10340,-3276
12735523,10336,-3276
12737281,10332,-3276
12739039,10328,-3276
12740798,10324,-3276
12742556,10320,-3276
12744314,10316,-3276
12746072,10312,-3276
12747831,10308,-3276
12749589,10304,-3276
12751347,10300,-3276
12753105,10296,-3276
12754864,10292,-3276
12756622,10288,-3276
12758380,10284,-3276
12760138,10280,-3276
12761897,10276,-3276
12763655,10272,-3276
12765413,10268,-3276
12767171,10264,-3276
12768929,10260,-3276
12770688,10256,-3276
12772446,10252,-3276
12774204,10248,-3276
12775962,10244,-3276
12777721,10240,-3276
12779479,10236,-3276
12781237,10232,-3276
12782995,10228,-3276
12784754,10224,-3276
12786512,10220,-3276
12788270,10216,-3276
12790028,10212,-3276
12791787,10208,-3276
12793545,10204,-3276
12795303,10200,-3276
12797061,10196,-3276
12798820,10192,-3276
12800578,10188,-3276
12802336,10184,-3276
12804094,10180,-3276
12805853,10176,-3276
12807611,10172,-3276
12809369,10168,-3276
12811127,10164,-3276
12812886,10160,-3276
12814644,10156,-3276
12816402,10152,-3276
12818160,10148,-3276
12819918,10144,-3276
12821677,10140,-3276
12823435,10136,-3276
12825193,10132,-3276
12826951,10128,-3276
12828710,10124,-3276
12830468,10120,-3276
12832226,10116,-3276
12833984,10112,-3276
12835743,10108,-3276
12837501,10104,-3276
12839259,10100,-3276
12841017,10096,-3276
12842776,10092,-3276
12844534,10088,-3276
12846292,10084,-3276
12848050,10080,-3276
12849809,10076,-3276
12851567,10072,-3276
12853325,10068,-3276
12855083,10064,-3276
12856842,10060,-3276
12858600,10056,-3276
12860358,10052,-3276
12862116,10048,-3276
12863875,10044,-3276
12865633,10040,-3276
12867391,10036,-3276
12869149,10032,-3276
12870907,10028,-3276
12872666,10024,-3276
12874424,10020,-3276
12876182,10016,-3276
12877940,10012,-3276
12879699,10008,-3276
12881457,10004,-3276
12883215,10000,-3276
12884973,9996,-3276
12886732,9992,-3276
12888490,9988,-3276
12890248,9984,-3276
12892006,9980,-3276
12893765,9976,-3276
12895523,9972,-3276
12897281,9968,-3276
12899039,9964,-3276
12900798,9960,-3276
12902556,9956,-3276
12904314,9952,-3276
12906072,9948,-3276
12907831,9944,-3276
12909589,9940,-3276
12911347,9936,-3276
12913105,9932,-3276
12914864,9928,-3276
12916622,9924,-3276
12918380,9920,-3276
12920138,9916,-3276
12921897,9912,-3276
12923655,9908,-3276
12925413,9904,-3276
12927171,9900,-3276
12928929,9896,-3276
12930688,9892,-3276
12932446,9888,-3276
12934204,9884,-3276
12935962,9880,-3276
12937721,9876,-3276
12939479,9872,-3276
12941237,9868,-3276
12942995,9864,-3276
12944754,9860,-3276
12946512,9856,-3276
12948270,9852,-3276
12950028,9848,-3276
12951787,9844,-3276
12953545,9840,-3276
12955303,9836,-3276
12957061,9832,-3276
12958820,9828,-3276
12960578,9824,-3276
12962336,9820,-3276
12964094,9816,-3276
12965853,9812,-3276
12967611,9808,-3276
12969369,9804,-3276
12971127,9800,-3276
12972886,9796,-3276
12974644,9792,-3276
12976402,9788,-3276
12978160,9784,-3276
12979918,9780,-3276
12981677,9776,-3276
12983435,9772,-3276
12985193,9768,-3276
12986951,9764,-3276
12988710,9760,-3276
12990468,9756,-3276
12992226,9752,-3276
12993984,9748,-3276
12995743,9744,-3276
12997501,9740,-3276
12999259,9736,-3276
13001017,9732,-3276
13002776,9728,-3276
13004534,9724,-3276
13006292,9720,-3276
13008050,9716,-3276
13009809,9712,-3276
13011567,9708,-3276
13013325,9704,-3276
13015083,9700,-3276
13016842,9696,-3276
13018600,9692,-3276
13020358,9688,-3276
13022116,9684,-3276
13023875,9680,-3276
13025633,9676,-3276
13027391,9672,-3276
13029149,9668,-3276
13030907,9664,-3276
13032666,9660,-3276
13034424,9656,-3276
13036182,9652,-3276
13037940,9648,-3276
13039699,9644,-3276
13041457,9640,-3276
13043215,9636,-3276
13044973,9632,-3276
13046732,9628,-3276
13048490,9624,-3276
13050248,9620,-3276
13052006,9616,-3276
13053765,9612,-3276
13055523,9608,-3276
13057281,9604,-3276
13059039,9600,-3276
13060798,9596,-3276
13062556,9592,-3276
13064314,9588,-3276
13066072,9584,-3276
13067831,9580,-3276
13069589,9576,-3276
13071347,9572,-3276
13073105,9568,-3276
13074864,9564,-3276
13076622,9560,-3276
13078380,9556,-3276
13080138,9552,-3276
13081897,9548,-3276
13083655,9544,-3276
13085413,9540,-3276
13087171,9536,-3276
13088929,9532,-3276
13090688,9528,-3276
13092446,9524,-3276
13094204,9520,-3276
13095962,9516,-3276
13097721,9512,-3276
13099479,9508,-3276
13101237,9504,-3276
13102995,9500,-3276
13104754,9496,-3276
13106512,9492,-3276
13108270,9488,-3276
13110028,9484,-3276
13111787,9480,-3276
13113545,9476,-3276
13115303,9472,-3276
13117061,9468,-3276
13118820,9464,-3276
13120578,9460,-3276
13122336,9456,-3276
13124094,9452,-3276
13125853,9448,-3276
13127611,9444,-3276
13129369,9440,-3276
13131127,9436,-3276
13132886,9432,-3276
13134644,9428,-3276
13136402,9424,-3276
13138160,9420,-3276
13139918,9416,-3276
13141677,9412,-3276
13143435,9408,-3276
13145193,9404,-3276
13146951,9400,-3276
13148710,9396,-3276
13150468,9392,-3276
13152226,9388,-3276
13153984,9384,-3276
13155743,9380,-3276
13157501,9376,-3276
13159259,9372,-3276
13161017,9368,-3276
13162776,9364,-3276
13164534,9360,-3276
13166292,9356,-3276
13168050,9352,-3276
13169809,9348,-3276
13171567,9344,-3276
13173325,9340,-3276
13175083,9336,-3276
13176842,9332,-3276
13178600,9328,-3276
13180358,9324,-3276
13182116,9320,-3276
13183875,9316,-3276
13185633,9312,-3276
13187391,9308,-3276
13189149,9304,-3276
13190907,9300,-3276
13192666,9296,-3276
13194424,9292,-3276
13196182,9288,-3276
13197940,9284,-3276
13199699,9280,-3276
13201457,9276,-3276
13203215,9272,-3276
13204973,9268,-3276
13206732,9264,-3276
13208490,9260,-3276
13210248,9256,-3276
13212006,9252,-3276
13213765,9248,-3276
13215523,9244,-3276
13217281,9240,-3276
13219039,9236,-3276
13220798,9232,-3276
13222556,9228,-3276
13224314,9224,-3276
13226072,9220,-3276
13227831,9216,-3276
13229589,9212,-3276
13231347,9208,-3276
13233105,9204,-3276
13234864,9200,-3276
13236622,9196,-3276
13238380,9192,-3276
13240138,9188,-3276
13241897,9184,-3276
13243655,9180,-3276
13245413,9176,-3276
13247171,9172,-3276
13248929,9168,-3276
13250688,9164,-3276
13252446,9160,-3276
13254204,9156,-3276
13255962,9152,-3276
13257721,9148,-3276
13259479,9144,-3276
13261237,9140,-3276
13262995,9136,-3276
13264754,9132,-3276
13266512,9128,-3276
13268270,9124,-3276
13270028,9120,-3276
13271787,9116,-3276
13273545,9112,-3276
13275303,9108,-3276
13277061,9104,-3276
13278820,9100,-3276
13280578,9096,-3276
13282336,9092,-3276
13284094,9088,-3276
13285853,9084,-3276
13287611,9080,-3276
13289369,9076,-3276
13291127,9072,-3276
13292886,9068,-3276
13294644,9064,-3276
13296402,9060,-3276
13298160,9056,-3276
13299918,9052,-3276
13301677,9048,-3276
13303435,9044,-3276
13305193,9040,-3276
13306951,9036,-3276
13308710,9032,-3276
13310468,9028,-3276
13312226,9024,-3276
13313984,9020,-3276
13315743,9016,-3276
13317501,9012,-3276
13319259,9008,-3276
13321017,9004,-3276
13322776,9000,-3276
13324534,8996,-3276
13326292,8992,-3276
13328050,8988,-3276
13329809,8984,-3276
13331567,8980,-3276
13333325,8976,-3276
13335083,8972,-3276
13336842,8968,-3276
13338600,8964,-3276
13340358,8960,-3276
13342116,8956,-3276
13343875,8952,-3276
13345633,8948,-3276
13347391,8944,-3276
13349149,8940,-3276
13350907,8936,-3276
13352666,8932,-3276
13354424,8928,-3276
13356182,8924,-3276
13357940,8920,-3276
13359699,8916,-3276
13361457,8912,-3276
13363215,8908,-3276
13364973,8904,-3276
13366732,8900,-3276
13368490,8896,-3276
13370248,8892,-3276
13372006,8888,-3276
13373765,8884,-3276
13375523,8880,-3276
13377281,8876,-3276
13379039,8872,-3276
13380798,8868,-3276
13382556,8864,-3276
13384314,8860,-3276
13386072,8856,-3276
13387831,8852,-3276
13389589,8848,-3276
13391347,8844,-3276
13393105,8840,-3276
13394864,8836,-3276
13396622,8832,-3276
13398380,8828,-3276
13400138,8824,-3276
13401897,8820,-3276
13403655,8816,-3276
13405413,8812,-3276
13407171,8808,-3276
13408929,8804,-3276
13410688,8800,-3276
13412446,8796,-3276
13414204,8792,-3276
13415962,8788,-3276
13417721,8784,-3276
13419479,8780,-3276
13421237,8776,-3276
13422995,8772,-3276
13424754,8768,-3276
13426512,8764,-3276
13428270,8760,-3276
13430028,8756,-3276
13431787,8752,-3276
13433545,8748,-3276
13435303,8744,-3276
13437061,8740,-3276
13438820,8736,-3276
13440578,8732,-3276
13442336,8728,-3276
13444094,8724,-3276
13445853,8720,-3276
13447611,8716,-3276
13449369,8712,-3276
13451127,8708,-3276
13452886,8704,-3276
13454644,8700,-3276
13456402,8696,-3276
13458160,8692,-3276
13459918,8688,-3276
13461677,8684,-3276
13463435,8680,-3276
13465193,8676,-3276
13466951,8672,-3276
13468710,8668,-3276
13470468,8664,-3276
13472226,8660,-3276
13473984,8656,-3276
13475743,8652,-3276
13477501,8648,-3276
13479259,8644,-3276
13481017,8640,-3276
13482776,8636,-3276
13484534,8632,-3276
13486292,8628,-3276
13488050,8624,-3276
13489809,8620,-3276
13491567,8616,-3276
13493325,8612,-3276
13495083,8608,-3276
13496842,8604,-3276
13498600,8600,-3276
13500358,8596,-3276
13502116,8592,-3276
13503875,8588,-3276
13505633,8584,-3276
13507391,8580,-3276
13509149,8576,-3276
13510907,8572,-3276
13512666,8568,-3276
13514424,8564,-3276
13516182,8560,-3276
13517940,8556,-3276
13519699,8552,-3276
13521457,8548,-3276
13523215,8544,-3276
13524973,8540,-3276
13526732,8536,-3276
13528490,8532,-3276
13530248,8528,-3276
13532006,8524,-3276
13533765,8520,-3276
13535523,8516,-3276
13537281,8512,-3276
13539039,8508,-3276
13540798,8504,-3276
13542556,8500,-3276
13544314,8496,-3276
13546072,8492,-3276
13547831,8488,-3276
13549589,8484,-3276
13551347,8480,-3276
13553105,8476,-3276
13554864,8472,-3276
13556622,8468,-3276
13558380,8464,-3276
13560138,8460,-3276
13561897,8456,-3276
13563655,8452,-3276
13565413,8448,-3276
13567171,8444,-3276
13568929,8440,-3276
13570688,8436,-3276
13572446,8432,-3276
13574204,8428,-3276
13575962,8424,-3276
13577721,8420,-3276
13579479,8416,-3276
13581237,8412,-3276
13582995,8408,-3276
13584754,8404,-3276
13586512,8400,-3276
13588270,8396,-3276
13590028,8392,-3276
13591787,8388,-3276
13593545,8384,-3276
13595303,8380,-3276
13597061,8376,-3276
13598820,8372,-3276
13600578,8368,-3276
13602336,8364,-3276
13604094,8360,-3276
13605853,8356,-3276
13607611,8352,-3276
13609369,8348,-3276
13611127,8344,-3276
13612886,8340,-3276
13614644,8336,-3276
13616402,8332,-3276
13618160,8328,-3276
13619918,8324,-3276
13621677,8320,-3276
13623435,8316,-3276
13625193,8312,-3276
13626951,8308,-3276
13628710,8304,-3276
13630468,8300,-3276
13632226,8296,-3276
13633984,8292,-3276
13635743,8288,-3276
13637501,8284,-3276
13639259,8280,-3276
13641017,8276,-3276
13642776,8272,-3276
13644534,8268,-3276
13646292,8264,-3276
13648050,8260,-3276
13649809,8256,-3276
13651567,8252,-3276
13653325,8248,-3276
13655083,8244,-3276
13656842,8240,-3276
13658600,8236,-3276
13660358,8232,-3276
13662116,8228,-3276
13663875,8224,-3276
13665633,8220,-3276
13667391,8216,-3276
13669149,8212,-3276
13670907,8208,-3276
13672666,8204,-3276
13674424,8200,-3276
13676182,8196,-3276
13677940,8192,-3276
13679699,8188,-3276
13681457,8184,-3276
13683215,8180,-3276
13684973,8176,-3276
13686732,8172,-3276
13688490,8168,-3276
13690248,8164,-3276
13692006,8160,-3276
13693765,8156,-3276
13695523,8152,-3276
13697281,8148,-3276
13699039,8144,-3276
13700798,8140,-3276
13702556,8136,-3276
13704314,8132,-3276
13706072,8128,-3276
13707831,8124,-3276
13709589,8120,-3276
13711347,8116,-3276
13713105,8112,-3276
13714864,8108,-3276
13716622,8104,-3276
13718380,8100,-3276
13720138,8096,-3276
13721897,8092,-3276
13723655,8088,-3276
13725413,8084,-3276
13727171,8080,-3276
13728929,8076,-3276
13730688,8072,-3276
13732446,8068,-3276
13734204,8064,-3276
13735962,8060,-3276
13737721,8056,-3276
13739479,8052,-3276
13741237,8048,-3276
13742995,8044,-3276
13744754,8040,-3276
13746512,8036,-3276
13748270,8032,-3276
13750028,8028,-3276
13751787,8024,-3276
13753545,8020,-3276
13755303,8016,-3276
13757061,8012,-3276
13758820,8008,-3276
13760578,8004,-3276
13762336,8000,-3276
13764094,7996,-3276
13765853,7992,-3276
13767611,7988,-3276
13769369,7984,-3276
13771127,7980,-3276
13772886,7976,-3276
13774644,7972,-3276
13776402,7968,-3276
13778160,7964,-3276
13779918,7960,-3276
13781677,7956,-3276
13783435,7952,-3276
13785193,7948,-3276
13786951,7944,-3276
13788710,7940,-3276
13790468,7936,-3276
13792226,7932,-3276
13793984,7928,-3276
13795743,7924,-3276
13797501,7920,-3276
13799259,7916,-3276
13801017,7912,-3276
13802776,7908,-3276
13804534,7904,-3276
13806292,7900,-3276
13808050,7896,-3276
13809809,7892,-3276
13811567,7888,-3276
13813325,7884,-3276
13815083,7880,-3276
13816842,7876,-3276
13818600,7872,-3276
13820358,7868,-3276
13822116,7864,-3276
13823875,7860,-3276
13825633,7856,-3276
13827391,7852,-3276
13829149,7848,-3276
13830907,7844,-3276
13832666,7840,-3276
13834424,7836,-3276
13836182,7832,-3276
13837940,7828,-3276
13839699,7824,-3276
13841457,7820,-3276
13843215,7816,-3276
13844973,7812,-3276
13846732,7808,-3276
13848490,7804,-3276
13850248,7800,-3276
13852006,7796,-3276
13853765,7792,-3276
13855523,7788,-3276
13857281,7784,-3276
13859039,7780,-3276
13860798,7776,-3276
13862556,7772,-3276
13864314,7768,-3276
13866072,7764,-3276
13867831,7760,-3276
13869589,7756,-3276
13871347,7752,-3276
13873105,7748,-3276
13874864,7744,-3276
13876622,7740,-3276
13878380,7736,-3276
13880138,7732,-3276
13881897,7728,-3276
13883655,7724,-3276
13885413,7720,-3276
13887171,7716,-3276
13888929,7712,-3276
13890688,7708,-3276
13892446,7704,-3276
13894204,7700,-3276
13895962,7696,-3276
13897721,7692,-3276
13899479,7688,-3276
13901237,7684,-3276
13902995,7680,-3276
13904754,7676,-3276
13906512,7672,-3276
13908270,7668,-3276
13910028,7664,-3276
13911787,7660,-3276
13913545,7656,-3276
13915303,7652,-3276
13917061,7648,-3276
13918820,7644,-3276
13920578,7640,-3276
13922336,7636,-3276
13924094,7632,-3276
13925853,7628,-3276
13927611,7624,-3276
13929369,7620,-3276
13931127,7616,-3276
13932886,7612,-3276
13934644,7608,-3276
13936402,7604,-3276
13938160,7600,-3276
13939918,7596,-3276
13941677,7592,-3276
13943435,7588,-3276
13945193,7584,-3276
13946951,7580,-3276
13948710,7576,-3276
13950468,7572,-3276
13952226,7568,-3276
13953984,7564,-3276
13955743,7560,-3276
13957501,7556,-3276
13959259,7552,-3276
13961017,7548,-3276
13962776,7544,-3276
13964534,7540,-3276
13966292,7536,-3276
13968050,7532,-3276
13969809,7528,-3276
13971567,7524,-3276
13973325,7520,-3276
13975083,7516,-3276
13976842,7512,-3276
13978600,7508,-3276
13980358,7504,-3276
13982116,7500,-3276
13983875,7496,-3276
13985633,7492,-3276
13987391,7488,-3276
13989149,7484,-3276
13990907,7480,-3276
13992666,7476,-3276
13994424,7472,-3276
13996182,7468,-3276
13997940,7464,-3276
13999699,7460,-3276
14001457,7456,-3276
14003215,7452,-3276
14004973,7448,-3276
14006732,7444,-3276
14008490,7440,-3276
14010248,7436,-3276
14012006,7432,-3276
14013765,7428,-3276
14015523,7424,-3276
14017281,7420,-3276
14019039,7416,-3276
14020798,7412,-3276
14022556,7408,-3276
14024314,7404,-3276
14026072,7400,-3276
14027831,7396,-3276
14029589,7392,-3276
14031347,7388,-3276
14033105,7384,-3276
14034864,7380,-3276
14036622,7376,-3276
14038380,7372,-3276
14040138,7368,-3276
14041897,7364,-3276
14043655,7360,-3276
14045413,7356,-3276
14047171,7352,-3276
14048929,7348,-3276
14050688,7344,-3276
14052446,7340,-3276
14054204,7336,-3276
14055962,7332,-3276
14057721,7328,-3276
14059479,7324,-3276
14061237,7320,-3276
14062995,7316,-3276
14064754,7312,-3276
14066512,7308,-3276
14068270,7304,-3276
14070028,7300,-3276
14071787,7296,-3276
14073545,7292,-3276
14075303,7288,-3276
14077061,7284,-3276
14078820,7280,-3276
14080578,7276,-3276
14082336,7272,-3276
14084094,7268,-3276
14085853,7264,-3276
14087611,7260,-3276
14089369,7256,-3276
14091127,7252,-3276
14092886,7248,-3276
14094644,7244,-3276
14096402,7240,-3276
14098160,7236,-3276
14099918,7232,-3276
14101677,7228,-3276
14103435,7224,-3276
14105193,7220,-3276
14106951,7216,-3276
14108710,7212,-3276
14110468,7208,-3276
14112226,7204,-3276
14113984,7200,-3276
14115743,7196,-3276
14117501,7192,-3276
14119259,7188,-3276
14121017,7184,-3276
14122776,7180,-3276
14124534,7176,-3276
14126292,7172,-3276
14128050,7168,-3276
14129809,7164,-3276
14131567,7160,-3276
14133325,7156,-3276
14135083,7152,-3276
14136842,7148,-3276
14138600,7144,-3276
14140358,7140,-3276
14142116,7136,-3276
14143875,7132,-3276
14145633,7128,-3276
14147391,7124,-3276
14149149,7120,-3276
14150907,7116,-3276
14152666,7112,-3276
14154424,7108,-3276
14156182,7104,-3276
14157940,7100,-3276
14159699,7096,-3276
14161457,7092,-3276
14163215,7088,-3276
14164973,7084,-3276
14166732,7080,-3276
14168490,7076,-3276
14170248,7072,-3276
14172006,7068,-3276
14173765,7064,-3276
14175523,7060,-3276
14177281,7056,-3276
14179039,7052,-3276
14180798,7048,-3276
14182556,7044,-3276
14184314,7040,-3276
14186072,7036,-3276
14187831,7032,-3276
14189589,7028,-3276
14191347,7024,-3276
14193105,7020,-3276
14194864,7016,-3276
14196622,7012,-3276
14198380,7008,-3276
14200138,7004,-3276
14201897,7000,-3276
14203655,6996,-3276
14205413,6992,-3276
14207171,6988,-3276
14208929,6984,-3276
14210688,6980,-3276
14212446,6976,-3276
14214204,6972,-3276
14215962,6968,-3276
14217721,6964,-3276
14219479,6960,-3276
14221237,6956,-3276
14222995,6952,-3276
14224754,6948,-3276
14226512,6944,-3276
14228270,6940,-3276
14230028,6936,-3276
14231787,6932,-3276
14233545,6928,-3276
14235303,6924,-3276
14237061,6920,-3276
14238820,6916,-3276
14240578,6912,-3276
14242336,6908,-3276
14244094,6904,-3276
14245853,6900,-3276
14247611,6896,-3276
14249369,6892,-3276
14251127,6888,-3276
14252886,6884,-3276
14254644,6880,-3276
14256402,6876,-3276
14258160,6872,-3276
14259918,6868,-3276
14261677,6864,-3276
14263435,6860,-3276
14265193,6856,-3276
14266951,6852,-3276
14268710,6848,-3276
14270468,6844,-3276
14272226,6840,-3276
14273984,6836,-3276
14275743,6832,-3276
14277501,6828,-3276
14279259,6824,-3276
14281017,6820,-3276
14282776,6816,-3276
14284534,6812,-3276
14286292,6808,-3276
14288050,6804,-3276
14289809,6800,-3276
14291567,6796,-3276
14293325,6792,-3276
14295083,6788,-3276
14296842,6784,-3276
14298600,6780,-3276
14300358,6776,-3276
14302116,6772,-3276
14303875,6768,-3276
14305633,6764,-3276
14307391,6760,-3276
14309149,6756,-3276
14310907,6752,-3276
14312666,6748,-3276
14314424,6744,-3276
14316182,6740,-3276
14317940,6736,-3276
14319699,6732,-3276
14321457,6728,-3276
14323215,6724,-3276
14324973,6720,-3276
14326732,6716,-3276
14328490,6712,-3276
14330248,6708,-3276
14332006,6704,-3276
14333765,6700,-3276
14335523,6696,-3276
14337281,6692,-3276
14339039,6688,-3276
14340798,6684,-3276
14342556,6680,-3276
14344314,6676,-3276
14346072,6672,-3276
14347831,6668,-3276
14349589,6664,-3276
14351347,6660,-3276
14353105,6656,-3276
14354864,6652,-3276
14356622,6648,-3276
14358380,6644,-3276
14360138,6640,-3276
14361897,6636,-3276
14363655,6632,-3276
14365413,6628,-3276
14367171,6624,-3276
14368929,6620,-3276
14370688,6616,-3276
14372446,6612,-3276
14374204,6608,-3276
14375962,6604,-3276
14377721,6600,-3276
14379479,6596,-3276
14381237,6592,-3276
14382995,6588,-3276
14384754,6584,-3276
14386512,6580,-3276
14388270,6576,-3276
14390028,6572,-3276
14391787,6568,-3276
14393545,6564,-3276
14395303,6560,-3276
14397061,6556,-3276
14398820,6552,-3276
14400578,6548,-3276
14402336,6544,-3276
14404094,6540,-3276
14405853,6536,-3276
14407611,6532,-3276
14409369,6528,-3276
14411127,6524,-3276
14412886,6520,-3276
14414644,6516,-3276
14416402,6512,-3276
14418160,6508,-3276
14419918,6504,-3276
14421677,6500,-3276
14423435,6496,-3276
14425193,6492,-3276
14426951,6488,-3276
14428710,6484,-3276
14430468,6480,-3276
14432226,6476,-3276
14433984,6472,-3276
14435743,6468,-3276
14437501,6464,-3276
14439259,6460,-3276
14441017,6456,-3276
14442776,6452,-3276
14444534,6448,-3276
14446292,6444,-3276
14448050,6440,-3276
14449809,6436,-3276
14451567,6432,-3276
14453325,6428,-3276
14455083,6424,-3276
14456842,6420,-3276
14458600,6416,-3276
14460358,6412,-3276
14462116,6408,-3276
14463875,6404,-3276
14465633,6400,-3276
14467391,6396,-3276
14469149,6392,-3276
14470907,6388,-3276
14472666,6384,-3276
14474424,6380,-3276
14476182,6376,-3276
14477940,6372,-3276
14479699,6368,-3276
14481457,6364,-3276
14483215,6360,-3276
14484973,6356,-3276
14486732,6352,-3276
14488490,6348,-3276
14490248,6344,-3276
14492006,6340,-3276
14493765,6336,-3276
14495523,6332,-3276
14497281,6328,-3276
14499039,6324,-3276
14500798,6320,-3276
14502556,6316,-3276
14504314,6312,-3276
14506072,6308,-3276
14507831,6304,-3276
14509589,6300,-3276
14511347,6296,-3276
14513105,6292,-3276
14514864,6288,-3276
14516622,6284,-3276
14518380,6280,-3276
14520138,6276,-3276
14521897,6272,-3276
14523655,6268,-3276
14525413,6264,-3276
14527171,6260,-3276
14528929,6256,-3276
14530688,6252,-3276
14532446,6248,-3276
14534204,6244,-3276
14535962,6240,-3276
14537721,6236,-3276
14539479,6232,-3276
14541237,6228,-3276
14542995,6224,-3276
14544754,6220,-3276
14546512,6216,-3276
14548270,6212,-3276
14550028,6208,-3276
14551787,6204,-3276
14553545,6200,-3276
14555303,6196,-3276
14557061,6192,-3276
14558820,6188,-3276
14560578,6184,-3276
14562336,6180,-3276
14564094,6176,-3276
14565853,6172,-3276
14567611,6168,-3276
14569369,6164,-3276
14571127,6160,-3276
14572886,6156,-3276
14574644,6152,-3276
14576402,6148,-3276
14578160,6144,-3276
14579918,6140,-3276
14581677,6136,-3276
14583435,6132,-3276
14585193,6128,-3276
14586951,6124,-3276
14588710,6120,-3276
14590468,6116,-3276
14592226,6112,-3276
14593984,6108,-3276
14595743,6104,-3276
14597501,6100,-3276
14599259,6096,-3276
14601017,6092,-3276
14602776,6088,-3276
14604534,6084,-3276
14606292,6080,-3276
14608050,6076,-3276
14609809,6072,-3276
14611567,6068,-3276
14613325,6064,-3276
14615083,6060,-3276
14616842,6056,-3276
14618600,6052,-3276
14620358,6048,-3276
14622116,6044,-3276
14623875,6040,-3276
14625633,6036,-3276
14627391,6032,-3276
14629149,6028,-3276
14630907,6024,-3276
14632666,6020,-3276
14634424,6016,-3276
14636182,6012,-3276
14637940,6008,-3276
14639699,6004,-3276
14641457,6000,-3276
14643215,5996,-3276
14644973,5992,-3276
14646732,5988,-3276
14648490,5984,-3276
14650248,5980,-3276
14652006,5976,-3276
14653765,5972,-3276
14655523,5968,-3276
14657281,5964,-3276
14659039,5960,-3276
14660798,5956,-3276
14662556,5952,-3276
14664314,5948,-3276
14666072,5944,-3276
14667831,5940,-3276
14669589,5936,-3276
14671347,5932,-3276
14673105,5928,-3276
14674864,5924,-3276
14676622,5920,-3276
14678380,5916,-3276
14680138,5912,-3276
14681897,5908,-3276
14683655,5904,-3276
14685413,5900,-3276
14687171,5896,-3276
14688929,5892,-3276
14690688,5888,-3276
14692446,5884,-3276
14694204,5880,-3276
14695962,5876,-3276
14697721,5872,-3276
14699479,5868,-3276
14701237,5864,-3276
14702995,5860,-3276
14704754,5856,-3276
14706512,5852,-3276
14708270,5848,-3276
14710028,5844,-3276
14711787,5840,-3276
14713545,5836,-3276
14715303,5832,-3276
14717061,5828,-3276
14718820,5824,-3276
14720578,5820,-3276
14722336,5816,-3276
14724094,5812,-3276
14725853,5808,-3276
14727611,5804,-3276
14729369,5800,-3276
14731127,5796,-3276
14732886,5792,-3276
14734644,5788,-3276
14736402,5784,-3276
14738160,5780,-3276
14739918,5776,-3276
14741677,5772,-3276
14743435,5768,-3276
14745193,5764,-3276
14746951,5760,-3276
14748710,5756,-3276
14750468,5752,-3276
14752226,5748,-3276
14753984,5744,-3276
14755743,5740,-3276
14757501,5736,-3276
14759259,5732,-3276
14761017,5728,-3276
14762776,5724,-3276
14764534,5720,-3276
14766292,5716,-3276
14768050,5712,-3276
14769809,5708,-3276
14771567,5704,-3276
14773325,5700,-3276
14775083,5696,-3276
14776842,5692,-3276
14778600,5688,-3276
14780358,5684,-3276
14782116,5680,-3276
14783875,5676,-3276
14785633,5672,-3276
14787391,5668,-3276
14789149,5664,-3276
14790907,5660,-3276
14792666,5656,-3276
14794424,5652,-3276
14796182,5648,-3276
14797940,5644,-3276
14799699,5640,-3276
14801457,5636,-3276
14803215,5632,-3276
14804973,5628,-3276
14806732,5624,-3276
14808490,5620,-3276
14810248,5616,-3276
14812006,5612,-3276
14813765,5608,-3276
14815523,5604,-3276
14817281,5600,-3276
14819039,5596,-3276
14820798,5592,-3276
14822556,5588,-3276
14824314,5584,-3276
14826072,5580,-3276
14827831,5576,-3276
14829589,5572,-3276
14831347,5568,-3276
14833105,5564,-3276
14834864,5560,-3276
14836622,5556,-3276
14838380,5552,-3276
14840138,5548,-3276
14841897,5544,-3276
14843655,5540,-3276
14845413,5536,-3276
14847171,5532,-3276
14848929,5528,-3276
14850688,5524,-3276
14852446,5520,-3276
14854204,5516,-3276
14855962,5512,-3276
14857721,5508,-3276
14859479,5504,-3276
14861237,5500,-3276
14862995,5496,-3276
14864754,5492,-3276
14866512,5488,-3276
14868270,5484,-3276
14870028,5480,-3276
14871787,5476,-3276
14873545,5472,-3276
14875303,5468,-3276
14877061,5464,-3276
14878820,5460,-3276
14880578,5456,-3276
14882336,5452,-3276
14884094,5448,-3276
14885853,5444,-3276
14887611,5440,-3276
14889369,5436,-3276
14891127,5432,-3276
14892886,5428,-3276
14894644,5424,-3276
14896402,5420,-3276
14898160,5416,-3276
14899918,5412,-3276
14901677,5408,-3276
14903435,5404,-3276
14905193,5400,-3276
14906951,5396,-3276
14908710,5392,-3276
14910468,5388,-3276
14912226,5384,-3276
14913984,5380,-3276
14915743,5376,-3276
14917501,5372,-3276
14919259,5368,-3276
14921017,5364,-3276
14922776,5360,-3276
14924534,5356,-3276
14926292,5352,-3276
14928050,5348,-3276
14929809,5344,-3276
14931567,5340,-3276
14933325,5336,-3276
14935083,5332,-3276
14936842,5328,-3276
14938600,5324,-3276
14940358,5320,-3276
14942116,5316,-3276
14943875,5312,-3276
14945633,5308,-3276
14947391,5304,-3276
14949149,5300,-3276
14950907,5296,-3276
14952666,5292,-3276
14954424,5288,-3276
14956182,5284,-3276
14957940,5280,-3276
14959699,5276,-3276
14961457,5272,-3276
14963215,5268,-3276
14964973,5264,-3276
14966732,5260,-3276
14968490,5256,-3276
14970248,5252,-3276
14972006,5248,-3276
14973765,5244,-3276
14975523,5240,-3276
14977281,5236,-3276
14979039,5232,-3276
14980798,5228,-3276
14982556,5224,-3276
14984314,5220,-3276
14986072,5216,-3276
14987831,5212,-3276
14989589,5208,-3276
14991347,5204,-3276
14993105,5200,-3276
14994864,5196,-3276
14996622,5192,-3276
14998380,5188,-3276
15000138,5184,-3276
15001897,5180,-3276
15003655,5176,-3276
15005413,5172,-3276
15007171,5168,-3276
15008929,5164,-3276
15010688,5160,-3276
15012446,5156,-3276
15014204,5152,-3276
15015962,5148,-3276
15017721,5144,-3276
15019479,5140,-3276
15021237,5136,-3276
15022995,5132,-3276
15024754,5128,-3276
15026512,5124,-3276
15028270,5120,-3276
15030028,5116,-3276
15031787,5112,-3276
15033545,5108,-3276
15035303,5104,-3276
15037061,5100,-3276
15038820,5096,-3276
15040578,5092,-3276
15042336,5088,-3276
15044094,5084,-3276
15045853,5080,-3276
15047611,5076,-3276
15049369,5072,-3276
15051127,5068,-3276
15052886,5064,-3276
15054644,5060,-3276
15056402,5056,-3276
15058160,5052,-3276
15059918,5048,-3276
15061677,5044,-3276
15063435,5040,-3276
15065193,5036,-3276
15066951,5032,-3276
15068710,5028,-3276
15070468,5024,-3276
15072226,5020,-3276
15073984,5016,-3276
15075743,5012,-3276
15077501,5008,-3276
15079259,5004,-3276
15081017,5000,-3276
15082776,4996,-3276
15084534,4992,-3276
15086292,4988,-3276
15088050,4984,-3276
15089809,4980,-3276
15091567,4976,-3276
15093325,4972,-3276
15095083,4968,-3276
15096842,4964,-3276
15098600,4960,-3276
15100358,4956,-3276
15102116,4952,-3276
15103875,4948,-3276
15105633,4944,-3276
15107391,4940,-3276
15109149,4936,-3276
15110907,4932,-3276
15112666,4928,-3276
15114424,4924,-3276
15116182,4920,-3276
15117940,4916,-3276
15119699,4912,-3276
15121457,4908,-3276
15123215,4904,-3276
15124973,4900,-3276
15126732,4896,-3276
15128490,4892,-3276
15130248,4888,-3276
15132006,4884,-3276
15133765,4880,-3276
15135523,4876,-3276
15137281,4872,-3276
15139039,4868,-3276
15140798,4864,-3276
15142556,4860,-3276
15144314,4856,-3276
15146072,4852,-3276
15147831,4848,-3276
15149589,4844,-3276
15151347,4840,-3276
15153105,4836,-3276
15154864,4832,-3276
15156622,4828,-3276
15158380,4824,-3276
15160138,4820,-3276
15161897,4816,-3276
15163655,4812,-3276
15165413,4808,-3276
15167171,4804,-3276
15168929,4800,-3276
15170688,4796,-3276
15172446,4792,-3276
15174204,4788,-3276
15175962,4784,-3276
15177721,4780,-3276
15179479,4776,-3276
15181237,4772,-3276
15182995,4768,-3276
15184754,4764,-3276
15186512,4760,-3276
15188270,4756,-3276
15190028,4752,-3276
15191787,4748,-3276
15193545,4744,-3276
15195303,4740,-3276
15197061,4736,-3276
15198820,4732,-3276
15200578,4728,-3276
15202336,4724,-3276
15204094,4720,-3276
15205853,4716,-3276
15207611,4712,-3276
15209369,4708,-3276
15211127,4704,-3276
15212886,4700,-3276
15214644,4696,-3276
15216402,4692,-3276
15218160,4688,-3276
15219918,4684,-3276
15221677,4680,-3276
15223435,4676,-3276
15225193,4672,-3276
15226951,4668,-3276
15228710,4664,-3276
15230468,4660,-3276
15232226,4656,-3276
15233984,4652,-3276
15235743,4648,-3276
15237501,4644,-3276
15239259,4640,-3276
15241017,4636,-3276
15242776,4632,-3276
15244534,4628,-3276
15246292,4624,-3276
15248050,4620,-3276
15249809,4616,-3276
15251567,4612,-3276
15253325,4608,-3276
15255083,4604,-3276
15256842,4600,-3276
15258600,4596,-3276
15260358,4592,-3276
15262116,4588,-3276
15263875,4584,-3276
15265633,4580,-3276
15267391,4576,-3276
15269149,4572,-3276
15270907,4568,-3276
15272666,4564,-3276
15274424,4560,-3276
15276182,4556,-3276
15277940,4552,-3276
15279699,4548,-3276
15281457,4544,-3276
15283215,4540,-3276
15284973,4536,-3276
15286732,4532,-3276
15288490,4528,-3276
15290248,4524,-3276
15292006,4520,-3276
15293765,4516,-3276
15295523,4512,-3276
15297281,4508,-3276
15299039,4504,-3276
15300798,4500,-3276
15302556,4496,-3276
15304314,4492,-3276
15306072,4488,-3276
15307831,4484,-3276
15309589,4480,-3276
15311347,4476,-3276
15313105,4472,-3276
15314864,4468,-3276
15316622,4464,-3276
15318380,4460,-3276
15320138,4456,-3276
15321897,4452,-3276
15323655,4448,-3276
15325413,4444,-3276
15327171,4440,-3276
15328929,4436,-3276
15330688,4432,-3276
15332446,4428,-3276
15334204,4424,-3276
15335962,4420,-3276
15337721,4416,-3276
15339479,4412,-3276
15341237,4408,-3276
15342995,4404,-3276
15344754,4400,-3276
15346512,4396,-3276
15348270,4392,-3276
15350028,4388,-3276
15351787,4384,-3276
15353545,4380,-3276
15355303,4376,-3276
15357061,4372,-3276
15358820,4368,-3276
15360578,4364,-3276
15362336,4360,-3276
15364094,4356,-3276
15365853,4352,-3276
15367611,4348,-3276
15369369,4344,-3276
15371127,4340,-3276
15372886,4336,-3276
15374644,4332,-3276
15376402,4328,-3276
15378160,4324,-3276
15379918,4320,-3276
15381677,4316,-3276
15383435,4312,-3276
15385193,4308,-3276
15386951,4304,-3276
15388710,4300,-3276
15390468,4296,-3276
15392226,4292,-3276
15393984,4288,-3276
15395743,4284,-3276
15397501,4280,-3276
15399259,4276,-3276
15401017,4272,-3276
15402776,4268,-3276
15404534,4264,-3276
15406292,4260,-3276
15408050,4256,-3276
15409809,4252,-3276
15411567,4248,-3276
15413325,4244,-3276
15415083,4240,-3276
15416842,4236,-3276
15418600,4232,-3276
15420358,4228,-3276
15422116,4224,-3276
15423875,4220,-3276
15425633,4216,-3276
15427391,4212,-3276
15429149,4208,-3276
15430907,4204,-3276
15432666,4200,-3276
15434424,4196,-3276
15436182,4192,-3276
15437940,4188,-3276
15439699,4184,-3276
15441457,4180,-3276
15443215,4176,-3276
15444973,4172,-3276
15446732,4168,-3276
15448490,4164,-3276
15450248,4160,-3276
15452006,4156,-3276
15453765,4152,-3276
15455523,4148,-3276
15457281,4144,-3276
15459039,4140,-3276
15460798,4136,-3276
15462556,4132,-3276
15464314,4128,-3276
15466072,4124,-3276
15467831,4120,-3276
15469589,4116,-3276
15471347,4112,-3276
15473105,4108,-3276
15474864,4104,-3276
15476622,4100,-3276
15478380,4096,-3276
15480138,4092,-3276
15481897,4088,-3276
15483655,4084,-3276
15485413,4080,-3276
15487171,4076,-3276
15488929,4072,-3276
15490688,4068,-3276
15492446,4064,-3276
15494204,4060,-3276
15495962,4056,-3276
15497721,4052,-3276
15499479,4048,-3276
15501237,4044,-3276
15502995,4040,-3276
15504754,4036,-3276
15506512,4032,-3276
15508270,4028,-3276
15510028,4024,-3276
15511787,4020,-3276
15513545,4016,-3276
15515303,4012,-3276
15517061,4008,-3276
15518820,4004,-3276
15520578,4000,-3276
15522336,3996,-3276
15524094,3992,-3276
15525853,3988,-3276
15527611,3984,-3276
15529369,3980,-3276
15531127,3976,-3276
15532886,3972,-3276
15534644,3968,-3276
15536402,3964,-3276
15538160,3960,-3276
15539918,3956,-3276
15541677,3952,-3276
15543435,3948,-3276
15545193,3944,-3276
15546951,3940,-3276
15548710,3936,-3276
15550468,3932,-3276
15552226,3928,-3276
15553984,3924,-3276
15555743,3920,-3276
15557501,3916,-3276
15559259,3912,-3276
15561017,3908,-3276
15562776,3904,-3276
15564534,3900,-3276
15566292,3896,-3276
15568050,3892,-3276
15569809,3888,-3276
15571567,3884,-3276
15573325,3880,-3276
15575083,3876,-3276
15576842,3872,-3276
15578600,3868,-3276
15580358,3864,-3276
15582116,3860,-3276
15583875,3856,-3276
15585633,3852,-3276
15587391,3848,-3276
15589149,3844,-3276
15590907,3840,-3276
15592666,3836,-3276
15594424,3832,-3276
15596182,3828,-3276
15597940,3824,-3276
15599699,3820,-3276
15601457,3816,-3276
15603215,3812,-3276
15604973,3808,-3276
15606732,3804,-3276
15608490,3800,-3276
15610248,3796,-3276
15612006,3792,-3276
15613765,3788,-3276
15615523,3784,-3276
15617281,3780,-3276
15619039,3776,-3276
15620798,3772,-3276
15622556,3768,-3276
15624314,3764,-3276
15626072,3760,-3276
15627831,3756,-3276
15629589,3752,-3276
15631347,3748,-3276
15633105,3744,-3276
15634864,3740,-3276
15636622,3736,-3276
15638380,3732,-3276
15640138,3728,-3276
15641897,3724,-3276
15643655,3720,-3276
15645413,3716,-3276
15647171,3712,-3276
15648929,3708,-3276
15650688,3704,-3276
15652446,3700,-3276
15654204,3696,-3276
15655962,3692,-3276
15657721,3688,-3276
15659479,3684,-3276
15661237,3680,-3276
15662995,3676,-3276
15664754,3672,-3276
15666512,3668,-3276
15668270,3664,-3276
15670028,3660,-3276
15671787,3656,-3276
15673545,3652,-3276
15675303,3648,-3276
15677061,3644,-3276
15678820,3640,-3276
15680578,3636,-3276
15682336,3632,-3276
15684094,3628,-3276
15685853,3624,-3276
15687611,3620,-3276
15689369,3616,-3276
15691127,3612,-3276
15692886,3608,-3276
15694644,3604,-3276
15696402,3600,-3276
15698160,3596,-3276
15699918,3592,-3276
15701677,3588,-3276
15703435,3584,-3276
15705193,3580,-3276
15706951,3576,-3276
15708710,3572,-3276
15710468,3568,-3276
15712226,3564,-3276
15713984,3560,-3276
15715743,3556,-3276
15717501,3552,-3276
15719259,3548,-3276
15721017,3544,-3276
15722776,3540,-3276
15724534,3536,-3276
15726292,3532,-3276
15728050,3528,-3276
15729809,3524,-3276
15731567,3520,-3276
15733325,3516,-3276
15735083,3512,-3276
15736842,3508,-3276
15738600,3504,-3276
15740358,3500,-3276
15742116,3496,-3276
15743875,3492,-3276
15745633,3488,-3276
15747391,3484,-3276
15749149,3480,-3276
15750907,3476,-3276
15752666,3472,-3276
15754424,3468,-3276
15756182,3464,-3276
15757940,3460,-3276
15759699,3456,-3276
15761457,3452,-3276
15763215,3448,-3276
15764973,3444,-3276
15766732,3440,-3276
15768490,3436,-3276
15770248,3432,-3276
15772006,3428,-3276
15773765,3424,-3276
15775523,3420,-3276
15777281,3416,-3276
15779039,3412,-3276
15780798,3408,-3276
15782556,3404,-3276
15784314,3400,-3276
15786072,3396,-3276
15787831,3392,-3276
15789589,3388,-3276
15791347,3384,-3276
15793105,3380,-3276
15794864,3376,-3276
15796622,3372,-3276
15798380,3368,-3276
15800138,3364,-3276
15801897,3360,-3276
15803655,3356,-3276
15805413,3352,-3276
15807171,3348,-3276
15808929,3344,-3276
15810688,3340,-3276
15812446,3336,-3276
15814204,3332,-3276
15815962,3328,-3276
15817721,3324,-3276
15819479,3320,-3276
15821237,3316,-3276
15822995,3312,-3276
15824754,3308,-3276
15826512,3304,-3276
15828270,3300,-3276
15830028,3296,-3276
15831787,3292,-3276
15833545,3288,-3276
15835303,3284,-3276
15837061,3280,-3276
15838820,3276,-3276
15840578,3272,-3276
15842336,3268,-3276
15844094,3264,-3276
15845853,3260,-3276
15847611,3256,-3276
15849369,3252,-3276
15851127,3248,-3276
15852886,3244,-3276
15854644,3240,-3276
15856402,3236,-3276
15858160,3232,-3276
15859918,3228,-3276
15861677,3224,-3276
15863435,3220,-3276
15865193,3216,-3276
15866951,3212,-3276
15868710,3208,-3276
15870468,3204,-3276
15872226,3200,-3276
15873984,3196,-3276
15875743,3192,-3276
15877501,3188,-3276
15879259,3184,-3276
15881017,3180,-3276
15882776,3176,-3276
15884534,3172,-3276
15886292,3168,-3276
15888050,3164,-3276
15889809,3160,-3276
15891567,3156,-3276
15893325,3152,-3276
15895083,3148,-3276
15896842,3144,-3276
15898600,3140,-3276
15900358,3136,-3276
15902116,3132,-3276
15903875,3128,-3276
15905633,3124,-3276
15907391,3120,-3276
15909149,3116,-3276
15910907,3112,-3276
15912666,3108,-3276
15914424,3104,-3276
15916182,3100,-3276
15917940,3096,-3276
15919699,3092,-3276
15921457,3088,-3276
15923215,3084,-3276
15924973,3080,-3276
15926732,3076,-3276
15928490,3072,-3276
15930248,3068,-3276
15932006,3064,-3276
15933765,3060,-3276
15935523,3056,-3276
15937281,3052,-3276
15939039,3048,-3276
15940798,3044,-3276
15942556,3040,-3276
15944314,3036,-3276
15946072,3032,-3276
15947831,3028,-3276
15949589,3024,-3276
15951347,3020,-3276
15953105,3016,-3276
15954864,3012,-3276
15956622,3008,-3276
15958380,3004,-3276
15960138,3000,-3276
15961897,2996,-3276
15963655,2992,-3276
15965413,2988,-3276
15967171,2984,-3276
15968929,2980,-3276
15970688,2976,-3276
15972446,2972,-3276
15974204,2968,-3276
15975962,2964,-3276
15977721,2960,-3276
15979479,2956,-3276
15981237,2952,-3276
15982995,2948,-3276
15984754,2944,-3276
15986512,2940,-3276
15988270,2936,-3276
15990028,2932,-3276
15991787,2928,-3276
15993545,2924,-3276
15995303,2920,-3276
15997061,2916,-3276
15998820,2912,-3276
16000578,2908,-3276
16002336,2904,-3276
16004094,2900,-3276
16005853,2896,-3276
16007611,2892,-3276
16009369,2888,-3276
16011127,2884,-3276
16012886,2880,-3276
16014644,2876,-3276
16016402,2872,-3276
16018160,2868,-3276
16019918,2864,-3276
16021677,2860,-3276
16023435,2856,-3276
16025193,2852,-3276
16026951,2848,-3276
16028710,2844,-3276
16030468,2840,-3276
16032226,2836,-3276
16033984,2832,-3276
16035743,2828,-3276
16037501,2824,-3276
16039259,2820,-3276
16041017,2816,-3276
16042776,2812,-3276
16044534,2808,-3276
16046292,2804,-3276
16048050,2800,-3276
16049809,2796,-3276
16051567,2792,-3276
16053325,2788,-3276
16055083,2784,-3276
16056842,2780,-3276
16058600,2776,-3276
16060358,2772,-3276
16062116,2768,-3276
16063875,2764,-3276
16065633,2760,-3276
16067391,2756,-3276
16069149,2752,-3276
16070907,2748,-3276
16072666,2744,-3276
16074424,2740,-3276
16076182,2736,-3276
16077940,2732,-3276
16079699,2728,-3276
16081457,2724,-3276
16083215,2720,-3276
16084973,2716,-3276
16086732,2712,-3276
16088490,2708,-3276
16090248,2704,-3276
16092006,2700,-3276
16093765,2696,-3276
16095523,2692,-3276
16097281,2688,-3276
16099039,2684,-3276
16100798,2680,-3276
16102556,2676,-3276
16104314,2672,-3276
16106072,2668,-3276
16107831,2664,-3276
16109589,2660,-3276
16111347,2656,-3276
16113105,2652,-3276
16114864,2648,-3276
16116622,2644,-3276
16118380,2640,-3276
16120138,2636,-3276
16121897,2632,-3276
16123655,2628,-3276
16125413,2624,-3276
16127171,2620,-3276
16128929,2616,-3276
16130688,2612,-3276
16132446,2608,-3276
16134204,2604,-3276
16135962,2600,-3276
16137721,2596,-3276
16139479,2592,-3276
16141237,2588,-3276
16142995,2584,-3276
16144754,2580,-3276
16146512,2576,-3276
16148270,2572,-3276
16150028,2568,-3276
16151787,2564,-3276
16153545,2560,-3276
16155303,2556,-3276
16157061,2552,-3276
16158820,2548,-3276
16160578,2544,-3276
16162336,2540,-3276
16164094,2536,-3276
16165853,2532,-3276
16167611,2528,-3276
16169369,2524,-3276
16171127,2520,-3276
16172886,2516,-3276
16174644,2512,-3276
16176402,2508,-3276
16178160,2504,-3276
16179918,2500,-3276
16181677,2496,-3276
16183435,2492,-3276
16185193,2488,-3276
16186951,2484,-3276
16188710,2480,-3276
16190468,2476,-3276
16192226,2472,-3276
16193984,2468,-3276
16195743,2464,-3276
16197501,2460,-3276
16199259,2456,-3276
16201017,2452,-3276
16202776,2448,-3276
16204534,2444,-3276
16206292,2440,-3276
16208050,2436,-3276
16209809,2432,-3276
16211567,2428,-3276
16213325,2424,-3276
16215083,2420,-3276
16216842,2416,-3276
16218600,2412,-3276
16220358,2408,-3276
16222116,2404,-3276
16223875,2400,-3276
16225633,2396,-3276
16227391,2392,-3276
16229149,2388,-3276
16230907,2384,-3276
16232666,2380,-3276
16234424,2376,-3276
16236182,2372,-3276
16237940,2368,-3276
16239699,2364,-3276
16241457,2360,-3276
16243215,2356,-3276
16244973,2352,-3276
16246732,2348,-3276
16248490,2344,-3276
16250248,2340,-3276
16252006,2336,-3276
16253765,2332,-3276
16255523,2328,-3276
16257281,2324,-3276
16259039,2320,-3276
16260798,2316,-3276
16262556,2312,-3276
16264314,2308,-3276
16266072,2304,-3276
16267831,2300,-3276
16269589,2296,-3276
16271347,2292,-3276
16273105,2288,-3276
16274864,2284,-3276
16276622,2280,-3276
16278380,2276,-3276
16280138,2272,-3276
16281897,2268,-3276
16283655,2264,-3276
16285413,2260,-3276
16287171,2256,-3276
16288929,2252,-3276
16290688,2248,-3276
16292446,2244,-3276
16294204,2240,-3276
16295962,2236,-3276
16297721,2232,-3276
16299479,2228,-3276
16301237,2224,-3276
16302995,2220,-3276
16304754,2216,-3276
16306512,2212,-3276
16308270,2208,-3276
16310028,2204,-3276
16311787,2200,-3276
16313545,2196,-3276
16315303,2192,-3276
16317061,2188,-3276
16318820,2184,-3276
16320578,2180,-3276
16322336,2176,-3276
16324094,2172,-3276
16325853,2168,-3276
16327611,2164,-3276
16329369,2160,-3276
16331127,2156,-3276
16332886,2152,-3276
16334644,2148,-3276
16336402,2144,-3276
16338160,2140,-3276
16339918,2136,-3276
16341677,2132,-3276
16343435,2128,-3276
16345193,2124,-3276
16346951,2120,-3276
16348710,2116,-3276
16350468,2112,-3276
16352226,2108,-3276
16353984,2104,-3276
16355743,2100,-3276
16357501,2096,-3276
16359259,2092,-3276
16361017,2088,-3276
16362776,2084,-3276
16364534,2080,-3276
16366292,2076,-3276
16368050,2072,-3276
16369809,2068,-3276
16371567,2064,-3276
16373325,2060,-3276
16375083,2056,-3276
16376842,2052,-3276
16378600,2048,-3276
16380358,2044,-3276
16382116,2040,-3276
16383875,2036,-3276
16385633,2032,-3276
16387391,2028,-3276
16389149,2024,-3276
16390907,2020,-3276
16392666,2016,-3276
16394424,2012,-3276
16396182,2008,-3276
16397940,2004,-3276
16399699,2000,-3276
16401457,1996,-3276
16403215,1992,-3276
16404973,1988,-3276
16406732,1984,-3276
16408490,1980,-3276
16410248,1976,-3276
16412006,1972,-3276
16413765,1968,-3276
16415523,1964,-3276
16417281,1960,-3276
16419039,1956,-3276
16420798,1952,-3276
16422556,1948,-3276
16424314,1944,-3276
16426072,1940,-3276
16427831,1936,-3276
16429589,1932,-3276
16431347,1928,-3276
16433105,1924,-3276
16434864,1920,-3276
16436622,1916,-3276
16438380,1912,-3276
16440138,1908,-3276
16441897,1904,-3276
16443655,1900,-3276
16445413,1896,-3276
16447171,1892,-3276
16448929,1888,-3276
16450688,1884,-3276
16452446,1880,-3276
16454204,1876,-3276
16455962,1872,-3276
16457721,1868,-3276
16459479,1864,-3276
16461237,1860,-3276
16462995,1856,-3276
16464754,1852,-3276
16466512,1848,-3276
16468270,1844,-3276
16470028,1840,-3276
16471787,1836,-3276
16473545,1832,-3276
16475303,1828,-3276
16477061,1824,-3276
16478820,1820,-3276
16480578,1816,-3276
16482336,1812,-3276
16484094,1808,-3276
16485853,1804,-3276
16487611,1800,-3276
16489369,1796,-3276
16491127,1792,-3276
16492886,1788,-3276
16494644,1784,-3276
16496402,1780,-3276
16498160,1776,-3276
16499918,1772,-3276
16501677,1768,-3276
16503435,1764,-3276
16505193,1760,-3276
16506951,1756,-3276
16508710,1752,-3276
16510468,1748,-3276
16512226,1744,-3276
16513984,1740,-3276
16515743,1736,-3276
16517501,1732,-3276
16519259,1728,-3276
16521017,1724,-3276
16522776,1720,-3276
16524534,1716,-3276
16526292,1712,-3276
16528050,1708,-3276
16529809,1704,-3276
16531567,1700,-3276
16533325,1696,-3276
16535083,1692,-3276
16536842,1688,-3276
16538600,1684,-3276
16540358,1680,-3276
16542116,1676,-3276
16543875,1672,-3276
16545633,1668,-3276
16547391,1664,-3276
16549149,1660,-3276
16550907,1656,-3276
16552666,1652,-3276
16554424,1648,-3276
16556182,1644,-3276
16557940,1640,-3276
16559699,1636,-3276
16561457,1632,-3276
16563215,1628,-3276
16564973,1624,-3276
16566732,1620,-3276
16568490,1616,-3276
16570248,1612,-3276
16572006,1608,-3276
16573765,1604,-3276
16575523,1600,-3276
16577281,1596,-3276
16579039,1592,-3276
16580798,1588,-3276
16582556,1584,-3276
16584314,1580,-3276
16586072,1576,-3276
16587831,1572,-3276
16589589,1568,-3276
16591347,1564,-3276
16593105,1560,-3276
16594864,1556,-3276
16596622,1552,-3276
16598380,1548,-3276
16600138,1544,-3276
16601897,1540,-3276
16603655,1536,-3276
16605413,1532,-3276
16607171,1528,-3276
16608929,1524,-3276
16610688,1520,-3276
16612446,1516,-3276
16614204,1512,-3276
16615962,1508,-3276
16617721,1504,-3276
16619479,1500,-3276
16621237,1496,-3276
16622995,1492,-3276
16624754,1488,-3276
16626512,1484,-3276
16628270,1480,-3276
16630028,1476,-3276
16631787,1472,-3276
16633545,1468,-3276
16635303,1464,-3276
16637061,1460,-3276
16638820,1456,-3276
16640578,1452,-3276
16642336,1448,-3276
16644094,1444,-3276
16645853,1440,-3276
16647611,1436,-3276
16649369,1432,-3276
16651127,1428,-3276
16652886,1424,-3276
16654644,1420,-3276
16656402,1416,-3276
16658160,1412,-3276
16659918,1408,-3276
16661677,1404,-3276
16663435,1400,-3276
16665193,1396,-3276
16666951,1392,-3276
16668710,1388,-3276
16670468,1384,-3276
16672226,1380,-3276
16673984,1376,-3276
16675743,1372,-3276
16677501,1368,-3276
16679259,1364,-3276
16681017,1360,-3276
16682776,1356,-3276
16684534,1352,-3276
16686292,1348,-3276
16688050,1344,-3276
16689809,1340,-3276
16691567,1336,-3276
16693325,1332,-3276
16695083,1328,-3276
16696842,1324,-3276
16698600,1320,-3276
16700358,1316,-3276
16702116,1312,-3276
16703875,1308,-3276
16705633,1304,-3276
16707391,1300,-3276
16709149,1296,-3276
16710907,1292,-3276
16712666,1288,-3276
16714424,1284,-3276
16716182,1280,-3276
16717940,1276,-3276
16719699,1272,-3276
16721457,1268,-3276
16723215,1264,-3276
16724973,1260,-3276
16726732,1256,-3276
16728490,1252,-3276
16730248,1248,-3276
16732006,1244,-3276
16733765,1240,-3276
16735523,1236,-3276
16737281,1232,-3276
16739039,1228,-3276
16740798,1224,-3276
16742556,1220,-3276
16744314,1216,-3276
16746072,1212,-3276
16747831,1208,-3276
16749589,1204,-3276
16751347,1200,-3276
16753105,1196,-3276
16754864,1192,-3276
16756622,1188,-3276
16758380,1184,-3276
16760138,1180,-3276
16761896,1176,-3276
16763655,1172,-3276
16765413,1168,-3276
16767171,1164,-3276
16768929,1160,-3276
16770688,1156,-3276
16772446,1152,-3276
16774204,1148,-3276
16775962,1144,-3276
16777721,1140,-3276
16779479,1136,-3276
16781237,1132,-3276
16782995,1128,-3276
16784754,1124,-3276
16786512,1120,-3276
16788270,1116,-3276
16790028,1112,-3276
16791787,1108,-3276
16793545,1104,-3276
16795303,1100,-3276
16797061,1096,-3276
16798820,1092,-3276
16800578,1088,-3276
16802336,1084,-3276
16804094,1080,-3276
16805853,1076,-3276
16807611,1072,-3276
16809369,1068,-3276
16811127,1064,-3276
16812886,1060,-3276
16814644,1056,-3276
16816402,1052,-3276
16818160,1048,-3276
16819918,1044,-3276
16821677,1040,-3276
16823435,1036,-3276
16825193,1032,-3276
16826951,1028,-3276
16828710,1024,-3276
16830468,1020,-3276
16832226,1016,-3276
16833984,1012,-3276
16835743,1008,-3276
16837501,1004,-3276
16839259,1000,-3276
16841017,996,-3276
16842776,992,-3276
16844534,988,-3276
16846292,984,-3276
16848050,980,-3276
16849809,976,-3276
16851567,972,-3276
16853325,968,-3276
16855083,964,-3276
16856842,960,-3276
16858600,956,-3276
16860358,952,-3276
16862116,948,-3276
16863875,944,-3276
16865633,940,-3276
16867391,936,-3276
16869149,932,-3276
16870907,928,-3276
16872666,924,-3276
16874424,920,-3276
16876182,916,-3276
16877940,912,-3276
16879699,908,-3276
16881457,904,-3276
16883215,900,-3276
16884973,896,-3276
16886732,892,-3276
16888490,888,-3276
16890248,884,-3276
16892006,880,-3276
16893765,876,-3276
16895523,872,-3276
16897281,868,-3276
16899039,864,-3276
16900798,860,-3276
16902556,856,-3276
16904314,852,-3276
16906072,848,-3276
16907831,844,-3276
16909589,840,-3276
16911347,836,-3276
16913105,832,-3276
16914864,828,-3276
16916622,824,-3276
16918380,820,-3276
16920138,816,-3276
16921896,812,-3276
16923655,808,-3276
16925413,804,-3276
16927171,800,-3276
16928929,796,-3276
16930688,792,-3276
16932446,788,-3276
16934204,784,-3276
16935962,780,-3276
16937721,776,-3276
16939479,772,-3276
16941237,768,-3276
16942995,764,-3276
16944754,760,-3276
16946512,756,-3276
16948270,752,-3276
16950028,748,-3276
16951787,744,-3276
16953545,740,-3276
16955303,736,-3276
16957061,732,-3276
16958820,728,-3276
16960578,724,-3276
16962336,720,-3276
16964094,716,-3276
16965853,712,-3276
16967611,708,-3276
16969369,704,-3276
16971127,700,-3276
16972886,696,-3276
16974644,692,-3276
16976402,688,-3276
16978160,684,-3276
16979918,680,-3276
16981677,676,-3276
16983435,672,-3276
16985193,668,-3276
16986951,664,-3276
16988710,660,-3276
16990468,656,-3276
16992226,652,-3276
16993984,648,-3276
16995743,644,-3276
16997501,640,-3276
16999259,636,-3276
17001017,632,-3276
17002776,628,-3276
17004534,624,-3276
17006292,620,-3276
17008050,616,-3276
17009809,612,-3276
17011567,608,-3276
17013325,604,-3276
17015083,600,-3276
17016842,596,-3276
17018600,592,-3276
17020358,588,-3276
17022116,584,-3276
17023875,580,-3276
17025633,576,-3276
17027391,572,-3276
17029149,568,-3276
17030907,564,-3276
17032666,560,-3276
17034424,556,-3276
17036182,552,-3276
17037940,548,-3276
17039699,544,-3276
17041457,540,-3276
17043215,536,-3276
17044973,532,-3276
17046732,528,-3276
17048490,524,-3276
17050248,520,-3276
17052006,516,-3276
17053765,512,-3276
17055523,508,-3276
17057281,504,-3276
17059039,500,-3276
17060798,496,-3276
17062556,492,-3276
17064314,488,-3276
17066072,484,-3276
17067831,480,-3276
17069589,476,-3276
17071347,472,-3276
17073105,468,-3276
17074864,464,-3276
17076622,460,-3276
17078380,456,-3276
17080138,452,-3276
17081896,448,-3276
17083655,444,-3276
17085413,440,-3276
17087171,436,-3276
17088929,432,-3276
17090688,428,-3276
17092446,424,-3276
17094204,420,-3276
17095962,416,-3276
17097721,412,-3276
17099479,408,-3276
17101237,404,-3276
17102995,400,-3276
17104754,396,-3276
17106512,392,-3276
17108270,388,-3276
17110028,384,-3276
17111787,380,-3276
17113545,376,-3276
17115303,372,-3276
17117061,368,-3276
17118820,364,-3276
17120578,360,-3276
17122336,356,-3276
17124094,352,-3276
17125853,348,-3276
17127611,344,-3276
17129369,340,-3276
17131127,336,-3276
17132886,332,-3276
17134644,328,-3276
17136402,324,-3276
17138160,320,-3276
17139918,316,-3276
17141677,312,-3276
17143435,308,-3276
17145193,304,-3276
17146951,300,-3276
17148710,296,-3276
17150468,292,-3276
17152226,288,-3276
17153984,284,-3276
17155743,280,-3276
17157501,276,-3276
17159259,272,-3276
17161017,268,-3276
17162776,264,-3276
17164534,260,-3276
17166292,256,-3276
17168050,252,-3276
17169809,248,-3276
17171567,244,-3276
17173325,240,-3276
17175083,236,-3276
17176842,232,-3276
17178600,228,-3276
17180358,224,-3276
17182116,220,-3276
17183875,216,-3276
17185633,212,-3276
17187391,208,-3276
17189149,204,-3276
17190907,200,-3276
17192666,196,-3276
17194424,192,-3276
17196182,188,-3276
17197940,184,-3276
17199699,180,-3276
17201457,176,-3276
17203215,172,-3276
17204973,168,-3276
17206732,164,-3276
17208490,160,-3276
17210248,156,-3276
17212006,152,-3276
17213765,148,-3276
17215523,144,-3276
17217281,140,-3276
17219039,136,-3276
17220798,132,-3276
17222556,128,-3276
17224314,124,-3276
17226072,120,-3276
17227831,116,-3276
17229589,112,-3276
17231347,108,-3276
17233105,104,-3276
17234864,100,-3276
17236622,96,-3276
17238380,92,-3276
17240138,88,-3276
17241896,84,-3276
17243655,80,-3276
17245413,76,-3276
17247171,72,-3276
17248929,68,-3276
17250688,64,-3276
17252446,60,-3276
17254204,56,-3276
17255962,52,-3276
17257721,48,-3276
17259479,44,-3276
17261237,40,-3276
17262995,36,-3276
17264754,32,-3276
17266512,28,-3276
17268270,24,-3276
17270028,20,-3276
17271787,16,-3276
17273545,12,-3276
17275303,8,-3276
17277061,4,-3276
17278820,0,-3276
17280578,-4,-3276
17282336,-8,-3276
17284094,-12,-3276
17285853,-16,-3276
17287611,-20,-3276
17289369,-24,-3276
17291127,-28,-3276
17292886,-32,-3276
17294644,-36,-3276
17296402,-40,-3276
17298160,-44,-3276
17299918,-48,-3276
17301677,-52,-3276
17303435,-56,-3276
17305193,-60,-3276
17306951,-64,-3276
17308710,-68,-3276
17310468,-72,-3276
17312226,-76,-3276
17313984,-80,-3276
17315743,-84,-3276
17317501,-88,-3276
17319259,-92,-3276
17321017,-96,-3276
17322776,-100,-3276
17324534,-104,-3276
17326292,-108,-3276
17328050,-112,-3276
17329809,-116,-3276
17331567,-120,-3276
17333325,-124,-3276
17335083,-128,-3276
17336842,-132,-3276
17338600,-136,-3276
17340358,-140,-3276
17342116,-144,-3276
17343875,-148,-3276
17345633,-152,-3276
17347391,-156,-3276
17349149,-160,-3276
17350907,-164,-3276
17352666,-168,-3276
17354424,-172,-3276
17356182,-176,-3276
17357940,-180,-3276
17359699,-184,-3276
17361457,-188,-3276
17363215,-192,-3276
17364973,-196,-3276
17366732,-200,-3276
17368490,-204,-3276
17370248,-208,-3276
17372006,-212,-3276
17373765,-216,-3276
17375523,-220,-3276
17377281,-224,-3276
17379039,-228,-3276
17380798,-232,-3276
17382556,-236,-3276
17384314,-240,-3276
17386072,-244,-3276
17387831,-248,-3276
17389589,-252,-3276
17391347,-256,-3276
17393105,-260,-3276
17394864,-264,-3276
17396622,-268,-3276
17398380,-272,-3276
17400138,-276,-3276
17401896,-280,-3276
17403655,-284,-3276
17405413,-288,-3276
17407171,-292,-3276
17408929,-296,-3276
17410688,-300,-3276
17412446,-304,-3276
17414204,-308,-3276
17415962,-312,-3276
17417721,-316,-3276
17419479,-320,-3276
17421237,-324,-3276
17422995,-328,-3276
17424754,-332,-3276
17426512,-336,-3276
17428270,-340,-3276
17430028,-344,-3276
17431787,-348,-3276
17433545,-352,-3276
17435303,-356,-3276
17437061,-360,-3276
17438820,-364,-3276
17440578,-368,-3276
17442336,-372,-3276
17444094,-376,-3276
17445853,-380,-3276
17447611,-384,-3276
17449369,-388,-3276
17451127,-392,-3276
17452886,-396,-3276
17454644,-400,-3276
17456402,-404,-3276
17458160,-408,-3276
17459918,-412,-3276
17461677,-416,-3276
17463435,-420,-3276
17465193,-424,-3276
17466951,-428,-3276
17468710,-432,-3276
17470468,-436,-3276
17472226,-440,-3276
17473984,-444,-3276
17475743,-448,-3276
17477501,-452,-3276
17479259,-456,-3276
17481017,-460,-3276
17482776,-464,-3276
17484534,-468,-3276
17486292,-472,-3276
17488050,-476,-3276
17489809,-480,-3276
17491567,-484,-3276
17493325,-488,-3276
17495083,-492,-3276
17496842,-496,-3276
17498600,-500,-3276
17500358,-504,-3276
17502116,-508,-3276
17503875,-512,-3276
17505633,-516,-3276
17507391,-520,-3276
17509149,-524,-3276
17510907,-528,-3276
17512666,-532,-3276
17514424,-536,-3276
17516182,-540,-3276
17517940,-544,-3276
17519699,-548,-3276
17521457,-552,-3276
17523215,-556,-3276
17524973,-560,-3276
17526732,-564,-3276
17528490,-568,-3276
17530248,-572,-3276
17532006,-576,-3276
17533765,-580,-3276
17535523,-584,-3276
17537281,-588,-3276
17539039,-592,-3276
17540798,-596,-3276
17542556,-600,-3276
17544314,-604,-3276
17546072,-608,-3276
17547831,-612,-3276
17549589,-616,-3276
17551347,-620,-3276
17553105,-624,-3276
17554864,-628,-3276
17556622,-632,-3276
17558380,-636,-3276
17560138,-640,-3276
17561896,-644,-3276
17563655,-648,-3276
17565413,-652,-3276
17567171,-656,-3276
17568929,-660,-3276
17570688,-664,-3276
17572446,-668,-3276
17574204,-672,-3276
17575962,-676,-3276
17577721,-680,-3276
17579479,-684,-3276
17581237,-688,-3276
17582995,-692,-3276
17584754,-696,-3276
17586512,-700,-3276
17588270,-704,-3276
17590028,-708,-3276
17591787,-712,-3276
17593545,-716,-3276
17595303,-720,-3276
17597061,-724,-3276
17598820,-728,-3276
17600578,-732,-3276
17602336,-736,-3276
17604094,-740,-3276
17605853,-744,-3276
17607611,-748,-3276
17609369,-752,-3276
17611127,-756,-3276
17612886,-760,-3276
17614644,-764,-3276
17616402,-768,-3276
17618160,-772,-3276
17619918,-776,-3276
17621677,-780,-3276
17623435,-784,-3276
17625193,-788,-3276
17626951,-792,-3276
17628710,-796,-3276
17630468,-800,-3276
17632226,-804,-3276
17633984,-808,-3276
17635743,-812,-3276
17637501,-816,-3276
17639259,-820,-3276
17641017,-824,-3276
17642776,-828,-3276
17644534,-832,-3276
17646292,-836,-3276
17648050,-840,-3276
17649809,-844,-3276
17651567,-848,-3276
17653325,-852,-3276
17655083,-856,-3276
17656842,-860,-3276
17658600,-864,-3276
17660358,-868,-3276
17662116,-872,-3276
17663875,-876,-3276
17665633,-880,-3276
17667391,-884,-3276
17669149,-888,-3276
17670907,-892,-3276
17672666,-896,-3276
17674424,-900,-3276
17676182,-904,-3276
17677940,-908,-3276
17679699,-912,-3276
17681457,-916,-3276
17683215,-920,-3276
17684973,-924,-3276
17686732,-928,-3276
17688490,-932,-3276
17690248,-936,-3276
17692006,-940,-3276
17693765,-944,-3276
17695523,-948,-3276
17697281,-952,-3276
17699039,-956,-3276
17700798,-960,-3276
17702556,-964,-3276
17704314,-968,-3276
17706072,-972,-3276
17707831,-976,-3276
17709589,-980,-3276
17711347,-984,-3276
17713105,-988,-3276
17714864,-992,-3276
17716622,-996,-3276
17718380,-1000,-3276
17720138,-1004,-3276
17721896,-1008,-3276
17723655,-1012,-3276
17725413,-1016,-3276
17727171,-1020,-3276
17728929,-1024,-3276
17730688,-1028,-3276
17732446,-1032,-3276
17734204,-1036,-3276
17735962,-1040,-3276
17737721,-1044,-3276
17739479,-1048,-3276
17741237,-1052,-3276
17742995,-1056,-3276
17744754,-1060,-3276
17746512,-1064,-3276
17748270,-1068,-3276
17750028,-1072,-3276
17751787,-1076,-3276
17753545,-1080,-3276
17755303,-1084,-3276
17757061,-1088,-3276
17758820,-1092,-3276
17760578,-1096,-3276
17762336,-1100,-3276
17764094,-1104,-3276
17765853,-1108,-3276
17767611,-1112,-3276
17769369,-1116,-3276
17771127,-1120,-3276
17772886,-1124,-3276
17774644,-1128,-3276
17776402,-1132,-3276
17778160,-1136,-3276
17779918,-1140,-3276
17781677,-1144,-3276
17783435,-1148,-3276
17785193,-1152,-3276
17786951,-1156,-3276
17788710,-1160,-3276
17790468,-1164,-3276
17792226,-1168,-3276
17793984,-1172,-3276
17795743,-1176,-3276
17797501,-1180,-3276
17799259,-1184,-3276
17801017,-1188,-3276
17802776,-1192,-3276
17804534,-1196,-3276
17806292,-1200,-3276
17808050,-1204,-3276
17809809,-1208,-3276
17811567,-1212,-3276
17813325,-1216,-3276
17815083,-1220,-3276
17816842,-1224,-3276
17818600,-1228,-3276
17820358,-1232,-3276
17822116,-1236,-3276
17823875,-1240,-3276
17825633,-1244,-3276
17827391,-1248,-3276
17829149,-1252,-3276
17830907,-1256,-3276
17832666,-1260,-3276
17834424,-1264,-3276
17836182,-1268,-3276
17837940,-1272,-3276
17839699,-1276,-3276
17841457,-1280,-3276
17843215,-1284,-3276
17844973,-1288,-3276
17846732,-1292,-3276
17848490,-1296,-3276
17850248,-1300,-3276
17852006,-1304,-3276
17853765,-1308,-3276
17855523,-1312,-3276
17857281,-1316,-3276
17859039,-1320,-3276
17860798,-1324,-3276
17862556,-1328,-3276
17864314,-1332,-3276
17866072,-1336,-3276
17867831,-1340,-3276
17869589,-1344,-3276
17871347,-1348,-3276
17873105,-1352,-3276
17874864,-1356,-3276
17876622,-1360,-3276
17878380,-1364,-3276
17880138,-1368,-3276
17881896,-1372,-3276
17883655,-1376,-3276
17885413,-1380,-3276
17887171,-1384,-3276
17888929,-1388,-3276
17890688,-1392,-3276
17892446,-1396,-3276
17894204,-1400,-3276
17895962,-1404,-3276
17897721,-1408,-3276
17899479,-1412,-3276
17901237,-1416,-3276
17902995,-1420,-3276
17904754,-1424,-3276
17906512,-1428,-3276
17908270,-1432,-3276
17910028,-1436,-3276
17911787,-1440,-3276
17913545,-1444,-3276
17915303,-1448,-3276
17917061,-1452,-3276
17918820,-1456,-3276
17920578,-1460,-3276
17922336,-1464,-3276
17924094,-1468,-3276
17925853,-1472,-3276
17927611,-1476,-3276
17929369,-1480,-3276
17931127,-1484,-3276
17932886,-1488,-3276
17934644,-1492,-3276
17936402,-1496,-3276
17938160,-1500,-3276
17939918,-1504,-3276
17941677,-1508,-3276
17943435,-1512,-3276
17945193,-1516,-3276
17946951,-1520,-3276
17948710,-1524,-3276
17950468,-1528,-3276
17952226,-1532,-3276
17953984,-1536,-3276
17955743,-1540,-3276
17957501,-1544,-3276
17959259,-1548,-3276
17961017,-1552,-3276
17962776,-1556,-3276
17964534,-1560,-3276
17966292,-1564,-3276
17968050,-1568,-3276
17969809,-1572,-3276
17971567,-1576,-3276
17973325,-1580,-3276
17975083,-1584,-3276
17976842,-1588,-3276
17978600,-1592,-3276
17980358,-1596,-3276
17982116,-1600,-3276
17983875,-1604,-3276
17985633,-1608,-3276
17987391,-1612,-3276
17989149,-1616,-3276
17990907,-1620,-3276
17992666,-1624,-3276
17994424,-1628,-3276
17996182,-1632,-3276
17997940,-1636,-3276
17999699,-1640,-3276
18001457,-1644,-3276
18003215,-1648,-3276
18004973,-1652,-3276
18006732,-1656,-3276
18008490,-1660,-3276
18010248,-1664,-3276
18012006,-1668,-3276
18013765,-1672,-3276
18015523,-1676,-3276
18017281,-1680,-3276
18019039,-1684,-3276
18020798,-1688,-3276
18022556,-1692,-3276
18024314,-1696,-3276
18026072,-1700,-3276
18027831,-1704,-3276
18029589,-1708,-3276
18031347,-1712,-3276
18033105,-1716,-3276
18034864,-1720,-3276
18036622,-1724,-3276
18038380,-1728,-3276
18040138,-1732,-3276
18041896,-1736,-3276
18043655,-1740,-3276
18045413,-1744,-3276
18047171,-1748,-3276
18048929,-1752,-3276
18050688,-1756,-3276
18052446,-1760,-3276
18054204,-1764,-3276
18055962,-1768,-3276
18057721,-1772,-3276
18059479,-1776,-3276
18061237,-1780,-3276
18062995,-1784,-3276
18064754,-1788,-3276
18066512,-1792,-3276
18068270,-1796,-3276
18070028,-1800,-3276
18071787,-1804,-3276
18073545,-1808,-3276
18075303,-1812,-3276
18077061,-1816,-3276
18078820,-1820,-3276
18080578,-1824,-3276
18082336,-1828,-3276
18084094,-1832,-3276
18085853,-1836,-3276
18087611,-1840,-3276
18089369,-1844,-3276
18091127,-1848,-3276
18092886,-1852,-3276
18094644,-1856,-3276
18096402,-1860,-3276
18098160,-1864,-3276
18099918,-1868,-3276
18101677,-1872,-3276
18103435,-1876,-3276
18105193,-1880,-3276
18106951,-1884,-3276
18108710,-1888,-3276
18110468,-1892,-3276
18112226,-1896,-3276
18113984,-1900,-3276
18115743,-1904,-3276
18117501,-1908,-3276
18119259,-1912,-3276
18121017,-1916,-3276
18122776,-1920,-3276
18124534,-1924,-3276
18126292,-1928,-3276
18128050,-1932,-3276
18129809,-1936,-3276
18131567,-1940,-3276
18133325,-1944,-3276
18135083,-1948,-3276
18136842,-1952,-3276
18138600,-1956,-3276
18140358,-1960,-3276
18142116,-1964,-3276
18143875,-1968,-3276
18145633,-1972,-3276
18147391,-1976,-3276
18149149,-1980,-3276
18150907,-1984,-3276
18152666,-1988,-3276
18154424,-1992,-3276
18156182,-1996,-3276
18157940,-2000,-3276
18159699,-2004,-3276
18161457,-2008,-3276
18163215,-2012,-3276
18164973,-2016,-3276
18166732,-2020,-3276
18168490,-2024,-3276
18170248,-2028,-3276
18172006,-2032,-3276
18173765,-2036,-3276
18175523,-2040,-3276
18177281,-2044,-3276
18179039,-2048,-3276
18180798,-2052,-3276
18182556,-2056,-3276
18184314,-2060,-3276
18186072,-2064,-3276
18187831,-2068,-3276
18189589,-2072,-3276
18191347,-2076,-3276
18193105,-2080,-3276
18194864,-2084,-3276
18196622,-2088,-3276
18198380,-2092,-3276
18200138,-2096,-3276
18201896,-2100,-3276
18203655,-2104,-3276
18205413,-2108,-3276
18207171,-2112,-3276
18208929,-2116,-3276
18210688,-2120,-3276
18212446,-2124,-3276
18214204,-2128,-3276
18215962,-2132,-3276
18217721,-2136,-3276
18219479,-2140,-3276
18221237,-2144,-3276
18222995,-2148,-3276
18224754,-2152,-3276
18226512,-2156,-3276
18228270,-2160,-3276
18230028,-2164,-3276
18231787,-2168,-3276
18233545,-2172,-3276
18235303,-2176,-3276
18237061,-2180,-3276
18238820,-2184,-3276
18240578,-2188,-3276
18242336,-2192,-3276
18244094,-2196,-3276
18245853,-2200,-3276
18247611,-2204,-3276
18249369,-2208,-3276
18251127,-2212,-3276
18252886,-2216,-3276
18254644,-2220,-3276
18256402,-2224,-3276
18258160,-2228,-3276
18259918,-2232,-3276
18261677,-2236,-3276
18263435,-2240,-3276
18265193,-2244,-3276
18266951,-2248,-3276
18268710,-2252,-3276
18270468,-2256,-3276
18272226,-2260,-3276
18273984,-2264,-3276
18275743,-2268,-3276
18277501,-2272,-3276
18279259,-2276,-3276
18281017,-2280,-3276
18282776,-2284,-3276
18284534,-2288,-3276
18286292,-2292,-3276
18288050,-2296,-3276
18289809,-2300,-3276
18291567,-2304,-3276
18293325,-2308,-3276
18295083,-2312,-3276
18296842,-2316,-3276
18298600,-2320,-3276
18300358,-2324,-3276
18302116,-2328,-3276
18303875,-2332,-3276
18305633,-2336,-3276
18307391,-2340,-3276
18309149,-2344,-3276
18310907,-2348,-3276
18312666,-2352,-3276
18314424,-2356,-3276
18316182,-2360,-3276
18317940,-2364,-3276
18319699,-2368,-3276
18321457,-2372,-3276
18323215,-2376,-3276
18324973,-2380,-3276
18326732,-2384,-3276
18328490,-2388,-3276
18330248,-2392,-3276
18332006,-2396,-3276
18333765,-2400,-3276
18335523,-2404,-3276
18337281,-2408,-3276
18339039,-2412,-3276
18340798,-2416,-3276
18342556,-2420,-3276
18344314,-2424,-3276
18346072,-2428,-3276
18347831,-2432,-3276
18349589,-2436,-3276
18351347,-2440,-3276
18353105,-2444,-3276
18354864,-2448,-3276
18356622,-2452,-3276
18358380,-2456,-3276
18360138,-2460,-3276
18361896,-2464,-3276
18363655,-2468,-3276
18365413,-2472,-3276
18367171,-2476,-3276
18368929,-2480,-3276
18370688,-2484,-3276
18372446,-2488,-3276
18374204,-2492,-3276
18375962,-2496,-3276
18377721,-2500,-3276
18379479,-2504,-3276
18381237,-2508,-3276
18382995,-2512,-3276
18384754,-2516,-3276
18386512,-2520,-3276
18388270,-2524,-3276
18390028,-2528,-3276
18391787,-2532,-3276
18393545,-2536,-3276
18395303,-2540,-3276
18397061,-2544,-3276
18398820,-2548,-3276
18400578,-2552,-3276
18402336,-2556,-3276
18404094,-2560,-3276
18405853,-2564,-3276
18407611,-2568,-3276
18409369,-2572,-3276
18411127,-2576,-3276
18412886,-2580,-3276
18414644,-2584,-3276
18416402,-2588,-3276
18418160,-2592,-3276
18419918,-2596,-3276
18421677,-2600,-3276
18423435,-2604,-3276
18425193,-2608,-3276
18426951,-2612,-3276
18428710,-2616,-3276
18430468,-2620,-3276
18432226,-2624,-3276
18433984,-2628,-3276
18435743,-2632,-3276
18437501,-2636,-3276
18439259,-2640,-3276
18441017,-2644,-3276
18442776,-2648,-3276
18444534,-2652,-3276
18446292,-2656,-3276
18448050,-2660,-3276
18449809,-2664,-3276
18451567,-2668,-3276
18453325,-2672,-3276
18455083,-2676,-3276
18456842,-2680,-3276
18458600,-2684,-3276
18460358,-2688,-3276
18462116,-2692,-3276
18463875,-2696,-3276
18465633,-2700,-3276
18467391,-2704,-3276
18469149,-2708,-3276
18470907,-2712,-3276
18472666,-2716,-3276
18474424,-2720,-3276
18476182,-2724,-3276
18477940,-2728,-3276
18479699,-2732,-3276
18481457,-2736,-3276
18483215,-2740,-3276
18484973,-2744,-3276
18486732,-2748,-3276
18488490,-2752,-3276
18490248,-2756,-3276
18492006,-2760,-3276
18493765,-2764,-3276
18495523,-2768,-3276
18497281,-2772,-3276
18499039,-2776,-3276
18500798,-2780,-3276
18502556,-2784,-3276
18504314,-2788,-3276
18506072,-2792,-3276
18507831,-2796,-3276
18509589,-2800,-3276
18511347,-2804,-3276
18513105,-2808,-3276
18514864,-2812,-3276
18516622,-2816,-3276
18518380,-2820,-3276
18520138,-2824,-3276
18521896,-2828,-3276
18523655,-2832,-3276
18525413,-2836,-3276
18527171,-2840,-3276
18528929,-2844,-3276
18530688,-2848,-3276
18532446,-2852,-3276
18534204,-2856,-3276
18535962,-2860,-3276
18537721,-2864,-3276
18539479,-2868,-3276
18541237,-2872,-3276
18542995,-2876,-3276
18544754,-2880,-3276
18546512,-2884,-3276
18548270,-2888,-3276
18550028,-2892,-3276
18551787,-2896,-3276
18553545,-2900,-3276
18555303,-2904,-3276
18557061,-2908,-3276
18558820,-2912,-3276
18560578,-2916,-3276
18562336,-2920,-3276
18564094,-2924,-3276
18565853,-2928,-3276
18567611,-2932,-3276
18569369,-2936,-3276
18571127,-2940,-3276
18572886,-2944,-3276
18574644,-2948,-3276
18576402,-2952,-3276
18578160,-2956,-3276
18579918,-2960,-3276
18581677,-2964,-3276
18583435,-2968,-3276
18585193,-2972,-3276
18586951,-2976,-3276
18588710,-2980,-3276
18590468,-2984,-3276
18592226,-2988,-3276
18593984,-2992,-3276
18595743,-2996,-3276
18597501,-3000,-3276
18599259,-3004,-3276
18601017,-3008,-3276
18602776,-3012,-3276
18604534,-3016,-3276
18606292,-3020,-3276
18608050,-3024,-3276
18609809,-3028,-3276
18611567,-3032,-3276
18613325,-3036,-3276
18615083,-3040,-3276
18616842,-3044,-3276
18618600,-3048,-3276
18620358,-3052,-3276
18622116,-3056,-3276
18623875,-3060,-3276
18625633,-3064,-3276
18627391,-3068,-3276
18629149,-3072,-3276
18630907,-3076,-3276
18632666,-3080,-3276
18634424,-3084,-3276
18636182,-3088,-3276
18637940,-3092,-3276
18639699,-3096,-3276
18641457,-3100,-3276
18643215,-3104,-3276
18644973,-3108,-3276
18646732,-3112,-3276
18648490,-3116,-3276
18650248,-3120,-3276
18652006,-3124,-3276
18653765,-3128,-3276
18655523,-3132,-3276
18657281,-3136,-3276
18659039,-3140,-3276
18660798,-3144,-3276
18662556,-3148,-3276
18664314,-3152,-3276
18666072,-3156,-3276
18667831,-3160,-3276
18669589,-3164,-3276
18671347,-3168,-3276
18673105,-3172,-3276
18674864,-3176,-3276
18676622,-3180,-3276
18678380,-3184,-3276
18680138,-3188,-3276
18681896,-3192,-3276
18683655,-3196,-3276
18685413,-3200,-3276
18687171,-3204,-3276
18688929,-3208,-3276
18690688,-3212,-3276
18692446,-3216,-3276
18694204,-3220,-3276
18695962,-3224,-3276
18697721,-3228,-3276
18699479,-3232,-3276
18701237,-3236,-3276
18702995,-3240,-3276
18704754,-3244,-3276
18706512,-3248,-3276
18708270,-3252,-3276
18710028,-3256,-3276
18711787,-3260,-3276
18713545,-3264,-3276
18715303,-3268,-3276
18717061,-3272,-3276
18718820,-3276,-3276
18719696,0,0
18720784,12288,12288
18721018,12292,12288
18721487,12296,12288
18721956,12300,12288
18722425,12304,12288
18722893,12308,12288
18723362,12312,12288
18723831,12316,12288
18724300,12320,12288
18724768,12324,12288
18725237,12328,12288
18725706,12332,12288
18726175,12336,12288
18726643,12340,12288
18727112,12344,12288
18727581,12348,12288
18728050,12352,12288
18728518,12356,12288
18728987,12360,12288
18729456,12364,12288
18729925,12368,12288
18730393,12372,12288
18730862,12376,12288
18731331,12380,12288
18731800,12384,12288
18732268,12388,12288
18732737,12392,12288
18733206,12396,12288
18733675,12400,12288
18734143,12404,12288
18734612,12408,12288
18735081,12412,12288
18735550,12416,12288
18736018,12420,12288
18736487,12424,12288
18736956,12428,12288
18737425,12432,12288
18737893,12436,12288
18738362,12440,12288
18738831,12444,12288
18739300,12448,12288
18739768,12452,12288
18740237,12456,12288
18740706,12460,12288
18741175,12464,12288
18741643,12468,12288
18742112,12472,12288
18742581,12476,12288
18743050,12480,12288
18743518,12484,12288
18743987,12488,12288
18744456,12492,12288
18744925,12496,12288
18745393,12500,12288
18745862,12504,12288
18746331,12508,12288
18746800,12512,12288
18747268,12516,12288
18747737,12520,12288
18748206,12524,12288
18748675,12528,12288
18749143,12532,12288
18749612,12536,12288
18750081,12540,12288
18750550,12544,12288
18751018,12548,12288
18751487,12552,12288
18751956,12556,12288
18752425,12560,12288
18752893,12564,12288
18753362,12568,12288
18753831,12572,12288
18754300,12576,12288
18754768,12580,12288
18755237,12584,12288
18755706,12588,12288
18756175,12592,12288
18756643,12596,12288
18757112,12600,12288
18757581,12604,12288
18758050,12608,12288
18758518,12612,12288
18758987,12616,12288
18759456,12620,12288
18759925,12624,12288
18760393,12628,12288
18760862,12632,12288
18761331,12636,12288
18761800,12640,12288
18762268,12644,12288
18762737,12648,12288
18763206,12652,12288
18763675,12656,12288
18764143,12660,12288
18764612,12664,12288
18765081,12668,12288
18765550,12672,12288
18766018,12676,12288
18766487,12680,12288
18766956,12684,12288
18767425,12688,12288
18767893,12692,12288
18768362,12696,12288
18768831,12700,12288
18769300,12704,12288
18769768,12708,12288
18770237,12712,12288
18770706,12716,12288
18771175,12720,12288
18771643,12724,12288
18772112,12728,12288
18772581,12732,12288
18773050,12736,12288
18773518,12740,12288
18773987,12744,12288
18774456,12748,12288
18774925,12752,12288
18775393,12756,12288
18775862,12760,12288
18776331,12764,12288
18776800,12768,12288
18777268,12772,12288
18777737,12776,12288
18778206,12780,12288
18778675,12784,12288
18779143,12788,12288
18779612,12792,12288
18780081,12796,12288
18780550,12800,12288
18781018,12804,12288
18781487,12808,12288
18781956,12812,12288
18782425,12816,12288
18782893,12820,12288
18783362,12824,12288
18783831,12828,12288
18784300,12832,12288
18784768,12836,12288
18785237,12840,12288
18785706,12844,12288
18786175,12848,12288
18786643,12852,12288
18787112,12856,12288
18787581,12860,12288
18788050,12864,12288
18788518,12868,12288
18788987,12872,12288
18789456,12876,12288
18789925,12880,12288
18790393,12884,12288
18790862,12888,12288
18791331,12892,12288
18791800,12896,12288
18792268,12900,12288
18792737,12904,12288
18793206,12908,12288
18793675,12912,12288
18794143,12916,12288
18794612,12920,12288
18795081,12924,12288
18795550,12928,12288
18796018,12932,12288
18796487,12936,12288
18796956,12940,12288
18797425,12944,12288
18797893,12948,12288
18798362,12952,12288
18798831,12956,12288
18799300,12960,12288
18799768,12964,12288
18800237,12968,12288
18800706,12972,12288
18801175,12976,12288
18801643,12980,12288
18802112,12984,12288
18802581,12988,12288
18803050,12992,12288
18803518,12996,12288
18803987,13000,12288
18804456,13004,12288
18804925,13008,12288
18805393,13012,12288
18805862,13016,12288
18806331,13020,12288
18806800,13024,12288
18807268,13028,12288
18807737,13032,12288
18808206,13036,12288
18808675,13040,12288
18809143,13044,12288
18809612,13048,12288
18810081,13052,12288
18810550,13056,12288
18811018,13060,12288
18811487,13064,12288
18811956,13068,12288
18812425,13072,12288
18812893,13076,12288
18813362,13080,12288
18813831,13084,12288
18814300,13088,12288
18814768,13092,12288
18815237,13096,12288
18815706,13100,12288
18816175,13104,12288
18816643,13108,12288
18817112,13112,12288
18817581,13116,12288
18818050,13120,12288
18818518,13124,12288
18818987,13128,12288
18819456,13132,12288
18819925,13136,12288
18820393,13140,12288
18820862,13144,12288
18821331,13148,12288
18821800,13152,12288
18822268,13156,12288
18822737,13160,12288
18823206,13164,12288
18823675,13168,12288
18824143,13172,12288
18824612,13176,12288
18825081,13180,12288
18825550,13184,12288
18826018,13188,12288
18826487,13192,12288
18826956,13196,12288
18827425,13200,12288
18827893,13204,12288
18828362,13208,12288
18828831,13212,12288
18829300,13216,12288
18829768,13220,12288
18830237,13224,12288
18830706,13228,12288
18831175,13232,12288
18831643,13236,12288
18832112,13240,12288
18832581,13244,12288
18833050,13248,12288
18833518,13252,12288
18833987,13256,12288
18834456,13260,12288
18834925,13264,12288
18835393,13268,12288
18835862,13272,12288
18836331,13276,12288
18836800,13280,12288
18837268,13284,12288
18837737,13288,12288
18838206,13292,12288
18838675,13296,12288
18839143,13300,12288
18839612,13304,12288
18840081,13308,12288
18840550,13312,12288
18841018,13316,12288
18841487,13320,12288
18841956,13324,12288
18842425,13328,12288
18842893,13332,12288
18843362,13336,12288
18843831,13340,12288
18844300,13344,12288
18844768,13348,12288
18845237,13352,12288
18845706,13356,12288
18846175,13360,12288
18846643,13364,12288
18847112,13368,12288
18847581,13372,12288
18848050,13376,12288
18848518,13380,12288
18848987,13384,12288
18849456,13388,12288
18849925,13392,12288
18850393,13396,12288
18850862,13400,12288
18851331,13404,12288
18851800,13408,12288
18852268,13412,12288
18852737,13416,12288
18853206,13420,12288
18853675,13424,12288
18854143,13428,12288
18854612,13432,12288
18855081,13436,12288
18855550,13440,12288
18856018,13444,12288
18856487,13448,12288
18856956,13452,12288
18857425,13456,12288
18857893,13460,12288
18858362,13464,12288
18858831,13468,12288
18859300,13472,12288
18859768,13476,12288
18860237,13480,12288
18860706,13484,12288
18861175,13488,12288
18861643,13492,12288
18862112,13496,12288
18862581,13500,12288
18863050,13504,12288
18863518,13508,12288
18863987,13512,12288
18864456,13516,12288
18864925,13520,12288
18865393,13524,12288
18865862,13528,12288
18866331,13532,12288
18866800,13536,12288
18867268,13540,12288
18867737,13544,12288
18868206,13548,12288
18868675,13552,12288
18869143,13556,12288
18869612,13560,12288
18870081,13564,12288
18870550,13568,12288
18871018,13572,12288
18871487,13576,12288
18871956,13580,12288
18872425,13584,12288
18872893,13588,12288
18873362,13592,12288
18873831,13596,12288
18874300,13600,12288
18874768,13604,12288
18875237,13608,12288
18875706,13612,12288
18876175,13616,12288
18876643,13620,12288
18877112,13624,12288
18877581,13628,12288
18878050,13632,12288
18878518,13636,12288
18878987,13640,12288
18879456,13644,12288
18879925,13648,12288
18880393,13652,12288
18880862,13656,12288
18881331,13660,12288
18881800,13664,12288
18882268,13668,12288
18882737,13672,12288
18883206,13676,12288
18883675,13680,12288
18884143,13684,12288
18884612,13688,12288
18885081,13692,12288
18885550,13696,12288
18886018,13700,12288
18886487,13704,12288
18886956,13708,12288
18887425,13712,12288
18887893,13716,12288
18888362,13720,12288
18888831,13724,12288
18889300,13728,12288
18889768,13732,12288
18890237,13736,12288
18890706,13740,12288
18891175,13744,12288
18891643,13748,12288
18892112,13752,12288
18892581,13756,12288
18893050,13760,12288
18893518,13764,12288
18893987,13768,12288
18894456,13772,12288
18894925,13776,12288
18895393,13780,12288
18895862,13784,12288
18896331,13788,12288
18896800,13792,12288
18897268,13796,12288
18897737,13800,12288
18898206,13804,12288
18898675,13808,12288
18899143,13812,12288
18899612,13816,12288
18900081,13820,12288
18900550,13824,12288
18901018,13828,12288
18901487,13832,12288
18901956,13836,12288
18902425,13840,12288
18902893,13844,12288
18903362,13848,12288
18903831,13852,12288
18904300,13856,12288
18904768,13860,12288
18905237,13864,12288
18905706,13868,12288
18906175,13872,12288
18906643,13876,12288
18907112,13880,12288
18907581,13884,12288
18908050,13888,12288
18908518,13892,12288
18908987,13896,12288
18909456,13900,12288
18909925,13904,12288
18910393,13908,12288
18910862,13912,12288
18911331,13916,12288
18911800,13920,12288
18912268,13924,12288
18912737,13928,12288
18913206,13932,12288
18913675,13936,12288
18914143,13940,12288
18914612,13944,12288
18915081,13948,12288
18915550,13952,12288
18916018,13956,12288
18916487,13960,12288
18916956,13964,12288
18917425,13968,12288
18917893,13972,12288
18918362,13976,12288
18918831,13980,12288
18919300,13984,12288
18919768,13988,12288
18920237,13992,12288
18920706,13996,12288
18921175,14000,12288
18921643,14004,12288
18922112,14008,12288
18922581,14012,12288
18923050,14016,12288
18923518,14020,12288
18923987,14024,12288
18924456,14028,12288
18924925,14032,12288
18925393,14036,12288
18925862,14040,12288
18926331,14044,12288
18926800,14048,12288
18927268,14052,12288
18927737,14056,12288
18928206,14060,12288
18928675,14064,12288
18929143,14068,12288
18929612,14072,12288
18930081,14076,12288
18930550,14080,12288
18931018,14084,12288
18931487,14088,12288
18931956,14092,12288
18932425,14096,12288
18932893,14100,12288
18933362,14104,12288
18933831,14108,12288
18934300,14112,12288
18934768,14116,12288
18935237,14120,12288
18935706,14124,12288
18936175,14128,12288
18936643,14132,12288
18937112,14136,12288
18937581,14140,12288
18938050,14144,12288
18938518,14148,12288
18938987,14152,12288
18939456,14156,12288
18939925,14160,12288
18940393,14164,12288
18940862,14168,12288
18941331,14172,12288
18941800,14176,12288
18942268,14180,12288
18942737,14184,12288
18943206,14188,12288
18943675,14192,12288
18944143,14196,12288
18944612,14200,12288
18945081,14204,12288
18945550,14208,12288
18946018,14212,12288
18946487,14216,12288
18946956,14220,12288
18947425,14224,12288
18947893,14228,12288
18948362,14232,12288
18948831,14236,12288
18949300,14240,12288
18949768,14244,12288
18950237,14248,12288
18950706,14252,12288
18951175,14256,12288
18951643,14260,12288
18952112,14264,12288
18952581,14268,12288
18953050,14272,12288
18953518,14276,12288
18953987,14280,12288
18954456,14284,12288
18954925,14288,12288
18955393,14292,12288
18955862,14296,12288
18956331,14300,12288
18956800,14304,12288
18957268,14308,12288
18957737,14312,12288
18958206,14316,12288
18958675,14320,12288
18959143,14324,12288
18959612,14328,12288
18960081,14332,12288
18960550,14336,12288
18961018,14340,12288
18961487,14344,12288
18961956,14348,12288
18962425,14352,12288
18962893,14356,12288
18963362,14360,12288
18963831,14364,12288
18964300,14368,12288
18964768,14372,12288
18965237,14376,12288
18965706,14380,12288
18966175,14384,12288
18966643,14388,12288
18967112,14392,12288
18967581,14396,12288
18968050,14400,12288
18968518,14404,12288
18968987,14408,12288
18969456,14412,12288
18969925,14416,12288
18970393,14420,12288
18970862,14424,12288
18971331,14428,12288
18971800,14432,12288
18972268,14436,12288
18972737,14440,12288
18973206,14444,12288
18973675,14448,12288
18974143,14452,12288
18974612,14456,12288
18975081,14460,12288
18975550,14464,12288
18976018,14468,12288
18976487,14472,12288
18976956,14476,12288
18977425,14480,12288
18977893,14484,12288
18978362,14488,12288
18978831,14492,12288
18979300,14496,12288
18979768,14500,12288
18980237,14504,12288
18980706,14508,12288
18981175,14512,12288
18981643,14516,12288
18982112,14520,12288
18982581,14524,12288
18983050,14528,12288
18983518,14532,12288
18983987,14536,12288
18984456,14540,12288
18984925,14544,12288
18985393,14548,12288
18985862,14552,12288
18986331,14556,12288
18986800,14560,12288
18987268,14564,12288
18987737,14568,12288
18988206,14572,12288
18988675,14576,12288
18989143,14580,12288
18989612,14584,12288
18990081,14588,12288
18990550,14592,12288
18991018,14596,12288
18991487,14600,12288
18991956,14604,12288
18992425,14608,12288
18992893,14612,12288
18993362,14616,12288
18993831,14620,12288
18994300,14624,12288
18994768,14628,12288
18995237,14632,12288
18995706,14636,12288
18996175,14640,12288
18996643,14644,12288
18997112,14648,12288
18997581,14652,12288
18998050,14656,12288
18998518,14660,12288
18998987,14664,12288
18999456,14668,12288
18999925,14672,12288
19000393,14676,12288
19000862,14680,12288
19001331,14684,12288
19001800,14688,12288
19002268,14692,12288
19002737,14696,12288
19003206,14700,12288
19003675,14704,12288
19004143,14708,12288
19004612,14712,12288
19005081,14716,12288
19005550,14720,12288
19006018,14724,12288
19006487,14728,12288
19006956,14732,12288
19007425,14736,12288
19007893,14740,12288
19008362,14744,12288
19008831,14748,12288
19009300,14752,12288
19009768,14756,12288
19010237,14760,12288
19010706,14764,12288
19011175,14768,12288
19011643,14772,12288
19012112,14776,12288
19012581,14780,12288
19013050,14784,12288
19013518,14788,12288
19013987,14792,12288
19014456,14796,12288
19014925,14800,12288
19015393,14804,12288
19015862,14808,12288
19016331,14812,12288
19016800,14816,12288
19017268,14820,12288
19017737,14824,12288
19018206,14828,12288
19018675,14832,12288
19019143,14836,12288
19019612,14840,12288
19020081,14844,12288
19020550,14848,12288
19021018,14852,12288
19021487,14856,12288
19021956,14860,12288
19022425,14864,12288
19022893,14868,12288
19023362,14872,12288
19023831,14876,12288
19024300,14880,12288
19024768,14884,12288
19025237,14888,12288
19025706,14892,12288
19026175,14896,12288
19026643,14900,12288
19027112,14904,12288
19027581,14908,12288
19028050,14912,12288
19028518,14916,12288
19028987,14920,12288
19029456,14924,12288
19029925,14928,12288
19030393,14932,12288
19030862,14936,12288
19031331,14940,12288
19031800,14944,12288
19032268,14948,12288
19032737,14952,12288
19033206,14956,12288
19033675,14960,12288
19034143,14964,12288
19034612,14968,12288
19035081,14972,12288
19035550,14976,12288
19036018,14980,12288
19036487,14984,12288
19036956,14988,12288
19037425,14992,12288
19037893,14996,12288
19038362,15000,12288
19038831,15004,12288
19039300,15008,12288
19039768,15012,12288
19040237,15016,12288
19040706,15020,12288
19041175,15024,12288
19041643,15028,12288
19042112,15032,12288
19042581,15036,12288
19043050,15040,12288
19043518,15044,12288
19043987,15048,12288
19044456,15052,12288
19044925,15056,12288
19045393,15060,12288
19045862,15064,12288
19046331,15068,12288
19046800,15072,12288
19047268,15076,12288
19047737,15080,12288
19048206,15084,12288
19048675,15088,12288
19049143,15092,12288
19049612,15096,12288
19050081,15100,12288
19050550,15104,12288
19051018,15108,12288
19051487,15112,12288
19051956,15116,12288
19052425,15120,12288
19052893,15124,12288
19053362,15128,12288
19053831,15132,12288
19054300,15136,12288
19054768,15140,12288
19055237,15144,12288
19055706,15148,12288
19056175,15152,12288
19056643,15156,12288
19057112,15160,12288
19057581,15164,12288
19058050,15168,12288
19058518,15172,12288
19058987,15176,12288
19059456,15180,12288
19059925,15184,12288
19060393,15188,12288
19060862,15192,12288
19061331,15196,12288
19061800,15200,12288
19062268,15204,12288
19062737,15208,12288
19063206,15212,12288
19063675,15216,12288
19064143,15220,12288
19064612,15224,12288
19065081,15228,12288
19065550,15232,12288
19066018,15236,12288
19066487,15240,12288
19066956,15244,12288
19067425,15248,12288
19067893,15252,12288
19068362,15256,12288
19068831,15260,12288
19069300,15264,12288
19069768,15268,12288
19070237,15272,12288
19070706,15276,12288
19071175,15280,12288
19071643,15284,12288
19072112,15288,12288
19072581,15292,12288
19073050,15296,12288
19073518,15300,12288
19073987,15304,12288
19074456,15308,12288
19074925,15312,12288
19075393,15316,12288
19075862,15320,12288
19076331,15324,12288
19076800,15328,12288
19077268,15332,12288
19077737,15336,12288
19078206,15340,12288
19078675,15344,12288
19079143,15348,12288
19079612,15352,12288
19080081,15356,12288
19080550,15360,12288
19081018,15364,12288
19081487,15368,12288
19081956,15372,12288
19082425,15376,12288
19082893,15380,12288
19083362,15384,12288
19083831,15388,12288
19084300,15392,12288
19084768,15396,12288
19085237,15400,12288
19085706,15404,12288
19086175,15408,12288
19086643,15412,12288
19087112,15416,12288
19087581,15420,12288
19088050,15424,12288
19088518,15428,12288
19088987,15432,12288
19089456,15436,12288
19089925,15440,12288
19090393,15444,12288
19090862,15448,12288
19091331,15452,12288
19091800,15456,12288
19092268,15460,12288
19092737,15464,12288
19093206,15468,12288
19093675,15472,12288
19094143,15476,12288
19094612,15480,12288
19095081,15484,12288
19095550,15488,12288
19096018,15492,12288
19096487,15496,12288
19096956,15500,12288
19097425,15504,12288
19097893,15508,12288
19098362,15512,12288
19098831,15516,12288
19099300,15520,12288
19099768,15524,12288
19100237,15528,12288
19100706,15532,12288
19101175,15536,12288
19101643,15540,12288
19102112,15544,12288
19102581,15548,12288
19103050,15552,12288
19103518,15556,12288
19103987,15560,12288
19104456,15564,12288
19104925,15568,12288
19105393,15572,12288
19105862,15576,12288
19106331,15580,12288
19106800,15584,12288
19107268,15588,12288
19107737,15592,12288
19108206,15596,12288
19108675,15600,12288
19109143,15604,12288
19109612,15608,12288
19110081,15612,12288
19110550,15616,12288
19111018,15620,12288
19111487,15624,12288
19111956,15628,12288
19112425,15632,12288
19112893,15636,12288
19113362,15640,12288
19113831,15644,12288
19114300,15648,12288
19114768,15652,12288
19115237,15656,12288
19115706,15660,12288
19116175,15664,12288
19116643,15668,12288
19117112,15672,12288
19117581,15676,12288
19118050,15680,12288
19118518,15684,12288
19118987,15688,12288
19119456,15692,12288
19119925,15696,12288
19120393,15700,12288
19120862,15704,12288
19121331,15708,12288
19121800,15712,12288
19122268,15716,12288
19122737,15720,12288
19123206,15724,12288
19123675,15728,12288
19124143,15732,12288
19124612,15736,12288
19125081,15740,12288
19125550,15744,12288
19126018,15748,12288
19126487,15752,12288
19126956,15756,12288
19127425,15760,12288
19127893,15764,12288
19128362,15768,12288
19128831,15772,12288
19129300,15776,12288
19129768,15780,12288
19130237,15784,12288
19130706,15788,12288
19131175,15792,12288
19131643,15796,12288
19132112,15800,12288
19132581,15804,12288
19133050,15808,12288
19133518,15812,12288
19133987,15816,12288
19134456,15820,12288
19134925,15824,12288
19135393,15828,12288
19135862,15832,12288
19136331,15836,12288
19136800,15840,12288
19137268,15844,12288
19137737,15848,12288
19138206,15852,12288
19138675,15856,12288
19139143,15860,12288
19139612,15864,12288
19140081,15868,12288
19140550,15872,12288
19141018,15876,12288
19141487,15880,12288
19141956,15884,12288
19142425,15888,12288
19142893,15892,12288
19143362,15896,12288
19143831,15900,12288
19144300,15904,12288
19144768,15908,12288
19145237,15912,12288
19145706,15916,12288
19146175,15920,12288
19146643,15924,12288
19147112,15928,12288
19147581,15932,12288
19148050,15936,12288
19148518,15940,12288
19148987,15944,12288
19149456,15948,12288
19149925,15952,12288
19150393,15956,12288
19150862,15960,12288
19151331,15964,12288
19151800,15968,12288
19152268,15972,12288
19152737,15976,12288
19153206,15980,12288
19153675,15984,12288
19154143,15988,12288
19154612,15992,12288
19155081,15996,12288
19155550,16000,12288
19156018,16004,12288
19156487,16008,12288
19156956,16012,12288
19157425,16016,12288
19157893,16020,12288
19158362,16024,12288
19158831,16028,12288
19159300,16032,12288
19159768,16036,12288
19160237,16040,12288
19160706,16044,12288
19161175,16048,12288
19161643,16052,12288
19162112,16056,12288
19162581,16060,12288
19163050,16064,12288
19163518,16068,12288
19163987,16072,12288
19164456,16076,12288
19164925,16080,12288
19165393,16084,12288
19165862,16088,12288
19166331,16092,12288
19166800,16096,12288
19167268,16100,12288
19167737,16104,12288
19168206,16108,12288
19168675,16112,12288
19169143,16116,12288
19169612,16120,12288
19170081,16124,12288
19170550,16128,12288
19171018,16132,12288
19171487,16136,12288
19171956,16140,12288
19172425,16144,12288
19172893,16148,12288
19173362,16152,12288
19173831,16156,12288
19174300,16160,12288
19174768,16164,12288
19175237,16168,12288
19175706,16172,12288
19176175,16176,12288
19176643,16180,12288
19177112,16184,12288
19177581,16188,12288
19178050,16192,12288
19178518,16196,12288
19178987,16200,12288
19179456,16204,12288
19179925,16208,12288
19180393,16212,12288
19180862,16216,12288
19181331,16220,12288
19181800,16224,12288
19182268,16228,12288
19182737,16232,12288
19183206,16236,12288
19183675,16240,12288
19184143,16244,12288
19184612,16248,12288
19185081,16252,12288
19185550,16256,12288
19186018,16260,12288
19186487,16264,12288
19186956,16268,12288
19187425,16272,12288
19187893,16276,12288
19188362,16280,12288
19188831,16284,12288
19189300,16288,12288
19189768,16292,12288
19190237,16296,12288
19190706,16300,12288
19191175,16304,12288
19191643,16308,12288
19192112,16312,12288
19192581,16316,12288
19193050,16320,12288
19193518,16324,12288
19193987,16328,12288
19194456,16332,12288
19194925,16336,12288
19195393,16340,12288
19195862,16344,12288
19196331,16348,12288
19196800,16352,12288
19197268,16356,12288
19197737,16360,12288
19198206,16364,12288
19198675,16368,12288
19199143,16372,12288
19199612,16376,12288
19200081,16380,12288
19200550,16384,12288
19200784,8192,4096
19201487,8196,4096
19202893,8200,4096
19204300,8204,4096
19205706,8208,4096
19207112,8212,4096
19208518,8216,4096
19209925,8220,4096
19211331,8224,4096
19212737,8228,4096
19214143,8232,4096
19215550,8236,4096
19216956,8240,4096
19218362,8244,4096
19219768,8248,4096
19221175,8252,4096
19222581,8256,4096
19223987,8260,4096
19225393,8264,4096
19226800,8268,4096
19228206,8272,4096
19229612,8276,4096
19231018,8280,4096
19232425,8284,4096
19233831,8288,4096
19235237,8292,4096
19236643,8296,4096
19238050,8300,4096
19239456,8304,4096
19240862,8308,4096
19242268,8312,4096
19243675,8316,4096
19245081,8320,4096
19246487,8324,4096
19247893,8328,4096
19248784,28808,24576
19248870,28812,24576
19249104,28816,24576
19249339,28820,24576
19249573,28824,24576
19249807,28828,24576
19250042,28832,24576
19250276,28836,24576
19250511,28840,24576
19250745,28844,24576
19250979,28848,24576
19251214,28852,24576
19251448,28856,24576
19251682,28860,24576
19251917,28864,24576
19252151,28868,24576
19252386,28872,24576
19252620,28876,24576
19252854,28880,24576
19253089,28884,24576
19253323,28888,24576
19253557,28892,24576
19253792,28896,24576
19254026,28900,24576
19254261,28904,24576
19254495,28908,24576
19254729,28912,24576
19254964,28916,24576
19255198,28920,24576
19255432,28924,24576
19255667,28928,24576
19255901,28932,24576
19256136,28936,24576
19256370,28940,24576
19256604,28944,24576
19256839,28948,24576
19257073,28952,24576
19257307,28956,24576
19257542,28960,24576
19257776,28964,24576
19258011,28968,24576
19258245,28972,24576
19258479,28976,24576
19258714,28980,24576
19258948,28984,24576
19259182,28988,24576
19259417,28992,24576
19259651,28996,24576
19259886,29000,24576
19260120,29004,24576
19260354,29008,24576
19260589,29012,24576
19260823,29016,24576
19261057,29020,24576
19261292,29024,24576
19261526,29028,24576
19261761,29032,24576
19261995,29036,24576
19262229,29040,24576
19262464,29044,24576
19262698,29048,24576
19262932,29052,24576
19263167,29056,24576
19263401,29060,24576
19263636,29064,24576
19263870,29068,24576
19264104,29072,24576
19264339,29076,24576
19264573,29080,24576
19264807,29084,24576
19265042,29088,24576
19265276,29092,24576
19265511,29096,24576
19265745,29100,24576
19265979,29104,24576
19266214,29108,24576
19266448,29112,24576
19266682,29116,24576
19266917,29120,24576
19267151,29124,24576
19267386,29128,24576
19267620,29132,24576
19267854,29136,24576
19268089,29140,24576
19268323,29144,24576
19268557,29148,24576
19268792,29152,24576
19269026,29156,24576
19269261,29160,24576
19269495,29164,24576
19269729,29168,24576
19269964,29172,24576
19270198,29176,24576
19270432,29180,24576
19270667,29184,24576
19270901,29188,24576
19271136,29192,24576
19271370,29196,24576
19271604,29200,24576
19271839,29204,24576
19272073,29208,24576
19272307,29212,24576
19272542,29216,24576
19272776,29220,24576
19273011,29224,24576
19273245,29228,24576
19273479,29232,24576
19273714,29236,24576
19273948,29240,24576
19274182,29244,24576
19274417,29248,24576
19274651,29252,24576
19274886,29256,24576
19275120,29260,24576
19275354,29264,24576
19275589,29268,24576
19275823,29272,24576
19276057,29276,24576
19276292,29280,24576
19276526,29284,24576
19276761,29288,24576
19276995,29292,24576
19277229,29296,24576
19277464,29300,24576
19277698,29304,24576
19277932,29308,24576
19278167,29312,24576
19278401,29316,24576
19278636,29320,24576
19278870,29324,24576
19279104,29328,24576
19279339,29332,24576
19279573,29336,24576
19279807,29340,24576
19280042,29344,24576
19280276,29348,24576
19280511,29352,24576
19280745,29356,24576
19280979,29360,24576
19281214,29364,24576
19281448,29368,24576
19281682,29372,24576
19281917,29376,24576
19282151,29380,24576
19282386,29384,24576
19282620,29388,24576
19282854,29392,24576
19283089,29396,24576
19283323,29400,24576
19283557,29404,24576
19283792,29408,24576
19284026,29412,24576
19284261,29416,24576
19284495,29420,24576
19284729,29424,24576
19284964,29428,24576
19285198,29432,24576
19285432,29436,24576
19285667,29440,24576
19285901,29444,24576
19286136,29448,24576
19286370,29452,24576
19286604,29456,24576
19286839,29460,24576
19287073,29464,24576
19287307,29468,24576
19287542,29472,24576
19287776,29476,24576
19288011,29480,24576
19288245,29484,24576
19288479,29488,24576
19288714,29492,24576
19288948,29496,24576
19289182,29500,24576
19289417,29504,24576
19289651,29508,24576
19289886,29512,24576
19290120,29516,24576
19290354,29520,24576
19290589,29524,24576
19290823,29528,24576
19291057,29532,24576
19291292,29536,24576
19291526,29540,24576
19291761,29544,24576
19291995,29548,24576
19292229,29552,24576
19292464,29556,24576
19292698,29560,24576
19292932,29564,24576
19293167,29568,24576
19293401,29572,24576
19293636,29576,24576
19293870,29580,24576
19294104,29584,24576
19294339,29588,24576
19294573,29592,24576
19294807,29596,24576
19295042,29600,24576
19295276,29604,24576
19295511,29608,24576
19295745,29612,24576
19295979,29616,24576
19296214,29620,24576
19296448,29624,24576
19296682,29628,24576
19296917,29632,24576
19297151,29636,24576
19297386,29640,24576
19297620,29644,24576
19297854,29648,24576
19298089,29652,24576
19298323,29656,24576
19298557,29660,24576
19298792,29664,24576
19299026,29668,24576
19299261,29672,24576
19299495,29676,24576
19299729,29680,24576
19299964,29684,24576
19300198,29688,24576
19300432,29692,24576
19300667,29696,24576
19300901,29700,24576
19301136,29704,24576
19301370,29708,24576
19301604,29712,24576
19301839,29716,24576
19302073,29720,24576
19302307,29724,24576
19302542,29728,24576
19302776,29732,24576
19303011,29736,24576
19303245,29740,24576
19303479,29744,24576
19303714,29748,24576
19303948,29752,24576
19304182,29756,24576
19304417,29760,24576
19304651,29764,24576
19304886,29768,24576
19305120,29772,24576
19305354,29776,24576
19305589,29780,24576
19305823,29784,24576
19306057,29788,24576
19306292,29792,24576
19306526,29796,24576
19306761,29800,24576
19306995,29804,24576
19307229,29808,24576
19307464,29812,24576
19307698,29816,24576
19307932,29820,24576
19308167,29824,24576
19308401,29828,24576
19308636,29832,24576
19308870,29836,24576
19309104,29840,24576
19309339,29844,24576
19309573,29848,24576
19309807,29852,24576
19310042,29856,24576
19310276,29860,24576
19310511,29864,24576
19310745,29868,24576
19310979,29872,24576
19311214,29876,24576
19311448,29880,24576
19311682,29884,24576
19311917,29888,24576
19312151,29892,24576
19312386,29896,24576
19312620,29900,24576
19312854,29904,24576
19313089,29908,24576
19313323,29912,24576
19313557,29916,24576
19313792,29920,24576
19314026,29924,24576
19314261,29928,24576
19314495,29932,24576
19314729,29936,24576
19314964,29940,24576
19315198,29944,24576
19315432,29948,24576
19315667,29952,24576
19315901,29956,24576
19316136,29960,24576
19316370,29964,24576
19316604,29968,24576
19316839,29972,24576
19317073,29976,24576
19317307,29980,24576
19317542,29984,24576
19317776,29988,24576
19318011,29992,24576
19318245,29996,24576
19318479,30000,24576
19318714,30004,24576
19318948,30008,24576
19319182,30012,24576
19319417,30016,24576
19319651,30020,24576
19319886,30024,24576
19320120,30028,24576
19320354,30032,24576
19320589,30036,24576
19320823,30040,24576
19321057,30044,24576
19321292,30048,24576
19321526,30052,24576
19321761,30056,24576
19321995,30060,24576
19322229,30064,24576
19322464,30068,24576
19322698,30072,24576
19322932,30076,24576
19323167,30080,24576
19323401,30084,24576
19323636,30088,24576
19323870,30092,24576
19324104,30096,24576
19324339,30100,24576
19324573,30104,24576
19324807,30108,24576
19325042,30112,24576
19325276,30116,24576
19325511,30120,24576
19325745,30124,24576
19325979,30128,24576
19326214,30132,24576
19326448,30136,24576
19326682,30140,24576
19326917,30144,24576
19327151,30148,24576
19327386,30152,24576
19327620,30156,24576
19327854,30160,24576
19328089,30164,24576
19328323,30168,24576
19328557,30172,24576
19328792,30176,24576
19329026,30180,24576
19329261,30184,24576
19329495,30188,24576
19329729,30192,24576
19329964,30196,24576
19330198,30200,24576
19330432,30204,24576
19330667,30208,24576
19330901,30212,24576
19331136,30216,24576
19331370,30220,24576
19331604,30224,24576
19331839,30228,24576
19332073,30232,24576
19332307,30236,24576
19332542,30240,24576
19332776,30244,24576
19333011,30248,24576
19333245,30252,24576
19333479,30256,24576
19333714,30260,24576
19333948,30264,24576
19334182,30268,24576
19334417,30272,24576
19334651,30276,24576
19334886,30280,24576
19335120,30284,24576
19335354,30288,24576
19335589,30292,24576
19335823,30296,24576
19336057,30300,24576
19336292,30304,24576
19336526,30308,24576
19336761,30312,24576
19336995,30316,24576
19337229,30320,24576
19337464,30324,24576
19337698,30328,24576
19337932,30332,24576
19338167,30336,24576
19338401,30340,24576
19338636,30344,24576
19338870,30348,24576
19339104,30352,24576
19339339,30356,24576
19339573,30360,24576
19339807,30364,24576
19340042,30368,24576
19340276,30372,24576
19340511,30376,24576
19340745,30380,24576
19340979,30384,24576
19341214,30388,24576
19341448,30392,24576
19341682,30396,24576
19341917,30400,24576
19342151,30404,24576
19342386,30408,24576
19342620,30412,24576
19342854,30416,24576
19343089,30420,24576
19343323,30424,24576
19343557,30428,24576
19343792,30432,24576
19344026,30436,24576
19344261,30440,24576
19344495,30444,24576
19344729,30448,24576
19344964,30452,24576
19345198,30456,24576
19345432,30460,24576
19345667,30464,24576
19345901,30468,24576
19346136,30472,24576
19346370,30476,24576
19346604,30480,24576
19346839,30484,24576
19347073,30488,24576
19347307,30492,24576
19347542,30496,24576
19347776,30500,24576
19348011,30504,24576
19348245,30508,24576
19348479,30512,24576
19348714,30516,24576
19348948,30520,24576
19349182,30524,24576
19349417,30528,24576
19349651,30532,24576
19349886,30536,24576
19350120,30540,24576
19350354,30544,24576
19350589,30548,24576
19350823,30552,24576
19351057,30556,24576
19351292,30560,24576
19351526,30564,24576
19351761,30568,24576
19351995,30572,24576
19352229,30576,24576
19352464,30580,24576
19352698,30584,24576
19352932,30588,24576
19353167,30592,24576
19353401,30596,24576
19353636,30600,24576
19353870,30604,24576
19354104,30608,24576
19354339,30612,24576
19354573,30616,24576
19354807,30620,24576
19355042,30624,24576
19355276,30628,24576
19355511,30632,24576
19355745,30636,24576
19355979,30640,24576
19356214,30644,24576
19356448,30648,24576
19356682,30652,24576
19356917,30656,24576
19357151,30660,24576
19357386,30664,24576
19357620,30668,24576
19357854,30672,24576
19358089,30676,24576
19358323,30680,24576
19358557,30684,24576
19358792,30688,24576
19359026,30692,24576
19359261,30696,24576
19359495,30700,24576
19359729,30704,24576
19359964,30708,24576
19360198,30712,24576
19360432,30716,24576
19360667,30720,24576
19360901,30724,24576
19361136,30728,24576
19361370,30732,24576
19361604,30736,24576
19361839,30740,24576
19362073,30744,24576
19362307,30748,24576
19362542,30752,24576
19362776,30756,24576
19363011,30760,24576
19363245,30764,24576
19363479,30768,24576
19363714,30772,24576
19363948,30776,24576
19364182,30780,24576
19364417,30784,24576
19364651,30788,24576
19364886,30792,24576
19365120,30796,24576
19365354,30800,24576
19365589,30804,24576
19365823,30808,24576
19366057,30812,24576
19366292,30816,24576
19366526,30820,24576
19366761,30824,24576
19366995,30828,24576
19367229,30832,24576
19367464,30836,24576
19367698,30840,24576
19367932,30844,24576
19368167,30848,24576
19368401,30852,24576
19368636,30856,24576
19368870,30860,24576
19369104,30864,24576
19369339,30868,24576
19369573,30872,24576
19369807,30876,24576
19370042,30880,24576
19370276,30884,24576
19370511,30888,24576
19370745,30892,24576
19370979,30896,24576
19371214,30900,24576
19371448,30904,24576
19371682,30908,24576
19371917,30912,24576
19372151,30916,24576
19372386,30920,24576
19372620,30924,24576
19372854,30928,24576
19373089,30932,24576
19373323,30936,24576
19373557,30940,24576
19373792,30944,24576
19374026,30948,24576
19374261,30952,24576
19374495,30956,24576
19374729,30960,24576
19374964,30964,24576
19375198,30968,24576
19375432,30972,24576
19375667,30976,24576
19375901,30980,24576
19376136,30984,24576
19376370,30988,24576
19376604,30992,24576
19376839,30996,24576
19377073,31000,24576
19377307,31004,24576
19377542,31008,24576
19377776,31012,24576
19378011,31016,24576
19378245,31020,24576
19378479,31024,24576
19378714,31028,24576
19378948,31032,24576
19379182,31036,24576
19379417,31040,24576
19379651,31044,24576
19379886,31048,24576
19380120,31052,24576
19380354,31056,24576
19380589,31060,24576
19380823,31064,24576
19381057,31068,24576
19381292,31072,24576
19381526,31076,24576
19381761,31080,24576
19381995,31084,24576
19382229,31088,24576
19382464,31092,24576
19382698,31096,24576
19382932,31100,24576
19383167,31104,24576
19383401,31108,24576
19383636,31112,24576
19383870,31116,24576
19384104,31120,24576
19384339,31124,24576
19384573,31128,24576
19384807,31132,24576
19385042,31136,24576
19385276,31140,24576
19385511,31144,24576
19385745,31148,24576
19385979,31152,24576
19386214,31156,24576
19386448,31160,24576
19386682,31164,24576
19386917,31168,24576
19387151,31172,24576
19387386,31176,24576
19387620,31180,24576
19387854,31184,24576
19388089,31188,24576
19388323,31192,24576
19388557,31196,24576
19388792,31200,24576
19389026,31204,24576
19389261,31208,24576
19389495,31212,24576
19389729,31216,24576
19389964,31220,24576
19390198,31224,24576
19390432,31228,24576
19390667,31232,24576
19390901,31236,24576
19391136,31240,24576
19391370,31244,24576
19391604,31248,24576
19391839,31252,24576
19392073,31256,24576
19392307,31260,24576
19392542,31264,24576
19392776,31268,24576
19393011,31272,24576
19393245,31276,24576
19393479,31280,24576
19393714,31284,24576
19393948,31288,24576
19394182,31292,24576
19394417,31296,24576
19394651,31300,24576
19394886,31304,24576
19395120,31308,24576
19395354,31312,24576
19395589,31316,24576
19395823,31320,24576
19396057,31324,24576
19396292,31328,24576
19396526,31332,24576
19396761,31336,24576
19396995,31340,24576
19397229,31344,24576
19397464,31348,24576
19397698,31352,24576
19397932,31356,24576
19398167,31360,24576
19398401,31364,24576
19398636,31368,24576
19398870,31372,24576
19399104,31376,24576
19399339,31380,24576
19399573,31384,24576
19399807,31388,24576
19400042,31392,24576
19400276,31396,24576
19400511,31400,24576
19400745,31404,24576
19400979,31408,24576
19401214,31412,24576
19401448,31416,24576
19401682,31420,24576
19401917,31424,24576
19402151,31428,24576
19402386,31432,24576
19402620,31436,24576
19402854,31440,24576
19403089,31444,24576
19403323,31448,24576
19403557,31452,24576
19403792,31456,24576
19404026,31460,24576
19404261,31464,24576
19404495,31468,24576
19404729,31472,24576
19404964,31476,24576
19405198,31480,24576
19405432,31484,24576
19405667,31488,24576
19405901,31492,24576
19406136,31496,24576
19406370,31500,24576
19406604,31504,24576
19406839,31508,24576
19407073,31512,24576
19407307,31516,24576
19407542,31520,24576
19407776,31524,24576
19408011,31528,24576
19408245,31532,24576
19408479,31536,24576
19408714,31540,24576
19408948,31544,24576
19409182,31548,24576
19409417,31552,24576
19409651,31556,24576
19409886,31560,24576
19410120,31564,24576
19410354,31568,24576
19410589,31572,24576
19410823,31576,24576
19411057,31580,24576
19411292,31584,24576
19411526,31588,24576
19411761,31592,24576
19411995,31596,24576
19412229,31600,24576
19412464,31604,24576
19412698,31608,24576
19412932,31612,24576
19413167,31616,24576
19413401,31620,24576
19413636,31624,24576
19413870,31628,24576
19414104,31632,24576
19414339,31636,24576
19414573,31640,24576
19414807,31644,24576
19415042,31648,24576
19415276,31652,24576
19415511,31656,24576
19415745,31660,24576
19415979,31664,24576
19416214,31668,24576
19416448,31672,24576
19416682,31676,24576
19416917,31680,24576
19417151,31684,24576
19417386,31688,24576
19417620,31692,24576
19417854,31696,24576
19418089,31700,24576
19418323,31704,24576
19418557,31708,24576
19418792,31712,24576
19419026,31716,24576
19419261,31720,24576
19419495,31724,24576
19419729,31728,24576
19419964,31732,24576
19420198,31736,24576
19420432,31740,24576
19420667,31744,24576
19420901,31748,24576
19421136,31752,24576
19421370,31756,24576
19421604,31760,24576
19421839,31764,24576
19422073,31768,24576
19422307,31772,24576
19422542,31776,24576
19422776,31780,24576
19423011,31784,24576
19423245,31788,24576
19423479,31792,24576
19423714,31796,24576
19423948,31800,24576
19424182,31804,24576
19424417,31808,24576
19424651,31812,24576
19424886,31816,24576
19425120,31820,24576
19425354,31824,24576
19425589,31828,24576
19425823,31832,24576
19426057,31836,24576
19426292,31840,24576
19426526,31844,24576
19426761,31848,24576
19426995,31852,24576
19427229,31856,24576
19427464,31860,24576
19427698,31864,24576
19427932,31868,24576
19428167,31872,24576
19428401,31876,24576
19428636,31880,24576
19428870,31884,24576
19429104,31888,24576
19429339,31892,24576
19429573,31896,24576
19429807,31900,24576
19430042,31904,24576
19430276,31908,24576
19430511,31912,24576
19430745,31916,24576
19430979,31920,24576
19431214,31924,24576
19431448,31928,24576
19431682,31932,24576
19431917,31936,24576
19432151,31940,24576
19432386,31944,24576
19432620,31948,24576
19432854,31952,24576
19433089,31956,24576
19433323,31960,24576
19433557,31964,24576
19433792,31968,24576
19434026,31972,24576
19434261,31976,24576
19434495,31980,24576
19434729,31984,24576
19434964,31988,24576
19435198,31992,24576
19435432,31996,24576
19435667,32000,24576
19435901,32004,24576
19436136,32008,24576
19436370,32012,24576
19436604,32016,24576
19436839,32020,24576
19437073,32024,24576
19437307,32028,24576
19437542,32032,24576
19437776,32036,24576
19438011,32040,24576
19438245,32044,24576
19438479,32048,24576
19438714,32052,24576
19438948,32056,24576
19439182,32060,24576
19439417,32064,24576
19439651,32068,24576
19439886,32072,24576
19440120,32076,24576
19440354,32080,24576
19440589,32084,24576
19440823,32088,24576
19441057,32092,24576
19441292,32096,24576
19441526,32100,24576
19441761,32104,24576
19441995,32108,24576
19442229,32112,24576
19442464,32116,24576
19442698,32120,24576
19442932,32124,24576
19443167,32128,24576
19443401,32132,24576
19443636,32136,24576
19443870,32140,24576
19444104,32144,24576
19444339,32148,24576
19444573,32152,24576
19444807,32156,24576
19445042,32160,24576
19445276,32164,24576
19445511,32168,24576
19445745,32172,24576
19445979,32176,24576
19446214,32180,24576
19446448,32184,24576
19446682,32188,24576
19446917,32192,24576
19447151,32196,24576
19447386,32200,24576
19447620,32204,24576
19447854,32208,24576
19448089,32212,24576
19448323,32216,24576
19448557,32220,24576
19448792,32224,24576
19449026,32228,24576
19449261,32232,24576
19449495,32236,24576
19449729,32240,24576
19449964,32244,24576
19450198,32248,24576
19450432,32252,24576
19450667,32256,24576
19450901,32260,24576
19451136,32264,24576
19451370,32268,24576
19451604,32272,24576
19451839,32276,24576
19452073,32280,24576
19452307,32284,24576
19452542,32288,24576
19452776,32292,24576
19453011,32296,24576
19453245,32300,24576
19453479,32304,24576
19453714,32308,24576
19453948,32312,24576
19454182,32316,24576
19454417,32320,24576
19454651,32324,24576
19454886,32328,24576
19455120,32332,24576
19455354,32336,24576
19455589,32340,24576
19455823,32344,24576
19456057,32348,24576
19456292,32352,24576
19456526,32356,24576
19456761,32360,24576
19456995,32364,24576
19457229,32368,24576
19457464,32372,24576
19457698,32376,24576
19457932,32380,24576
19458167,32384,24576
19458401,32388,24576
19458636,32392,24576
19458870,32396,24576
19459104,32400,24576
19459339,32404,24576
19459573,32408,24576
19459807,32412,24576
19460042,32416,24576
19460276,32420,24576
19460511,32424,24576
19460745,32428,24576
19460979,32432,24576
19461214,32436,24576
19461448,32440,24576
19461682,32444,24576
19461917,32448,24576
19462151,32452,24576
19462386,32456,24576
19462620,32460,24576
19462854,32464,24576
19463089,32468,24576
19463323,32472,24576
19463557,32476,24576
19463792,32480,24576
19464026,32484,24576
19464261,32488,24576
19464495,32492,24576
19464729,32496,24576
19464964,32500,24576
19465198,32504,24576
19465432,32508,24576
19465667,32512,24576
19465901,32516,24576
19466136,32520,24576
19466370,32524,24576
19466604,32528,24576
19466839,32532,24576
19467073,32536,24576
19467307,32540,24576
19467542,32544,24576
19467776,32548,24576
19468011,32552,24576
19468245,32556,24576
19468479,32560,24576
19468714,32564,24576
19468948,32568,24576
19469182,32572,24576
19469417,32576,24576
19469651,32580,24576
19469886,32584,24576
19470120,32588,24576
19470354,32592,24576
19470589,32596,24576
19470823,32600,24576
19471057,32604,24576
19471292,32608,24576
19471526,32612,24576
19471761,32616,24576
19471995,32620,24576
19472229,32624,24576
19472464,32628,24576
19472698,32632,24576
19472932,32636,24576
19473167,32640,24576
19473401,32644,24576
19473636,32648,24576
19473870,32652,24576
19474104,32656,24576
19474339,32660,24576
19474573,32664,24576
19474807,32668,24576
19475042,32672,24576
19475276,32676,24576
19475511,32680,24576
19475745,32684,24576
19475979,32688,24576
19476214,32692,24576
19476448,32696,24576
19476682,32700,24576
19476917,32704,24576
19477151,32708,24576
19477386,32712,24576
19477620,32716,24576
19477854,32720,24576
19478089,32724,24576
19478323,32728,24576
19478557,32732,24576
19478792,32736,24576
19479026,32740,24576
19479261,32744,24576
19479495,32748,24576
19479729,32752,24576
19479964,32756,24576
19480198,32760,24576
19480432,32764,24576
21168784,32764,0
21169488,32764,-3276
21592580,32760,-3276
21594338,32756,-3276
21596096,32752,-3276
21597854,32748,-3276
21599613,32744,-3276
21601371,32740,-3276
21603129,32736,-3276
21604887,32732,-3276
21606646,32728,-3276
21608404,32724,-3276
21610162,32720,-3276
21611920,32716,-3276
21613678,32712,-3276
21615437,32708,-3276
21617195,32704,-3276
21618953,32700,-3276
21620711,32696,-3276
21622470,32692,-3276
21624228,32688,-3276
21625986,32684,-3276
21627744,32680,-3276
21629503,32676,-3276
21631261,32672,-3276
21633019,32668,-3276
21634777,32664,-3276
21636536,32660,-3276
21638294,32656,-3276
21640052,32652,-3276
21641810,32648,-3276
21643569,32644,-3276
21645327,32640,-3276
21647085,32636,-3276
21648843,32632,-3276
21650602,32628,-3276
21652360,32624,-3276
21654118,32620,-3276
21655876,32616,-3276
21657635,32612,-3276
21659393,32608,-3276
21661151,32604,-3276
21662909,32600,-3276
21664668,32596,-3276
21666426,32592,-3276
21668184,32588,-3276
21669942,32584,-3276
21671700,32580,-3276
21673459,32576,-3276
21675217,32572,-3276
21676975,32568,-3276
21678733,32564,-3276
21680492,32560,-3276
21682250,32556,-3276
21684008,32552,-3276
21685766,32548,-3276
21687525,32544,-3276
21689283,32540,-3276
21691041,32536,-3276
21692799,32532,-3276
21694558,32528,-3276
21696316,32524,-3276
21698074,32520,-3276
21699832,32516,-3276
21701591,32512,-3276
21703349,32508,-3276
21705107,32504,-3276
21706865,32500,-3276
21708624,32496,-3276
21710382,32492,-3276
21712140,32488,-3276
21713898,32484,-3276
21715657,32480,-3276
21717415,32476,-3276
21719173,32472,-3276
21720931,32468,-3276
21722689,32464,-3276
21724448,32460,-3276
21726206,32456,-3276
21727964,32452,-3276
21729722,32448,-3276
21731481,32444,-3276
21733239,32440,-3276
21734997,32436,-3276
21736755,32432,-3276
21738514,32428,-3276
21740272,32424,-3276
21742030,32420,-3276
21743788,32416,-3276
21745547,32412,-3276
21747305,32408,-3276
21749063,32404,-3276
21750821,32400,-3276
21752580,32396,-3276
21754338,32392,-3276
21756096,32388,-3276
21757854,32384,-3276
21759613,32380,-3276
21761371,32376,-3276
21763129,32372,-3276
21764887,32368,-3276
21766646,32364,-3276
21768404,32360,-3276
21770162,32356,-3276
21771920,32352,-3276
21773678,32348,-3276
21775437,32344,-3276
21777195,32340,-3276
21778953,32336,-3276
21780711,32332,-3276
21782470,32328,-3276
21784228,32324,-3276
21785986,32320,-3276
21787744,32316,-3276
21789503,32312,-3276
21791261,32308,-3276
21793019,32304,-3276
21794777,32300,-3276
21796536,32296,-3276
21798294,32292,-3276
21800052,32288,-3276
21801810,32284,-3276
21803569,32280,-3276
21805327,32276,-3276
21807085,32272,-3276
21808843,32268,-3276
21810602,32264,-3276
21812360,32260,-3276
21814118,32256,-3276
21815876,32252,-3276
21817635,32248,-3276
21819393,32244,-3276
21821151,32240,-3276
21822909,32236,-3276
21824668,32232,-3276
21826426,32228,-3276
21828184,32224,-3276
21829942,32220,-3276
21831700,32216,-3276
21833459,32212,-3276
21835217,32208,-3276
21836975,32204,-3276
21838733,32200,-3276
21840492,32196,-3276
21842250,32192,-3276
21844008,32188,-3276
21845766,32184,-3276
21847525,32180,-3276
21849283,32176,-3276
21851041,32172,-3276
21852799,32168,-3276
21854558,32164,-3276
21856316,32160,-3276
21858074,32156,-3276
21859832,32152,-3276
21861591,32148,-3276
21863349,32144,-3276
21865107,32140,-3276
21866865,32136,-3276
21868624,32132,-3276
21870382,32128,-3276
21872140,32124,-3276
21873898,32120,-3276
21875657,32116,-3276
21877415,32112,-3276
21879173,32108,-3276
21880931,32104,-3276
21882689,32100,-3276
21884448,32096,-3276
21886206,32092,-3276
21887964,32088,-3276
21889722,32084,-3276
21891481,32080,-3276
21893239,32076,-3276
21894997,32072,-3276
21896755,32068,-3276
21898514,32064,-3276
21900272,32060,-3276
21902030,32056,-3276
21903788,32052,-3276
21905547,32048,-3276
21907305,32044,-3276
21909063,32040,-3276
21910821,32036,-3276
21912580,32032,-3276
21914338,32028,-3276
21916096,32024,-3276
21917854,32020,-3276
21919613,32016,-3276
21921371,32012,-3276
21923129,32008,-3276
21924887,32004,-3276
21926646,32000,-3276
21928404,31996,-3276
21930162,31992,-3276
21931920,31988,-3276
21933678,31984,-3276
21935437,31980,-3276
21937195,31976,-3276
21938953,31972,-3276
21940711,31968,-3276
21942470,31964,-3276
21944228,31960,-3276
21945986,31956,-3276
21947744,31952,-3276
21949503,31948,-3276
21951261,31944,-3276
21953019,31940,-3276
21954777,31936,-3276
21956536,31932,-3276
21958294,31928,-3276
21960052,31924,-3276
21961810,31920,-3276
21963569,31916,-3276
21965327,31912,-3276
21967085,31908,-3276
21968843,31904,-3276
21970602,31900,-3276
21972360,31896,-3276
21974118,31892,-3276
21975876,31888,-3276
21977635,31884,-3276
21979393,31880,-3276
21981151,31876,-3276
21982909,31872,-3276
21984668,31868,-3276
21986426,31864,-3276
21988184,31860,-3276
21989942,31856,-3276
21991700,31852,-3276
21993459,31848,-3276
21995217,31844,-3276
21996975,31840,-3276
21998733,31836,-3276
22000492,31832,-3276
22002250,31828,-3276
22004008,31824,-3276
22005766,31820,-3276
22007525,31816,-3276
22009283,31812,-3276
22011041,31808,-3276
22012799,31804,-3276
22014558,31800,-3276
22016316,31796,-3276
22018074,31792,-3276
22019832,31788,-3276
22021591,31784,-3276
22023349,31780,-3276
22025107,31776,-3276
22026865,31772,-3276
22028624,31768,-3276
22030382,31764,-3276
22032140,31760,-3276
22033898,31756,-3276
22035657,31752,-3276
22037415,31748,-3276
22039173,31744,-3276
22040931,31740,-3276
22042689,31736,-3276
22044448,31732,-3276
22046206,31728,-3276
22047964,31724,-3276
22049722,31720,-3276
22051481,31716,-3276
22053239,31712,-3276
22054997,31708,-3276
22056755,31704,-3276
22058514,31700,-3276
22060272,31696,-3276
22062030,31692,-3276
22063788,31688,-3276
22065547,31684,-3276
22067305,31680,-3276
22069063,31676,-3276
22070821,31672,-3276
22072580,31668,-3276
22074338,31664,-3276
22076096,31660,-3276
22077854,31656,-3276
22079613,31652,-3276
22081371,31648,-3276
22083129,31644,-3276
22084887,31640,-3276
22086646,31636,-3276
22088404,31632,-3276
22090162,31628,-3276
22091920,31624,-3276
22093678,31620,-3276
22095437,31616,-3276
22097195,31612,-3276
22098953,31608,-3276
22100711,31604,-3276
22102470,31600,-3276
22104228,31596,-3276
22105986,31592,-3276
22107744,31588,-3276
22109503,31584,-3276
22111261,31580,-3276
22113019,31576,-3276
22114777,31572,-3276
22116536,31568,-3276
22118294,31564,-3276
22120052,31560,-3276
22121810,31556,-3276
22123569,31552,-3276
22125327,31548,-3276
22127085,31544,-3276
22128843,31540,-3276
22130602,31536,-3276
22132360,31532,-3276
22134118,31528,-3276
22135876,31524,-3276
22137635,31520,-3276
22139393,31516,-3276
22141151,31512,-3276
22142909,31508,-3276
22144668,31504,-3276
22146426,31500,-3276
22148184,31496,-3276
22149942,31492,-3276
22151700,31488,-3276
22153459,31484,-3276
22155217,31480,-3276
22156975,31476,-3276
22158733,31472,-3276
22160492,31468,-3276
22162250,31464,-3276
22164008,31460,-3276
22165766,31456,-3276
22167525,31452,-3276
22169283,31448,-3276
22171041,31444,-3276
22172799,31440,-3276
22174558,31436,-3276
22176316,31432,-3276
22178074,31428,-3276
22179832,31424,-3276
22181591,31420,-3276
22183349,31416,-3276
22185107,31412,-3276
22186865,31408,-3276
22188624,31404,-3276
22190382,31400,-3276
22192140,31396,-3276
22193898,31392,-3276
22195657,31388,-3276
22197415,31384,-3276
22199173,31380,-3276
22200931,31376,-3276
22202689,31372,-3276
22204448,31368,-3276
22206206,31364,-3276
22207964,31360,-3276
22209722,31356,-3276
22211481,31352,-3276
22213239,31348,-3276
22214997,31344,-3276
22216755,31340,-3276
22218514,31336,-3276
22220272,31332,-3276
22222030,31328,-3276
22223788,31324,-3276
22225547,31320,-3276
22227305,31316,-3276
22229063,31312,-3276
22230821,31308,-3276
22232580,31304,-3276
22234338,31300,-3276
22236096,31296,-3276
22237854,31292,-3276
22239613,31288,-3276
22241371,31284,-3276
22243129,31280,-3276
22244887,31276,-3276
22246646,31272,-3276
22248404,31268,-3276
22250162,31264,-3276
22251920,31260,-3276
22253678,31256,-3276
22255437,31252,-3276
22257195,31248,-3276
22258953,31244,-3276
22260711,31240,-3276
22262470,31236,-3276
22264228,31232,-3276
22265986,31228,-3276
22267744,31224,-3276
22269503,31220,-3276
22271261,31216,-3276
22273019,31212,-3276
22274777,31208,-3276
22276536,31204,-3276
22278294,31200,-3276
22280052,31196,-3276
22281810,31192,-3276
22283569,31188,-3276
22285327,31184,-3276
22287085,31180,-3276
22288843,31176,-3276
22290602,31172,-3276
22292360,31168,-3276
22294118,31164,-3276
22295876,31160,-3276
22297635,31156,-3276
22299393,31152,-3276
22301151,31148,-3276
22302909,31144,-3276
22304668,31140,-3276
22306426,31136,-3276
22308184,31132,-3276
22309942,31128,-3276
22311700,31124,-3276
22313459,31120,-3276
22315217,31116,-3276
22316975,31112,-3276
22318733,31108,-3276
22320492,31104,-3276
22322250,31100,-3276
22324008,31096,-3276
22325766,31092,-3276
22327525,31088,-3276
22329283,31084,-3276
22331041,31080,-3276
22332799,31076,-3276
22334558,31072,-3276
22336316,31068,-3276
22338074,31064,-3276
22339832,31060,-3276
22341591,31056,-3276
22343349,31052,-3276
22345107,31048,-3276
22346865,31044,-3276
22348624,31040,-3276
22350382,31036,-3276
22352140,31032,-3276
22353898,31028,-3276
22355657,31024,-3276
22357415,31020,-3276
22359173,31016,-3276
22360931,31012,-3276
22362689,31008,-3276
22364448,31004,-3276
22366206,31000,-3276
22367964,30996,-3276
22369722,30992,-3276
22371481,30988,-3276
22373239,30984,-3276
22374997,30980,-3276
22376755,30976,-3276
22378514,30972,-3276
22380272,30968,-3276
22382030,30964,-3276
22383788,30960,-3276
22385547,30956,-3276
22387305,30952,-3276
22389063,30948,-3276
22390821,30944,-3276
22392580,30940,-3276
22394338,30936,-3276
22396096,30932,-3276
22397854,30928,-3276
22399613,30924,-3276
22401371,30920,-3276
22403129,30916,-3276
22404887,30912,-3276
22406646,30908,-3276
22408404,30904,-3276
22410162,30900,-3276
22411920,30896,-3276
22413678,30892,-3276
22415437,30888,-3276
22417195,30884,-3276
22418953,30880,-3276
22420711,30876,-3276
22422470,30872,-3276
22424228,30868,-3276
22425986,30864,-3276
22427744,30860,-3276
22429503,30856,-3276
22431261,30852,-3276
22433019,30848,-3276
22434777,30844,-3276
22436536,30840,-3276
22438294,30836,-3276
22440052,30832,-3276
22441810,30828,-3276
22443569,30824,-3276
22445327,30820,-3276
22447085,30816,-3276
22448843,30812,-3276
22450602,30808,-3276
22452360,30804,-3276
22454118,30800,-3276
22455876,30796,-3276
22457635,30792,-3276
22459393,30788,-3276
22461151,30784,-3276
22462909,30780,-3276
22464668,30776,-3276
22466426,30772,-3276
22468184,30768,-3276
22469942,30764,-3276
22471700,30760,-3276
22473459,30756,-3276
22475217,30752,-3276
22476975,30748,-3276
22478733,30744,-3276
22480492,30740,-3276
22482250,30736,-3276
22484008,30732,-3276
22485766,30728,-3276
22487525,30724,-3276
22489283,30720,-3276
22491041,30716,-3276
22492799,30712,-3276
22494558,30708,-3276
22496316,30704,-3276
22498074,30700,-3276
22499832,30696,-3276
22501591,30692,-3276
22503349,30688,-3276
22505107,30684,-3276
22506865,30680,-3276
22508624,30676,-3276
22510382,30672,-3276
22512140,30668,-3276
22513898,30664,-3276
22515657,30660,-3276
22517415,30656,-3276
22519173,30652,-3276
22520931,30648,-3276
22522689,30644,-3276
22524448,30640,-3276
22526206,30636,-3276
22527964,30632,-3276
22529722,30628,-3276
22531481,30624,-3276
22533239,30620,-3276
22534997,30616,-3276
22536755,30612,-3276
22538514,30608,-3276
22540272,30604,-3276
22542030,30600,-3276
22543788,30596,-3276
22545547,30592,-3276
22547305,30588,-3276
22549063,30584,-3276
22550821,30580,-3276
22552580,30576,-3276
22554338,30572,-3276
22556096,30568,-3276
22557854,30564,-3276
22559613,30560,-3276
22561371,30556,-3276
22563129,30552,-3276
22564887,30548,-3276
22566646,30544,-3276
22568404,30540,-3276
22570162,30536,-3276
22571920,30532,-3276
22573678,30528,-3276
22575437,30524,-3276
22577195,30520,-3276
22578953,30516,-3276
22580711,30512,-3276
22582470,30508,-3276
22584228,30504,-3276
22585986,30500,-3276
22587744,30496,-3276
22589503,30492,-3276
22591261,30488,-3276
22593019,30484,-3276
22594777,30480,-3276
22596536,30476,-3276
22598294,30472,-3276
22600052,30468,-3276
22601810,30464,-3276
22603569,30460,-3276
22605327,30456,-3276
22607085,30452,-3276
22608843,30448,-3276
22610602,30444,-3276
22612360,30440,-3276
22614118,30436,-3276
22615876,30432,-3276
22617635,30428,-3276
22619393,30424,-3276
22621151,30420,-3276
22622909,30416,-3276
22624668,30412,-3276
22626426,30408,-3276
22628184,30404,-3276
22629942,30400,-3276
22631700,30396,-3276
22633459,30392,-3276
22635217,30388,-3276
22636975,30384,-3276
22638733,30380,-3276
22640492,30376,-3276
22642250,30372,-3276
22644008,30368,-3276
22645766,30364,-3276
22647525,30360,-3276
22649283,30356,-3276
22651041,30352,-3276
22652799,30348,-3276
22654558,30344,-3276
22656316,30340,-3276
22658074,30336,-3276
22659832,30332,-3276
22661591,30328,-3276
22663349,30324,-3276
22665107,30320,-3276
22666865,30316,-3276
22668624,30312,-3276
22670382,30308,-3276
22672140,30304,-3276
22673898,30300,-3276
22675657,30296,-3276
22677415,30292,-3276
22679173,30288,-3276
22680931,30284,-3276
22682689,30280,-3276
22684448,30276,-3276
22686206,30272,-3276
22687964,30268,-3276
22689722,30264,-3276
22691481,30260,-3276
22693239,30256,-3276
22694997,30252,-3276
22696755,30248,-3276
22698514,30244,-3276
22700272,30240,-3276
22702030,30236,-3276
22703788,30232,-3276
22705547,30228,-3276
22707305,30224,-3276
22709063,30220,-3276
22710821,30216,-3276
22712580,30212,-3276
22714338,30208,-3276
22716096,30204,-3276
22717854,30200,-3276
22719613,30196,-3276
22721371,30192,-3276
22723129,30188,-3276
22724887,30184,-3276
22726646,30180,-3276
22728404,30176,-3276
22730162,30172,-3276
22731920,30168,-3276
22733678,30164,-3276
22735437,30160,-3276
22737195,30156,-3276
22738953,30152,-3276
22740711,30148,-3276
22742470,30144,-3276
22744228,30140,-3276
22745986,30136,-3276
22747744,30132,-3276
22749503,30128,-3276
22751261,30124,-3276
22753019,30120,-3276
22754777,30116,-3276
22756536,30112,-3276
22758294,30108,-3276
22760052,30104,-3276
22761810,30100,-3276
22763569,30096,-3276
22765327,30092,-3276
22767085,30088,-3276
22768843,30084,-3276
22770602,30080,-3276
22772360,30076,-3276
22774118,30072,-3276
22775876,30068,-3276
22777635,30064,-3276
22779393,30060,-3276
22781151,30056,-3276
22782909,30052,-3276
22784668,30048,-3276
22786426,30044,-3276
22788184,30040,-3276
22789942,30036,-3276
22791700,30032,-3276
22793459,30028,-3276
22795217,30024,-3276
22796975,30020,-3276
22798733,30016,-3276
22800492,30012,-3276
22802250,30008,-3276
22804008,30004,-3276
22805766,30000,-3276
22807525,29996,-3276
22809283,29992,-3276
22811041,29988,-3276
22812799,29984,-3276
22814558,29980,-3276
22816316,29976,-3276
22818074,29972,-3276
22819832,29968,-3276
22821591,29964,-3276
22823349,29960,-3276
22825107,29956,-3276
22826865,29952,-3276
22828624,29948,-3276
22830382,29944,-3276
22832140,29940,-3276
22833898,29936,-3276
22835657,29932,-3276
22837415,29928,-3276
22839173,29924,-3276
22840931,29920,-3276
22842689,29916,-3276
22844448,29912,-3276
22846206,29908,-3276
22847964,29904,-3276
22849722,29900,-3276
22851481,29896,-3276
22853239,29892,-3276
22854997,29888,-3276
22856755,29884,-3276
22858514,29880,-3276
22860272,29876,-3276
22862030,29872,-3276
22863788,29868,-3276
22865547,29864,-3276
22867305,29860,-3276
22869063,29856,-3276
22870821,29852,-3276
22872580,29848,-3276
22874338,29844,-3276
22876096,29840,-3276
22877854,29836,-3276
22879613,29832,-3276
22881371,29828,-3276
22883129,29824,-3276
22884887,29820,-3276
22886646,29816,-3276
22888404,29812,-3276
22890162,29808,-3276
22891920,29804,-3276
22893678,29800,-3276
22895437,29796,-3276
22897195,29792,-3276
22898953,29788,-3276
22900711,29784,-3276
22902470,29780,-3276
22904228,29776,-3276
22905986,29772,-3276
22907744,29768,-3276
22909503,29764,-3276
22911261,29760,-3276
22913019,29756,-3276
22914777,29752,-3276
22916536,29748,-3276
22918294,29744,-3276
22920052,29740,-3276
22921810,29736,-3276
22923569,29732,-3276
22925327,29728,-3276
22927085,29724,-3276
22928843,29720,-3276
22930602,29716,-3276
22932360,29712,-3276
22934118,29708,-3276
22935876,29704,-3276
22937635,29700,-3276
22939393,29696,-3276
22941151,29692,-3276
22942909,29688,-3276
22944668,29684,-3276
22946426,29680,-3276
22948184,29676,-3276
22949942,29672,-3276
22951700,29668,-3276
22953459,29664,-3276
22955217,29660,-3276
22956975,29656,-3276
22958733,29652,-3276
22960492,29648,-3276
22962250,29644,-3276
22964008,29640,-3276
22965766,29636,-3276
22967525,29632,-3276
22969283,29628,-3276
22971041,29624,-3276
22972799,29620,-3276
22974558,29616,-3276
22976316,29612,-3276
22978074,29608,-3276
22979832,29604,-3276
22981591,29600,-3276
22983349,29596,-3276
22985107,29592,-3276
22986865,29588,-3276
22988624,29584,-3276
22990382,29580,-3276
22992140,29576,-3276
22993898,29572,-3276
22995657,29568,-3276
22997415,29564,-3276
22999173,29560,-3276
23000931,29556,-3276
23002689,29552,-3276
23004448,29548,-3276
23006206,29544,-3276
23007964,29540,-3276
23009722,29536,-3276
23011481,29532,-3276
23013239,29528,-3276
23014997,29524,-3276
23016755,29520,-3276
23018514,29516,-3276
23020272,29512,-3276
23022030,29508,-3276
23023788,29504,-3276
23025547,29500,-3276
23027305,29496,-3276
23029063,29492,-3276
23030821,29488,-3276
23032580,29484,-3276
23034338,29480,-3276
23036096,29476,-3276
23037854,29472,-3276
23039613,29468,-3276
23041371,29464,-3276
23043129,29460,-3276
23044887,29456,-3276
23046646,29452,-3276
23048404,29448,-3276
23050162,29444,-3276
23051920,29440,-3276
23053678,29436,-3276
23055437,29432,-3276
23057195,29428,-3276
23058953,29424,-3276
23060711,29420,-3276
23062470,29416,-3276
23064228,29412,-3276
23065986,29408,-3276
23067744,29404,-3276
23069503,29400,-3276
23071261,29396,-3276
23073019,29392,-3276
23074777,29388,-3276
23076536,29384,-3276
23078294,29380,-3276
23080052,29376,-3276
23081810,29372,-3276
23083569,29368,-3276
23085327,29364,-3276
23087085,29360,-3276
23088843,29356,-3276
23090602,29352,-3276
23092360,29348,-3276
23094118,29344,-3276
23095876,29340,-3276
23097635,29336,-3276
23099393,29332,-3276
23101151,29328,-3276
23102909,29324,-3276
23104667,29320,-3276
23106426,29316,-3276
23108184,29312,-3276
23109942,29308,-3276
23111700,29304,-3276
23113459,29300,-3276
23115217,29296,-3276
23116975,29292,-3276
23118733,29288,-3276
23120492,29284,-3276
23122250,29280,-3276
23124008,29276,-3276
23125766,29272,-3276
23127525,29268,-3276
23129283,29264,-3276
23131041,29260,-3276
23132799,29256,-3276
23134558,29252,-3276
23136316,29248,-3276
23138074,29244,-3276
23139832,29240,-3276
23141591,29236,-3276
23143349,29232,-3276
23145107,29228,-3276
23146865,29224,-3276
23148624,29220,-3276
23150382,29216,-3276
23152140,29212,-3276
23153898,29208,-3276
23155657,29204,-3276
23157415,29200,-3276
23159173,29196,-3276
23160931,29192,-3276
23162689,29188,-3276
23164448,29184,-3276
23166206,29180,-3276
23167964,29176,-3276
23169722,29172,-3276
23171481,29168,-3276
23173239,29164,-3276
23174997,29160,-3276
23176755,29156,-3276
23178514,29152,-3276
23180272,29148,-3276
23182030,29144,-3276
23183788,29140,-3276
23185547,29136,-3276
23187305,29132,-3276
23189063,29128,-3276
23190821,29124,-3276
23192580,29120,-3276
23194338,29116,-3276
23196096,29112,-3276
23197854,29108,-3276
23199613,29104,-3276
23201371,29100,-3276
23203129,29096,-3276
23204887,29092,-3276
23206646,29088,-3276
23208404,29084,-3276
23210162,29080,-3276
23211920,29076,-3276
23213678,29072,-3276
23215437,29068,-3276
23217195,29064,-3276
23218953,29060,-3276
23220711,29056,-3276
23222470,29052,-3276
23224228,29048,-3276
23225986,29044,-3276
23227744,29040,-3276
23229503,29036,-3276
23231261,29032,-3276
23233019,29028,-3276
23234777,29024,-3276
23236536,29020,-3276
23238294,29016,-3276
23240052,29012,-3276
23241810,29008,-3276
23243569,29004,-3276
23245327,29000,-3276
23247085,28996,-3276
23248843,28992,-3276
23250602,28988,-3276
23252360,28984,-3276
23254118,28980,-3276
23255876,28976,-3276
23257635,28972,-3276
23259393,28968,-3276
23261151,28964,-3276
23262909,28960,-3276
23264667,28956,-3276
23266426,28952,-3276
23268184,28948,-3276
23269942,28944,-3276
23271700,28940,-3276
23273459,28936,-3276
23275217,28932,-3276
23276975,28928,-3276
23278733,28924,-3276
23280492,28920,-3276
23282250,28916,-3276
23284008,28912,-3276
23285766,28908,-3276
23287525,28904,-3276
23289283,28900,-3276
23291041,28896,-3276
23292799,28892,-3276
23294558,28888,-3276
23296316,28884,-3276
23298074,28880,-3276
23299832,28876,-3276
23301591,28872,-3276
23303349,28868,-3276
23305107,28864,-3276
23306865,28860,-3276
23308624,28856,-3276
23310382,28852,-3276
23312140,28848,-3276
23313898,28844,-3276
23315657,28840,-3276
23317415,28836,-3276
23319173,28832,-3276
23320931,28828,-3276
23322689,28824,-3276
23324448,28820,-3276
23326206,28816,-3276
23327964,28812,-3276
23329722,28808,-3276
23331481,28804,-3276
23333239,28800,-3276
23334997,28796,-3276
23336755,28792,-3276
23338514,28788,-3276
23340272,28784,-3276
23342030,28780,-3276
23343788,28776,-3276
23345547,28772,-3276
23347305,28768,-3276
23349063,28764,-3276
23350821,28760,-3276
23352580,28756,-3276
23354338,28752,-3276
23356096,28748,-3276
23357854,28744,-3276
23359613,28740,-3276
23361371,28736,-3276
23363129,28732,-3276
23364887,28728,-3276
23366646,28724,-3276
23368404,28720,-3276
23370162,28716,-3276
23371920,28712,-3276
23373678,28708,-3276
23375437,28704,-3276
23377195,28700,-3276
23378953,28696,-3276
23380711,28692,-3276
23382470,28688,-3276
23384228,28684,-3276
23385986,28680,-3276
23387744,28676,-3276
23389503,28672,-3276
23391261,28668,-3276
23393019,28664,-3276
23394777,28660,-3276
23396536,28656,-3276
23398294,28652,-3276
23400052,28648,-3276
23401810,28644,-3276
23403569,28640,-3276
23405327,28636,-3276
23407085,28632,-3276
23408843,28628,-3276
23410602,28624,-3276
23412360,28620,-3276
23414118,28616,-3276
23415876,28612,-3276
23417635,28608,-3276
23419393,28604,-3276
23421151,28600,-3276
23422909,28596,-3276
23424667,28592,-3276
23426426,28588,-3276
23428184,28584,-3276
23429942,28580,-3276
23431700,28576,-3276
23433459,28572,-3276
23435217,28568,-3276
23436975,28564,-3276
23438733,28560,-3276
23440492,28556,-3276
23442250,28552,-3276
23444008,28548,-3276
23445766,28544,-3276
23447525,28540,-3276
23449283,28536,-3276
23451041,28532,-3276
23452799,28528,-3276
23454558,28524,-3276
23456316,28520,-3276
23458074,28516,-3276
23459832,28512,-3276
23461591,28508,-3276
23463349,28504,-3276
23465107,28500,-3276
23466865,28496,-3276
23468624,28492,-3276
23470382,28488,-3276
23472140,28484,-3276
23473898,28480,-3276
23475657,28476,-3276
23477415,28472,-3276
23479173,28468,-3276
23480931,28464,-3276
23482689,28460,-3276
23484448,28456,-3276
23486206,28452,-3276
23487964,28448,-3276
23489722,28444,-3276
23491481,28440,-3276
23493239,28436,-3276
23494997,28432,-3276
23496755,28428,-3276
23498514,28424,-3276
23500272,28420,-3276
23502030,28416,-3276
23503788,28412,-3276
23505547,28408,-3276
23507305,28404,-3276
23509063,28400,-3276
23510821,28396,-3276
23512580,28392,-3276
23514338,28388,-3276
23516096,28384,-3276
23517854,28380,-3276
23519613,28376,-3276
23521371,28372,-3276
23523129,28368,-3276
23524887,28364,-3276
23526646,28360,-3276
23528404,28356,-3276
23530162,28352,-3276
23531920,28348,-3276
23533678,28344,-3276
23535437,28340,-3276
23537195,28336,-3276
23538953,28332,-3276
23540711,28328,-3276
23542470,28324,-3276
23544228,28320,-3276
23545986,28316,-3276
23547744,28312,-3276
23549503,28308,-3276
23551261,28304,-3276
23553019,28300,-3276
23554777,28296,-3276
23556536,28292,-3276
23558294,28288,-3276
23560052,28284,-3276
23561810,28280,-3276
23563569,28276,-3276
23565327,28272,-3276
23567085,28268,-3276
23568843,28264,-3276
23570602,28260,-3276
23572360,28256,-3276
23574118,28252,-3276
23575876,28248,-3276
23577635,28244,-3276
23579393,28240,-3276
23581151,28236,-3276
23582909,28232,-3276
23584667,28228,-3276
23586426,28224,-3276
23588184,28220,-3276
23589942,28216,-3276
23591700,28212,-3276
23593459,28208,-3276
23595217,28204,-3276
23596975,28200,-3276
23598733,28196,-3276
23600492,28192,-3276
23602250,28188,-3276
23604008,28184,-3276
23605766,28180,-3276
23607525,28176,-3276
23609283,28172,-3276
23611041,28168,-3276
23612799,28164,-3276
23614558,28160,-3276
23616316,28156,-3276
23618074,28152,-3276
23619832,28148,-3276
23621591,28144,-3276
23623349,28140,-3276
23625107,28136,-3276
23626865,28132,-3276
23628624,28128,-3276
23630382,28124,-3276
23632140,28120,-3276
23633898,28116,-3276
23635657,28112,-3276
23637415,28108,-3276
23639173,28104,-3276
23640931,28100,-3276
23642689,28096,-3276
23644448,28092,-3276
23646206,28088,-3276
23647964,28084,-3276
23649722,28080,-3276
23651481,28076,-3276
23653239,28072,-3276
23654997,28068,-3276
23656755,28064,-3276
23658514,28060,-3276
23660272,28056,-3276
23662030,28052,-3276
23663788,28048,-3276
23665547,28044,-3276
23667305,28040,-3276
23669063,28036,-3276
23670821,28032,-3276
23672580,28028,-3276
23674338,28024,-3276
23676096,28020,-3276
23677854,28016,-3276
23679613,28012,-3276
23681371,28008,-3276
23683129,28004,-3276
23684887,28000,-3276
23686646,27996,-3276
23688404,27992,-3276
23690162,27988,-3276
23691920,27984,-3276
23693678,27980,-3276
23695437,27976,-3276
23697195,27972,-3276
23698953,27968,-3276
23700711,27964,-3276
23702470,27960,-3276
23704228,27956,-3276
23705986,27952,-3276
23707744,27948,-3276
23709503,27944,-3276
23711261,27940,-3276
23713019,27936,-3276
23714777,27932,-3276
23716536,27928,-3276
23718294,27924,-3276
23720052,27920,-3276
23721810,27916,-3276
23723569,27912,-3276
23725327,27908,-3276
23727085,27904,-3276
23728843,27900,-3276
23730602,27896,-3276
23732360,27892,-3276
23734118,27888,-3276
23735876,27884,-3276
23737635,27880,-3276
23739393,27876,-3276
23741151,27872,-3276
23742909,27868,-3276
23744667,27864,-3276
23746426,27860,-3276
23748184,27856,-3276
23749942,27852,-3276
23751700,27848,-3276
23753459,27844,-3276
23755217,27840,-3276
23756975,27836,-3276
23758733,27832,-3276
23760492,27828,-3276
23762250,27824,-3276
23764008,27820,-3276
23765766,27816,-3276
23767525,27812,-3276
23769283,27808,-3276
23771041,27804,-3276
23772799,27800,-3276
23774558,27796,-3276
23776316,27792,-3276
23778074,27788,-3276
23779832,27784,-3276
23781591,27780,-3276
23783349,27776,-3276
23785107,27772,-3276
23786865,27768,-3276
23788624,27764,-3276
23790382,27760,-3276
23792140,27756,-3276
23793898,27752,-3276
23795657,27748,-3276
23797415,27744,-3276
23799173,27740,-3276
23800931,27736,-3276
23802689,27732,-3276
23804448,27728,-3276
23806206,27724,-3276
23807964,27720,-3276
23809722,27716,-3276
23811481,27712,-3276
23813239,27708,-3276
23814997,27704,-3276
23816755,27700,-3276
23818514,27696,-3276
23820272,27692,-3276
23822030,27688,-3276
23823788,27684,-3276
23825547,27680,-3276
23827305,27676,-3276
23829063,27672,-3276
23830821,27668,-3276
23832580,27664,-3276
23834338,27660,-3276
23836096,27656,-3276
23837854,27652,-3276
23839613,27648,-3276
23841371,27644,-3276
23843129,27640,-3276
23844887,27636,-3276
23846646,27632,-3276
23848404,27628,-3276
23850162,27624,-3276
23851920,27620,-3276
23853678,27616,-3276
23855437,27612,-3276
23857195,27608,-3276
23858953,27604,-3276
23860711,27600,-3276
23862470,27596,-3276
23864228,27592,-3276
23865986,27588,-3276
23867744,27584,-3276
23869503,27580,-3276
23871261,27576,-3276
23873019,27572,-3276
23874777,27568,-3276
23876536,27564,-3276
23878294,27560,-3276
23880052,27556,-3276
23881810,27552,-3276
23883569,27548,-3276
23885327,27544,-3276
23887085,27540,-3276
23888843,27536,-3276
23890602,27532,-3276
23892360,27528,-3276
23894118,27524,-3276
23895876,27520,-3276
23897635,27516,-3276
23899393,27512,-3276
23901151,27508,-3276
23902909,27504,-3276
23904667,27500,-3276
23906426,27496,-3276
23908184,27492,-3276
23909942,27488,-3276
23911700,27484,-3276
23913459,27480,-3276
23915217,27476,-3276
23916975,27472,-3276
23918733,27468,-3276
23920492,27464,-3276
23922250,27460,-3276
23924008,27456,-3276
23925766,27452,-3276
23927525,27448,-3276
23929283,27444,-3276
23931041,27440,-3276
23932799,27436,-3276
23934558,27432,-3276
23936316,27428,-3276
23938074,27424,-3276
23939832,27420,-3276
23941591,27416,-3276
23943349,27412,-3276
23945107,27408,-3276
23946865,27404,-3276
23948624,27400,-3276
23950382,27396,-3276
23952140,27392,-3276
23953898,27388,-3276
23955657,27384,-3276
23957415,27380,-3276
23959173,27376,-3276
23960931,27372,-3276
23962689,27368,-3276
23964448,27364,-3276
23966206,27360,-3276
23967964,27356,-3276
23969722,27352,-3276
23971481,27348,-3276
23973239,27344,-3276
23974997,27340,-3276
23976755,27336,-3276
23978514,27332,-3276
23980272,27328,-3276
23982030,27324,-3276
23983788,27320,-3276
23985547,27316,-3276
23987305,27312,-3276
23989063,27308,-3276
23990821,27304,-3276
23992580,27300,-3276
23994338,27296,-3276
23996096,27292,-3276
23997854,27288,-3276
23999613,27284,-3276
24001371,27280,-3276
24003129,27276,-3276
24004887,27272,-3276
24006646,27268,-3276
24008404,27264,-3276
24010162,27260,-3276
24011920,27256,-3276
24013678,27252,-3276
24015437,27248,-3276
24017195,27244,-3276
24018953,27240,-3276
24020711,27236,-3276
24022470,27232,-3276
24024228,27228,-3276
24025986,27224,-3276
24027744,27220,-3276
24029503,27216,-3276
24031261,27212,-3276
24033019,27208,-3276
24034777,27204,-3276
24036536,27200,-3276
24038294,27196,-3276
24040052,27192,-3276
24041810,27188,-3276
24043569,27184,-3276
24045327,27180,-3276
24047085,27176,-3276
24048843,27172,-3276
24050602,27168,-3276
24052360,27164,-3276
24054118,27160,-3276
24055876,27156,-3276
24057635,27152,-3276
24059393,27148,-3276
24061151,27144,-3276
24062909,27140,-3276
24064667,27136,-3276
24066426,27132,-3276
24068184,27128,-3276
24069942,27124,-3276
24071700,27120,-3276
24073459,27116,-3276
24075217,27112,-3276
24076975,27108,-3276
24078733,27104,-3276
24080492,27100,-3276
24082250,27096,-3276
24084008,27092,-3276
24085766,27088,-3276
24087525,27084,-3276
24089283,27080,-3276
24091041,27076,-3276
24092799,27072,-3276
24094558,27068,-3276
24096316,27064,-3276
24098074,27060,-3276
24099832,27056,-3276
24101591,27052,-3276
24103349,27048,-3276
24105107,27044,-3276
24106865,27040,-3276
24108624,27036,-3276
24110382,27032,-3276
24112140,27028,-3276
24113898,27024,-3276
24115657,27020,-3276
24117415,27016,-3276
24119173,27012,-3276
24120931,27008,-3276
24122689,27004,-3276
24124448,27000,-3276
24126206,26996,-3276
24127964,26992,-3276
24129722,26988,-3276
24131481,26984,-3276
24133239,26980,-3276
24134997,26976,-3276
24136755,26972,-3276
24138514,26968,-3276
24140272,26964,-3276
24142030,26960,-3276
24143788,26956,-3276
24145547,26952,-3276
24147305,26948,-3276
24149063,26944,-3276
24150821,26940,-3276
24152580,26936,-3276
24154338,26932,-3276
24156096,26928,-3276
24157854,26924,-3276
24159613,26920,-3276
24161371,26916,-3276
24163129,26912,-3276
24164887,26908,-3276
24166646,26904,-3276
24168404,26900,-3276
24170162,26896,-3276
24171920,26892,-3276
24173678,26888,-3276
24175437,26884,-3276
24177195,26880,-3276
24178953,26876,-3276
24180711,26872,-3276
24182470,26868,-3276
24184228,26864,-3276
24185986,26860,-3276
24187744,26856,-3276
24189503,26852,-3276
24191261,26848,-3276
24193019,26844,-3276
24194777,26840,-3276
24196536,26836,-3276
24198294,26832,-3276
24200052,26828,-3276
24201810,26824,-3276
24203569,26820,-3276
24205327,26816,-3276
24207085,26812,-3276
24208843,26808,-3276
24210602,26804,-3276
24212360,26800,-3276
24214118,26796,-3276
24215876,26792,-3276
24217635,26788,-3276
24219393,26784,-3276
24221151,26780,-3276
24222909,26776,-3276
24224667,26772,-3276
24226426,26768,-3276
24228184,26764,-3276
24229942,26760,-3276
24231700,26756,-3276
24233459,26752,-3276
24235217,26748,-3276
24236975,26744,-3276
24238733,26740,-3276
24240492,26736,-3276
24242250,26732,-3276
24244008,26728,-3276
24245766,26724,-3276
24247525,26720,-3276
24249283,26716,-3276
24251041,26712,-3276
24252799,26708,-3276
24254558,26704,-3276
24256316,26700,-3276
24258074,26696,-3276
24259832,26692,-3276
24261591,26688,-3276
24263349,26684,-3276
24265107,26680,-3276
24266865,26676,-3276
24268624,26672,-3276
24270382,26668,-3276
24272140,26664,-3276
24273898,26660,-3276
24275657,26656,-3276
24277415,26652,-3276
24279173,26648,-3276
24280931,26644,-3276
24282689,26640,-3276
24284448,26636,-3276
24286206,26632,-3276
24287964,26628,-3276
24289722,26624,-3276
24291481,26620,-3276
24293239,26616,-3276
24294997,26612,-3276
24296755,26608,-3276
24298514,26604,-3276
24300272,26600,-3276
24302030,26596,-3276
24303788,26592,-3276
24305547,26588,-3276
24307305,26584,-3276
24309063,26580,-3276
24310821,26576,-3276
24312580,26572,-3276
24314338,26568,-3276
24316096,26564,-3276
24317854,26560,-3276
24319613,26556,-3276
24321371,26552,-3276
24323129,26548,-3276
24324887,26544,-3276
24326646,26540,-3276
24328404,26536,-3276
24330162,26532,-3276
24331920,26528,-3276
24333678,26524,-3276
24335437,26520,-3276
24337195,26516,-3276
24338953,26512,-3276
24340711,26508,-3276
24342470,26504,-3276
24344228,26500,-3276
24345986,26496,-3276
24347744,26492,-3276
24349503,26488,-3276
24351261,26484,-3276
24353019,26480,-3276
24354777,26476,-3276
24356536,26472,-3276
24358294,26468,-3276
24360052,26464,-3276
24361810,26460,-3276
24363569,26456,-3276
24365327,26452,-3276
24367085,26448,-3276
24368843,26444,-3276
24370602,26440,-3276
24372360,26436,-3276
24374118,26432,-3276
24375876,26428,-3276
24377635,26424,-3276
24379393,26420,-3276
24381151,26416,-3276
24382909,26412,-3276
24384667,26408,-3276
24386426,26404,-3276
24388184,26400,-3276
24389942,26396,-3276
24391700,26392,-3276
24393459,26388,-3276
24395217,26384,-3276
24396975,26380,-3276
24398733,26376,-3276
24400492,26372,-3276
24402250,26368,-3276
24404008,26364,-3276
24405766,26360,-3276
24407525,26356,-3276
24409283,26352,-3276
24411041,26348,-3276
24412799,26344,-3276
24414558,26340,-3276
24416316,26336,-3276
24418074,26332,-3276
24419832,26328,-3276
24421591,26324,-3276
24423349,26320,-3276
24425107,26316,-3276
24426865,26312,-3276
24428624,26308,-3276
24430382,26304,-3276
24432140,26300,-3276
24433898,26296,-3276
24435657,26292,-3276
24437415,26288,-3276
24439173,26284,-3276
24440931,26280,-3276
24442689,26276,-3276
24444448,26272,-3276
24446206,26268,-3276
24447964,26264,-3276
24449722,26260,-3276
24451481,26256,-3276
24453239,26252,-3276
24454997,26248,-3276
24456755,26244,-3276
24458514,26240,-3276
24460272,26236,-3276
24462030,26232,-3276
24463788,26228,-3276
24465547,26224,-3276
24467305,26220,-3276
24469063,26216,-3276
24470821,26212,-3276
24472580,26208,-3276
24474338,26204,-3276
24476096,26200,-3276
24477854,26196,-3276
24479613,26192,-3276
24481371,26188,-3276
24483129,26184,-3276
24484887,26180,-3276
24486646,26176,-3276
24488404,26172,-3276
24490162,26168,-3276
24491920,26164,-3276
24493678,26160,-3276
24495437,26156,-3276
24497195,26152,-3276
24498953,26148,-3276
24500711,26144,-3276
24502470,26140,-3276
24504228,26136,-3276
24505986,26132,-3276
24507744,26128,-3276
24509503,26124,-3276
24511261,26120,-3276
24513019,26116,-3276
24514777,26112,-3276
24516536,26108,-3276
24518294,26104,-3276
24520052,26100,-3276
24521810,26096,-3276
24523569,26092,-3276
24525327,26088,-3276
24527085,26084,-3276
24528843,26080,-3276
24530602,26076,-3276
24532360,26072,-3276
24534118,26068,-3276
24535876,26064,-3276
24537635,26060,-3276
24539393,26056,-3276
24541151,26052,-3276
24542909,26048,-3276
24544667,26044,-3276
24546426,26040,-3276
24548184,26036,-3276
24549942,26032,-3276
24551700,26028,-3276
24553459,26024,-3276
24555217,26020,-3276
24556975,26016,-3276
24558733,26012,-3276
24560492,26008,-3276
24562250,26004,-3276
24564008,26000,-3276
24565766,25996,-3276
24567525,25992,-3276
24569283,25988,-3276
24571041,25984,-3276
24572799,25980,-3276
24574558,25976,-3276
24576316,25972,-3276
24578074,25968,-3276
24579832,25964,-3276
24581591,25960,-3276
24583349,25956,-3276
24585107,25952,-3276
24586865,25948,-3276
24588624,25944,-3276
24590382,25940,-3276
24592140,25936,-3276
24593898,25932,-3276
24595657,25928,-3276
24597415,25924,-3276
24599173,25920,-3276
24600931,25916,-3276
24602689,25912,-3276
24604448,25908,-3276
24606206,25904,-3276
24607964,25900,-3276
24609722,25896,-3276
24611481,25892,-3276
24613239,25888,-3276
24614997,25884,-3276
24616755,25880,-3276
24618514,25876,-3276
24620272,25872,-3276
24622030,25868,-3276
24623788,25864,-3276
24625547,25860,-3276
24627305,25856,-3276
24629063,25852,-3276
24630821,25848,-3276
24632580,25844,-3276
24634338,25840,-3276
24636096,25836,-3276
24637854,25832,-3276
24639613,25828,-3276
24641371,25824,-3276
24643129,25820,-3276
24644887,25816,-3276
24646646,25812,-3276
24648404,25808,-3276
24650162,25804,-3276
24651920,25800,-3276
24653678,25796,-3276
24655437,25792,-3276
24657195,25788,-3276
24658953,25784,-3276
24660711,25780,-3276
24662470,25776,-3276
24664228,25772,-3276
24665986,25768,-3276
24667744,25764,-3276
24669503,25760,-3276
24671261,25756,-3276
24673019,25752,-3276
24674777,25748,-3276
24676536,25744,-3276
24678294,25740,-3276
24680052,25736,-3276
24681810,25732,-3276
24683569,25728,-3276
24685327,25724,-3276
24687085,25720,-3276
24688843,25716,-3276
24690602,25712,-3276
24692360,25708,-3276
24694118,25704,-3276
24695876,25700,-3276
24697635,25696,-3276
24699393,25692,-3276
24701151,25688,-3276
24702909,25684,-3276
24704667,25680,-3276
24706426,25676,-3276
24708184,25672,-3276
24709942,25668,-3276
24711700,25664,-3276
24713459,25660,-3276
24715217,25656,-3276
24716975,25652,-3276
24718733,25648,-3276
24720492,25644,-3276
24722250,25640,-3276
24724008,25636,-3276
24725766,25632,-3276
24727525,25628,-3276
24729283,25624,-3276
24731041,25620,-3276
24732799,25616,-3276
24734558,25612,-3276
24736316,25608,-3276
24738074,25604,-3276
24739832,25600,-3276
24741591,25596,-3276
24743349,25592,-3276
24745107,25588,-3276
24746865,25584,-3276
24748624,25580,-3276
24750382,25576,-3276
24752140,25572,-3276
24753898,25568,-3276
24755657,25564,-3276
24757415,25560,-3276
24759173,25556,-3276
24760931,25552,-3276
24762689,25548,-3276
24764448,25544,-3276
24766206,25540,-3276
24767964,25536,-3276
24769722,25532,-3276
24771481,25528,-3276
24773239,25524,-3276
24774997,25520,-3276
24776755,25516,-3276
24778514,25512,-3276
24780272,25508,-3276
24782030,25504,-3276
24783788,25500,-3276
24785547,25496,-3276
24787305,25492,-3276
24789063,25488,-3276
24790821,25484,-3276
24792580,25480,-3276
24794338,25476,-3276
24796096,25472,-3276
24797854,25468,-3276
24799613,25464,-3276
24801371,25460,-3276
24803129,25456,-3276
24804887,25452,-3276
24806646,25448,-3276
24808404,25444,-3276
24810162,25440,-3276
24811920,25436,-3276
24813678,25432,-3276
24815437,25428,-3276
24817195,25424,-3276
24818953,25420,-3276
24820711,25416,-3276
24822470,25412,-3276
24824228,25408,-3276
24825986,25404,-3276
24827744,25400,-3276
24829503,25396,-3276
24831261,25392,-3276
24833019,25388,-3276
24834777,25384,-3276
24836536,25380,-3276
24838294,25376,-3276
24840052,25372,-3276
24841810,25368,-3276
24843569,25364,-3276
24845327,25360,-3276
24847085,25356,-3276
24848843,25352,-3276
24850602,25348,-3276
24852360,25344,-3276
24854118,25340,-3276
24855876,25336,-3276
24857635,25332,-3276
24859393,25328,-3276
24861151,25324,-3276
24862909,25320,-3276
24864667,25316,-3276
24866426,25312,-3276
24868184,25308,-3276
24869942,25304,-3276
24871700,25300,-3276
24873459,25296,-3276
24875217,25292,-3276
24876975,25288,-3276
24878733,25284,-3276
24880492,25280,-3276
24882250,25276,-3276
24884008,25272,-3276
24885766,25268,-3276
24887525,25264,-3276
24889283,25260,-3276
24891041,25256,-3276
24892799,25252,-3276
24894558,25248,-3276
24896316,25244,-3276
24898074,25240,-3276
24899832,25236,-3276
24901591,25232,-3276
24903349,25228,-3276
24905107,25224,-3276
24906865,25220,-3276
24908624,25216,-3276
24910382,25212,-3276
24912140,25208,-3276
24913898,25204,-3276
24915657,25200,-3276
24917415,25196,-3276
24919173,25192,-3276
24920931,25188,-3276
24922689,25184,-3276
24924448,25180,-3276
24926206,25176,-3276
24927964,25172,-3276
24929722,25168,-3276
24931481,25164,-3276
24933239,25160,-3276
24934997,25156,-3276
24936755,25152,-3276
24938514,25148,-3276
24940272,25144,-3276
24942030,25140,-3276
24943788,25136,-3276
24945547,25132,-3276
24947305,25128,-3276
24949063,25124,-3276
24950821,25120,-3276
24952580,25116,-3276
24954338,25112,-3276
24956096,25108,-3276
24957854,25104,-3276
24959613,25100,-3276
24961371,25096,-3276
24963129,25092,-3276
24964887,25088,-3276
24966646,25084,-3276
24968404,25080,-3276
24970162,25076,-3276
24971920,25072,-3276
24973678,25068,-3276
24975437,25064,-3276
24977195,25060,-3276
24978953,25056,-3276
24980711,25052,-3276
24982470,25048,-3276
24984228,25044,-3276
24985986,25040,-3276
24987744,25036,-3276
24989503,25032,-3276
24991261,25028,-3276
24993019,25024,-3276
24994777,25020,-3276
24996536,25016,-3276
24998294,25012,-3276
25000052,25008,-3276
25001810,25004,-3276
25003569,25000,-3276
25005327,24996,-3276
25007085,24992,-3276
25008843,24988,-3276
25010602,24984,-3276
25012360,24980,-3276
25014118,24976,-3276
25015876,24972,-3276
25017635,24968,-3276
25019393,24964,-3276
25021151,24960,-3276
25022909,24956,-3276
25024667,24952,-3276
25026426,24948,-3276
25028184,24944,-3276
25029942,24940,-3276
25031700,24936,-3276
25033459,24932,-3276
25035217,24928,-3276
25036975,24924,-3276
25038733,24920,-3276
25040492,24916,-3276
25042250,24912,-3276
25044008,24908,-3276
25045766,24904,-3276
25047525,24900,-3276
25049283,24896,-3276
25051041,24892,-3276
25052799,24888,-3276
25054558,24884,-3276
25056316,24880,-3276
25058074,24876,-3276
25059832,24872,-3276
25061591,24868,-3276
25063349,24864,-3276
25065107,24860,-3276
25066865,24856,-3276
25068624,24852,-3276
25070382,24848,-3276
25072140,24844,-3276
25073898,24840,-3276
25075657,24836,-3276
25077415,24832,-3276
25079173,24828,-3276
25080931,24824,-3276
25082689,24820,-3276
25084448,24816,-3276
25086206,24812,-3276
25087964,24808,-3276
25089722,24804,-3276
25091481,24800,-3276
25093239,24796,-3276
25094997,24792,-3276
25096755,24788,-3276
25098514,24784,-3276
25100272,24780,-3276
25102030,24776,-3276
25103788,24772,-3276
25105547,24768,-3276
25107305,24764,-3276
25109063,24760,-3276
25110821,24756,-3276
25112580,24752,-3276
25114338,24748,-3276
25116096,24744,-3276
25117854,24740,-3276
25119613,24736,-3276
25121371,24732,-3276
25123129,24728,-3276
25124887,24724,-3276
25126646,24720,-3276
25128404,24716,-3276
25130162,24712,-3276
25131920,24708,-3276
25133678,24704,-3276
25135437,24700,-3276
25137195,24696,-3276
25138953,24692,-3276
25140711,24688,-3276
25142470,24684,-3276
25144228,24680,-3276
25145986,24676,-3276
25147744,24672,-3276
25149503,24668,-3276
25151261,24664,-3276
25153019,24660,-3276
25154777,24656,-3276
25156536,24652,-3276
25158294,24648,-3276
25160052,24644,-3276
25161810,24640,-3276
25163569,24636,-3276
25165327,24632,-3276
25167085,24628,-3276
25168843,24624,-3276
25170602,24620,-3276
25172360,24616,-3276
25174118,24612,-3276
25175876,24608,-3276
25177635,24604,-3276
25179393,24600,-3276
25181151,24596,-3276
25182909,24592,-3276
25184667,24588,-3276
25186426,24584,-3276
25188184,24580,-3276
25189942,24576,-3276
25191700,24572,-3276
25193459,24568,-3276
25195217,24564,-3276
25196975,24560,-3276
25198733,24556,-3276
25200492,24552,-3276
25202250,24548,-3276
25204008,24544,-3276
25205766,24540,-3276
25207525,24536,-3276
25209283,24532,-3276
25211041,24528,-3276
25212799,24524,-3276
25214558,24520,-3276
25216316,24516,-3276
25218074,24512,-3276
25219832,24508,-3276
25221591,24504,-3276
25223349,24500,-3276
25225107,24496,-3276
25226865,24492,-3276
25228624,24488,-3276
25230382,24484,-3276
25232140,24480,-3276
25233898,24476,-3276
25235657,24472,-3276
25237415,24468,-3276
25239173,24464,-3276
25240931,24460,-3276
25242689,24456,-3276
25244448,24452,-3276
25246206,24448,-3276
25247964,24444,-3276
25249722,24440,-3276
25251481,24436,-3276
25253239,24432,-3276
25254997,24428,-3276
25256755,24424,-3276
25258514,24420,-3276
25260272,24416,-3276
25262030,24412,-3276
25263788,24408,-3276
25265547,24404,-3276
25267305,24400,-3276
25269063,24396,-3276
25270821,24392,-3276
25272580,24388,-3276
25274338,24384,-3276
25276096,24380,-3276
25277854,24376,-3276
25279613,24372,-3276
25281371,24368,-3276
25283129,24364,-3276
25284887,24360,-3276
25286646,24356,-3276
25288404,24352,-3276
25290162,24348,-3276
25291920,24344,-3276
25293678,24340,-3276
25295437,24336,-3276
25297195,24332,-3276
25298953,24328,-3276
25300711,24324,-3276
25302470,24320,-3276
25304228,24316,-3276
25305986,24312,-3276
25307744,24308,-3276
25309503,24304,-3276
25311261,24300,-3276
25313019,24296,-3276
25314777,24292,-3276
25316536,24288,-3276
25318294,24284,-3276
25320052,24280,-3276
25321810,24276,-3276
25323569,24272,-3276
25325327,24268,-3276
25327085,24264,-3276
25328843,24260,-3276
25330602,24256,-3276
25332360,24252,-3276
25334118,24248,-3276
25335876,24244,-3276
25337635,24240,-3276
25339393,24236,-3276
25341151,24232,-3276
25342909,24228,-3276
25344667,24224,-3276
25346426,24220,-3276
25348184,24216,-3276
25349942,24212,-3276
25351700,24208,-3276
25353459,24204,-3276
25355217,24200,-3276
25356975,24196,-3276
25358733,24192,-3276
25360492,24188,-3276
25362250,24184,-3276
25364008,24180,-3276
25365766,24176,-3276
25367525,24172,-3276
25369283,24168,-3276
25371041,24164,-3276
25372799,24160,-3276
25374558,24156,-3276
25376316,24152,-3276
25378074,24148,-3276
25379832,24144,-3276
25381591,24140,-3276
25383349,24136,-3276
25385107,24132,-3276
25386865,24128,-3276
25388624,24124,-3276
25390382,24120,-3276
25392140,24116,-3276
25393898,24112,-3276
25395657,24108,-3276
25397415,24104,-3276
25399173,24100,-3276
25400931,24096,-3276
25402689,24092,-3276
25404448,24088,-3276
25406206,24084,-3276
25407964,24080,-3276
25409722,24076,-3276
25411481,24072,-3276
25413239,24068,-3276
25414997,24064,-3276
25416755,24060,-3276
25418514,24056,-3276
25420272,24052,-3276
25422030,24048,-3276
25423788,24044,-3276
25425547,24040,-3276
25427305,24036,-3276
25429063,24032,-3276
25430821,24028,-3276
25432580,24024,-3276
25434338,24020,-3276
25436096,24016,-3276
25437854,24012,-3276
25439613,24008,-3276
25441371,24004,-3276
25443129,24000,-3276
25444887,23996,-3276
25446646,23992,-3276
25448404,23988,-3276
25450162,23984,-3276
25451920,23980,-3276
25453678,23976,-3276
25455437,23972,-3276
25457195,23968,-3276
25458953,23964,-3276
25460711,23960,-3276
25462470,23956,-3276
25464228,23952,-3276
25465986,23948,-3276
25467744,23944,-3276
25469503,23940,-3276
25471261,23936,-3276
25473019,23932,-3276
25474777,23928,-3276
25476536,23924,-3276
25478294,23920,-3276
25480052,23916,-3276
25481810,23912,-3276
25483569,23908,-3276
25485327,23904,-3276
25487085,23900,-3276
25488843,23896,-3276
25490602,23892,-3276
25492360,23888,-3276
25494118,23884,-3276
25495876,23880,-3276
25497635,23876,-3276
25499393,23872,-3276
25501151,23868,-3276
25502909,23864,-3276
25504667,23860,-3276
25506426,23856,-3276
25508184,23852,-3276
25509942,23848,-3276
25511700,23844,-3276
25513459,23840,-3276
25515217,23836,-3276
25516975,23832,-3276
25518733,23828,-3276
25520492,23824,-3276
25522250,23820,-3276
25524008,23816,-3276
25525766,23812,-3276
25527525,23808,-3276
25529283,23804,-3276
25531041,23800,-3276
25532799,23796,-3276
25534558,23792,-3276
25536316,23788,-3276
25538074,23784,-3276
25539832,23780,-3276
25541591,23776,-3276
25543349,23772,-3276
25545107,23768,-3276
25546865,23764,-3276
25548624,23760,-3276
25550382,23756,-3276
25552140,23752,-3276
25553898,23748,-3276
25555657,23744,-3276
25557415,23740,-3276
25559173,23736,-3276
25560931,23732,-3276
25562689,23728,-3276
25564448,23724,-3276
25566206,23720,-3276
25567964,23716,-3276
25569722,23712,-3276
25571481,23708,-3276
25573239,23704,-3276
25574997,23700,-3276
25576755,23696,-3276
25578514,23692,-3276
25580272,23688,-3276
25582030,23684,-3276
25583788,23680,-3276
25585547,23676,-3276
25587305,23672,-3276
25589063,23668,-3276
25590821,23664,-3276
25592580,23660,-3276
25594338,23656,-3276
25596096,23652,-3276
25597854,23648,-3276
25599613,23644,-3276
25601371,23640,-3276
25603129,23636,-3276
25604887,23632,-3276
25606646,23628,-3276
25608404,23624,-3276
25610162,23620,-3276
25611920,23616,-3276
25613678,23612,-3276
25615437,23608,-3276
25617195,23604,-3276
25618953,23600,-3276
25620711,23596,-3276
25622470,23592,-3276
25624228,23588,-3276
25625986,23584,-3276
25627744,23580,-3276
25629503,23576,-3276
25631261,23572,-3276
25633019,23568,-3276
25634777,23564,-3276
25636536,23560,-3276
25638294,23556,-3276
25640052,23552,-3276
25641810,23548,-3276
25643569,23544,-3276
25645327,23540,-3276
25647085,23536,-3276
25648843,23532,-3276
25650602,23528,-3276
25652360,23524,-3276
25654118,23520,-3276
25655876,23516,-3276
25657635,23512,-3276
25659393,23508,-3276
25661151,23504,-3276
25662909,23500,-3276
25664667,23496,-3276
25666426,23492,-3276
25668184,23488,-3276
25669942,23484,-3276
25671700,23480,-3276
25673459,23476,-3276
25675217,23472,-3276
25676975,23468,-3276
25678733,23464,-3276
25680492,23460,-3276
25682250,23456,-3276
25684008,23452,-3276
25685766,23448,-3276
25687525,23444,-3276
25689283,23440,-3276
25691041,23436,-3276
25692799,23432,-3276
25694558,23428,-3276
25696316,23424,-3276
25698074,23420,-3276
25699832,23416,-3276
25701591,23412,-3276
25703349,23408,-3276
25705107,23404,-3276
25706865,23400,-3276
25708624,23396,-3276
25710382,23392,-3276
25712140,23388,-3276
25713898,23384,-3276
25715657,23380,-3276
25717415,23376,-3276
25719173,23372,-3276
25720931,23368,-3276
25722689,23364,-3276
25724448,23360,-3276
25726206,23356,-3276
25727964,23352,-3276
25729722,23348,-3276
25731481,23344,-3276
25733239,23340,-3276
25734997,23336,-3276
25736755,23332,-3276
25738514,23328,-3276
25740272,23324,-3276
25742030,23320,-3276
25743788,23316,-3276
25745547,23312,-3276
25747305,23308,-3276
25749063,23304,-3276
25750821,23300,-3276
25752580,23296,-3276
25754338,23292,-3276
25756096,23288,-3276
25757854,23284,-3276
25759613,23280,-3276
25761371,23276,-3276
25763129,23272,-3276
25764887,23268,-3276
25766646,23264,-3276
25768404,23260,-3276
25770162,23256,-3276
25771920,23252,-3276
25773678,23248,-3276
25775437,23244,-3276
25777195,23240,-3276
25778953,23236,-3276
25780711,23232,-3276
25782470,23228,-3276
25784228,23224,-3276
25785986,23220,-3276
25787744,23216,-3276
25789503,23212,-3276
25791261,23208,-3276
25793019,23204,-3276
25794777,23200,-3276
25796536,23196,-3276
25798294,23192,-3276
25800052,23188,-3276
25801810,23184,-3276
25803569,23180,-3276
25805327,23176,-3276
25807085,23172,-3276
25808843,23168,-3276
25810602,23164,-3276
25812360,23160,-3276
25814118,23156,-3276
25815876,23152,-3276
25817635,23148,-3276
25819393,23144,-3276
25821151,23140,-3276
25822909,23136,-3276
25824667,23132,-3276
25826426,23128,-3276
25828184,23124,-3276
25829942,23120,-3276
25831700,23116,-3276
25833459,23112,-3276
25835217,23108,-3276
25836975,23104,-3276
25838733,23100,-3276
25840492,23096,-3276
25842250,23092,-3276
25844008,23088,-3276
25845766,23084,-3276
25847525,23080,-3276
25849283,23076,-3276
25851041,23072,-3276
25852799,23068,-3276
25854558,23064,-3276
25856316,23060,-3276
25858074,23056,-3276
25859832,23052,-3276
25861591,23048,-3276
25863349,23044,-3276
25865107,23040,-3276
25866865,23036,-3276
25868624,23032,-3276
25870382,23028,-3276
25872140,23024,-3276
25873898,23020,-3276
25875657,23016,-3276
25877415,23012,-3276
25879173,23008,-3276
25880931,23004,-3276
25882689,23000,-3276
25884448,22996,-3276
25886206,22992,-3276
25887964,22988,-3276
25889722,22984,-3276
25891481,22980,-3276
25893239,22976,-3276
25894997,22972,-3276
25896755,22968,-3276
25898514,22964,-3276
25900272,22960,-3276
25902030,22956,-3276
25903788,22952,-3276
25905547,22948,-3276
25907305,22944,-3276
25909063,22940,-3276
25910821,22936,-3276
25912580,22932,-3276
25914338,22928,-3276
25916096,22924,-3276
25917854,22920,-3276
25919613,22916,-3276
25921371,22912,-3276
25923129,22908,-3276
25924887,22904,-3276
25926646,22900,-3276
25928404,22896,-3276
25930162,22892,-3276
25931920,22888,-3276
25933678,22884,-3276
25935437,22880,-3276
25937195,22876,-3276
25938953,22872,-3276
25940711,22868,-3276
25942470,22864,-3276
25944228,22860,-3276
25945986,22856,-3276
25947744,22852,-3276
25949503,22848,-3276
25951261,22844,-3276
25953019,22840,-3276
25954777,22836,-3276
25956536,22832,-3276
25958294,22828,-3276
25960052,22824,-3276
25961810,22820,-3276
25963569,22816,-3276
25965327,22812,-3276
25967085,22808,-3276
25968843,22804,-3276
25970602,22800,-3276
25972360,22796,-3276
25974118,22792,-3276
25975876,22788,-3276
25977635,22784,-3276
25979393,22780,-3276
25981151,22776,-3276
25982909,22772,-3276
25984667,22768,-3276
25986426,22764,-3276
25988184,22760,-3276
25989942,22756,-3276
25991700,22752,-3276
25993459,22748,-3276
25995217,22744,-3276
25996975,22740,-3276
25998733,22736,-3276
26000492,22732,-3276
26002250,22728,-3276
26004008,22724,-3276
26005766,22720,-3276
26007525,22716,-3276
26009283,22712,-3276
26011041,22708,-3276
26012799,22704,-3276
26014558,22700,-3276
26016316,22696,-3276
26018074,22692,-3276
26019832,22688,-3276
26021591,22684,-3276
26023349,22680,-3276
26025107,22676,-3276
26026865,22672,-3276
26028624,22668,-3276
26030382,22664,-3276
26032140,22660,-3276
26033898,22656,-3276
26035657,22652,-3276
26037415,22648,-3276
26039173,22644,-3276
26040931,22640,-3276
26042689,22636,-3276
26044448,22632,-3276
26046206,22628,-3276
26047964,22624,-3276
26049722,22620,-3276
26051481,22616,-3276
26053239,22612,-3276
26054997,22608,-3276
26056755,22604,-3276
26058514,22600,-3276
26060272,22596,-3276
26062030,22592,-3276
26063788,22588,-3276
26065547,22584,-3276
26067305,22580,-3276
26069063,22576,-3276
26070821,22572,-3276
26072580,22568,-3276
26074338,22564,-3276
26076096,22560,-3276
26077854,22556,-3276
26079613,22552,-3276
26081371,22548,-3276
26083129,22544,-3276
26084887,22540,-3276
26086646,22536,-3276
26088404,22532,-3276
26090162,22528,-3276
26091920,22524,-3276
26093678,22520,-3276
26095437,22516,-3276
26097195,22512,-3276
26098953,22508,-3276
26100711,22504,-3276
26102470,22500,-3276
26104228,22496,-3276
26105986,22492,-3276
26107744,22488,-3276
26109503,22484,-3276
26111261,22480,-3276
26113019,22476,-3276
26114777,22472,-3276
26116536,22468,-3276
26118294,22464,-3276
26120052,22460,-3276
26121810,22456,-3276
26123569,22452,-3276
26125327,22448,-3276
26127085,22444,-3276
26128843,22440,-3276
26130602,22436,-3276
26132360,22432,-3276
26134118,22428,-3276
26135876,22424,-3276
26137635,22420,-3276
26139393,22416,-3276
26141151,22412,-3276
26142909,22408,-3276
26144667,22404,-3276
26146426,22400,-3276
26148184,22396,-3276
26149942,22392,-3276
26151700,22388,-3276
26153459,22384,-3276
26155217,22380,-3276
26156975,22376,-3276
26158733,22372,-3276
26160492,22368,-3276
26162250,22364,-3276
26164008,22360,-3276
26165766,22356,-3276
26167525,22352,-3276
26169283,22348,-3276
26171041,22344,-3276
26172799,22340,-3276
26174558,22336,-3276
26176316,22332,-3276
26178074,22328,-3276
26179832,22324,-3276
26181591,22320,-3276
26183349,22316,-3276
26185107,22312,-3276
26186865,22308,-3276
26188624,22304,-3276
26190382,22300,-3276
26192140,22296,-3276
26193898,22292,-3276
26195657,22288,-3276
26197415,22284,-3276
26199173,22280,-3276
26200931,22276,-3276
26202689,22272,-3276
26204448,22268,-3276
26206206,22264,-3276
26207964,22260,-3276
26209722,22256,-3276
26211481,22252,-3276
26213239,22248,-3276
26214997,22244,-3276
26216755,22240,-3276
26218514,22236,-3276
26220272,22232,-3276
26222030,22228,-3276
26223788,22224,-3276
26225547,22220,-3276
26227305,22216,-3276
26229063,22212,-3276
26230821,22208,-3276
26232580,22204,-3276
26234338,22200,-3276
26236096,22196,-3276
26237854,22192,-3276
26239613,22188,-3276
26241371,22184,-3276
26243129,22180,-3276
26244887,22176,-3276
26246646,22172,-3276
26248404,22168,-3276
26250162,22164,-3276
26251920,22160,-3276
26253678,22156,-3276
26255437,22152,-3276
26257195,22148,-3276
26258953,22144,-3276
26260711,22140,-3276
26262470,22136,-3276
26264228,22132,-3276
26265986,22128,-3276
26267744,22124,-3276
26269503,22120,-3276
26271261,22116,-3276
26273019,22112,-3276
26274777,22108,-3276
26276536,22104,-3276
26278294,22100,-3276
26280052,22096,-3276
26281810,22092,-3276
26283569,22088,-3276
26285327,22084,-3276
26287085,22080,-3276
26288843,22076,-3276
26290602,22072,-3276
26292360,22068,-3276
26294118,22064,-3276
26295876,22060,-3276
26297635,22056,-3276
26299393,22052,-3276
26301151,22048,-3276
26302909,22044,-3276
26304667,22040,-3276
26306426,22036,-3276
26308184,22032,-3276
26309942,22028,-3276
26311700,22024,-3276
26313459,22020,-3276
26315217,22016,-3276
26316975,22012,-3276
26318733,22008,-3276
26320492,22004,-3276
26322250,22000,-3276
26324008,21996,-3276
26325766,21992,-3276
26327525,21988,-3276
26329283,21984,-3276
26331041,21980,-3276
26332799,21976,-3276
26334558,21972,-3276
26336316,21968,-3276
26338074,21964,-3276
26339832,21960,-3276
26341591,21956,-3276
26343349,21952,-3276
26345107,21948,-3276
26346865,21944,-3276
26348624,21940,-3276
26350382,21936,-3276
26352140,21932,-3276
26353898,21928,-3276
26355657,21924,-3276
26357415,21920,-3276
26359173,21916,-3276
26360931,21912,-3276
26362689,21908,-3276
26364448,21904,-3276
26366206,21900,-3276
26367964,21896,-3276
26369722,21892,-3276
26371481,21888,-3276
26373239,21884,-3276
26374997,21880,-3276
26376755,21876,-3276
26378514,21872,-3276
26380272,21868,-3276
26382030,21864,-3276
26383788,21860,-3276
26385547,21856,-3276
26387305,21852,-3276
26389063,21848,-3276
26390821,21844,-3276
26392580,21840,-3276
26394338,21836,-3276
26396096,21832,-3276
26397854,21828,-3276
26399613,21824,-3276
26401371,21820,-3276
26403129,21816,-3276
26404887,21812,-3276
26406646,21808,-3276
26408404,21804,-3276
26410162,21800,-3276
26411920,21796,-3276
26413678,21792,-3276
26415437,21788,-3276
26417195,21784,-3276
26418953,21780,-3276
26420711,21776,-3276
26422470,21772,-3276
26424228,21768,-3276
26425986,21764,-3276
26427744,21760,-3276
26429503,21756,-3276
26431261,21752,-3276
26433019,21748,-3276
26434777,21744,-3276
26436536,21740,-3276
26438294,21736,-3276
26440052,21732,-3276
26441810,21728,-3276
26443569,21724,-3276
26445327,21720,-3276
26447085,21716,-3276
26448843,21712,-3276
26450602,21708,-3276
26452360,21704,-3276
26454118,21700,-3276
26455876,21696,-3276
26457635,21692,-3276
26459393,21688,-3276
26461151,21684,-3276
26462909,21680,-3276
26464667,21676,-3276
26466426,21672,-3276
26468184,21668,-3276
26469942,21664,-3276
26471700,21660,-3276
26473459,21656,-3276
26475217,21652,-3276
26476975,21648,-3276
26478733,21644,-3276
26480492,21640,-3276
26482250,21636,-3276
26484008,21632,-3276
26485766,21628,-3276
26487525,21624,-3276
26489283,21620,-3276
26491041,21616,-3276
26492799,21612,-3276
26494558,21608,-3276
26496316,21604,-3276
26498074,21600,-3276
26499832,21596,-3276
26501591,21592,-3276
26503349,21588,-3276
26505107,21584,-3276
26506865,21580,-3276
26508624,21576,-3276
26510382,21572,-3276
26512140,21568,-3276
26513898,21564,-3276
26515657,21560,-3276
26517415,21556,-3276
26519173,21552,-3276
26520931,21548,-3276
26522689,21544,-3276
26524448,21540,-3276
26526206,21536,-3276
26527964,21532,-3276
26529722,21528,-3276
26531481,21524,-3276
26533239,21520,-3276
26534997,21516,-3276
26536755,21512,-3276
26538514,21508,-3276
26540272,21504,-3276
26542030,21500,-3276
26543788,21496,-3276
26545547,21492,-3276
26547305,21488,-3276
26549063,21484,-3276
26550821,21480,-3276
26552580,21476,-3276
26554338,21472,-3276
26556096,21468,-3276
26557854,21464,-3276
26559613,21460,-3276
26561371,21456,-3276
26563129,21452,-3276
26564887,21448,-3276
26566646,21444,-3276
26568404,21440,-3276
26570162,21436,-3276
26571920,21432,-3276
26573678,21428,-3276
26575437,21424,-3276
26577195,21420,-3276
26578953,21416,-3276
26580711,21412,-3276
26582470,21408,-3276
26584228,21404,-3276
26585986,21400,-3276
26587744,21396,-3276
26589503,21392,-3276
26591261,21388,-3276
26593019,21384,-3276
26594777,21380,-3276
26596536,21376,-3276
26598294,21372,-3276
26600052,21368,-3276
26601810,21364,-3276
26603569,21360,-3276
26605327,21356,-3276
26607085,21352,-3276
26608843,21348,-3276
26610602,21344,-3276
26612360,21340,-3276
26614118,21336,-3276
26615876,21332,-3276
26617635,21328,-3276
26619393,21324,-3276
26621151,21320,-3276
26622909,21316,-3276
26624667,21312,-3276
26626426,21308,-3276
26628184,21304,-3276
26629942,21300,-3276
26631700,21296,-3276
26633459,21292,-3276
26635217,21288,-3276
26636975,21284,-3276
26638733,21280,-3276
26640492,21276,-3276
26642250,21272,-3276
26644008,21268,-3276
26645766,21264,-3276
26647525,21260,-3276
26649283,21256,-3276
26651041,21252,-3276
26652799,21248,-3276
26654558,21244,-3276
26656316,21240,-3276
26658074,21236,-3276
26659832,21232,-3276
26661591,21228,-3276
26663349,21224,-3276
26665107,21220,-3276
26666865,21216,-3276
26668624,21212,-3276
26670382,21208,-3276
26672140,21204,-3276
26673898,21200,-3276
26675657,21196,-3276
26677415,21192,-3276
26679173,21188,-3276
26680931,21184,-3276
26682689,21180,-3276
26684448,21176,-3276
26686206,21172,-3276
26687964,21168,-3276
26689722,21164,-3276
26691481,21160,-3276
26693239,21156,-3276
26694997,21152,-3276
26696755,21148,-3276
26698514,21144,-3276
26700272,21140,-3276
26702030,21136,-3276
26703788,21132,-3276
26705547,21128,-3276
26707305,21124,-3276
26709063,21120,-3276
26710821,21116,-3276
26712580,21112,-3276
26714338,21108,-3276
26716096,21104,-3276
26717854,21100,-3276
26719613,21096,-3276
26721371,21092,-3276
26723129,21088,-3276
26724887,21084,-3276
26726646,21080,-3276
26728404,21076,-3276
26730162,21072,-3276
26731920,21068,-3276
26733678,21064,-3276
26735437,21060,-3276
26737195,21056,-3276
26738953,21052,-3276
26740711,21048,-3276
26742470,21044,-3276
26744228,21040,-3276
26745986,21036,-3276
26747744,21032,-3276
26749503,21028,-3276
26751261,21024,-3276
26753019,21020,-3276
26754777,21016,-3276
26756536,21012,-3276
26758294,21008,-3276
26760052,21004,-3276
26761810,21000,-3276
26763569,20996,-3276
26765327,20992,-3276
26767085,20988,-3276
26768843,20984,-3276
26770602,20980,-3276
26772360,20976,-3276
26774118,20972,-3276
26775876,20968,-3276
26777635,20964,-3276
26779393,20960,-3276
26781151,20956,-3276
26782909,20952,-3276
26784667,20948,-3276
26786426,20944,-3276
26788184,20940,-3276
26789942,20936,-3276
26791700,20932,-3276
26793459,20928,-3276
26795217,20924,-3276
26796975,20920,-3276
26798733,20916,-3276
26800492,20912,-3276
26802250,20908,-3276
26804008,20904,-3276
26805766,20900,-3276
26807525,20896,-3276
26809283,20892,-3276
26811041,20888,-3276
26812799,20884,-3276
26814558,20880,-3276
26816316,20876,-3276
26818074,20872,-3276
26819832,20868,-3276
26821591,20864,-3276
26823349,20860,-3276
26825107,20856,-3276
26826865,20852,-3276
26828624,20848,-3276
26830382,20844,-3276
26832140,20840,-3276
26833898,20836,-3276
26835657,20832,-3276
26837415,20828,-3276
26839173,20824,-3276
26840931,20820,-3276
26842689,20816,-3276
26844448,20812,-3276
26846206,20808,-3276
26847964,20804,-3276
26849722,20800,-3276
26851481,20796,-3276
26853239,20792,-3276
26854997,20788,-3276
26856755,20784,-3276
26858514,20780,-3276
26860272,20776,-3276
26862030,20772,-3276
26863788,20768,-3276
26865547,20764,-3276
26867305,20760,-3276
26869063,20756,-3276
26870821,20752,-3276
26872580,20748,-3276
26874338,20744,-3276
26876096,20740,-3276
26877854,20736,-3276
26879613,20732,-3276
26881371,20728,-3276
26883129,20724,-3276
26884887,20720,-3276
26886646,20716,-3276
26888404,20712,-3276
26890162,20708,-3276
26891920,20704,-3276
26893678,20700,-3276
26895437,20696,-3276
26897195,20692,-3276
26898953,20688,-3276
26900711,20684,-3276
26902470,20680,-3276
26904228,20676,-3276
26905986,20672,-3276
26907744,20668,-3276
26909503,20664,-3276
26911261,20660,-3276
26913019,20656,-3276
26914777,20652,-3276
26916536,20648,-3276
26918294,20644,-3276
26920052,20640,-3276
26921810,20636,-3276
26923569,20632,-3276
26925327,20628,-3276
26927085,20624,-3276
26928843,20620,-3276
26930602,20616,-3276
26932360,20612,-3276
26934118,20608,-3276
26935876,20604,-3276
26937635,20600,-3276
26939393,20596,-3276
26941151,20592,-3276
26942909,20588,-3276
26944667,20584,-3276
26946426,20580,-3276
26948184,20576,-3276
26949942,20572,-3276
26951700,20568,-3276
26953459,20564,-3276
26955217,20560,-3276
26956975,20556,-3276
26958733,20552,-3276
26960492,20548,-3276
26962250,20544,-3276
26964008,20540,-3276
26965766,20536,-3276
26967525,20532,-3276
26969283,20528,-3276
26971041,20524,-3276
26972799,20520,-3276
26974558,20516,-3276
26976316,20512,-3276
26978074,20508,-3276
26979832,20504,-3276
26981591,20500,-3276
26983349,20496,-3276
26985107,20492,-3276
26986865,20488,-3276
26988624,20484,-3276
26990382,20480,-3276
26992140,20476,-3276
26993898,20472,-3276
26995657,20468,-3276
26997415,20464,-3276
26999173,20460,-3276
27000931,20456,-3276
27002689,20452,-3276
27004448,20448,-3276
27006206,20444,-3276
27007964,20440,-3276
27009722,20436,-3276
27011481,20432,-3276
27013239,20428,-3276
27014997,20424,-3276
27016755,20420,-3276
27018514,20416,-3276
27020272,20412,-3276
27022030,20408,-3276
27023788,20404,-3276
27025547,20400,-3276
27027305,20396,-3276
27029063,20392,-3276
27030821,20388,-3276
27032580,20384,-3276
27034338,20380,-3276
27036096,20376,-3276
27037854,20372,-3276
27039613,20368,-3276
27041371,20364,-3276
27043129,20360,-3276
27044887,20356,-3276
27046646,20352,-3276
27048404,20348,-3276
27050162,20344,-3276
27051920,20340,-3276
27053678,20336,-3276
27055437,20332,-3276
27057195,20328,-3276
27058953,20324,-3276
27060711,20320,-3276
27062470,20316,-3276
27064228,20312,-3276
27065986,20308,-3276
27067744,20304,-3276
27069503,20300,-3276
27071261,20296,-3276
27073019,20292,-3276
27074777,20288,-3276
27076536,20284,-3276
27078294,20280,-3276
27080052,20276,-3276
27081810,20272,-3276
27083569,20268,-3276
27085327,20264,-3276
27087085,20260,-3276
27088843,20256,-3276
27090602,20252,-3276
27092360,20248,-3276
27094118,20244,-3276
27095876,20240,-3276
27097635,20236,-3276
27099393,20232,-3276
27101151,20228,-3276
27102909,20224,-3276
27104667,20220,-3276
27106426,20216,-3276
27108184,20212,-3276
27109942,20208,-3276
27111700,20204,-3276
27113459,20200,-3276
27115217,20196,-3276
27116975,20192,-3276
27118733,20188,-3276
27120492,20184,-3276
27122250,20180,-3276
27124008,20176,-3276
27125766,20172,-3276
27127525,20168,-3276
27129283,20164,-3276
27131041,20160,-3276
27132799,20156,-3276
27134558,20152,-3276
27136316,20148,-3276
27138074,20144,-3276
27139832,20140,-3276
27141591,20136,-3276
27143349,20132,-3276
27145107,20128,-3276
27146865,20124,-3276
27148624,20120,-3276
27150382,20116,-3276
27152140,20112,-3276
27153898,20108,-3276
27155657,20104,-3276
27157415,20100,-3276
27159173,20096,-3276
27160931,20092,-3276
27162689,20088,-3276
27164448,20084,-3276
27166206,20080,-3276
27167964,20076,-3276
27169722,20072,-3276
27171481,20068,-3276
27173239,20064,-3276
27174997,20060,-3276
27176755,20056,-3276
27178514,20052,-3276
27180272,20048,-3276
27182030,20044,-3276
27183788,20040,-3276
27185547,20036,-3276
27187305,20032,-3276
27189063,20028,-3276
27190821,20024,-3276
27192580,20020,-3276
27194338,20016,-3276
27196096,20012,-3276
27197854,20008,-3276
27199613,20004,-3276
27201371,20000,-3276
27203129,19996,-3276
27204887,19992,-3276
27206646,19988,-3276
27208404,19984,-3276
27210162,19980,-3276
27211920,19976,-3276
27213678,19972,-3276
27215437,19968,-3276
27217195,19964,-3276
27218953,19960,-3276
27220711,19956,-3276
27222470,19952,-3276
27224228,19948,-3276
27225986,19944,-3276
27227744,19940,-3276
27229503,19936,-3276
27231261,19932,-3276
27233019,19928,-3276
27234777,19924,-3276
27236536,19920,-3276
27238294,19916,-3276
27240052,19912,-3276
27241810,19908,-3276
27243569,19904,-3276
27245327,19900,-3276
27247085,19896,-3276
27248843,19892,-3276
27250602,19888,-3276
27252360,19884,-3276
27254118,19880,-3276
27255876,19876,-3276
27257635,19872,-3276
27259393,19868,-3276
27261151,19864,-3276
27262909,19860,-3276
27264667,19856,-3276
27266426,19852,-3276
27268184,19848,-3276
27269942,19844,-3276
27271700,19840,-3276
27273459,19836,-3276
27275217,19832,-3276
27276975,19828,-3276
27278733,19824,-3276
27280492,19820,-3276
27282250,19816,-3276
27284008,19812,-3276
27285766,19808,-3276
27287525,19804,-3276
27289283,19800,-3276
27291041,19796,-3276
27292799,19792,-3276
27294558,19788,-3276
27296316,19784,-3276
27298074,19780,-3276
27299832,19776,-3276
27301591,19772,-3276
27303349,19768,-3276
27305107,19764,-3276
27306865,19760,-3276
27308624,19756,-3276
27310382,19752,-3276
27312140,19748,-3276
27313898,19744,-3276
27315657,19740,-3276
27317415,19736,-3276
27319173,19732,-3276
27320931,19728,-3276
27322689,19724,-3276
27324448,19720,-3276
27326206,19716,-3276
27327964,19712,-3276
27329722,19708,-3276
27331481,19704,-3276
27333239,19700,-3276
27334997,19696,-3276
27336755,19692,-3276
27338514,19688,-3276
27340272,19684,-3276
27342030,19680,-3276
27343788,19676,-3276
27345547,19672,-3276
27347305,19668,-3276
27349063,19664,-3276
27350821,19660,-3276
27352580,19656,-3276
27354338,19652,-3276
27356096,19648,-3276
27357854,19644,-3276
27359613,19640,-3276
27361371,19636,-3276
27363129,19632,-3276
27364887,19628,-3276
27366646,19624,-3276
27368404,19620,-3276
27370162,19616,-3276
27371920,19612,-3276
27373678,19608,-3276
27375437,19604,-3276
27377195,19600,-3276
27378953,19596,-3276
27380711,19592,-3276
27382470,19588,-3276
27384228,19584,-3276
27385986,19580,-3276
27387744,19576,-3276
27389503,19572,-3276
27391261,19568,-3276
27393019,19564,-3276
27394777,19560,-3276
27396536,19556,-3276
27398294,19552,-3276
27400052,19548,-3276
27401810,19544,-3276
27403569,19540,-3276
27405327,19536,-3276
27407085,19532,-3276
27408843,19528,-3276
27410602,19524,-3276
27412360,19520,-3276
27414118,19516,-3276
27415876,19512,-3276
27417635,19508,-3276
27419393,19504,-3276
27421151,19500,-3276
27422909,19496,-3276
27424667,19492,-3276
27426426,19488,-3276
27428184,19484,-3276
27429942,19480,-3276
27431700,19476,-3276
27433459,19472,-3276
27435217,19468,-3276
27436975,19464,-3276
27438733,19460,-3276
27440492,19456,-3276
27442250,19452,-3276
27444008,19448,-3276
27445766,19444,-3276
27447525,19440,-3276
27449283,19436,-3276
27451041,19432,-3276
27452799,19428,-3276
27454558,19424,-3276
27456316,19420,-3276
27458074,19416,-3276
27459832,19412,-3276
27461591,19408,-3276
27463349,19404,-3276
27465107,19400,-3276
27466865,19396,-3276
27468624,19392,-3276
27470382,19388,-3276
27472140,19384,-3276
27473898,19380,-3276
27475657,19376,-3276
27477415,19372,-3276
27479173,19368,-3276
27480931,19364,-3276
27482689,19360,-3276
27484448,19356,-3276
27486206,19352,-3276
27487964,19348,-3276
27489722,19344,-3276
27491481,19340,-3276
27493239,19336,-3276
27494997,19332,-3276
27496755,19328,-3276
27498514,19324,-3276
27500272,19320,-3276
27502030,19316,-3276
27503788,19312,-3276
27505547,19308,-3276
27507305,19304,-3276
27509063,19300,-3276
27510821,19296,-3276
27512580,19292,-3276
27514338,19288,-3276
27516096,19284,-3276
27517854,19280,-3276
27519613,19276,-3276
27521371,19272,-3276
27523129,19268,-3276
27524887,19264,-3276
27526646,19260,-3276
27528404,19256,-3276
27530162,19252,-3276
27531920,19248,-3276
27533678,19244,-3276
27535437,19240,-3276
27537195,19236,-3276
27538953,19232,-3276
27540711,19228,-3276
27542470,19224,-3276
27544228,19220,-3276
27545986,19216,-3276
27547744,19212,-3276
27549503,19208,-3276
27551261,19204,-3276
27553019,19200,-3276
27554777,19196,-3276
27556536,19192,-3276
27558294,19188,-3276
27560052,19184,-3276
27561810,19180,-3276
27563569,19176,-3276
27565327,19172,-3276
27567085,19168,-3276
27568843,19164,-3276
27570602,19160,-3276
27572360,19156,-3276
27574118,19152,-3276
27575876,19148,-3276
27577635,19144,-3276
27579393,19140,-3276
27581151,19136,-3276
27582909,19132,-3276
27584667,19128,-3276
27586426,19124,-3276
27588184,19120,-3276
27589942,19116,-3276
27591700,19112,-3276
27593459,19108,-3276
27595217,19104,-3276
27596975,19100,-3276
27598733,19096,-3276
27600492,19092,-3276
27602250,19088,-3276
27604008,19084,-3276
27605766,19080,-3276
27607525,19076,-3276
27609283,19072,-3276
27611041,19068,-3276
27612799,19064,-3276
27614558,19060,-3276
27616316,19056,-3276
27618074,19052,-3276
27619832,19048,-3276
27621591,19044,-3276
27623349,19040,-3276
27625107,19036,-3276
27626865,19032,-3276
27628624,19028,-3276
27630382,19024,-3276
27632140,19020,-3276
27633898,19016,-3276
27635657,19012,-3276
27637415,19008,-3276
27639173,19004,-3276
27640931,19000,-3276
27642689,18996,-3276
27644448,18992,-3276
27646206,18988,-3276
27647964,18984,-3276
27649722,18980,-3276
27651481,18976,-3276
27653239,18972,-3276
27654997,18968,-3276
27656755,18964,-3276
27658514,18960,-3276
27660272,18956,-3276
27662030,18952,-3276
27663788,18948,-3276
27665547,18944,-3276
27667305,18940,-3276
27669063,18936,-3276
27670821,18932,-3276
27672580,18928,-3276
27674338,18924,-3276
27676096,18920,-3276
27677854,18916,-3276
27679613,18912,-3276
27681371,18908,-3276
27683129,18904,-3276
27684887,18900,-3276
27686646,18896,-3276
27688404,18892,-3276
27690162,18888,-3276
27691920,18884,-3276
27693678,18880,-3276
27695437,18876,-3276
27697195,18872,-3276
27698953,18868,-3276
27700711,18864,-3276
27702470,18860,-3276
27704228,18856,-3276
27705986,18852,-3276
27707744,18848,-3276
27709503,18844,-3276
27711261,18840,-3276
27713019,18836,-3276
27714777,18832,-3276
27716536,18828,-3276
27718294,18824,-3276
27720052,18820,-3276
27721810,18816,-3276
27723569,18812,-3276
27725327,18808,-3276
27727085,18804,-3276
27728843,18800,-3276
27730602,18796,-3276
27732360,18792,-3276
27734118,18788,-3276
27735876,18784,-3276
27737635,18780,-3276
27739393,18776,-3276
27741151,18772,-3276
27742909,18768,-3276
27744667,18764,-3276
27746426,18760,-3276
27748184,18756,-3276
27749942,18752,-3276
27751700,18748,-3276
27753459,18744,-3276
27755217,18740,-3276
27756975,18736,-3276
27758733,18732,-3276
27760492,18728,-3276
27762250,18724,-3276
27764008,18720,-3276
27765766,18716,-3276
27767525,18712,-3276
27769283,18708,-3276
27771041,18704,-3276
27772799,18700,-3276
27774558,18696,-3276
27776316,18692,-3276
27778074,18688,-3276
27779832,18684,-3276
27781591,18680,-3276
27783349,18676,-3276
27785107,18672,-3276
27786865,18668,-3276
27788624,18664,-3276
27790382,18660,-3276
27792140,18656,-3276
27793898,18652,-3276
27795657,18648,-3276
27797415,18644,-3276
27799173,18640,-3276
27800931,18636,-3276
27802689,18632,-3276
27804448,18628,-3276
27806206,18624,-3276
27807964,18620,-3276
27809722,18616,-3276
27811481,18612,-3276
27813239,18608,-3276
27814997,18604,-3276
27816755,18600,-3276
27818514,18596,-3276
27820272,18592,-3276
27822030,18588,-3276
27823788,18584,-3276
27825547,18580,-3276
27827305,18576,-3276
27829063,18572,-3276
27830821,18568,-3276
27832580,18564,-3276
27834338,18560,-3276
27836096,18556,-3276
27837854,18552,-3276
27839613,18548,-3276
27841371,18544,-3276
27843129,18540,-3276
27844887,18536,-3276
27846646,18532,-3276
27848404,18528,-3276
27850162,18524,-3276
27851920,18520,-3276
27853678,18516,-3276
27855437,18512,-3276
27857195,18508,-3276
27858953,18504,-3276
27860711,18500,-3276
27862470,18496,-3276
27864228,18492,-3276
27865986,18488,-3276
27867744,18484,-3276
27869503,18480,-3276
27871261,18476,-3276
27873019,18472,-3276
27874777,18468,-3276
27876536,18464,-3276
27878294,18460,-3276
27880052,18456,-3276
27881810,18452,-3276
27883569,18448,-3276
27885327,18444,-3276
27887085,18440,-3276
27888843,18436,-3276
27890602,18432,-3276
27892360,18428,-3276
27894118,18424,-3276
27895876,18420,-3276
27897635,18416,-3276
27899393,18412,-3276
27901151,18408,-3276
27902909,18404,-3276
27904667,18400,-3276
27906426,18396,-3276
27908184,18392,-3276
27909942,18388,-3276
27911700,18384,-3276
27913459,18380,-3276
27915217,18376,-3276
27916975,18372,-3276
27918733,18368,-3276
27920492,18364,-3276
27922250,18360,-3276
27924008,18356,-3276
27925766,18352,-3276
27927525,18348,-3276
27929283,18344,-3276
27931041,18340,-3276
27932799,18336,-3276
27934558,18332,-3276
27936316,18328,-3276
27938074,18324,-3276
27939832,18320,-3276
27941591,18316,-3276
27943349,18312,-3276
27945107,18308,-3276
27946865,18304,-3276
27948624,18300,-3276
27950382,18296,-3276
27952140,18292,-3276
27953898,18288,-3276
27955657,18284,-3276
27957415,18280,-3276
27959173,18276,-3276
27960931,18272,-3276
27962689,18268,-3276
27964448,18264,-3276
27966206,18260,-3276
27967964,18256,-3276
27969722,18252,-3276
27971481,18248,-3276
27973239,18244,-3276
27974997,18240,-3276
27976755,18236,-3276
27978514,18232,-3276
27980272,18228,-3276
27982030,18224,-3276
27983788,18220,-3276
27985547,18216,-3276
27987305,18212,-3276
27989063,18208,-3276
27990821,18204,-3276
27992580,18200,-3276
27994338,18196,-3276
27996096,18192,-3276
27997854,18188,-3276
27999613,18184,-3276
28001371,18180,-3276
28003129,18176,-3276
28004887,18172,-3276
28006646,18168,-3276
28008404,18164,-3276
28010162,18160,-3276
28011920,18156,-3276
28013678,18152,-3276
28015437,18148,-3276
28017195,18144,-3276
28018953,18140,-3276
28020711,18136,-3276
28022470,18132,-3276
28024228,18128,-3276
28025986,18124,-3276
28027744,18120,-3276
28029503,18116,-3276
28031261,18112,-3276
28033019,18108,-3276
28034777,18104,-3276
28036536,18100,-3276
28038294,18096,-3276
28040052,18092,-3276
28041810,18088,-3276
28043569,18084,-3276
28045327,18080,-3276
28047085,18076,-3276
28048843,18072,-3276
28050602,18068,-3276
28052360,18064,-3276
28054118,18060,-3276
28055876,18056,-3276
28057635,18052,-3276
28059393,18048,-3276
28061151,18044,-3276
28062909,18040,-3276
28064667,18036,-3276
28066426,18032,-3276
28068184,18028,-3276
28069942,18024,-3276
28071700,18020,-3276
28073459,18016,-3276
28075217,18012,-3276
28076975,18008,-3276
28078733,18004,-3276
28080492,18000,-3276
28082250,17996,-3276
28084008,17992,-3276
28085766,17988,-3276
28087525,17984,-3276
28089283,17980,-3276
28091041,17976,-3276
28092799,17972,-3276
28094558,17968,-3276
28096316,17964,-3276
28098074,17960,-3276
28099832,17956,-3276
28101591,17952,-3276
28103349,17948,-3276
28105107,17944,-3276
28106865,17940,-3276
28108624,17936,-3276
28110382,17932,-3276
28112140,17928,-3276
28113898,17924,-3276
28115657,17920,-3276
28117415,17916,-3276
28119173,17912,-3276
28120931,17908,-3276
28122689,17904,-3276
28124448,17900,-3276
28126206,17896,-3276
28127964,17892,-3276
28129722,17888,-3276
28131481,17884,-3276
28133239,17880,-3276
28134997,17876,-3276
28136755,17872,-3276
28138514,17868,-3276
28140272,17864,-3276
28142030,17860,-3276
28143788,17856,-3276
28145547,17852,-3276
28147305,17848,-3276
28149063,17844,-3276
28150821,17840,-3276
28152580,17836,-3276
28154338,17832,-3276
28156096,17828,-3276
28157854,17824,-3276
28159613,17820,-3276
28161371,17816,-3276
28163129,17812,-3276
28164887,17808,-3276
28166646,17804,-3276
28168404,17800,-3276
28170162,17796,-3276
28171920,17792,-3276
28173678,17788,-3276
28175437,17784,-3276
28177195,17780,-3276
28178953,17776,-3276
28180711,17772,-3276
28182470,17768,-3276
28184228,17764,-3276
28185986,17760,-3276
28187744,17756,-3276
28189503,17752,-3276
28191261,17748,-3276
28193019,17744,-3276
28194777,17740,-3276
28196536,17736,-3276
28198294,17732,-3276
28200052,17728,-3276
28201810,17724,-3276
28203569,17720,-3276
28205327,17716,-3276
28207085,17712,-3276
28208843,17708,-3276
28210602,17704,-3276
28212360,17700,-3276
28214118,17696,-3276
28215876,17692,-3276
28217635,17688,-3276
28219393,17684,-3276
28221151,17680,-3276
28222909,17676,-3276
28224667,17672,-3276
28226426,17668,-3276
28228184,17664,-3276
28229942,17660,-3276
28231700,17656,-3276
28233459,17652,-3276
28235217,17648,-3276
28236975,17644,-3276
28238733,17640,-3276
28240492,17636,-3276
28242250,17632,-3276
28244008,17628,-3276
28245766,17624,-3276
28247525,17620,-3276
28249283,17616,-3276
28251041,17612,-3276
28252799,17608,-3276
28254558,17604,-3276
28256316,17600,-3276
28258074,17596,-3276
28259832,17592,-3276
28261591,17588,-3276
28263349,17584,-3276
28265107,17580,-3276
28266865,17576,-3276
28268624,17572,-3276
28270382,17568,-3276
28272140,17564,-3276
28273898,17560,-3276
28275657,17556,-3276
28277415,17552,-3276
28279173,17548,-3276
28280931,17544,-3276
28282689,17540,-3276
28284448,17536,-3276
28286206,17532,-3276
28287964,17528,-3276
28289722,17524,-3276
28291481,17520,-3276
28293239,17516,-3276
28294997,17512,-3276
28296755,17508,-3276
28298514,17504,-3276
28300272,17500,-3276
28302030,17496,-3276
28303788,17492,-3276
28305547,17488,-3276
28307305,17484,-3276
28309063,17480,-3276
28310821,17476,-3276
28312580,17472,-3276
28314338,17468,-3276
28316096,17464,-3276
28317854,17460,-3276
28319613,17456,-3276
28321371,17452,-3276
28323129,17448,-3276
28324887,17444,-3276
28326646,17440,-3276
28328404,17436,-3276
28330162,17432,-3276
28331920,17428,-3276
28333678,17424,-3276
28335437,17420,-3276
28337195,17416,-3276
28338953,17412,-3276
28340711,17408,-3276
28342470,17404,-3276
28344228,17400,-3276
28345986,17396,-3276
28347744,17392,-3276
28349503,17388,-3276
28351261,17384,-3276
28353019,17380,-3276
28354777,17376,-3276
28356536,17372,-3276
28358294,17368,-3276
28360052,17364,-3276
28361810,17360,-3276
28363569,17356,-3276
28365327,17352,-3276
28367085,17348,-3276
28368843,17344,-3276
28370602,17340,-3276
28372360,17336,-3276
28374118,17332,-3276
28375876,17328,-3276
28377635,17324,-3276
28379393,17320,-3276
28381151,17316,-3276
28382909,17312,-3276
28384667,17308,-3276
28386426,17304,-3276
28388184,17300,-3276
28389942,17296,-3276
28391700,17292,-3276
28393459,17288,-3276
28395217,17284,-3276
28396975,17280,-3276
28398733,17276,-3276
28400492,17272,-3276
28402250,17268,-3276
28404008,17264,-3276
28405766,17260,-3276
28407525,17256,-3276
28409283,17252,-3276
28411041,17248,-3276
28412799,17244,-3276
28414558,17240,-3276
28416316,17236,-3276
28418074,17232,-3276
28419832,17228,-3276
28421591,17224,-3276
28423349,17220,-3276
28425107,17216,-3276
28426865,17212,-3276
28428624,17208,-3276
28430382,17204,-3276
28432140,17200,-3276
28433898,17196,-3276
28435657,17192,-3276
28437415,17188,-3276
28439173,17184,-3276
28440931,17180,-3276
28442689,17176,-3276
28444448,17172,-3276
28446206,17168,-3276
28447964,17164,-3276
28449722,17160,-3276
28451481,17156,-3276
28453239,17152,-3276
28454997,17148,-3276
28456755,17144,-3276
28458514,17140,-3276
28460272,17136,-3276
28462030,17132,-3276
28463788,17128,-3276
28465547,17124,-3276
28467305,17120,-3276
28469063,17116,-3276
28470821,17112,-3276
28472580,17108,-3276
28474338,17104,-3276
28476096,17100,-3276
28477854,17096,-3276
28479613,17092,-3276
28481371,17088,-3276
28483129,17084,-3276
28484887,17080,-3276
28486646,17076,-3276
28488404,17072,-3276
28490162,17068,-3276
28491920,17064,-3276
28493678,17060,-3276
28495437,17056,-3276
28497195,17052,-3276
28498953,17048,-3276
28500711,17044,-3276
28502470,17040,-3276
28504228,17036,-3276
28505986,17032,-3276
28507744,17028,-3276
28509503,17024,-3276
28511261,17020,-3276
28513019,17016,-3276
28514777,17012,-3276
28516536,17008,-3276
28518294,17004,-3276
28520052,17000,-3276
28521810,16996,-3276
28523569,16992,-3276
28525327,16988,-3276
28527085,16984,-3276
28528843,16980,-3276
28530602,16976,-3276
28532360,16972,-3276
28534118,16968,-3276
28535876,16964,-3276
28537635,16960,-3276
28539393,16956,-3276
28541151,16952,-3276
28542909,16948,-3276
28544667,16944,-3276
28546426,16940,-3276
28548184,16936,-3276
28549942,16932,-3276
28551700,16928,-3276
28553459,16924,-3276
28555217,16920,-3276
28556975,16916,-3276
28558733,16912,-3276
28560492,16908,-3276
28562250,16904,-3276
28564008,16900,-3276
28565766,16896,-3276
28567525,16892,-3276
28569283,16888,-3276
28571041,16884,-3276
28572799,16880,-3276
28574558,16876,-3276
28576316,16872,-3276
28578074,16868,-3276
28579832,16864,-3276
28581591,16860,-3276
28583349,16856,-3276
28585107,16852,-3276
28586865,16848,-3276
28588624,16844,-3276
28590382,16840,-3276
28592140,16836,-3276
28593898,16832,-3276
28595657,16828,-3276
28597415,16824,-3276
28599173,16820,-3276
28600931,16816,-3276
28602689,16812,-3276
28604448,16808,-3276
28606206,16804,-3276
28607964,16800,-3276
28609722,16796,-3276
28611481,16792,-3276
28613239,16788,-3276
28614997,16784,-3276
28616755,16780,-3276
28618514,16776,-3276
28620272,16772,-3276
28622030,16768,-3276
28623788,16764,-3276
28625547,16760,-3276
28627305,16756,-3276
28629063,16752,-3276
28630821,16748,-3276
28632580,16744,-3276
28634338,16740,-3276
28636096,16736,-3276
28637854,16732,-3276
28639613,16728,-3276
28641371,16724,-3276
28643129,16720,-3276
28644887,16716,-3276
28646646,16712,-3276
28648404,16708,-3276
28650162,16704,-3276
28651920,16700,-3276
28653678,16696,-3276
28655437,16692,-3276
28657195,16688,-3276
28658953,16684,-3276
28660711,16680,-3276
28662470,16676,-3276
28664228,16672,-3276
28665986,16668,-3276
28667744,16664,-3276
28669503,16660,-3276
28671261,16656,-3276
28673019,16652,-3276
28674777,16648,-3276
28676536,16644,-3276
28678294,16640,-3276
28680052,16636,-3276
28681810,16632,-3276
28683569,16628,-3276
28685327,16624,-3276
28687085,16620,-3276
28688843,16616,-3276
28690602,16612,-3276
28692360,16608,-3276
28694118,16604,-3276
28695876,16600,-3276
28697635,16596,-3276
28699393,16592,-3276
28701151,16588,-3276
28702909,16584,-3276
28704667,16580,-3276
28706426,16576,-3276
28708184,16572,-3276
28709942,16568,-3276
28711700,16564,-3276
28713459,16560,-3276
28715217,16556,-3276
28716975,16552,-3276
28718733,16548,-3276
28720492,16544,-3276
28722250,16540,-3276
28724008,16536,-3276
28725766,16532,-3276
28727525,16528,-3276
28729283,16524,-3276
28731041,16520,-3276
28732799,16516,-3276
28734558,16512,-3276
28736316,16508,-3276
28738074,16504,-3276
28739832,16500,-3276
28741591,16496,-3276
28743349,16492,-3276
28745107,16488,-3276
28746865,16484,-3276
28748624,16480,-3276
28750382,16476,-3276
28752140,16472,-3276
28753898,16468,-3276
28755657,16464,-3276
28757415,16460,-3276
28759173,16456,-3276
28760931,16452,-3276
28762689,16448,-3276
28764448,16444,-3276
28766206,16440,-3276
28767964,16436,-3276
28769722,16432,-3276
28771481,16428,-3276
28773239,16424,-3276
28774997,16420,-3276
28776755,16416,-3276
28778514,16412,-3276
28780272,16408,-3276
28782030,16404,-3276
28783788,16400,-3276
28785547,16396,-3276
28787305,16392,-3276
28789063,16388,-3276
28790821,16384,-3276
28792580,16380,-3276
28794338,16376,-3276
28796096,16372,-3276
28797854,16368,-3276
28799613,16364,-3276
28801371,16360,-3276
28803129,16356,-3276
28804887,16352,-3276
28806646,16348,-3276
28808404,16344,-3276
28810162,16340,-3276
28811920,16336,-3276
28813678,16332,-3276
28815437,16328,-3276
28817195,16324,-3276
28818953,16320,-3276
28820711,16316,-3276
28822470,16312,-3276
28824228,16308,-3276
28825986,16304,-3276
28827744,16300,-3276
28829503,16296,-3276
28831261,16292,-3276
28833019,16288,-3276
28834777,16284,-3276
28836536,16280,-3276
28838294,16276,-3276
28840052,16272,-3276
28841810,16268,-3276
28843569,16264,-3276
28845327,16260,-3276
28847085,16256,-3276
28848843,16252,-3276
28850602,16248,-3276
28852360,16244,-3276
28854118,16240,-3276
28855876,16236,-3276
28857635,16232,-3276
28859393,16228,-3276
28861151,16224,-3276
28862909,16220,-3276
28864667,16216,-3276
28866426,16212,-3276
28868184,16208,-3276
28869942,16204,-3276
28871700,16200,-3276
28873459,16196,-3276
28875217,16192,-3276
28876975,16188,-3276
28878733,16184,-3276
28880492,16180,-3276
28882250,16176,-3276
28884008,16172,-3276
28885766,16168,-3276
28887525,16164,-3276
28889283,16160,-3276
28891041,16156,-3276
28892799,16152,-3276
28894558,16148,-3276
28896316,16144,-3276
28898074,16140,-3276
28899832,16136,-3276
28901591,16132,-3276
28903349,16128,-3276
28905107,16124,-3276
28906865,16120,-3276
28908624,16116,-3276
28910382,16112,-3276
28912140,16108,-3276
28913898,16104,-3276
28915657,16100,-3276
28917415,16096,-3276
28919173,16092,-3276
28920931,16088,-3276
28922689,16084,-3276
28924448,16080,-3276
28926206,16076,-3276
28927964,16072,-3276
28929722,16068,-3276
28931481,16064,-3276
28933239,16060,-3276
28934997,16056,-3276
28936755,16052,-3276
28938514,16048,-3276
28940272,16044,-3276
28942030,16040,-3276
28943788,16036,-3276
28945547,16032,-3276
28947305,16028,-3276
28949063,16024,-3276
28950821,16020,-3276
28952580,16016,-3276
28954338,16012,-3276
28956096,16008,-3276
28957854,16004,-3276
28959613,16000,-3276
28961371,15996,-3276
28963129,15992,-3276
28964887,15988,-3276
28966646,15984,-3276
28968404,15980,-3276
28970162,15976,-3276
28971920,15972,-3276
28973678,15968,-3276
28975437,15964,-3276
28977195,15960,-3276
28978953,15956,-3276
28980711,15952,-3276
28982470,15948,-3276
28984228,15944,-3276
28985986,15940,-3276
28987744,15936,-3276
28989503,15932,-3276
28991261,15928,-3276
28993019,15924,-3276
28994777,15920,-3276
28996536,15916,-3276
28998294,15912,-3276
29000052,15908,-3276
29001810,15904,-3276
29003569,15900,-3276
29005327,15896,-3276
29007085,15892,-3276
29008843,15888,-3276
29010602,15884,-3276
29012360,15880,-3276
29014118,15876,-3276
29015876,15872,-3276
29017635,15868,-3276
29019393,15864,-3276
29021151,15860,-3276
29022909,15856,-3276
29024667,15852,-3276
29026426,15848,-3276
29028184,15844,-3276
29029942,15840,-3276
29031700,15836,-3276
29033459,15832,-3276
29035217,15828,-3276
29036975,15824,-3276
29038733,15820,-3276
29040492,15816,-3276
29042250,15812,-3276
29044008,15808,-3276
29045766,15804,-3276
29047525,15800,-3276
29049283,15796,-3276
29051041,15792,-3276
29052799,15788,-3276
29054558,15784,-3276
29056316,15780,-3276
29058074,15776,-3276
29059832,15772,-3276
29061591,15768,-3276
29063349,15764,-3276
29065107,15760,-3276
29066865,15756,-3276
29068624,15752,-3276
29070382,15748,-3276
29072140,15744,-3276
29073898,15740,-3276
29075657,15736,-3276
29077415,15732,-3276
29079173,15728,-3276
29080931,15724,-3276
29082689,15720,-3276
29084448,15716,-3276
29086206,15712,-3276
29087964,15708,-3276
29089722,15704,-3276
29091481,15700,-3276
29093239,15696,-3276
29094997,15692,-3276
29096755,15688,-3276
29098514,15684,-3276
29100272,15680,-3276
29102030,15676,-3276
29103788,15672,-3276
29105547,15668,-3276
29107305,15664,-3276
29109063,15660,-3276
29110821,15656,-3276
29112580,15652,-3276
29114338,15648,-3276
29116096,15644,-3276
29117854,15640,-3276
29119613,15636,-3276
29121371,15632,-3276
29123129,15628,-3276
29124887,15624,-3276
29126646,15620,-3276
29128404,15616,-3276
29130162,15612,-3276
29131920,15608,-3276
29133678,15604,-3276
29135437,15600,-3276
29137195,15596,-3276
29138953,15592,-3276
29140711,15588,-3276
29142470,15584,-3276
29144228,15580,-3276
29145986,15576,-3276
29147744,15572,-3276
29149503,15568,-3276
29151261,15564,-3276
29153019,15560,-3276
29154777,15556,-3276
29156536,15552,-3276
29158294,15548,-3276
29160052,15544,-3276
29161810,15540,-3276
29163569,15536,-3276
29165327,15532,-3276
29167085,15528,-3276
29168843,15524,-3276
29170602,15520,-3276
29172360,15516,-3276
29174118,15512,-3276
29175876,15508,-3276
29177635,15504,-3276
29179393,15500,-3276
29181151,15496,-3276
29182909,15492,-3276
29184667,15488,-3276
29186426,15484,-3276
29188184,15480,-3276
29189942,15476,-3276
29191700,15472,-3276
29193459,15468,-3276
29195217,15464,-3276
29196975,15460,-3276
29198733,15456,-3276
29200492,15452,-3276
29202250,15448,-3276
29204008,15444,-3276
29205766,15440,-3276
29207525,15436,-3276
29209283,15432,-3276
29211041,15428,-3276
29212799,15424,-3276
29214558,15420,-3276
29216316,15416,-3276
29218074,15412,-3276
29219832,15408,-3276
29221591,15404,-3276
29223349,15400,-3276
29225107,15396,-3276
29226865,15392,-3276
29228624,15388,-3276
29230382,15384,-3276
29232140,15380,-3276
29233898,15376,-3276
29235657,15372,-3276
29237415,15368,-3276
29239173,15364,-3276
29240931,15360,-3276
29242689,15356,-3276
29244448,15352,-3276
29246206,15348,-3276
29247964,15344,-3276
29249722,15340,-3276
29251481,15336,-3276
29253239,15332,-3276
29254997,15328,-3276
29256755,15324,-3276
29258514,15320,-3276
29260272,15316,-3276
29262030,15312,-3276
29263788,15308,-3276
29265547,15304,-3276
29267305,15300,-3276
29269063,15296,-3276
29270821,15292,-3276
29272580,15288,-3276
29274338,15284,-3276
29276096,15280,-3276
29277854,15276,-3276
29279613,15272,-3276
29281371,15268,-3276
29283129,15264,-3276
29284887,15260,-3276
29286646,15256,-3276
29288404,15252,-3276
29290162,15248,-3276
29291920,15244,-3276
29293678,15240,-3276
29295437,15236,-3276
29297195,15232,-3276
29298953,15228,-3276
29300711,15224,-3276
29302470,15220,-3276
29304228,15216,-3276
29305986,15212,-3276
29307744,15208,-3276
29309503,15204,-3276
29311261,15200,-3276
29313019,15196,-3276
29314777,15192,-3276
29316536,15188,-3276
29318294,15184,-3276
29320052,15180,-3276
29321810,15176,-3276
29323569,15172,-3276
29325327,15168,-3276
29327085,15164,-3276
29328843,15160,-3276
29330602,15156,-3276
29332360,15152,-3276
29334118,15148,-3276
29335876,15144,-3276
29337635,15140,-3276
29339393,15136,-3276
29341151,15132,-3276
29342909,15128,-3276
29344667,15124,-3276
29346426,15120,-3276
29348184,15116,-3276
29349942,15112,-3276
29351700,15108,-3276
29353459,15104,-3276
29355217,15100,-3276
29356975,15096,-3276
29358733,15092,-3276
29360492,15088,-3276
29362250,15084,-3276
29364008,15080,-3276
29365766,15076,-3276
29367525,15072,-3276
29369283,15068,-3276
29371041,15064,-3276
29372799,15060,-3276
29374558,15056,-3276
29376316,15052,-3276
29378074,15048,-3276
29379832,15044,-3276
29381591,15040,-3276
29383349,15036,-3276
29385107,15032,-3276
29386865,15028,-3276
29388624,15024,-3276
29390382,15020,-3276
29392140,15016,-3276
29393898,15012,-3276
29395657,15008,-3276
29397415,15004,-3276
29399173,15000,-3276
29400931,14996,-3276
29402689,14992,-3276
29404448,14988,-3276
29406206,14984,-3276
29407964,14980,-3276
29409722,14976,-3276
29411481,14972,-3276
29413239,14968,-3276
29414997,14964,-3276
29416755,14960,-3276
29418514,14956,-3276
29420272,14952,-3276
29422030,14948,-3276
29423788,14944,-3276
29425547,14940,-3276
29427305,14936,-3276
29429063,14932,-3276
29430821,14928,-3276
29432580,14924,-3276
29434338,14920,-3276
29436096,14916,-3276
29437854,14912,-3276
29439613,14908,-3276
29441371,14904,-3276
29443129,14900,-3276
29444887,14896,-3276
29446646,14892,-3276
29448404,14888,-3276
29450162,14884,-3276
29451920,14880,-3276
29453678,14876,-3276
29455437,14872,-3276
29457195,14868,-3276
29458953,14864,-3276
29460711,14860,-3276
29462470,14856,-3276
29464228,14852,-3276
29465986,14848,-3276
29467744,14844,-3276
29469503,14840,-3276
29471261,14836,-3276
29473019,14832,-3276
29474777,14828,-3276
29476536,14824,-3276
29478294,14820,-3276
29480052,14816,-3276
29481810,14812,-3276
29483569,14808,-3276
29485327,14804,-3276
29487085,14800,-3276
29488843,14796,-3276
29490602,14792,-3276
29492360,14788,-3276
29494118,14784,-3276
29495876,14780,-3276
29497635,14776,-3276
29499393,14772,-3276
29501151,14768,-3276
29502909,14764,-3276
29504667,14760,-3276
29506426,14756,-3276
29508184,14752,-3276
29509942,14748,-3276
29511700,14744,-3276
29513459,14740,-3276
29515217,14736,-3276
29516975,14732,-3276
29518733,14728,-3276
29520492,14724,-3276
29522250,14720,-3276
29524008,14716,-3276
29525766,14712,-3276
29527525,14708,-3276
29529283,14704,-3276
29531041,14700,-3276
29532799,14696,-3276
29534558,14692,-3276
29536316,14688,-3276
29538074,14684,-3276
29539832,14680,-3276
29541591,14676,-3276
29543349,14672,-3276
29545107,14668,-3276
29546865,14664,-3276
29548624,14660,-3276
29550382,14656,-3276
29552140,14652,-3276
29553898,14648,-3276
29555657,14644,-3276
29557415,14640,-3276
29559173,14636,-3276
29560931,14632,-3276
29562689,14628,-3276
29564448,14624,-3276
29566206,14620,-3276
29567964,14616,-3276
29569722,14612,-3276
29571481,14608,-3276
29573239,14604,-3276
29574997,14600,-3276
29576755,14596,-3276
29578514,14592,-3276
29580272,14588,-3276
29582030,14584,-3276
29583788,14580,-3276
29585547,14576,-3276
29587305,14572,-3276
29589063,14568,-3276
29590821,14564,-3276
29592580,14560,-3276
29594338,14556,-3276
29596096,14552,-3276
29597854,14548,-3276
29599613,14544,-3276
29601371,14540,-3276
29603129,14536,-3276
29604887,14532,-3276
29606646,14528,-3276
29608404,14524,-3276
29610162,14520,-3276
29611920,14516,-3276
29613678,14512,-3276
29615437,14508,-3276
29617195,14504,-3276
29618953,14500,-3276
29620711,14496,-3276
29622470,14492,-3276
29624228,14488,-3276
29625986,14484,-3276
29627744,14480,-3276
29629503,14476,-3276
29631261,14472,-3276
29633019,14468,-3276
29634777,14464,-3276
29636536,14460,-3276
29638294,14456,-3276
29640052,14452,-3276
29641810,14448,-3276
29643569,14444,-3276
29645327,14440,-3276
29647085,14436,-3276
29648843,14432,-3276
29650602,14428,-3276
29652360,14424,-3276
29654118,14420,-3276
29655876,14416,-3276
29657635,14412,-3276
29659393,14408,-3276
29661151,14404,-3276
29662909,14400,-3276
29664667,14396,-3276
29666426,14392,-3276
29668184,14388,-3276
29669942,14384,-3276
29671700,14380,-3276
29673459,14376,-3276
29675217,14372,-3276
29676975,14368,-3276
29678733,14364,-3276
29680492,14360,-3276
29682250,14356,-3276
29684008,14352,-3276
29685766,14348,-3276
29687525,14344,-3276
29689283,14340,-3276
29691041,14336,-3276
29692799,14332,-3276
29694558,14328,-3276
29696316,14324,-3276
29698074,14320,-3276
29699832,14316,-3276
29701591,14312,-3276
29703349,14308,-3276
29705107,14304,-3276
29706865,14300,-3276
29708624,14296,-3276
29710382,14292,-3276
29712140,14288,-3276
29713898,14284,-3276
29715657,14280,-3276
29717415,14276,-3276
29719173,14272,-3276
29720931,14268,-3276
29722689,14264,-3276
29724448,14260,-3276
29726206,14256,-3276
29727964,14252,-3276
29729722,14248,-3276
29731481,14244,-3276
29733239,14240,-3276
29734997,14236,-3276
29736755,14232,-3276
29738514,14228,-3276
29740272,14224,-3276
29742030,14220,-3276
29743788,14216,-3276
29745547,14212,-3276
29747305,14208,-3276
29749063,14204,-3276
29750821,14200,-3276
29752580,14196,-3276
29754338,14192,-3276
29756096,14188,-3276
29757854,14184,-3276
29759613,14180,-3276
29761371,14176,-3276
29763129,14172,-3276
29764887,14168,-3276
29766646,14164,-3276
29768404,14160,-3276
29770162,14156,-3276
29771920,14152,-3276
29773678,14148,-3276
29775437,14144,-3276
29777195,14140,-3276
29778953,14136,-3276
29780711,14132,-3276
29782470,14128,-3276
29784228,14124,-3276
29785986,14120,-3276
29787744,14116,-3276
29789503,14112,-3276
29791261,14108,-3276
29793019,14104,-3276
29794777,14100,-3276
29796536,14096,-3276
29798294,14092,-3276
29800052,14088,-3276
29801810,14084,-3276
29803569,14080,-3276
29805327,14076,-3276
29807085,14072,-3276
29808843,14068,-3276
29810602,14064,-3276
29812360,14060,-3276
29814118,14056,-3276
29815876,14052,-3276
29817635,14048,-3276
29819393,14044,-3276
29821151,14040,-3276
29822909,14036,-3276
29824667,14032,-3276
29826426,14028,-3276
29828184,14024,-3276
29829942,14020,-3276
29831700,14016,-3276
29833459,14012,-3276
29835217,14008,-3276
29836975,14004,-3276
29838733,14000,-3276
29840492,13996,-3276
29842250,13992,-3276
29844008,13988,-3276
29845766,13984,-3276
29847525,13980,-3276
29849283,13976,-3276
29851041,13972,-3276
29852799,13968,-3276
29854558,13964,-3276
29856316,13960,-3276
29858074,13956,-3276
29859832,13952,-3276
29861591,13948,-3276
29863349,13944,-3276
29865107,13940,-3276
29866865,13936,-3276
29868624,13932,-3276
29870382,13928,-3276
29872140,13924,-3276
29873898,13920,-3276
29875657,13916,-3276
29877415,13912,-3276
29879173,13908,-3276
29880931,13904,-3276
29882689,13900,-3276
29884448,13896,-3276
29886206,13892,-3276
29887964,13888,-3276
29889722,13884,-3276
29891481,13880,-3276
29893239,13876,-3276
29894997,13872,-3276
29896755,13868,-3276
29898514,13864,-3276
29900272,13860,-3276
29902030,13856,-3276
29903788,13852,-3276
29905547,13848,-3276
29907305,13844,-3276
29909063,13840,-3276
29910821,13836,-3276
29912580,13832,-3276
29914338,13828,-3276
29916096,13824,-3276
29917854,13820,-3276
29919613,13816,-3276
29921371,13812,-3276
29923129,13808,-3276
29924887,13804,-3276
29926646,13800,-3276
29928404,13796,-3276
29930162,13792,-3276
29931920,13788,-3276
29933678,13784,-3276
29935437,13780,-3276
29937195,13776,-3276
29938953,13772,-3276
29940711,13768,-3276
29942470,13764,-3276
29944228,13760,-3276
29945986,13756,-3276
29947744,13752,-3276
29949503,13748,-3276
29951261,13744,-3276
29953019,13740,-3276
29954777,13736,-3276
29956536,13732,-3276
29958294,13728,-3276
29960052,13724,-3276
29961810,13720,-3276
29963569,13716,-3276
29965327,13712,-3276
29967085,13708,-3276
29968843,13704,-3276
29970602,13700,-3276
29972360,13696,-3276
29974118,13692,-3276
29975876,13688,-3276
29977635,13684,-3276
29979393,13680,-3276
29981151,13676,-3276
29982909,13672,-3276
29984667,13668,-3276
29986426,13664,-3276
29988184,13660,-3276
29989942,13656,-3276
29991700,13652,-3276
29993459,13648,-3276
29995217,13644,-3276
29996975,13640,-3276
29998733,13636,-3276
30000492,13632,-3276
30002250,13628,-3276
30004008,13624,-3276
30005766,13620,-3276
30007525,13616,-3276
30009283,13612,-3276
30011041,13608,-3276
30012799,13604,-3276
30014558,13600,-3276
30016316,13596,-3276
30018074,13592,-3276
30019832,13588,-3276
30021591,13584,-3276
30023349,13580,-3276
30025107,13576,-3276
30026865,13572,-3276
30028624,13568,-3276
30030382,13564,-3276
30032140,13560,-3276
30033898,13556,-3276
30035657,13552,-3276
30037415,13548,-3276
30039173,13544,-3276
30040931,13540,-3276
30042689,13536,-3276
30044448,13532,-3276
30046206,13528,-3276
30047964,13524,-3276
30049722,13520,-3276
30051481,13516,-3276
30053239,13512,-3276
30054997,13508,-3276
30056755,13504,-3276
30058514,13500,-3276
30060272,13496,-3276
30062030,13492,-3276
30063788,13488,-3276
30065547,13484,-3276
30067305,13480,-3276
30069063,13476,-3276
30070821,13472,-3276
30072580,13468,-3276
30074338,13464,-3276
30076096,13460,-3276
30077854,13456,-3276
30079613,13452,-3276
30081371,13448,-3276
30083129,13444,-3276
30084887,13440,-3276
30086646,13436,-3276
30088404,13432,-3276
30090162,13428,-3276
30091920,13424,-3276
30093678,13420,-3276
30095437,13416,-3276
30097195,13412,-3276
30098953,13408,-3276
30100711,13404,-3276
30102470,13400,-3276
30104228,13396,-3276
30105986,13392,-3276
30107744,13388,-3276
30109503,13384,-3276
30111261,13380,-3276
30113019,13376,-3276
30114777,13372,-3276
30116536,13368,-3276
30118294,13364,-3276
30120052,13360,-3276
30121810,13356,-3276
30123569,13352,-3276
30125327,13348,-3276
30127085,13344,-3276
30128843,13340,-3276
30130602,13336,-3276
30132360,13332,-3276
30134118,13328,-3276
30135876,13324,-3276
30137635,13320,-3276
30139393,13316,-3276
30141151,13312,-3276
30142909,13308,-3276
30144667,13304,-3276
30146426,13300,-3276
30148184,13296,-3276
30149942,13292,-3276
30151700,13288,-3276
30153459,13284,-3276
30155217,13280,-3276
30156975,13276,-3276
30158733,13272,-3276
30160492,13268,-3276
30162250,13264,-3276
30164008,13260,-3276
30165766,13256,-3276
30167525,13252,-3276
30169283,13248,-3276
30171041,13244,-3276
30172799,13240,-3276
30174558,13236,-3276
30176316,13232,-3276
30178074,13228,-3276
30179832,13224,-3276
30181591,13220,-3276
30183349,13216,-3276
30185107,13212,-3276
30186865,13208,-3276
30188624,13204,-3276
30190382,13200,-3276
30192140,13196,-3276
30193898,13192,-3276
30195657,13188,-3276
30197415,13184,-3276
30199173,13180,-3276
30200931,13176,-3276
30202689,13172,-3276
30204448,13168,-3276
30206206,13164,-3276
30207964,13160,-3276
30209722,13156,-3276
30211481,13152,-3276
30213239,13148,-3276
30214997,13144,-3276
30216755,13140,-3276
30218514,13136,-3276
30220272,13132,-3276
30222030,13128,-3276
30223788,13124,-3276
30225547,13120,-3276
30227305,13116,-3276
30229063,13112,-3276
30230821,13108,-3276
30232580,13104,-3276
30234338,13100,-3276
30236096,13096,-3276
30237854,13092,-3276
30239613,13088,-3276
30241371,13084,-3276
30243129,13080,-3276
30244887,13076,-3276
30246646,13072,-3276
30248404,13068,-3276
30250162,13064,-3276
30251920,13060,-3276
30253678,13056,-3276
30255437,13052,-3276
30257195,13048,-3276
30258953,13044,-3276
30260711,13040,-3276
30262470,13036,-3276
30264228,13032,-3276
30265986,13028,-3276
30267744,13024,-3276
30269503,13020,-3276
30271261,13016,-3276
30273019,13012,-3276
30274777,13008,-3276
30276536,13004,-3276
30278294,13000,-3276
30280052,12996,-3276
30281810,12992,-3276
30283569,12988,-3276
30285327,12984,-3276
30287085,12980,-3276
30288843,12976,-3276
30290602,12972,-3276
30292360,12968,-3276
30294118,12964,-3276
30295876,12960,-3276
30297635,12956,-3276
30299393,12952,-3276
30301151,12948,-3276
30302909,12944,-3276
30304667,12940,-3276
30306426,12936,-3276
30308184,12932,-3276
30309942,12928,-3276
30311700,12924,-3276
30313459,12920,-3276
30315217,12916,-3276
30316975,12912,-3276
30318733,12908,-3276
30320492,12904,-3276
30322250,12900,-3276
30324008,12896,-3276
30325766,12892,-3276
30327525,12888,-3276
30329283,12884,-3276
30331041,12880,-3276
30332799,12876,-3276
30334558,12872,-3276
30336316,12868,-3276
30338074,12864,-3276
30339832,12860,-3276
30341591,12856,-3276
30343349,12852,-3276
30345107,12848,-3276
30346865,12844,-3276
30348624,12840,-3276
30350382,12836,-3276
30352140,12832,-3276
30353898,12828,-3276
30355657,12824,-3276
30357415,12820,-3276
30359173,12816,-3276
30360931,12812,-3276
30362689,12808,-3276
30364448,12804,-3276
30366206,12800,-3276
30367964,12796,-3276
30369722,12792,-3276
30371481,12788,-3276
30373239,12784,-3276
30374997,12780,-3276
30376755,12776,-3276
30378514,12772,-3276
30380272,12768,-3276
30382030,12764,-3276
30383788,12760,-3276
30385547,12756,-3276
30387305,12752,-3276
30389063,12748,-3276
30390821,12744,-3276
30392580,12740,-3276
30394338,12736,-3276
30396096,12732,-3276
30397854,12728,-3276
30399613,12724,-3276
30401371,12720,-3276
30403129,12716,-3276
30404887,12712,-3276
30406646,12708,-3276
30408404,12704,-3276
30410162,12700,-3276
30411920,12696,-3276
30413678,12692,-3276
30415437,12688,-3276
30417195,12684,-3276
30418953,12680,-3276
30420711,12676,-3276
30422470,12672,-3276
30424228,12668,-3276
30425986,12664,-3276
30427744,12660,-3276
30429503,12656,-3276
30431261,12652,-3276
30433019,12648,-3276
30434777,12644,-3276
30436536,12640,-3276
30438294,12636,-3276
30440052,12632,-3276
30441810,12628,-3276
30443569,12624,-3276
30445327,12620,-3276
30447085,12616,-3276
30448843,12612,-3276
30450602,12608,-3276
30452360,12604,-3276
30454118,12600,-3276
30455876,12596,-3276
30457635,12592,-3276
30459393,12588,-3276
30461151,12584,-3276
30462909,12580,-3276
30464667,12576,-3276
30466426,12572,-3276
30468184,12568,-3276
30469942,12564,-3276
30471700,12560,-3276
30473459,12556,-3276
30475217,12552,-3276
30476975,12548,-3276
30478733,12544,-3276
30480492,12540,-3276
30482250,12536,-3276
30484008,12532,-3276
30485766,12528,-3276
30487525,12524,-3276
30489283,12520,-3276
30491041,12516,-3276
30492799,12512,-3276
30494558,12508,-3276
30496316,12504,-3276
30498074,12500,-3276
30499832,12496,-3276
30501591,12492,-3276
30503349,12488,-3276
30505107,12484,-3276
30506865,12480,-3276
30508624,12476,-3276
30510382,12472,-3276
30512140,12468,-3276
30513898,12464,-3276
30515657,12460,-3276
30517415,12456,-3276
30519173,12452,-3276
30520931,12448,-3276
30522689,12444,-3276
30524448,12440,-3276
30526206,12436,-3276
30527964,12432,-3276
30529722,12428,-3276
30531481,12424,-3276
30533239,12420,-3276
30534997,12416,-3276
30536755,12412,-3276
30538514,12408,-3276
30540272,12404,-3276
30542030,12400,-3276
30543788,12396,-3276
30545547,12392,-3276
30547305,12388,-3276
30549063,12384,-3276
30550821,12380,-3276
30552580,12376,-3276
30554338,12372,-3276
30556096,12368,-3276
30557854,12364,-3276
30559613,12360,-3276
30561371,12356,-3276
30563129,12352,-3276
30564887,12348,-3276
30566646,12344,-3276
30568404,12340,-3276
30570162,12336,-3276
30571920,12332,-3276
30573678,12328,-3276
30575437,12324,-3276
30577195,12320,-3276
30578953,12316,-3276
30580711,12312,-3276
30582470,12308,-3276
30584228,12304,-3276
30585986,12300,-3276
30587744,12296,-3276
30589503,12292,-3276
30591261,12288,-3276
30593019,12284,-3276
30594777,12280,-3276
30596536,12276,-3276
30598294,12272,-3276
30600052,12268,-3276
30601810,12264,-3276
30603569,12260,-3276
30605327,12256,-3276
30607085,12252,-3276
30608843,12248,-3276
30610602,12244,-3276
30612360,12240,-3276
30614118,12236,-3276
30615876,12232,-3276
30617635,12228,-3276
30619393,12224,-3276
30621151,12220,-3276
30622909,12216,-3276
30624667,12212,-3276
30626426,12208,-3276
30628184,12204,-3276
30629942,12200,-3276
30631700,12196,-3276
30633459,12192,-3276
30635217,12188,-3276
30636975,12184,-3276
30638733,12180,-3276
30640492,12176,-3276
30642250,12172,-3276
30644008,12168,-3276
30645766,12164,-3276
30647525,12160,-3276
30649283,12156,-3276
30651041,12152,-3276
30652799,12148,-3276
30654558,12144,-3276
30656316,12140,-3276
30658074,12136,-3276
30659832,12132,-3276
30661591,12128,-3276
30663349,12124,-3276
30665107,12120,-3276
30666865,12116,-3276
30668624,12112,-3276
30670382,12108,-3276
30672140,12104,-3276
30673898,12100,-3276
30675657,12096,-3276
30677415,12092,-3276
30679173,12088,-3276
30680931,12084,-3276
30682689,12080,-3276
30684448,12076,-3276
30686206,12072,-3276
30687964,12068,-3276
30689722,12064,-3276
30691481,12060,-3276
30693239,12056,-3276
30694997,12052,-3276
30696755,12048,-3276
30698514,12044,-3276
30700272,12040,-3276
30702030,12036,-3276
30703788,12032,-3276
30705547,12028,-3276
30707305,12024,-3276
30709063,12020,-3276
30710821,12016,-3276
30712580,12012,-3276
30714338,12008,-3276
30716096,12004,-3276
30717854,12000,-3276
30719613,11996,-3276
30721371,11992,-3276
30723129,11988,-3276
30724887,11984,-3276
30726646,11980,-3276
30728404,11976,-3276
30730162,11972,-3276
30731920,11968,-3276
30733678,11964,-3276
30735437,11960,-3276
30737195,11956,-3276
30738953,11952,-3276
30740711,11948,-3276
30742470,11944,-3276
30744228,11940,-3276
30745986,11936,-3276
30747744,11932,-3276
30749503,11928,-3276
30751261,11924,-3276
30753019,11920,-3276
30754777,11916,-3276
30756536,11912,-3276
30758294,11908,-3276
30760052,11904,-3276
30761810,11900,-3276
30763569,11896,-3276
30765327,11892,-3276
30767085,11888,-3276
30768843,11884,-3276
30770602,11880,-3276
30772360,11876,-3276
30774118,11872,-3276
30775876,11868,-3276
30777635,11864,-3276
30779393,11860,-3276
30781151,11856,-3276
30782909,11852,-3276
30784667,11848,-3276
30786426,11844,-3276
30788184,11840,-3276
30789942,11836,-3276
30791700,11832,-3276
30793459,11828,-3276
30795217,11824,-3276
30796975,11820,-3276
30798733,11816,-3276
30800492,11812,-3276
30802250,11808,-3276
30804008,11804,-3276
30805766,11800,-3276
30807525,11796,-3276
30809283,11792,-3276
30811041,11788,-3276
30812799,11784,-3276
30814558,11780,-3276
30816316,11776,-3276
30818074,11772,-3276
30819832,11768,-3276
30821591,11764,-3276
30823349,11760,-3276
30825107,11756,-3276
30826865,11752,-3276
30828624,11748,-3276
30830382,11744,-3276
30832140,11740,-3276
30833898,11736,-3276
30835657,11732,-3276
30837415,11728,-3276
30839173,11724,-3276
30840931,11720,-3276
30842689,11716,-3276
30844448,11712,-3276
30846206,11708,-3276
30847964,11704,-3276
30849722,11700,-3276
30851481,11696,-3276
30853239,11692,-3276
30854997,11688,-3276
30856755,11684,-3276
30858514,11680,-3276
30860272,11676,-3276
30862030,11672,-3276
30863788,11668,-3276
30865547,11664,-3276
30867305,11660,-3276
30869063,11656,-3276
30870821,11652,-3276
30872580,11648,-3276
30874338,11644,-3276
30876096,11640,-3276
30877854,11636,-3276
30879613,11632,-3276
30881371,11628,-3276
30883129,11624,-3276
30884887,11620,-3276
30886646,11616,-3276
30888404,11612,-3276
30890162,11608,-3276
30891920,11604,-3276
30893678,11600,-3276
30895437,11596,-3276
30897195,11592,-3276
30898953,11588,-3276
30900711,11584,-3276
30902470,11580,-3276
30904228,11576,-3276
30905986,11572,-3276
30907744,11568,-3276
30909503,11564,-3276
30911261,11560,-3276
30913019,11556,-3276
30914777,11552,-3276
30916536,11548,-3276
30918294,11544,-3276
30920052,11540,-3276
30921810,11536,-3276
30923569,11532,-3276
30925327,11528,-3276
30927085,11524,-3276
30928843,11520,-3276
30930602,11516,-3276
30932360,11512,-3276
30934118,11508,-3276
30935876,11504,-3276
30937635,11500,-3276
30939393,11496,-3276
30941151,11492,-3276
30942909,11488,-3276
30944667,11484,-3276
30946426,11480,-3276
30948184,11476,-3276
30949942,11472,-3276
30951700,11468,-3276
30953459,11464,-3276
30955217,11460,-3276
30956975,11456,-3276
30958733,11452,-3276
30960492,11448,-3276
30962250,11444,-3276
30964008,11440,-3276
30965766,11436,-3276
30967525,11432,-3276
30969283,11428,-3276
30971041,11424,-3276
30972799,11420,-3276
30974558,11416,-3276
30976316,11412,-3276
30978074,11408,-3276
30979832,11404,-3276
30981591,11400,-3276
30983349,11396,-3276
30985107,11392,-3276
30986865,11388,-3276
30988624,11384,-3276
30990382,11380,-3276
30992140,11376,-3276
30993898,11372,-3276
30995657,11368,-3276
30997415,11364,-3276
30999173,11360,-3276
31000931,11356,-3276
31002689,11352,-3276
31004448,11348,-3276
31006206,11344,-3276
31007964,11340,-3276
31009722,11336,-3276
31011481,11332,-3276
31013239,11328,-3276
31014997,11324,-3276
31016755,11320,-3276
31018514,11316,-3276
31020272,11312,-3276
31022030,11308,-3276
31023788,11304,-3276
31025547,11300,-3276
31027305,11296,-3276
31029063,11292,-3276
31030821,11288,-3276
31032580,11284,-3276
31034338,11280,-3276
31036096,11276,-3276
31037854,11272,-3276
31039613,11268,-3276
31041371,11264,-3276
31043129,11260,-3276
31044887,11256,-3276
31046646,11252,-3276
31048404,11248,-3276
31050162,11244,-3276
31051920,11240,-3276
31053678,11236,-3276
31055437,11232,-3276
31057195,11228,-3276
31058953,11224,-3276
31060711,11220,-3276
31062470,11216,-3276
31064228,11212,-3276
31065986,11208,-3276
31067744,11204,-3276
31069503,11200,-3276
31071261,11196,-3276
31073019,11192,-3276
31074777,11188,-3276
31076536,11184,-3276
31078294,11180,-3276
31080052,11176,-3276
31081810,11172,-3276
31083569,11168,-3276
31085327,11164,-3276
31087085,11160,-3276
31088843,11156,-3276
31090602,11152,-3276
31092360,11148,-3276
31094118,11144,-3276
31095876,11140,-3276
31097635,11136,-3276
31099393,11132,-3276
31101151,11128,-3276
31102909,11124,-3276
31104667,11120,-3276
31106426,11116,-3276
31108184,11112,-3276
31109942,11108,-3276
31111700,11104,-3276
31113459,11100,-3276
31115217,11096,-3276
31116975,11092,-3276
31118733,11088,-3276
31120492,11084,-3276
31122250,11080,-3276
31124008,11076,-3276
31125766,11072,-3276
31127525,11068,-3276
31129283,11064,-3276
31131041,11060,-3276
31132799,11056,-3276
31134558,11052,-3276
31136316,11048,-3276
31138074,11044,-3276
31139832,11040,-3276
31141591,11036,-3276
31143349,11032,-3276
31145107,11028,-3276
31146865,11024,-3276
31148624,11020,-3276
31150382,11016,-3276
31152140,11012,-3276
31153898,11008,-3276
31155657,11004,-3276
31157415,11000,-3276
31159173,10996,-3276
31160931,10992,-3276
31162689,10988,-3276
31164448,10984,-3276
31166206,10980,-3276
31167964,10976,-3276
31169722,10972,-3276
31171481,10968,-3276
31173239,10964,-3276
31174997,10960,-3276
31176755,10956,-3276
31178514,10952,-3276
31180272,10948,-3276
31182030,10944,-3276
31183788,10940,-3276
31185547,10936,-3276
31187305,10932,-3276
31189063,10928,-3276
31190821,10924,-3276
31192580,10920,-3276
31194338,10916,-3276
31196096,10912,-3276
31197854,10908,-3276
31199613,10904,-3276
31201371,10900,-3276
31203129,10896,-3276
31204887,10892,-3276
31206646,10888,-3276
31208404,10884,-3276
31210162,10880,-3276
31211920,10876,-3276
31213678,10872,-3276
31215437,10868,-3276
31217195,10864,-3276
31218953,10860,-3276
31220711,10856,-3276
31222470,10852,-3276
31224228,10848,-3276
31225986,10844,-3276
31227744,10840,-3276
31229503,10836,-3276
31231261,10832,-3276
31233019,10828,-3276
31234777,10824,-3276
31236536,10820,-3276
31238294,10816,-3276
31240052,10812,-3276
31241810,10808,-3276
31243569,10804,-3276
31245327,10800,-3276
31247085,10796,-3276
31248843,10792,-3276
31250602,10788,-3276
31252360,10784,-3276
31254118,10780,-3276
31255876,10776,-3276
31257635,10772,-3276
31259393,10768,-3276
31261151,10764,-3276
31262909,10760,-3276
31264667,10756,-3276
31266426,10752,-3276
31268184,10748,-3276
31269942,10744,-3276
31271700,10740,-3276
31273459,10736,-3276
31275217,10732,-3276
31276975,10728,-3276
31278733,10724,-3276
31280492,10720,-3276
31282250,10716,-3276
31284008,10712,-3276
31285766,10708,-3276
31287525,10704,-3276
31289283,10700,-3276
31291041,10696,-3276
31292799,10692,-3276
31294558,10688,-3276
31296316,10684,-3276
31298074,10680,-3276
31299832,10676,-3276
31301591,10672,-3276
31303349,10668,-3276
31305107,10664,-3276
31306865,10660,-3276
31308624,10656,-3276
31310382,10652,-3276
31312140,10648,-3276
31313898,10644,-3276
31315657,10640,-3276
31317415,10636,-3276
31319173,10632,-3276
31320931,10628,-3276
31322689,10624,-3276
31324448,10620,-3276
31326206,10616,-3276
31327964,10612,-3276
31329722,10608,-3276
31331481,10604,-3276
31333239,10600,-3276
31334997,10596,-3276
31336755,10592,-3276
31338514,10588,-3276
31340272,10584,-3276
31342030,10580,-3276
31343788,10576,-3276
31345547,10572,-3276
31347305,10568,-3276
31349063,10564,-3276
31350821,10560,-3276
31352580,10556,-3276
31354338,10552,-3276
31356096,10548,-3276
31357854,10544,-3276
31359613,10540,-3276
31361371,10536,-3276
31363129,10532,-3276
31364887,10528,-3276
31366646,10524,-3276
31368404,10520,-3276
31370162,10516,-3276
31371920,10512,-3276
31373678,10508,-3276
31375437,10504,-3276
31377195,10500,-3276
31378953,10496,-3276
31380711,10492,-3276
31382470,10488,-3276
31384228,10484,-3276
31385986,10480,-3276
31387744,10476,-3276
31389503,10472,-3276
31391261,10468,-3276
31393019,10464,-3276
31394777,10460,-3276
31396536,10456,-3276
31398294,10452,-3276
31400052,10448,-3276
31401810,10444,-3276
31403569,10440,-3276
31405327,10436,-3276
31407085,10432,-3276
31408843,10428,-3276
31410602,10424,-3276
31412360,10420,-3276
31414118,10416,-3276
31415876,10412,-3276
31417635,10408,-3276
31419393,10404,-3276
31421151,10400,-3276
31422909,10396,-3276
31424667,10392,-3276
31426426,10388,-3276
31428184,10384,-3276
31429942,10380,-3276
31431700,10376,-3276
31433459,10372,-3276
31435217,10368,-3276
31436975,10364,-3276
31438733,10360,-3276
31440492,10356,-3276
31442250,10352,-3276
31444008,10348,-3276
31445766,10344,-3276
31447525,10340,-3276
31449283,10336,-3276
31451041,10332,-3276
31452799,10328,-3276
31454558,10324,-3276
31456316,10320,-3276
31458074,10316,-3276
31459832,10312,-3276
31461591,10308,-3276
31463349,10304,-3276
31465107,10300,-3276
31466865,10296,-3276
31468624,10292,-3276
31470382,10288,-3276
31472140,10284,-3276
31473898,10280,-3276
31475657,10276,-3276
31477415,10272,-3276
31479173,10268,-3276
31480931,10264,-3276
31482689,10260,-3276
31484448,10256,-3276
31486206,10252,-3276
31487964,10248,-3276
31489722,10244,-3276
31491481,10240,-3276
31493239,10236,-3276
31494997,10232,-3276
31496755,10228,-3276
31498514,10224,-3276
31500272,10220,-3276
31502030,10216,-3276
31503788,10212,-3276
31505547,10208,-3276
31507305,10204,-3276
31509063,10200,-3276
31510821,10196,-3276
31512580,10192,-3276
31514338,10188,-3276
31516096,10184,-3276
31517854,10180,-3276
31519613,10176,-3276
31521371,10172,-3276
31523129,10168,-3276
31524887,10164,-3276
31526646,10160,-3276
31528404,10156,-3276
31530162,10152,-3276
31531920,10148,-3276
31533678,10144,-3276
31535437,10140,-3276
31537195,10136,-3276
31538953,10132,-3276
31540711,10128,-3276
31542470,10124,-3276
31544228,10120,-3276
31545986,10116,-3276
31547744,10112,-3276
31549503,10108,-3276
31551261,10104,-3276
31553019,10100,-3276
31554777,10096,-3276
31556536,10092,-3276
31558294,10088,-3276
31560052,10084,-3276
31561810,10080,-3276
31563569,10076,-3276
31565327,10072,-3276
31567085,10068,-3276
31568843,10064,-3276
31570602,10060,-3276
31572360,10056,-3276
31574118,10052,-3276
31575876,10048,-3276
31577635,10044,-3276
31579393,10040,-3276
31581151,10036,-3276
31582909,10032,-3276
31584667,10028,-3276
31586426,10024,-3276
31588184,10020,-3276
31589942,10016,-3276
31591700,10012,-3276
31593459,10008,-3276
31595217,10004,-3276
31596975,10000,-3276
31598733,9996,-3276
31600492,9992,-3276
31602250,9988,-3276
31604008,9984,-3276
31605766,9980,-3276
31607525,9976,-3276
31609283,9972,-3276
31611041,9968,-3276
31612799,9964,-3276
31614558,9960,-3276
31616316,9956,-3276
31618074,9952,-3276
31619832,9948,-3276
31621591,9944,-3276
31623349,9940,-3276
31625107,9936,-3276
31626865,9932,-3276
31628624,9928,-3276
31630382,9924,-3276
31632140,9920,-3276
31633898,9916,-3276
31635657,9912,-3276
31637415,9908,-3276
31639173,9904,-3276
31640931,9900,-3276
31642689,9896,-3276
31644448,9892,-3276
31646206,9888,-3276
31647964,9884,-3276
31649722,9880,-3276
31651481,9876,-3276
31653239,9872,-3276
31654997,9868,-3276
31656755,9864,-3276
31658514,9860,-3276
31660272,9856,-3276
31662030,9852,-3276
31663788,9848,-3276
31665547,9844,-3276
31667305,9840,-3276
31669063,9836,-3276
31670821,9832,-3276
31672580,9828,-3276
31674338,9824,-3276
31676096,9820,-3276
31677854,9816,-3276
31679613,9812,-3276
31681371,9808,-3276
31683129,9804,-3276
31684887,9800,-3276
31686646,9796,-3276
31688404,9792,-3276
31690162,9788,-3276
31691920,9784,-3276
31693678,9780,-3276
31695437,9776,-3276
31697195,9772,-3276
31698953,9768,-3276
31700711,9764,-3276
31702470,9760,-3276
31704228,9756,-3276
31705986,9752,-3276
31707744,9748,-3276
31709503,9744,-3276
31711261,9740,-3276
31713019,9736,-3276
31714777,9732,-3276
31716536,9728,-3276
31718294,9724,-3276
31720052,9720,-3276
31721810,9716,-3276
31723569,9712,-3276
31725327,9708,-3276
31727085,9704,-3276
31728843,9700,-3276
31730602,9696,-3276
31732360,9692,-3276
31734118,9688,-3276
31735876,9684,-3276
31737635,9680,-3276
31739393,9676,-3276
31741151,9672,-3276
31742909,9668,-3276
31744667,9664,-3276
31746426,9660,-3276
31748184,9656,-3276
31749942,9652,-3276
31751700,9648,-3276
31753459,9644,-3276
31755217,9640,-3276
31756975,9636,-3276
31758733,9632,-3276
31760492,9628,-3276
31762250,9624,-3276
31764008,9620,-3276
31765766,9616,-3276
31767525,9612,-3276
31769283,9608,-3276
31771041,9604,-3276
31772799,9600,-3276
31774558,9596,-3276
31776316,9592,-3276
31778074,9588,-3276
31779832,9584,-3276
31781591,9580,-3276
31783349,9576,-3276
31785107,9572,-3276
31786865,9568,-3276
31788624,9564,-3276
31790382,9560,-3276
31792140,9556,-3276
31793898,9552,-3276
31795657,9548,-3276
31797415,9544,-3276
31799173,9540,-3276
31800931,9536,-3276
31802689,9532,-3276
31804448,9528,-3276
31806206,9524,-3276
31807964,9520,-3276
31809722,9516,-3276
31811481,9512,-3276
31813239,9508,-3276
31814997,9504,-3276
31816755,9500,-3276
31818514,9496,-3276
31820272,9492,-3276
31822030,9488,-3276
31823788,9484,-3276
31825547,9480,-3276
31827305,9476,-3276
31829063,9472,-3276
31830821,9468,-3276
31832580,9464,-3276
31834338,9460,-3276
31836096,9456,-3276
31837854,9452,-3276
31839613,9448,-3276
31841371,9444,-3276
31843129,9440,-3276
31844887,9436,-3276
31846646,9432,-3276
31848404,9428,-3276
31850162,9424,-3276
31851920,9420,-3276
31853678,9416,-3276
31855437,9412,-3276
31857195,9408,-3276
31858953,9404,-3276
31860711,9400,-3276
31862470,9396,-3276
31864228,9392,-3276
31865986,9388,-3276
31867744,9384,-3276
31869503,9380,-3276
31871261,9376,-3276
31873019,9372,-3276
31874777,9368,-3276
31876536,9364,-3276
31878294,9360,-3276
31880052,9356,-3276
31881810,9352,-3276
31883569,9348,-3276
31885327,9344,-3276
31887085,9340,-3276
31888843,9336,-3276
31890602,9332,-3276
31892360,9328,-3276
31894118,9324,-3276
31895876,9320,-3276
31897635,9316,-3276
31899393,9312,-3276
31901151,9308,-3276
31902909,9304,-3276
31904667,9300,-3276
31906426,9296,-3276
31908184,9292,-3276
31909942,9288,-3276
31911700,9284,-3276
31913459,9280,-3276
31915217,9276,-3276
31916975,9272,-3276
31918733,9268,-3276
31920492,9264,-3276
31922250,9260,-3276
31924008,9256,-3276
31925766,9252,-3276
31927525,9248,-3276
31929283,9244,-3276
31931041,9240,-3276
31932799,9236,-3276
31934558,9232,-3276
31936316,9228,-3276
31938074,9224,-3276
31939832,9220,-3276
31941591,9216,-3276
31943349,9212,-3276
31945107,9208,-3276
31946865,9204,-3276
31948624,9200,-3276
31950382,9196,-3276
31952140,9192,-3276
31953898,9188,-3276
31955657,9184,-3276
31957415,9180,-3276
31959173,9176,-3276
31960931,9172,-3276
31962689,9168,-3276
31964448,9164,-3276
31966206,9160,-3276
31967964,9156,-3276
31969722,9152,-3276
31971481,9148,-3276
31973239,9144,-3276
31974997,9140,-3276
31976755,9136,-3276
31978514,9132,-3276
31980272,9128,-3276
31982030,9124,-3276
31983788,9120,-3276
31985547,9116,-3276
31987305,9112,-3276
31989063,9108,-3276
31990821,9104,-3276
31992580,9100,-3276
31994338,9096,-3276
31996096,9092,-3276
31997854,9088,-3276
31999613,9084,-3276
32001371,9080,-3276
32003129,9076,-3276
32004887,9072,-3276
32006646,9068,-3276
32008404,9064,-3276
32010162,9060,-3276
32011920,9056,-3276
32013678,9052,-3276
32015437,9048,-3276
32017195,9044,-3276
32018953,9040,-3276
32020711,9036,-3276
32022470,9032,-3276
32024228,9028,-3276
32025986,9024,-3276
32027744,9020,-3276
32029503,9016,-3276
32031261,9012,-3276
32033019,9008,-3276
32034777,9004,-3276
32036536,9000,-3276
32038294,8996,-3276
32040052,8992,-3276
32041810,8988,-3276
32043569,8984,-3276
32045327,8980,-3276
32047085,8976,-3276
32048843,8972,-3276
32050602,8968,-3276
32052360,8964,-3276
32054118,8960,-3276
32055876,8956,-3276
32057635,8952,-3276
32059393,8948,-3276
32061151,8944,-3276
32062909,8940,-3276
32064667,8936,-3276
32066426,8932,-3276
32068184,8928,-3276
32069942,8924,-3276
32071700,8920,-3276
32073459,8916,-3276
32075217,8912,-3276
32076975,8908,-3276
32078733,8904,-3276
32080492,8900,-3276
32082250,8896,-3276
32084008,8892,-3276
32085766,8888,-3276
32087525,8884,-3276
32089283,8880,-3276
32091041,8876,-3276
32092799,8872,-3276
32094558,8868,-3276
32096316,8864,-3276
32098074,8860,-3276
32099832,8856,-3276
32101591,8852,-3276
32103349,8848,-3276
32105107,8844,-3276
32106865,8840,-3276
32108624,8836,-3276
32110382,8832,-3276
32112140,8828,-3276
32113898,8824,-3276
32115657,8820,-3276
32117415,8816,-3276
32119173,8812,-3276
32120931,8808,-3276
32122689,8804,-3276
32124448,8800,-3276
32126206,8796,-3276
32127964,8792,-3276
32129722,8788,-3276
32131481,8784,-3276
32133239,8780,-3276
32134997,8776,-3276
32136755,8772,-3276
32138514,8768,-3276
32140272,8764,-3276
32142030,8760,-3276
32143788,8756,-3276
32145547,8752,-3276
32147305,8748,-3276
32149063,8744,-3276
32150821,8740,-3276
32152580,8736,-3276
32154338,8732,-3276
32156096,8728,-3276
32157854,8724,-3276
32159613,8720,-3276
32161371,8716,-3276
32163129,8712,-3276
32164887,8708,-3276
32166646,8704,-3276
32168404,8700,-3276
32170162,8696,-3276
32171920,8692,-3276
32173678,8688,-3276
32175437,8684,-3276
32177195,8680,-3276
32178953,8676,-3276
32180711,8672,-3276
32182470,8668,-3276
32184228,8664,-3276
32185986,8660,-3276
32187744,8656,-3276
32189503,8652,-3276
32191261,8648,-3276
32193019,8644,-3276
32194777,8640,-3276
32196536,8636,-3276
32198294,8632,-3276
32200052,8628,-3276
32201810,8624,-3276
32203569,8620,-3276
32205327,8616,-3276
32207085,8612,-3276
32208843,8608,-3276
32210602,8604,-3276
32212360,8600,-3276
32214118,8596,-3276
32215876,8592,-3276
32217635,8588,-3276
32219393,8584,-3276
32221151,8580,-3276
32222909,8576,-3276
32224667,8572,-3276
32226426,8568,-3276
32228184,8564,-3276
32229942,8560,-3276
32231700,8556,-3276
32233459,8552,-3276
32235217,8548,-3276
32236975,8544,-3276
32238733,8540,-3276
32240492,8536,-3276
32242250,8532,-3276
32244008,8528,-3276
32245766,8524,-3276
32247525,8520,-3276
32249283,8516,-3276
32251041,8512,-3276
32252799,8508,-3276
32254558,8504,-3276
32256316,8500,-3276
32258074,8496,-3276
32259832,8492,-3276
32261591,8488,-3276
32263349,8484,-3276
32265107,8480,-3276
32266865,8476,-3276
32268624,8472,-3276
32270382,8468,-3276
32272140,8464,-3276
32273898,8460,-3276
32275657,8456,-3276
32277415,8452,-3276
32279173,8448,-3276
32280931,8444,-3276
32282689,8440,-3276
32284448,8436,-3276
32286206,8432,-3276
32287964,8428,-3276
32289722,8424,-3276
32291481,8420,-3276
32293239,8416,-3276
32294997,8412,-3276
32296755,8408,-3276
32298514,8404,-3276
32300272,8400,-3276
32302030,8396,-3276
32303788,8392,-3276
32305547,8388,-3276
32307305,8384,-3276
32309063,8380,-3276
32310821,8376,-3276
32312580,8372,-3276
32314338,8368,-3276
32316096,8364,-3276
32317854,8360,-3276
32319613,8356,-3276
32321371,8352,-3276
32323129,8348,-3276
32324887,8344,-3276
32326646,8340,-3276
32328404,8336,-3276
32330162,8332,-3276
32331920,8328,-3276
32333678,8324,-3276
32335437,8320,-3276
32337195,8316,-3276
32338953,8312,-3276
32340711,8308,-3276
32342470,8304,-3276
32344228,8300,-3276
32345986,8296,-3276
32347744,8292,-3276
32349503,8288,-3276
32351261,8284,-3276
32353019,8280,-3276
32354777,8276,-3276
32356536,8272,-3276
32358294,8268,-3276
32360052,8264,-3276
32361810,8260,-3276
32363569,8256,-3276
32365327,8252,-3276
32367085,8248,-3276
32368843,8244,-3276
32370602,8240,-3276
32372360,8236,-3276
32374118,8232,-3276
32375876,8228,-3276
32377635,8224,-3276
32379393,8220,-3276
32381151,8216,-3276
32382909,8212,-3276
32384667,8208,-3276
32386426,8204,-3276
32388184,8200,-3276
32389942,8196,-3276
32391700,8192,-3276
32393459,8188,-3276
32395217,8184,-3276
32396975,8180,-3276
32398733,8176,-3276
32400492,8172,-3276
32402250,8168,-3276
32404008,8164,-3276
32405766,8160,-3276
32407525,8156,-3276
32409283,8152,-3276
32411041,8148,-3276
32412799,8144,-3276
32414558,8140,-3276
32416316,8136,-3276
32418074,8132,-3276
32419832,8128,-3276
32421591,8124,-3276
32423349,8120,-3276
32425107,8116,-3276
32426865,8112,-3276
32428624,8108,-3276
32430382,8104,-3276
32432140,8100,-3276
32433898,8096,-3276
32435657,8092,-3276
32437415,8088,-3276
32439173,8084,-3276
32440931,8080,-3276
32442689,8076,-3276
32444448,8072,-3276
32446206,8068,-3276
32447964,8064,-3276
32449722,8060,-3276
32451481,8056,-3276
32453239,8052,-3276
32454997,8048,-3276
32456755,8044,-3276
32458514,8040,-3276
32460272,8036,-3276
32462030,8032,-3276
32463788,8028,-3276
32465547,8024,-3276
32467305,8020,-3276
32469063,8016,-3276
32470821,8012,-3276
32472580,8008,-3276
32474338,8004,-3276
32476096,8000,-3276
32477854,7996,-3276
32479613,7992,-3276
32481371,7988,-3276
32483129,7984,-3276
32484887,7980,-3276
32486646,7976,-3276
32488404,7972,-3276
32490162,7968,-3276
32491920,7964,-3276
32493678,7960,-3276
32495437,7956,-3276
32497195,7952,-3276
32498953,7948,-3276
32500711,7944,-3276
32502470,7940,-3276
32504228,7936,-3276
32505986,7932,-3276
32507744,7928,-3276
32509503,7924,-3276
32511261,7920,-3276
32513019,7916,-3276
32514777,7912,-3276
32516536,7908,-3276
32518294,7904,-3276
32520052,7900,-3276
32521810,7896,-3276
32523569,7892,-3276
32525327,7888,-3276
32527085,7884,-3276
32528843,7880,-3276
32530602,7876,-3276
32532360,7872,-3276
32534118,7868,-3276
32535876,7864,-3276
32537635,7860,-3276
32539393,7856,-3276
32541151,7852,-3276
32542909,7848,-3276
32544667,7844,-3276
32546426,7840,-3276
32548184,7836,-3276
32549942,7832,-3276
32551700,7828,-3276
32553459,7824,-3276
32555217,7820,-3276
32556975,7816,-3276
32558733,7812,-3276
32560492,7808,-3276
32562250,7804,-3276
32564008,7800,-3276
32565766,7796,-3276
32567525,7792,-3276
32569283,7788,-3276
32571041,7784,-3276
32572799,7780,-3276
32574558,7776,-3276
32576316,7772,-3276
32578074,7768,-3276
32579832,7764,-3276
32581591,7760,-3276
32583349,7756,-3276
32585107,7752,-3276
32586865,7748,-3276
32588624,7744,-3276
32590382,7740,-3276
32592140,7736,-3276
32593898,7732,-3276
32595657,7728,-3276
32597415,7724,-3276
32599173,7720,-3276
32600931,7716,-3276
32602689,7712,-3276
32604448,7708,-3276
32606206,7704,-3276
32607964,7700,-3276
32609722,7696,-3276
32611481,7692,-3276
32613239,7688,-3276
32614997,7684,-3276
32616755,7680,-3276
32618514,7676,-3276
32620272,7672,-3276
32622030,7668,-3276
32623788,7664,-3276
32625547,7660,-3276
32627305,7656,-3276
32629063,7652,-3276
32630821,7648,-3276
32632580,7644,-3276
32634338,7640,-3276
32636096,7636,-3276
32637854,7632,-3276
32639613,7628,-3276
32641371,7624,-3276
32643129,7620,-3276
32644887,7616,-3276
32646646,7612,-3276
32648404,7608,-3276
32650162,7604,-3276
32651920,7600,-3276
32653678,7596,-3276
32655437,7592,-3276
32657195,7588,-3276
32658953,7584,-3276
32660711,7580,-3276
32662470,7576,-3276
32664228,7572,-3276
32665986,7568,-3276
32667744,7564,-3276
32669503,7560,-3276
32671261,7556,-3276
32673019,7552,-3276
32674777,7548,-3276
32676536,7544,-3276
32678294,7540,-3276
32680052,7536,-3276
32681810,7532,-3276
32683569,7528,-3276
32685327,7524,-3276
32687085,7520,-3276
32688843,7516,-3276
32690602,7512,-3276
32692360,7508,-3276
32694118,7504,-3276
32695876,7500,-3276
32697635,7496,-3276
32699393,7492,-3276
32701151,7488,-3276
32702909,7484,-3276
32704667,7480,-3276
32706426,7476,-3276
32708184,7472,-3276
32709942,7468,-3276
32711700,7464,-3276
32713459,7460,-3276
32715217,7456,-3276
32716975,7452,-3276
32718733,7448,-3276
32720492,7444,-3276
32722250,7440,-3276
32724008,7436,-3276
32725766,7432,-3276
32727525,7428,-3276
32729283,7424,-3276
32731041,7420,-3276
32732799,7416,-3276
32734558,7412,-3276
32736316,7408,-3276
32738074,7404,-3276
32739832,7400,-3276
32741591,7396,-3276
32743349,7392,-3276
32745107,7388,-3276
32746865,7384,-3276
32748624,7380,-3276
32750382,7376,-3276
32752140,7372,-3276
32753898,7368,-3276
32755657,7364,-3276
32757415,7360,-3276
32759173,7356,-3276
32760931,7352,-3276
32762689,7348,-3276
32764448,7344,-3276
32766206,7340,-3276
32767964,7336,-3276
32769722,7332,-3276
32771481,7328,-3276
32773239,7324,-3276
32774997,7320,-3276
32776755,7316,-3276
32778514,7312,-3276
32780272,7308,-3276
32782030,7304,-3276
32783788,7300,-3276
32785547,7296,-3276
32787305,7292,-3276
32789063,7288,-3276
32790821,7284,-3276
32792580,7280,-3276
32794338,7276,-3276
32796096,7272,-3276
32797854,7268,-3276
32799613,7264,-3276
32801371,7260,-3276
32803129,7256,-3276
32804887,7252,-3276
32806646,7248,-3276
32808404,7244,-3276
32810162,7240,-3276
32811920,7236,-3276
32813678,7232,-3276
32815437,7228,-3276
32817195,7224,-3276
32818953,7220,-3276
32820711,7216,-3276
32822470,7212,-3276
32824228,7208,-3276
32825986,7204,-3276
32827744,7200,-3276
32829503,7196,-3276
32831261,7192,-3276
32833019,7188,-3276
32834777,7184,-3276
32836536,7180,-3276
32838294,7176,-3276
32840052,7172,-3276
32841810,7168,-3276
32843569,7164,-3276
32845327,7160,-3276
32847085,7156,-3276
32848843,7152,-3276
32850602,7148,-3276
32852360,7144,-3276
32854118,7140,-3276
32855876,7136,-3276
32857635,7132,-3276
32859393,7128,-3276
32861151,7124,-3276
32862909,7120,-3276
32864667,7116,-3276
32866426,7112,-3276
32868184,7108,-3276
32869942,7104,-3276
32871700,7100,-3276
32873459,7096,-3276
32875217,7092,-3276
32876975,7088,-3276
32878733,7084,-3276
32880492,7080,-3276
32882250,7076,-3276
32884008,7072,-3276
32885766,7068,-3276
32887525,7064,-3276
32889283,7060,-3276
32891041,7056,-3276
32892799,7052,-3276
32894558,7048,-3276
32896316,7044,-3276
32898074,7040,-3276
32899832,7036,-3276
32901591,7032,-3276
32903349,7028,-3276
32905107,7024,-3276
32906865,7020,-3276
32908624,7016,-3276
32910382,7012,-3276
32912140,7008,-3276
32913898,7004,-3276
32915657,7000,-3276
32917415,6996,-3276
32919173,6992,-3276
32920931,6988,-3276
32922689,6984,-3276
32924448,6980,-3276
32926206,6976,-3276
32927964,6972,-3276
32929722,6968,-3276
32931481,6964,-3276
32933239,6960,-3276
32934997,6956,-3276
32936755,6952,-3276
32938514,6948,-3276
32940272,6944,-3276
32942030,6940,-3276
32943788,6936,-3276
32945547,6932,-3276
32947305,6928,-3276
32949063,6924,-3276
32950821,6920,-3276
32952580,6916,-3276
32954338,6912,-3276
32956096,6908,-3276
32957854,6904,-3276
32959613,6900,-3276
32961371,6896,-3276
32963129,6892,-3276
32964887,6888,-3276
32966646,6884,-3276
32968404,6880,-3276
32970162,6876,-3276
32971920,6872,-3276
32973678,6868,-3276
32975437,6864,-3276
32977195,6860,-3276
32978953,6856,-3276
32980711,6852,-3276
32982470,6848,-3276
32984228,6844,-3276
32985986,6840,-3276
32987744,6836,-3276
32989503,6832,-3276
32991261,6828,-3276
32993019,6824,-3276
32994777,6820,-3276
32996536,6816,-3276
32998294,6812,-3276
33000052,6808,-3276
33001810,6804,-3276
33003569,6800,-3276
33005327,6796,-3276
33007085,6792,-3276
33008843,6788,-3276
33010602,6784,-3276
33012360,6780,-3276
33014118,6776,-3276
33015876,6772,-3276
33017635,6768,-3276
33019393,6764,-3276
33021151,6760,-3276
33022909,6756,-3276
33024667,6752,-3276
33026426,6748,-3276
33028184,6744,-3276
33029942,6740,-3276
33031700,6736,-3276
33033459,6732,-3276
33035217,6728,-3276
33036975,6724,-3276
33038733,6720,-3276
33040492,6716,-3276
33042250,6712,-3276
33044008,6708,-3276
33045766,6704,-3276
33047525,6700,-3276
33049283,6696,-3276
33051041,6692,-3276
33052799,6688,-3276
33054558,6684,-3276
33056316,6680,-3276
33058074,6676,-3276
33059832,6672,-3276
33061591,6668,-3276
33063349,6664,-3276
33065107,6660,-3276
33066865,6656,-3276
33068624,6652,-3276
33070382,6648,-3276
33072140,6644,-3276
33073898,6640,-3276
33075657,6636,-3276
33077415,6632,-3276
33079173,6628,-3276
33080931,6624,-3276
33082689,6620,-3276
33084448,6616,-3276
33086206,6612,-3276
33087964,6608,-3276
33089722,6604,-3276
33091481,6600,-3276
33093239,6596,-3276
33094997,6592,-3276
33096755,6588,-3276
33098514,6584,-3276
33100272,6580,-3276
33102030,6576,-3276
33103788,6572,-3276
33105547,6568,-3276
33107305,6564,-3276
33109063,6560,-3276
33110821,6556,-3276
33112580,6552,-3276
33114338,6548,-3276
33116096,6544,-3276
33117854,6540,-3276
33119613,6536,-3276
33121371,6532,-3276
33123129,6528,-3276
33124887,6524,-3276
33126646,6520,-3276
33128404,6516,-3276
33130162,6512,-3276
33131920,6508,-3276
33133678,6504,-3276
33135437,6500,-3276
33137195,6496,-3276
33138953,6492,-3276
33140711,6488,-3276
33142470,6484,-3276
33144228,6480,-3276
33145986,6476,-3276
33147744,6472,-3276
33149503,6468,-3276
33151261,6464,-3276
33153019,6460,-3276
33154777,6456,-3276
33156536,6452,-3276
33158294,6448,-3276
33160052,6444,-3276
33161810,6440,-3276
33163569,6436,-3276
33165327,6432,-3276
33167085,6428,-3276
33168843,6424,-3276
33170602,6420,-3276
33172360,6416,-3276
33174118,6412,-3276
33175876,6408,-3276
33177635,6404,-3276
33179393,6400,-3276
33181151,6396,-3276
33182909,6392,-3276
33184667,6388,-3276
33186426,6384,-3276
33188184,6380,-3276
33189942,6376,-3276
33191700,6372,-3276
33193459,6368,-3276
33195217,6364,-3276
33196975,6360,-3276
33198733,6356,-3276
33200492,6352,-3276
33202250,6348,-3276
33204008,6344,-3276
33205766,6340,-3276
33207525,6336,-3276
33209283,6332,-3276
33211041,6328,-3276
33212799,6324,-3276
33214558,6320,-3276
33216316,6316,-3276
33218074,6312,-3276
33219832,6308,-3276
33221591,6304,-3276
33223349,6300,-3276
33225107,6296,-3276
33226865,6292,-3276
33228624,6288,-3276
33230382,6284,-3276
33232140,6280,-3276
33233898,6276,-3276
33235657,6272,-3276
33237415,6268,-3276
33239173,6264,-3276
33240931,6260,-3276
33242689,6256,-3276
33244448,6252,-3276
33246206,6248,-3276
33247964,6244,-3276
33249722,6240,-3276
33251481,6236,-3276
33253239,6232,-3276
33254997,6228,-3276
33256755,6224,-3276
33258514,6220,-3276
33260272,6216,-3276
33262030,6212,-3276
33263788,6208,-3276
33265547,6204,-3276
33267305,6200,-3276
33269063,6196,-3276
33270821,6192,-3276
33272580,6188,-3276
33274338,6184,-3276
33276096,6180,-3276
33277854,6176,-3276
33279613,6172,-3276
33281371,6168,-3276
33283129,6164,-3276
33284887,6160,-3276
33286646,6156,-3276
33288404,6152,-3276
33290162,6148,-3276
33291920,6144,-3276
33293678,6140,-3276
33295437,6136,-3276
33297195,6132,-3276
33298953,6128,-3276
33300711,6124,-3276
33302470,6120,-3276
33304228,6116,-3276
33305986,6112,-3276
33307744,6108,-3276
33309503,6104,-3276
33311261,6100,-3276
33313019,6096,-3276
33314777,6092,-3276
33316536,6088,-3276
33318294,6084,-3276
33320052,6080,-3276
33321810,6076,-3276
33323569,6072,-3276
33325327,6068,-3276
33327085,6064,-3276
33328843,6060,-3276
33330602,6056,-3276
33332360,6052,-3276
33334118,6048,-3276
33335876,6044,-3276
33337635,6040,-3276
33339393,6036,-3276
33341151,6032,-3276
33342909,6028,-3276
33344667,6024,-3276
33346426,6020,-3276
33348184,6016,-3276
33349942,6012,-3276
33351700,6008,-3276
33353459,6004,-3276
33355217,6000,-3276
33356975,5996,-3276
33358733,5992,-3276
33360492,5988,-3276
33362250,5984,-3276
33364008,5980,-3276
33365766,5976,-3276
33367525,5972,-3276
33369283,5968,-3276
33371041,5964,-3276
33372799,5960,-3276
33374558,5956,-3276
33376316,5952,-3276
33378074,5948,-3276
33379832,5944,-3276
33381591,5940,-3276
33383349,5936,-3276
33385107,5932,-3276
33386865,5928,-3276
33388624,5924,-3276
33390382,5920,-3276
33392140,5916,-3276
33393898,5912,-3276
33395657,5908,-3276
33397415,5904,-3276
33399173,5900,-3276
33400931,5896,-3276
33402689,5892,-3276
33404448,5888,-3276
33406206,5884,-3276
33407964,5880,-3276
33409722,5876,-3276
33411481,5872,-3276
33413239,5868,-3276
33414997,5864,-3276
33416755,5860,-3276
33418514,5856,-3276
33420272,5852,-3276
33422030,5848,-3276
33423788,5844,-3276
33425547,5840,-3276
33427305,5836,-3276
33429063,5832,-3276
33430821,5828,-3276
33432580,5824,-3276
33434338,5820,-3276
33436096,5816,-3276
33437854,5812,-3276
33439613,5808,-3276
33441371,5804,-3276
33443129,5800,-3276
33444887,5796,-3276
33446646,5792,-3276
33448404,5788,-3276
33450162,5784,-3276
33451920,5780,-3276
33453678,5776,-3276
33455437,5772,-3276
33457195,5768,-3276
33458953,5764,-3276
33460711,5760,-3276
33462470,5756,-3276
33464228,5752,-3276
33465986,5748,-3276
33467744,5744,-3276
33469503,5740,-3276
33471261,5736,-3276
33473019,5732,-3276
33474777,5728,-3276
33476536,5724,-3276
33478294,5720,-3276
33480052,5716,-3276
33481810,5712,-3276
33483569,5708,-3276
33485327,5704,-3276
33487085,5700,-3276
33488843,5696,-3276
33490602,5692,-3276
33492360,5688,-3276
33494118,5684,-3276
33495876,5680,-3276
33497635,5676,-3276
33499393,5672,-3276
33501151,5668,-3276
33502909,5664,-3276
33504667,5660,-3276
33506426,5656,-3276
33508184,5652,-3276
33509942,5648,-3276
33511700,5644,-3276
33513459,5640,-3276
33515217,5636,-3276
33516975,5632,-3276
33518733,5628,-3276
33520492,5624,-3276
33522250,5620,-3276
33524008,5616,-3276
33525766,5612,-3276
33527525,5608,-3276
33529283,5604,-3276
33531041,5600,-3276
33532799,5596,-3276
33534558,5592,-3276
33536316,5588,-3276
33538074,5584,-3276
33539832,5580,-3276
33541591,5576,-3276
33543349,5572,-3276
33545107,5568,-3276
33546865,5564,-3276
33548624,5560,-3276
33550382,5556,-3276
33552140,5552,-3276
33553898,5548,-3276
33555657,5544,-3276
33557415,5540,-3276
33559173,5536,-3276
33560931,5532,-3276
33562689,5528,-3276
33564448,5524,-3276
33566206,5520,-3276
33567964,5516,-3276
33569722,5512,-3276
33571481,5508,-3276
33573239,5504,-3276
33574997,5500,-3276
33576755,5496,-3276
33578514,5492,-3276
33580272,5488,-3276
33582030,5484,-3276
33583788,5480,-3276
33585547,5476,-3276
33587305,5472,-3276
33589063,5468,-3276
33590821,5464,-3276
33592580,5460,-3276
33594338,5456,-3276
33596096,5452,-3276
33597854,5448,-3276
33599613,5444,-3276
33601371,5440,-3276
33603129,5436,-3276
33604887,5432,-3276
33606646,5428,-3276
33608404,5424,-3276
33610162,5420,-3276
33611920,5416,-3276
33613678,5412,-3276
33615437,5408,-3276
33617195,5404,-3276
33618953,5400,-3276
33620711,5396,-3276
33622470,5392,-3276
33624228,5388,-3276
33625986,5384,-3276
33627744,5380,-3276
33629503,5376,-3276
33631261,5372,-3276
33633019,5368,-3276
33634777,5364,-3276
33636536,5360,-3276
33638294,5356,-3276
33640052,5352,-3276
33641810,5348,-3276
33643569,5344,-3276
33645327,5340,-3276
33647085,5336,-3276
33648843,5332,-3276
33650602,5328,-3276
33652360,5324,-3276
33654118,5320,-3276
33655876,5316,-3276
33657635,5312,-3276
33659393,5308,-3276
33661151,5304,-3276
33662909,5300,-3276
33664667,5296,-3276
33666426,5292,-3276
33668184,5288,-3276
33669942,5284,-3276
33671700,5280,-3276
33673459,5276,-3276
33675217,5272,-3276
33676975,5268,-3276
33678733,5264,-3276
33680492,5260,-3276
33682250,5256,-3276
33684008,5252,-3276
33685766,5248,-3276
33687525,5244,-3276
33689283,5240,-3276
33691041,5236,-3276
33692799,5232,-3276
33694558,5228,-3276
33696316,5224,-3276
33698074,5220,-3276
33699832,5216,-3276
33701591,5212,-3276
33703349,5208,-3276
33705107,5204,-3276
33706865,5200,-3276
33708624,5196,-3276
33710382,5192,-3276
33712140,5188,-3276
33713898,5184,-3276
33715657,5180,-3276
33717415,5176,-3276
33719173,5172,-3276
33720931,5168,-3276
33722689,5164,-3276
33724448,5160,-3276
33726206,5156,-3276
33727964,5152,-3276
33729722,5148,-3276
33731481,5144,-3276
33733239,5140,-3276
33734997,5136,-3276
33736755,5132,-3276
33738514,5128,-3276
33740272,5124,-3276
33742030,5120,-3276
33743788,5116,-3276
33745547,5112,-3276
33747305,5108,-3276
33749063,5104,-3276
33750821,5100,-3276
33752580,5096,-3276
33754338,5092,-3276
33756096,5088,-3276
33757854,5084,-3276
33759613,5080,-3276
33761371,5076,-3276
33763129,5072,-3276
33764887,5068,-3276
33766646,5064,-3276
33768404,5060,-3276
33770162,5056,-3276
33771920,5052,-3276
33773678,5048,-3276
33775437,5044,-3276
33777195,5040,-3276
33778953,5036,-3276
33780711,5032,-3276
33782470,5028,-3276
33784228,5024,-3276
33785986,5020,-3276
33787744,5016,-3276
33789503,5012,-3276
33791261,5008,-3276
33793019,5004,-3276
33794777,5000,-3276
33796536,4996,-3276
33798294,4992,-3276
33800052,4988,-3276
33801810,4984,-3276
33803569,4980,-3276
33805327,4976,-3276
33807085,4972,-3276
33808843,4968,-3276
33810602,4964,-3276
33812360,4960,-3276
33814118,4956,-3276
33815876,4952,-3276
33817635,4948,-3276
33819393,4944,-3276
33821151,4940,-3276
33822909,4936,-3276
33824667,4932,-3276
33826426,4928,-3276
33828184,4924,-3276
33829942,4920,-3276
33831700,4916,-3276
33833459,4912,-3276
33835217,4908,-3276
33836975,4904,-3276
33838733,4900,-3276
33840492,4896,-3276
33842250,4892,-3276
33844008,4888,-3276
33845766,4884,-3276
33847525,4880,-3276
33849283,4876,-3276
33851041,4872,-3276
33852799,4868,-3276
33854558,4864,-3276
33856316,4860,-3276
33858074,4856,-3276
33859832,4852,-3276
33861591,4848,-3276
33863349,4844,-3276
33865107,4840,-3276
33866865,4836,-3276
33868624,4832,-3276
33870382,4828,-3276
33872140,4824,-3276
33873898,4820,-3276
33875657,4816,-3276
33877415,4812,-3276
33879173,4808,-3276
33880931,4804,-3276
33882689,4800,-3276
33884448,4796,-3276
33886206,4792,-3276
33887964,4788,-3276
33889722,4784,-3276
33891481,4780,-3276
33893239,4776,-3276
33894997,4772,-3276
33896755,4768,-3276
33898514,4764,-3276
33900272,4760,-3276
33902030,4756,-3276
33903788,4752,-3276
33905547,4748,-3276
33907305,4744,-3276
33909063,4740,-3276
33910821,4736,-3276
33912580,4732,-3276
33914338,4728,-3276
33916096,4724,-3276
33917854,4720,-3276
33919613,4716,-3276
33921371,4712,-3276
33923129,4708,-3276
33924887,4704,-3276
33926646,4700,-3276
33928404,4696,-3276
33930162,4692,-3276
33931920,4688,-3276
33933678,4684,-3276
33935437,4680,-3276
33937195,4676,-3276
33938953,4672,-3276
33940711,4668,-3276
33942470,4664,-3276
33944228,4660,-3276
33945986,4656,-3276
33947744,4652,-3276
33949503,4648,-3276
33951261,4644,-3276
33953019,4640,-3276
33954777,4636,-3276
33956536,4632,-3276
33958294,4628,-3276
33960052,4624,-3276
33961810,4620,-3276
33963569,4616,-3276
33965327,4612,-3276
33967085,4608,-3276
33968843,4604,-3276
33970602,4600,-3276
33972360,4596,-3276
33974118,4592,-3276
33975876,4588,-3276
33977635,4584,-3276
33979393,4580,-3276
33981151,4576,-3276
33982909,4572,-3276
33984667,4568,-3276
33986426,4564,-3276
33988184,4560,-3276
33989942,4556,-3276
33991700,4552,-3276
33993459,4548,-3276
33995217,4544,-3276
33996975,4540,-3276
33998733,4536,-3276
34000492,4532,-3276
34002250,4528,-3276
34004008,4524,-3276
34005766,4520,-3276
34007525,4516,-3276
34009283,4512,-3276
34011041,4508,-3276
34012799,4504,-3276
34014558,4500,-3276
34016316,4496,-3276
34018074,4492,-3276
34019832,4488,-3276
34021591,4484,-3276
34023349,4480,-3276
34025107,4476,-3276
34026865,4472,-3276
34028624,4468,-3276
34030382,4464,-3276
34032140,4460,-3276
34033898,4456,-3276
34035657,4452,-3276
34037415,4448,-3276
34039173,4444,-3276
34040931,4440,-3276
34042689,4436,-3276
34044448,4432,-3276
34046206,4428,-3276
34047964,4424,-3276
34049722,4420,-3276
34051481,4416,-3276
34053239,4412,-3276
34054997,4408,-3276
34056755,4404,-3276
34058514,4400,-3276
34060272,4396,-3276
34062030,4392,-3276
34063788,4388,-3276
34065547,4384,-3276
34067305,4380,-3276
34069063,4376,-3276
34070821,4372,-3276
34072580,4368,-3276
34074338,4364,-3276
34076096,4360,-3276
34077854,4356,-3276
34079613,4352,-3276
34081371,4348,-3276
34083129,4344,-3276
34084887,4340,-3276
34086646,4336,-3276
34088404,4332,-3276
34090162,4328,-3276
34091920,4324,-3276
34093678,4320,-3276
34095437,4316,-3276
34097195,4312,-3276
34098953,4308,-3276
34100711,4304,-3276
34102470,4300,-3276
34104228,4296,-3276
34105986,4292,-3276
34107744,4288,-3276
34109503,4284,-3276
34111261,4280,-3276
34113019,4276,-3276
34114777,4272,-3276
34116536,4268,-3276
34118294,4264,-3276
34120052,4260,-3276
34121810,4256,-3276
34123569,4252,-3276
34125327,4248,-3276
34127085,4244,-3276
34128843,4240,-3276
34130602,4236,-3276
34132360,4232,-3276
34134118,4228,-3276
34135876,4224,-3276
34137635,4220,-3276
34139393,4216,-3276
34141151,4212,-3276
34142909,4208,-3276
34144667,4204,-3276
34146426,4200,-3276
34148184,4196,-3276
34149942,4192,-3276
34151700,4188,-3276
34153459,4184,-3276
34155217,4180,-3276
34156975,4176,-3276
34158733,4172,-3276
34160492,4168,-3276
34162250,4164,-3276
34164008,4160,-3276
34165766,4156,-3276
34167525,4152,-3276
34169283,4148,-3276
34171041,4144,-3276
34172799,4140,-3276
34174558,4136,-3276
34176316,4132,-3276
34178074,4128,-3276
34179832,4124,-3276
34181591,4120,-3276
34183349,4116,-3276
34185107,4112,-3276
34186865,4108,-3276
34188624,4104,-3276
34190382,4100,-3276
34192140,4096,-3276
34193898,4092,-3276
34195657,4088,-3276
34197415,4084,-3276
34199173,4080,-3276
34200931,4076,-3276
34202689,4072,-3276
34204448,4068,-3276
34206206,4064,-3276
34207964,4060,-3276
34209722,4056,-3276
34211481,4052,-3276
34213239,4048,-3276
34214997,4044,-3276
34216755,4040,-3276
34218514,4036,-3276
34220272,4032,-3276
34222030,4028,-3276
34223788,4024,-3276
34225547,4020,-3276
34227305,4016,-3276
34229063,4012,-3276
34230821,4008,-3276
34232580,4004,-3276
34234338,4000,-3276
34236096,3996,-3276
34237854,3992,-3276
34239613,3988,-3276
34241371,3984,-3276
34243129,3980,-3276
34244887,3976,-3276
34246646,3972,-3276
34248404,3968,-3276
34250162,3964,-3276
34251920,3960,-3276
34253678,3956,-3276
34255437,3952,-3276
34257195,3948,-3276
34258953,3944,-3276
34260711,3940,-3276
34262470,3936,-3276
34264228,3932,-3276
34265986,3928,-3276
34267744,3924,-3276
34269503,3920,-3276
34271261,3916,-3276
34273019,3912,-3276
34274777,3908,-3276
34276536,3904,-3276
34278294,3900,-3276
34280052,3896,-3276
34281810,3892,-3276
34283569,3888,-3276
34285327,3884,-3276
34287085,3880,-3276
34288843,3876,-3276
34290602,3872,-3276
34292360,3868,-3276
34294118,3864,-3276
34295876,3860,-3276
34297635,3856,-3276
34299393,3852,-3276
34301151,3848,-3276
34302909,3844,-3276
34304667,3840,-3276
34306426,3836,-3276
34308184,3832,-3276
34309942,3828,-3276
34311700,3824,-3276
34313459,3820,-3276
34315217,3816,-3276
34316975,3812,-3276
34318733,3808,-3276
34320492,3804,-3276
34322250,3800,-3276
34324008,3796,-3276
34325766,3792,-3276
34327525,3788,-3276
34329283,3784,-3276
34331041,3780,-3276
34332799,3776,-3276
34334558,3772,-3276
34336316,3768,-3276
34338074,3764,-3276
34339832,3760,-3276
34341591,3756,-3276
34343349,3752,-3276
34345107,3748,-3276
34346865,3744,-3276
34348624,3740,-3276
34350382,3736,-3276
34352140,3732,-3276
34353898,3728,-3276
34355657,3724,-3276
34357415,3720,-3276
34359173,3716,-3276
34360931,3712,-3276
34362689,3708,-3276
34364448,3704,-3276
34366206,3700,-3276
34367964,3696,-3276
34369722,3692,-3276
34371481,3688,-3276
34373239,3684,-3276
34374997,3680,-3276
34376755,3676,-3276
34378514,3672,-3276
34380272,3668,-3276
34382030,3664,-3276
34383788,3660,-3276
34385547,3656,-3276
34387305,3652,-3276
34389063,3648,-3276
34390821,3644,-3276
34392580,3640,-3276
34394338,3636,-3276
34396096,3632,-3276
34397854,3628,-3276
34399613,3624,-3276
34401371,3620,-3276
34403129,3616,-3276
34404887,3612,-3276
34406646,3608,-3276
34408404,3604,-3276
34410162,3600,-3276
34411920,3596,-3276
34413678,3592,-3276
34415437,3588,-3276
34417195,3584,-3276
34418953,3580,-3276
34420711,3576,-3276
34422470,3572,-3276
34424228,3568,-3276
34425986,3564,-3276
34427744,3560,-3276
34429503,3556,-3276
34431261,3552,-3276
34433019,3548,-3276
34434777,3544,-3276
34436536,3540,-3276
34438294,3536,-3276
34440052,3532,-3276
34441810,3528,-3276
34443569,3524,-3276
34445327,3520,-3276
34447085,3516,-3276
34448843,3512,-3276
34450602,3508,-3276
34452360,3504,-3276
34454118,3500,-3276
34455876,3496,-3276
34457635,3492,-3276
34459393,3488,-3276
34461151,3484,-3276
34462909,3480,-3276
34464667,3476,-3276
34466426,3472,-3276
34468184,3468,-3276
34469942,3464,-3276
34471700,3460,-3276
34473459,3456,-3276
34475217,3452,-3276
34476975,3448,-3276
34478733,3444,-3276
34480492,3440,-3276
34482250,3436,-3276
34484008,3432,-3276
34485766,3428,-3276
34487525,3424,-3276
34489283,3420,-3276
34491041,3416,-3276
34492799,3412,-3276
34494558,3408,-3276
34496316,3404,-3276
34498074,3400,-3276
34499832,3396,-3276
34501591,3392,-3276
34503349,3388,-3276
34505107,3384,-3276
34506865,3380,-3276
34508624,3376,-3276
34510382,3372,-3276
34512140,3368,-3276
34513898,3364,-3276
34515657,3360,-3276
34517415,3356,-3276
34519173,3352,-3276
34520931,3348,-3276
34522689,3344,-3276
34524448,3340,-3276
34526206,3336,-3276
34527964,3332,-3276
34529722,3328,-3276
34531481,3324,-3276
34533239,3320,-3276
34534997,3316,-3276
34536755,3312,-3276
34538514,3308,-3276
34540272,3304,-3276
34542030,3300,-3276
34543788,3296,-3276
34545547,3292,-3276
34547305,3288,-3276
34549063,3284,-3276
34550821,3280,-3276
34552580,3276,-3276
34554338,3272,-3276
34556096,3268,-3276
34557854,3264,-3276
34559613,3260,-3276
34561371,3256,-3276
34563129,3252,-3276
34564887,3248,-3276
34566646,3244,-3276
34568404,3240,-3276
34570162,3236,-3276
34571920,3232,-3276
34573678,3228,-3276
34575437,3224,-3276
34577195,3220,-3276
34578953,3216,-3276
34580711,3212,-3276
34582470,3208,-3276
34584228,3204,-3276
34585986,3200,-3276
34587744,3196,-3276
34589503,3192,-3276
34591261,3188,-3276
34593019,3184,-3276
34594777,3180,-3276
34596536,3176,-3276
34598294,3172,-3276
34600052,3168,-3276
34601810,3164,-3276
34603569,3160,-3276
34605327,3156,-3276
34607085,3152,-3276
34608843,3148,-3276
34610602,3144,-3276
34612360,3140,-3276
34614118,3136,-3276
34615876,3132,-3276
34617635,3128,-3276
34619393,3124,-3276
34621151,3120,-3276
34622909,3116,-3276
34624667,3112,-3276
34626426,3108,-3276
34628184,3104,-3276
34629942,3100,-3276
34631700,3096,-3276
34633459,3092,-3276
34635217,3088,-3276
34636975,3084,-3276
34638733,3080,-3276
34640492,3076,-3276
34642250,3072,-3276
34644008,3068,-3276
34645766,3064,-3276
34647525,3060,-3276
34649283,3056,-3276
34651041,3052,-3276
34652799,3048,-3276
34654558,3044,-3276
34656316,3040,-3276
34658074,3036,-3276
34659832,3032,-3276
34661591,3028,-3276
34663349,3024,-3276
34665107,3020,-3276
34666865,3016,-3276
34668624,3012,-3276
34670382,3008,-3276
34672140,3004,-3276
34673898,3000,-3276
34675657,2996,-3276
34677415,2992,-3276
34679173,2988,-3276
34680931,2984,-3276
34682689,2980,-3276
34684448,2976,-3276
34686206,2972,-3276
34687964,2968,-3276
34689722,2964,-3276
34691481,2960,-3276
34693239,2956,-3276
34694997,2952,-3276
34696755,2948,-3276
34698514,2944,-3276
34700272,2940,-3276
34702030,2936,-3276
34703788,2932,-3276
34705547,2928,-3276
34707305,2924,-3276
34709063,2920,-3276
34710821,2916,-3276
34712580,2912,-3276
34714338,2908,-3276
34716096,2904,-3276
34717854,2900,-3276
34719613,2896,-3276
34721371,2892,-3276
34723129,2888,-3276
34724887,2884,-3276
34726646,2880,-3276
34728404,2876,-3276
34730162,2872,-3276
34731920,2868,-3276
34733678,2864,-3276
34735437,2860,-3276
34737195,2856,-3276
34738953,2852,-3276
34740711,2848,-3276
34742470,2844,-3276
34744228,2840,-3276
34745986,2836,-3276
34747744,2832,-3276
34749503,2828,-3276
34751261,2824,-3276
34753019,2820,-3276
34754777,2816,-3276
34756536,2812,-3276
34758294,2808,-3276
34760052,2804,-3276
34761810,2800,-3276
34763569,2796,-3276
34765327,2792,-3276
34767085,2788,-3276
34768843,2784,-3276
34770602,2780,-3276
34772360,2776,-3276
34774118,2772,-3276
34775876,2768,-3276
34777635,2764,-3276
34779393,2760,-3276
34781151,2756,-3276
34782909,2752,-3276
34784667,2748,-3276
34786426,2744,-3276
34788184,2740,-3276
34789942,2736,-3276
34791700,2732,-3276
34793459,2728,-3276
34795217,2724,-3276
34796975,2720,-3276
34798733,2716,-3276
34800492,2712,-3276
34802250,2708,-3276
34804008,2704,-3276
34805766,2700,-3276
34807525,2696,-3276
34809283,2692,-3276
34811041,2688,-3276
34812799,2684,-3276
34814558,2680,-3276
34816316,2676,-3276
34818074,2672,-3276
34819832,2668,-3276
34821591,2664,-3276
34823349,2660,-3276
34825107,2656,-3276
34826865,2652,-3276
34828624,2648,-3276
34830382,2644,-3276
34832140,2640,-3276
34833898,2636,-3276
34835657,2632,-3276
34837415,2628,-3276
34839173,2624,-3276
34840931,2620,-3276
34842689,2616,-3276
34844448,2612,-3276
34846206,2608,-3276
34847964,2604,-3276
34849722,2600,-3276
34851481,2596,-3276
34853239,2592,-3276
34854997,2588,-3276
34856755,2584,-3276
34858514,2580,-3276
34860272,2576,-3276
34862030,2572,-3276
34863788,2568,-3276
34865547,2564,-3276
34867305,2560,-3276
34869063,2556,-3276
34870821,2552,-3276
34872580,2548,-3276
34874338,2544,-3276
34876096,2540,-3276
34877854,2536,-3276
34879613,2532,-3276
34881371,2528,-3276
34883129,2524,-3276
34884887,2520,-3276
34886646,2516,-3276
34888404,2512,-3276
34890162,2508,-3276
34891920,2504,-3276
34893678,2500,-3276
34895437,2496,-3276
34897195,2492,-3276
34898953,2488,-3276
34900711,2484,-3276
34902470,2480,-3276
34904228,2476,-3276
34905986,2472,-3276
34907744,2468,-3276
34909503,2464,-3276
34911261,2460,-3276
34913019,2456,-3276
34914777,2452,-3276
34916536,2448,-3276
34918294,2444,-3276
34920052,2440,-3276
34921810,2436,-3276
34923569,2432,-3276
34925327,2428,-3276
34927085,2424,-3276
34928843,2420,-3276
34930602,2416,-3276
34932360,2412,-3276
34934118,2408,-3276
34935876,2404,-3276
34937635,2400,-3276
34939393,2396,-3276
34941151,2392,-3276
34942909,2388,-3276
34944667,2384,-3276
34946426,2380,-3276
34948184,2376,-3276
34949942,2372,-3276
34951700,2368,-3276
34953459,2364,-3276
34955217,2360,-3276
34956975,2356,-3276
34958733,2352,-3276
34960492,2348,-3276
34962250,2344,-3276
34964008,2340,-3276
34965766,2336,-3276
34967525,2332,-3276
34969283,2328,-3276
34971041,2324,-3276
34972799,2320,-3276
34974558,2316,-3276
34976316,2312,-3276
34978074,2308,-3276
34979832,2304,-3276
34981591,2300,-3276
34983349,2296,-3276
34985107,2292,-3276
34986865,2288,-3276
34988624,2284,-3276
34990382,2280,-3276
34992140,2276,-3276
34993898,2272,-3276
34995657,2268,-3276
34997415,2264,-3276
34999173,2260,-3276
35000931,2256,-3276
35002689,2252,-3276
35004448,2248,-3276
35006206,2244,-3276
35007964,2240,-3276
35009722,2236,-3276
35011481,2232,-3276
35013239,2228,-3276
35014997,2224,-3276
35016755,2220,-3276
35018514,2216,-3276
35020272,2212,-3276
35022030,2208,-3276
35023788,2204,-3276
35025547,2200,-3276
35027305,2196,-3276
35029063,2192,-3276
35030821,2188,-3276
35032580,2184,-3276
35034338,2180,-3276
35036096,2176,-3276
35037854,2172,-3276
35039613,2168,-3276
35041371,2164,-3276
35043129,2160,-3276
35044887,2156,-3276
35046646,2152,-3276
35048404,2148,-3276
35050162,2144,-3276
35051920,2140,-3276
35053678,2136,-3276
35055437,2132,-3276
35057195,2128,-3276
35058953,2124,-3276
35060711,2120,-3276
35062470,2116,-3276
35064228,2112,-3276
35065986,2108,-3276
35067744,2104,-3276
35069503,2100,-3276
35071261,2096,-3276
35073019,2092,-3276
35074777,2088,-3276
35076536,2084,-3276
35078294,2080,-3276
35080052,2076,-3276
35081810,2072,-3276
35083569,2068,-3276
35085327,2064,-3276
35087085,2060,-3276
35088843,2056,-3276
35090602,2052,-3276
35092360,2048,-3276
35094118,2044,-3276
35095876,2040,-3276
35097635,2036,-3276
35099393,2032,-3276
35101151,2028,-3276
35102909,2024,-3276
35104667,2020,-3276
35106426,2016,-3276
35108184,2012,-3276
35109942,2008,-3276
35111700,2004,-3276
35113459,2000,-3276
35115217,1996,-3276
35116975,1992,-3276
35118733,1988,-3276
35120492,1984,-3276
35122250,1980,-3276
35124008,1976,-3276
35125766,1972,-3276
35127525,1968,-3276
35129283,1964,-3276
35131041,1960,-3276
35132799,1956,-3276
35134558,1952,-3276
35136316,1948,-3276
35138074,1944,-3276
35139832,1940,-3276
35141591,1936,-3276
35143349,1932,-3276
35145107,1928,-3276
35146865,1924,-3276
35148624,1920,-3276
35150382,1916,-3276
35152140,1912,-3276
35153898,1908,-3276
35155657,1904,-3276
35157415,1900,-3276
35159173,1896,-3276
35160931,1892,-3276
35162689,1888,-3276
35164448,1884,-3276
35166206,1880,-3276
35167964,1876,-3276
35169722,1872,-3276
35171481,1868,-3276
35173239,1864,-3276
35174997,1860,-3276
35176755,1856,-3276
35178514,1852,-3276
35180272,1848,-3276
35182030,1844,-3276
35183788,1840,-3276
35185547,1836,-3276
35187305,1832,-3276
35189063,1828,-3276
35190821,1824,-3276
35192580,1820,-3276
35194338,1816,-3276
35196096,1812,-3276
35197854,1808,-3276
35199613,1804,-3276
35201371,1800,-3276
35203129,1796,-3276
35204887,1792,-3276
35206646,1788,-3276
35208404,1784,-3276
35210162,1780,-3276
35211920,1776,-3276
35213678,1772,-3276
35215437,1768,-3276
35217195,1764,-3276
35218953,1760,-3276
35220711,1756,-3276
35222470,1752,-3276
35224228,1748,-3276
35225986,1744,-3276
35227744,1740,-3276
35229503,1736,-3276
35231261,1732,-3276
35233019,1728,-3276
35234777,1724,-3276
35236536,1720,-3276
35238294,1716,-3276
35240052,1712,-3276
35241810,1708,-3276
35243569,1704,-3276
35245327,1700,-3276
35247085,1696,-3276
35248843,1692,-3276
35250602,1688,-3276
35252360,1684,-3276
35254118,1680,-3276
35255876,1676,-3276
35257635,1672,-3276
35259393,1668,-3276
35261151,1664,-3276
35262909,1660,-3276
35264667,1656,-3276
35266426,1652,-3276
35268184,1648,-3276
35269942,1644,-3276
35271700,1640,-3276
35273459,1636,-3276
35275217,1632,-3276
35276975,1628,-3276
35278733,1624,-3276
35280492,1620,-3276
35282250,1616,-3276
35284008,1612,-3276
35285766,1608,-3276
35287525,1604,-3276
35289283,1600,-3276
35291041,1596,-3276
35292799,1592,-3276
35294558,1588,-3276
35296316,1584,-3276
35298074,1580,-3276
35299832,1576,-3276
35301591,1572,-3276
35303349,1568,-3276
35305107,1564,-3276
35306865,1560,-3276
35308624,1556,-3276
35310382,1552,-3276
35312140,1548,-3276
35313898,1544,-3276
35315657,1540,-3276
35317415,1536,-3276
35319173,1532,-3276
35320931,1528,-3276
35322689,1524,-3276
35324448,1520,-3276
35326206,1516,-3276
35327964,1512,-3276
35329722,1508,-3276
35331481,1504,-3276
35333239,1500,-3276
35334997,1496,-3276
35336755,1492,-3276
35338514,1488,-3276
35340272,1484,-3276
35342030,1480,-3276
35343788,1476,-3276
35345547,1472,-3276
35347305,1468,-3276
35349063,1464,-3276
35350821,1460,-3276
35352580,1456,-3276
35354338,1452,-3276
35356096,1448,-3276
35357854,1444,-3276
35359613,1440,-3276
35361371,1436,-3276
35363129,1432,-3276
35364887,1428,-3276
35366646,1424,-3276
35368404,1420,-3276
35370162,1416,-3276
35371920,1412,-3276
35373678,1408,-3276
35375437,1404,-3276
35377195,1400,-3276
35378953,1396,-3276
35380711,1392,-3276
35382470,1388,-3276
35384228,1384,-3276
35385986,1380,-3276
35387744,1376,-3276
35389503,1372,-3276
35391261,1368,-3276
35393019,1364,-3276
35394777,1360,-3276
35396536,1356,-3276
35398294,1352,-3276
35400052,1348,-3276
35401810,1344,-3276
35403569,1340,-3276
35405327,1336,-3276
35407085,1332,-3276
35408843,1328,-3276
35410602,1324,-3276
35412360,1320,-3276
35414118,1316,-3276
35415876,1312,-3276
35417635,1308,-3276
35419393,1304,-3276
35421151,1300,-3276
35422909,1296,-3276
35424667,1292,-3276
35426426,1288,-3276
35428184,1284,-3276
35429942,1280,-3276
35431700,1276,-3276
35433459,1272,-3276
35435217,1268,-3276
35436975,1264,-3276
35438733,1260,-3276
35440492,1256,-3276
35442250,1252,-3276
35444008,1248,-3276
35445766,1244,-3276
35447525,1240,-3276
35449283,1236,-3276
35451041,1232,-3276
35452799,1228,-3276
35454558,1224,-3276
35456316,1220,-3276
35458074,1216,-3276
35459832,1212,-3276
35461591,1208,-3276
35463349,1204,-3276
35465107,1200,-3276
35466865,1196,-3276
35468624,1192,-3276
35470382,1188,-3276
35472140,1184,-3276
35473898,1180,-3276
35475656,1176,-3276
35477415,1172,-3276
35479173,1168,-3276
35480931,1164,-3276
35482689,1160,-3276
35484448,1156,-3276
35486206,1152,-3276
35487964,1148,-3276
35489722,1144,-3276
35491481,1140,-3276
35493239,1136,-3276
35494997,1132,-3276
35496755,1128,-3276
35498514,1124,-3276
35500272,1120,-3276
35502030,1116,-3276
35503788,1112,-3276
35505547,1108,-3276
35507305,1104,-3276
35509063,1100,-3276
35510821,1096,-3276
35512580,1092,-3276
35514338,1088,-3276
35516096,1084,-3276
35517854,1080,-3276
35519613,1076,-3276
35521371,1072,-3276
35523129,1068,-3276
35524887,1064,-3276
35526646,1060,-3276
35528404,1056,-3276
35530162,1052,-3276
35531920,1048,-3276
35533678,1044,-3276
35535437,1040,-3276
35537195,1036,-3276
35538953,1032,-3276
35540711,1028,-3276
35542470,1024,-3276
35544228,1020,-3276
35545986,1016,-3276
35547744,1012,-3276
35549503,1008,-3276
35551261,1004,-3276
35553019,1000,-3276
35554777,996,-3276
35556536,992,-3276
35558294,988,-3276
35560052,984,-3276
35561810,980,-3276
35563569,976,-3276
35565327,972,-3276
35567085,968,-3276
35568843,964,-3276
35570602,960,-3276
35572360,956,-3276
35574118,952,-3276
35575876,948,-3276
35577635,944,-3276
35579393,940,-3276
35581151,936,-3276
35582909,932,-3276
35584667,928,-3276
35586426,924,-3276
35588184,920,-3276
35589942,916,-3276
35591700,912,-3276
35593459,908,-3276
35595217,904,-3276
35596975,900,-3276
35598733,896,-3276
35600492,892,-3276
35602250,888,-3276
35604008,884,-3276
35605766,880,-3276
35607525,876,-3276
35609283,872,-3276
35611041,868,-3276
35612799,864,-3276
35614558,860,-3276
35616316,856,-3276
35618074,852,-3276
35619832,848,-3276
35621591,844,-3276
35623349,840,-3276
35625107,836,-3276
35626865,832,-3276
35628624,828,-3276
35630382,824,-3276
35632140,820,-3276
35633898,816,-3276
35635656,812,-3276
35637415,808,-3276
35639173,804,-3276
35640931,800,-3276
35642689,796,-3276
35644448,792,-3276
35646206,788,-3276
35647964,784,-3276
35649722,780,-3276
35651481,776,-3276
35653239,772,-3276
35654997,768,-3276
35656755,764,-3276
35658514,760,-3276
35660272,756,-3276
35662030,752,-3276
35663788,748,-3276
35665547,744,-3276
35667305,740,-3276
35669063,736,-3276
35670821,732,-3276
35672580,728,-3276
35674338,724,-3276
35676096,720,-3276
35677854,716,-3276
35679613,712,-3276
35681371,708,-3276
35683129,704,-3276
35684887,700,-3276
35686646,696,-3276
35688404,692,-3276
35690162,688,-3276
35691920,684,-3276
35693678,680,-3276
35695437,676,-3276
35697195,672,-3276
35698953,668,-3276
35700711,664,-3276
35702470,660,-3276
35704228,656,-3276
35705986,652,-3276
35707744,648,-3276
35709503,644,-3276
35711261,640,-3276
35713019,636,-3276
35714777,632,-3276
35716536,628,-3276
35718294,624,-3276
35720052,620,-3276
35721810,616,-3276
35723569,612,-3276
35725327,608,-3276
35727085,604,-3276
35728843,600,-3276
35730602,596,-3276
35732360,592,-3276
35734118,588,-3276
35735876,584,-3276
35737635,580,-3276
35739393,576,-3276
35741151,572,-3276
35742909,568,-3276
35744667,564,-3276
35746426,560,-3276
35748184,556,-3276
35749942,552,-3276
35751700,548,-3276
35753459,544,-3276
35755217,540,-3276
35756975,536,-3276
35758733,532,-3276
35760492,528,-3276
35762250,524,-3276
35764008,520,-3276
35765766,516,-3276
35767525,512,-3276
35769283,508,-3276
35771041,504,-3276
35772799,500,-3276
35774558,496,-3276
35776316,492,-3276
35778074,488,-3276
35779832,484,-3276
35781591,480,-3276
35783349,476,-3276
35785107,472,-3276
35786865,468,-3276
35788624,464,-3276
35790382,460,-3276
35792140,456,-3276
35793898,452,-3276
35795656,448,-3276
35797415,444,-3276
35799173,440,-3276
35800931,436,-3276
35802689,432,-3276
35804448,428,-3276
35806206,424,-3276
35807964,420,-3276
35809722,416,-3276
35811481,412,-3276
35813239,408,-3276
35814997,404,-3276
35816755,400,-3276
35818514,396,-3276
35820272,392,-3276
35822030,388,-3276
35823788,384,-3276
35825547,380,-3276
35827305,376,-3276
35829063,372,-3276
35830821,368,-3276
35832580,364,-3276
35834338,360,-3276
35836096,356,-3276
35837854,352,-3276
35839613,348,-3276
35841371,344,-3276
35843129,340,-3276
35844887,336,-3276
35846646,332,-3276
35848404,328,-3276
35850162,324,-3276
35851920,320,-3276
35853678,316,-3276
35855437,312,-3276
35857195,308,-3276
35858953,304,-3276
35860711,300,-3276
35862470,296,-3276
35864228,292,-3276
35865986,288,-3276
35867744,284,-3276
35869503,280,-3276
35871261,276,-3276
35873019,272,-3276
35874777,268,-3276
35876536,264,-3276
35878294,260,-3276
35880052,256,-3276
35881810,252,-3276
35883569,248,-3276
35885327,244,-3276
35887085,240,-3276
35888843,236,-3276
35890602,232,-3276
35892360,228,-3276
35894118,224,-3276
35895876,220,-3276
35897635,216,-3276
35899393,212,-3276
35901151,208,-3276
35902909,204,-3276
35904667,200,-3276
35906426,196,-3276
35908184,192,-3276
35909942,188,-3276
35911700,184,-3276
35913459,180,-3276
35915217,176,-3276
35916975,172,-3276
35918733,168,-3276
35920492,164,-3276
35922250,160,-3276
35924008,156,-3276
35925766,152,-3276
35927525,148,-3276
35929283,144,-3276
35931041,140,-3276
35932799,136,-3276
35934558,132,-3276
35936316,128,-3276
35938074,124,-3276
35939832,120,-3276
35941591,116,-3276
35943349,112,-3276
35945107,108,-3276
35946865,104,-3276
35948624,100,-3276
35950382,96,-3276
35952140,92,-3276
35953898,88,-3276
35955656,84,-3276
35957415,80,-3276
35959173,76,-3276
35960931,72,-3276
35962689,68,-3276
35964448,64,-3276
35966206,60,-3276
35967964,56,-3276
35969722,52,-3276
35971481,48,-3276
35973239,44,-3276
35974997,40,-3276
35976755,36,-3276
35978514,32,-3276
35980272,28,-3276
35982030,24,-3276
35983788,20,-3276
35985547,16,-3276
35987305,12,-3276
35989063,8,-3276
35990821,4,-3276
35992580,0,-3276
35994338,-4,-3276
35996096,-8,-3276
35997854,-12,-3276
35999613,-16,-3276
36001371,-20,-3276
36003129,-24,-3276
36004887,-28,-3276
36006646,-32,-3276
36008404,-36,-3276
36010162,-40,-3276
36011920,-44,-3276
36013678,-48,-3276
36015437,-52,-3276
36017195,-56,-3276
36018953,-60,-3276
36020711,-64,-3276
36022470,-68,-3276
36024228,-72,-3276
36025986,-76,-3276
36027744,-80,-3276
36029503,-84,-3276
36031261,-88,-3276
36033019,-92,-3276
36034777,-96,-3276
36036536,-100,-3276
36038294,-104,-3276
36040052,-108,-3276
36041810,-112,-3276
36043569,-116,-3276
36045327,-120,-3276
36047085,-124,-3276
36048843,-128,-3276
36050602,-132,-3276
36052360,-136,-3276
36054118,-140,-3276
36055876,-144,-3276
36057635,-148,-3276
36059393,-152,-3276
36061151,-156,-3276
36062909,-160,-3276
36064667,-164,-3276
36066426,-168,-3276
36068184,-172,-3276
36069942,-176,-3276
36071700,-180,-3276
36073459,-184,-3276
36075217,-188,-3276
36076975,-192,-3276
36078733,-196,-3276
36080492,-200,-3276
36082250,-204,-3276
36084008,-208,-3276
36085766,-212,-3276
36087525,-216,-3276
36089283,-220,-3276
36091041,-224,-3276
36092799,-228,-3276
36094558,-232,-3276
36096316,-236,-3276
36098074,-240,-3276
36099832,-244,-3276
36101591,-248,-3276
36103349,-252,-3276
36105107,-256,-3276
36106865,-260,-3276
36108624,-264,-3276
36110382,-268,-3276
36112140,-272,-3276
36113898,-276,-3276
36115656,-280,-3276
36117415,-284,-3276
36119173,-288,-3276
36120931,-292,-3276
36122689,-296,-3276
36124448,-300,-3276
36126206,-304,-3276
36127964,-308,-3276
36129722,-312,-3276
36131481,-316,-3276
36133239,-320,-3276
36134997,-324,-3276
36136755,-328,-3276
36138514,-332,-3276
36140272,-336,-3276
36142030,-340,-3276
36143788,-344,-3276
36145547,-348,-3276
36147305,-352,-3276
36149063,-356,-3276
36150821,-360,-3276
36152580,-364,-3276
36154338,-368,-3276
36156096,-372,-3276
36157854,-376,-3276
36159613,-380,-3276
36161371,-384,-3276
36163129,-388,-3276
36164887,-392,-3276
36166646,-396,-3276
36168404,-400,-3276
36170162,-404,-3276
36171920,-408,-3276
36173678,-412,-3276
36175437,-416,-3276
36177195,-420,-3276
36178953,-424,-3276
36180711,-428,-3276
36182470,-432,-3276
36184228,-436,-3276
36185986,-440,-3276
36187744,-444,-3276
36189503,-448,-3276
36191261,-452,-3276
36193019,-456,-3276
36194777,-460,-3276
36196536,-464,-3276
36198294,-468,-3276
36200052,-472,-3276
36201810,-476,-3276
36203569,-480,-3276
36205327,-484,-3276
36207085,-488,-3276
36208843,-492,-3276
36210602,-496,-3276
36212360,-500,-3276
36214118,-504,-3276
36215876,-508,-3276
36217635,-512,-3276
36219393,-516,-3276
36221151,-520,-3276
36222909,-524,-3276
36224667,-528,-3276
36226426,-532,-3276
36228184,-536,-3276
36229942,-540,-3276
36231700,-544,-3276
36233459,-548,-3276
36235217,-552,-3276
36236975,-556,-3276
36238733,-560,-3276
36240492,-564,-3276
36242250,-568,-3276
36244008,-572,-3276
36245766,-576,-3276
36247525,-580,-3276
36249283,-584,-3276
36251041,-588,-3276
36252799,-592,-3276
36254558,-596,-3276
36256316,-600,-3276
36258074,-604,-3276
36259832,-608,-3276
36261591,-612,-3276
36263349,-616,-3276
36265107,-620,-3276
36266865,-624,-3276
36268624,-628,-3276
36270382,-632,-3276
36272140,-636,-3276
36273898,-640,-3276
36275656,-644,-3276
36277415,-648,-3276
36279173,-652,-3276
36280931,-656,-3276
36282689,-660,-3276
36284448,-664,-3276
36286206,-668,-3276
36287964,-672,-3276
36289722,-676,-3276
36291481,-680,-3276
36293239,-684,-3276
36294997,-688,-3276
36296755,-692,-3276
36298514,-696,-3276
36300272,-700,-3276
36302030,-704,-3276
36303788,-708,-3276
36305547,-712,-3276
36307305,-716,-3276
36309063,-720,-3276
36310821,-724,-3276
36312580,-728,-3276
36314338,-732,-3276
36316096,-736,-3276
36317854,-740,-3276
36319613,-744,-3276
36321371,-748,-3276
36323129,-752,-3276
36324887,-756,-3276
36326646,-760,-3276
36328404,-764,-3276
36330162,-768,-3276
36331920,-772,-3276
36333678,-776,-3276
36335437,-780,-3276
36337195,-784,-3276
36338953,-788,-3276
36340711,-792,-3276
36342470,-796,-3276
36344228,-800,-3276
36345986,-804,-3276
36347744,-808,-3276
36349503,-812,-3276
36351261,-816,-3276
36353019,-820,-3276
36354777,-824,-3276
36356536,-828,-3276
36358294,-832,-3276
36360052,-836,-3276
36361810,-840,-3276
36363569,-844,-3276
36365327,-848,-3276
36367085,-852,-3276
36368843,-856,-3276
36370602,-860,-3276
36372360,-864,-3276
36374118,-868,-3276
36375876,-872,-3276
36377635,-876,-3276
36379393,-880,-3276
36381151,-884,-3276
36382909,-888,-3276
36384667,-892,-3276
36386426,-896,-3276
36388184,-900,-3276
36389942,-904,-3276
36391700,-908,-3276
36393459,-912,-3276
36395217,-916,-3276
36396975,-920,-3276
36398733,-924,-3276
36400492,-928,-3276
36402250,-932,-3276
36404008,-936,-3276
36405766,-940,-3276
36407525,-944,-3276
36409283,-948,-3276
36411041,-952,-3276
36412799,-956,-3276
36414558,-960,-3276
36416316,-964,-3276
36418074,-968,-3276
36419832,-972,-3276
36421591,-976,-3276
36423349,-980,-3276
36425107,-984,-3276
36426865,-988,-3276
36428624,-992,-3276
36430382,-996,-3276
36432140,-1000,-3276
36433898,-1004,-3276
36435656,-1008,-3276
36437415,-1012,-3276
36439173,-1016,-3276
36440931,-1020,-3276
36442689,-1024,-3276
36444448,-1028,-3276
36446206,-1032,-3276
36447964,-1036,-3276
36449722,-1040,-3276
36451481,-1044,-3276
36453239,-1048,-3276
36454997,-1052,-3276
36456755,-1056,-3276
36458514,-1060,-3276
36460272,-1064,-3276
36462030,-1068,-3276
36463788,-1072,-3276
36465547,-1076,-3276
36467305,-1080,-3276
36469063,-1084,-3276
36470821,-1088,-3276
36472580,-1092,-3276
36474338,-1096,-3276
36476096,-1100,-3276
36477854,-1104,-3276
36479613,-1108,-3276
36481371,-1112,-3276
36483129,-1116,-3276
36484887,-1120,-3276
36486646,-1124,-3276
36488404,-1128,-3276
36490162,-1132,-3276
36491920,-1136,-3276
36493678,-1140,-3276
36495437,-1144,-3276
36497195,-1148,-3276
36498953,-1152,-3276
36500711,-1156,-3276
36502470,-1160,-3276
36504228,-1164,-3276
36505986,-1168,-3276
36507744,-1172,-3276
36509503,-1176,-3276
36511261,-1180,-3276
36513019,-1184,-3276
36514777,-1188,-3276
36516536,-1192,-3276
36518294,-1196,-3276
36520052,-1200,-3276
36521810,-1204,-3276
36523569,-1208,-3276
36525327,-1212,-3276
36527085,-1216,-3276
36528843,-1220,-3276
36530602,-1224,-3276
36532360,-1228,-3276
36534118,-1232,-3276
36535876,-1236,-3276
36537635,-1240,-3276
36539393,-1244,-3276
36541151,-1248,-3276
36542909,-1252,-3276
36544667,-1256,-3276
36546426,-1260,-3276
36548184,-1264,-3276
36549942,-1268,-3276
36551700,-1272,-3276
36553459,-1276,-3276
36555217,-1280,-3276
36556975,-1284,-3276
36558733,-1288,-3276
36560492,-1292,-3276
36562250,-1296,-3276
36564008,-1300,-3276
36565766,-1304,-3276
36567525,-1308,-3276
36569283,-1312,-3276
36571041,-1316,-3276
36572799,-1320,-3276
36574558,-1324,-3276
36576316,-1328,-3276
36578074,-1332,-3276
36579832,-1336,-3276
36581591,-1340,-3276
36583349,-1344,-3276
36585107,-1348,-3276
36586865,-1352,-3276
36588624,-1356,-3276
36590382,-1360,-3276
36592140,-1364,-3276
36593898,-1368,-3276
36595656,-1372,-3276
36597415,-1376,-3276
36599173,-1380,-3276
36600931,-1384,-3276
36602689,-1388,-3276
36604448,-1392,-3276
36606206,-1396,-3276
36607964,-1400,-3276
36609722,-1404,-3276
36611481,-1408,-3276
36613239,-1412,-3276
36614997,-1416,-3276
36616755,-1420,-3276
36618514,-1424,-3276
36620272,-1428,-3276
36622030,-1432,-3276
36623788,-1436,-3276
36625547,-1440,-3276
36627305,-1444,-3276
36629063,-1448,-3276
36630821,-1452,-3276
36632580,-1456,-3276
36634338,-1460,-3276
36636096,-1464,-3276
36637854,-1468,-3276
36639613,-1472,-3276
36641371,-1476,-3276
36643129,-1480,-3276
36644887,-1484,-3276
36646646,-1488,-3276
36648404,-1492,-3276
36650162,-1496,-3276
36651920,-1500,-3276
36653678,-1504,-3276
36655437,-1508,-3276
36657195,-1512,-3276
36658953,-1516,-3276
36660711,-1520,-3276
36662470,-1524,-3276
36664228,-1528,-3276
36665986,-1532,-3276
36667744,-1536,-3276
36669503,-1540,-3276
36671261,-1544,-3276
36673019,-1548,-3276
36674777,-1552,-3276
36676536,-1556,-3276
36678294,-1560,-3276
36680052,-1564,-3276
36681810,-1568,-3276
36683569,-1572,-3276
36685327,-1576,-3276
36687085,-1580,-3276
36688843,-1584,-3276
36690602,-1588,-3276
36692360,-1592,-3276
36694118,-1596,-3276
36695876,-1600,-3276
36697635,-1604,-3276
36699393,-1608,-3276
36701151,-1612,-3276
36702909,-1616,-3276
36704667,-1620,-3276
36706426,-1624,-3276
36708184,-1628,-3276
36709942,-1632,-3276
36711700,-1636,-3276
36713459,-1640,-3276
36715217,-1644,-3276
36716975,-1648,-3276
36718733,-1652,-3276
36720492,-1656,-3276
36722250,-1660,-3276
36724008,-1664,-3276
36725766,-1668,-3276
36727525,-1672,-3276
36729283,-1676,-3276
36731041,-1680,-3276
36732799,-1684,-3276
36734558,-1688,-3276
36736316,-1692,-3276
36738074,-1696,-3276
36739832,-1700,-3276
36741591,-1704,-3276
36743349,-1708,-3276
36745107,-1712,-3276
36746865,-1716,-3276
36748624,-1720,-3276
36750382,-1724,-3276
36752140,-1728,-3276
36753898,-1732,-3276
36755656,-1736,-3276
36757415,-1740,-3276
36759173,-1744,-3276
36760931,-1748,-3276
36762689,-1752,-3276
36764448,-1756,-3276
36766206,-1760,-3276
36767964,-1764,-3276
36769722,-1768,-3276
36771481,-1772,-3276
36773239,-1776,-3276
36774997,-1780,-3276
36776755,-1784,-3276
36778514,-1788,-3276
36780272,-1792,-3276
36782030,-1796,-3276
36783788,-1800,-3276
36785547,-1804,-3276
36787305,-1808,-3276
36789063,-1812,-3276
36790821,-1816,-3276
36792580,-1820,-3276
36794338,-1824,-3276
36796096,-1828,-3276
36797854,-1832,-3276
36799613,-1836,-3276
36801371,-1840,-3276
36803129,-1844,-3276
36804887,-1848,-3276
36806646,-1852,-3276
36808404,-1856,-3276
36810162,-1860,-3276
36811920,-1864,-3276
36813678,-1868,-3276
36815437,-1872,-3276
36817195,-1876,-3276
36818953,-1880,-3276
36820711,-1884,-3276
36822470,-1888,-3276
36824228,-1892,-3276
36825986,-1896,-3276
36827744,-1900,-3276
36829503,-1904,-3276
36831261,-1908,-3276
36833019,-1912,-3276
36834777,-1916,-3276
36836536,-1920,-3276
36838294,-1924,-3276
36840052,-1928,-3276
36841810,-1932,-3276
36843569,-1936,-3276
36845327,-1940,-3276
36847085,-1944,-3276
36848843,-1948,-3276
36850602,-1952,-3276
36852360,-1956,-3276
36854118,-1960,-3276
36855876,-1964,-3276
36857635,-1968,-3276
36859393,-1972,-3276
36861151,-1976,-3276
36862909,-1980,-3276
36864667,-1984,-3276
36866426,-1988,-3276
36868184,-1992,-3276
36869942,-1996,-3276
36871700,-2000,-3276
36873459,-2004,-3276
36875217,-2008,-3276
36876975,-2012,-3276
36878733,-2016,-3276
36880492,-2020,-3276
36882250,-2024,-3276
36884008,-2028,-3276
36885766,-2032,-3276
36887525,-2036,-3276
36889283,-2040,-3276
36891041,-2044,-3276
36892799,-2048,-3276
36894558,-2052,-3276
36896316,-2056,-3276
36898074,-2060,-3276
36899832,-2064,-3276
36901591,-2068,-3276
36903349,-2072,-3276
36905107,-2076,-3276
36906865,-2080,-3276
36908624,-2084,-3276
36910382,-2088,-3276
36912140,-2092,-3276
36913898,-2096,-3276
36915656,-2100,-3276
36917415,-2104,-3276
36919173,-2108,-3276
36920931,-2112,-3276
36922689,-2116,-3276
36924448,-2120,-3276
36926206,-2124,-3276
36927964,-2128,-3276
36929722,-2132,-3276
36931481,-2136,-3276
36933239,-2140,-3276
36934997,-2144,-3276
36936755,-2148,-3276
36938514,-2152,-3276
36940272,-2156,-3276
36942030,-2160,-3276
36943788,-2164,-3276
36945547,-2168,-3276
36947305,-2172,-3276
36949063,-2176,-3276
36950821,-2180,-3276
36952580,-2184,-3276
36954338,-2188,-3276
36956096,-2192,-3276
36957854,-2196,-3276
36959613,-2200,-3276
36961371,-2204,-3276
36963129,-2208,-3276
36964887,-2212,-3276
36966646,-2216,-3276
36968404,-2220,-3276
36970162,-2224,-3276
36971920,-2228,-3276
36973678,-2232,-3276
36975437,-2236,-3276
36977195,-2240,-3276
36978953,-2244,-3276
36980711,-2248,-3276
36982470,-2252,-3276
36984228,-2256,-3276
36985986,-2260,-3276
36987744,-2264,-3276
36989503,-2268,-3276
36991261,-2272,-3276
36993019,-2276,-3276
36994777,-2280,-3276
36996536,-2284,-3276
36998294,-2288,-3276
37000052,-2292,-3276
37001810,-2296,-3276
37003569,-2300,-3276
37005327,-2304,-3276
37007085,-2308,-3276
37008843,-2312,-3276
37010602,-2316,-3276
37012360,-2320,-3276
37014118,-2324,-3276
37015876,-2328,-3276
37017635,-2332,-3276
37019393,-2336,-3276
37021151,-2340,-3276
37022909,-2344,-3276
37024667,-2348,-3276
37026426,-2352,-3276
37028184,-2356,-3276
37029942,-2360,-3276
37031700,-2364,-3276
37033459,-2368,-3276
37035217,-2372,-3276
37036975,-2376,-3276
37038733,-2380,-3276
37040492,-2384,-3276
37042250,-2388,-3276
37044008,-2392,-3276
37045766,-2396,-3276
37047525,-2400,-3276
37049283,-2404,-3276
37051041,-2408,-3276
37052799,-2412,-3276
37054558,-2416,-3276
37056316,-2420,-3276
37058074,-2424,-3276
37059832,-2428,-3276
37061591,-2432,-3276
37063349,-2436,-3276
37065107,-2440,-3276
37066865,-2444,-3276
37068624,-2448,-3276
37070382,-2452,-3276
37072140,-2456,-3276
37073898,-2460,-3276
37075656,-2464,-3276
37077415,-2468,-3276
37079173,-2472,-3276
37080931,-2476,-3276
37082689,-2480,-3276
37084448,-2484,-3276
37086206,-2488,-3276
37087964,-2492,-3276
37089722,-2496,-3276
37091481,-2500,-3276
37093239,-2504,-3276
37094997,-2508,-3276
37096755,-2512,-3276
37098514,-2516,-3276
37100272,-2520,-3276
37102030,-2524,-3276
37103788,-2528,-3276
37105547,-2532,-3276
37107305,-2536,-3276
37109063,-2540,-3276
37110821,-2544,-3276
37112580,-2548,-3276
37114338,-2552,-3276
37116096,-2556,-3276
37117854,-2560,-3276
37119613,-2564,-3276
37121371,-2568,-3276
37123129,-2572,-3276
37124887,-2576,-3276
37126646,-2580,-3276
37128404,-2584,-3276
37130162,-2588,-3276
37131920,-2592,-3276
37133678,-2596,-3276
37135437,-2600,-3276
37137195,-2604,-3276
37138953,-2608,-3276
37140711,-2612,-3276
37142470,-2616,-3276
37144228,-2620,-3276
37145986,-2624,-3276
37147744,-2628,-3276
37149503,-2632,-3276
37151261,-2636,-3276
37153019,-2640,-3276
37154777,-2644,-3276
37156536,-2648,-3276
37158294,-2652,-3276
37160052,-2656,-3276
37161810,-2660,-3276
37163569,-2664,-3276
37165327,-2668,-3276
37167085,-2672,-3276
37168843,-2676,-3276
37170602,-2680,-3276
37172360,-2684,-3276
37174118,-2688,-3276
37175876,-2692,-3276
37177635,-2696,-3276
37179393,-2700,-3276
37181151,-2704,-3276
37182909,-2708,-3276
37184667,-2712,-3276
37186426,-2716,-3276
37188184,-2720,-3276
37189942,-2724,-3276
37191700,-2728,-3276
37193459,-2732,-3276
37195217,-2736,-3276
37196975,-2740,-3276
37198733,-2744,-3276
37200492,-2748,-3276
37202250,-2752,-3276
37204008,-2756,-3276
37205766,-2760,-3276
37207525,-2764,-3276
37209283,-2768,-3276
37211041,-2772,-3276
37212799,-2776,-3276
37214558,-2780,-3276
37216316,-2784,-3276
37218074,-2788,-3276
37219832,-2792,-3276
37221591,-2796,-3276
37223349,-2800,-3276
37225107,-2804,-3276
37226865,-2808,-3276
37228624,-2812,-3276
37230382,-2816,-3276
37232140,-2820,-3276
37233898,-2824,-3276
37235656,-2828,-3276
37237415,-2832,-3276
37239173,-2836,-3276
37240931,-2840,-3276
37242689,-2844,-3276
37244448,-2848,-3276
37246206,-2852,-3276
37247964,-2856,-3276
37249722,-2860,-3276
37251481,-2864,-3276
37253239,-2868,-3276
37254997,-2872,-3276
37256755,-2876,-3276
37258514,-2880,-3276
37260272,-2884,-3276
37262030,-2888,-3276
37263788,-2892,-3276
37265547,-2896,-3276
37267305,-2900,-3276
37269063,-2904,-3276
37270821,-2908,-3276
37272580,-2912,-3276
37274338,-2916,-3276
37276096,-2920,-3276
37277854,-2924,-3276
37279613,-2928,-3276
37281371,-2932,-3276
37283129,-2936,-3276
37284887,-2940,-3276
37286646,-2944,-3276
37288404,-2948,-3276
37290162,-2952,-3276
37291920,-2956,-3276
37293678,-2960,-3276
37295437,-2964,-3276
37297195,-2968,-3276
37298953,-2972,-3276
37300711,-2976,-3276
37302470,-2980,-3276
37304228,-2984,-3276
37305986,-2988,-3276
37307744,-2992,-3276
37309503,-2996,-3276
37311261,-3000,-3276
37313019,-3004,-3276
37314777,-3008,-3276
37316536,-3012,-3276
37318294,-3016,-3276
37320052,-3020,-3276
37321810,-3024,-3276
37323569,-3028,-3276
37325327,-3032,-3276
37327085,-3036,-3276
37328843,-3040,-3276
37330602,-3044,-3276
37332360,-3048,-3276
37334118,-3052,-3276
37335876,-3056,-3276
37337635,-3060,-3276
37339393,-3064,-3276
37341151,-3068,-3276
37342909,-3072,-3276
37344667,-3076,-3276
37346426,-3080,-3276
37348184,-3084,-3276
37349942,-3088,-3276
37351700,-3092,-3276
37353459,-3096,-3276
37355217,-3100,-3276
37356975,-3104,-3276
37358733,-3108,-3276
37360492,-3112,-3276
37362250,-3116,-3276
37364008,-3120,-3276
37365766,-3124,-3276
37367525,-3128,-3276
37369283,-3132,-3276
37371041,-3136,-3276
37372799,-3140,-3276
37374558,-3144,-3276
37376316,-3148,-3276
37378074,-3152,-3276
37379832,-3156,-3276
37381591,-3160,-3276
37383349,-3164,-3276
37385107,-3168,-3276
37386865,-3172,-3276
37388624,-3176,-3276
37390382,-3180,-3276
37392140,-3184,-3276
37393898,-3188,-3276
37395656,-3192,-3276
37397415,-3196,-3276
37399173,-3200,-3276
37400931,-3204,-3276
37402689,-3208,-3276
37404448,-3212,-3276
37406206,-3216,-3276
37407964,-3220,-3276
37409722,-3224,-3276
37411481,-3228,-3276
37413239,-3232,-3276
37414997,-3236,-3276
37416755,-3240,-3276
37418514,-3244,-3276
37420272,-3248,-3276
37422030,-3252,-3276
37423788,-3256,-3276
37425547,-3260,-3276
37427305,-3264,-3276
37429063,-3268,-3276
37430821,-3272,-3276
37432580,-3276,-3276
37433456,0,0
